text,label
enggak bagus pelayanan rumah sakitnya enggak jelas mengasih info dokternya juga suka suka nya saja enggak datang berobatpun enggak sembuh enggak,positive
susah untuk hubungan cs nya harus lewat chat only mana lama juga dibalasny kalo yang penting susah harus tunggu dibalas chatnya,negative
pelayanan dari security kurang mengenakan saya semalam datang jam 18 30 untuk mengantar kan barang barang keperluan orang tua karena baru masuk rawat inap tadi sore hari jadi saya datang bersama ibu dan suami untuk mengantar pendamping nginap dan bawa,negative
tempat nya nyaman bidannya informatif makanannya enak pelayanan bidannya keren,negative
rumah sakit payah ini dokternya juga enggak jelas bayar mahal untuk cuma check jantung tidak menghasilkan apa ditanya solusinya bagaimana enggak tau ini terlalu komersil banget ditanya harga untuk check usg lab dsb masa enggak tau padahal makanan sehari di orang tua saya oper sana sini tiba diketok tinggi banget sampai jutaan dokter jantung juga enggak komunikatif enggak jelas banget kapok kesini biar rating yang berbicara padahal sudah 99 tahun berdiri pelayanan buruk banget maaf ya perbaiki pelayanan kalian,positive
sudah 1 jam lebih nomer antrian tidak jalan saya no 64 tapi diselak 5 pasien entah itu pasien nomer yang sudah terlewat atau bagaimana yang jelas tidak ada konfirmasi kalo diselak kalo kayak begini percuma pakai nomer antrian!!,negative
saya mengantar anak saya ke poli jasmine dengan biaya pribadi untuk dokter spesialis anaknya sangat ramah humble penjelasannya tidak menakutkan dan menenangkan !wajah_tersenyum_dengan_3_hati!!wajah_tersenyum_dengan_3_hati!!wajah_tersenyum_dengan_3_hati!!wajah_tersenyum_dengan_3_hati!,negative
alhamdulillah istri dan bayi saya sehat selamat lahirannya mskipun sc penangan bidanya juga memuaskan playanan nya sngat bagus ramah tapi dokternya sc nya ngaret sampai istri saya sudah lemas karena air ktubannya sudah pecah mungkin dokternya harus bljar mnghargai waktu agar tidak merugikan orang lain lagi trimakasih sblumnya,positive
rs parah ini pelayanan lambat penanganan lambat suster kurang ramah bayar pula enggak bisa pakai bpjs padahal rs pemerintah jangan berobat ke sini,negative
pelayanan nya baik dan ramah proses pendaftaran juga cepat,positive
proses pulangnya lumayan lama dokternya besok jam 9 katanya boleh pulang baru jam 14 saya telpon pihak asuransi tidak ada permintaan approval asuransi tidak ada apa apa,negative
pelayanannya sangat baik dokter dan perawatnya sangat baik dalam berkomunikasi dengan keluarga pasien menjelaskan secara detail mengenai penyakit yang sedang dialaminya,positive
pelayanan igd sangat buruk dokter jaga pagi sabtu 12 agustus 2023 tidak ramah bebicara tidak sopan memberikan informasi sakit yang buruk di depan pasien,negative
seharusnya untuk pemanggilan untuk pengambilan nomor antrian apotik tidak terlalu kencang pengeras suaranya dan harusnya saat berbicara dengan pasien tidak memakai pengeras suara karena yang menjelaskan obat menggunakan pengeras suara juga,negative
saat ini rs kelas sih dokter dokter spesialisnya cukup lengkap pelayanan perawat pun cukup baik meskipun untuk pasien bpjs hanya layanan apotiknya banyak dikeluhkan pasien karena lamanya waktu tunggu obat,positive
pelayanan dirumah sakit ini buruk masih di igd saja suster2 nya sangat tidak ramah dalam melayani pasien atau keluarga pasien songgong jutek dan cara menjawab keluarga pasien sangat tidak enak didengar dimana kita sedang menunggu yang sakit contoh kasus saya sebagai keluarga pasien bertanya ke suster apakah tidak ada tindakan lain selain di infus karena pasien lagi infeksi tangan minimal dikasi salep atau apa begitu sus suster atas nama pasien siapa? saya ohiya sebentar saya tanya anak nya saya lupa nama lengkap nya jawaban suster nya lah bagaimana sih memang mbak siapa nya? menurut saya jwbn itu sangat tidak pantas ditengah kegelisahan keluarga pasien sangat tidak sopan seakan berbicara dengan teman saya tidak pertama kali ke rs ini tetap saja pelayanan di igd nya buruk,negative
1 jam di ruangan mati 2 perawat tidak ramah 3 sudah pesan rontgen tapi malah menunggu lama di ruang perawat kalau sudah,negative
rumah sakit bersih aman nyaman pelayanan nya baik cepat tanggap,positive
semua suster nya pada ramah pelayanan nya bagus,negative
dokter polinya mayoritas sering lalai dalam waktu praktek sering datang telat praktek tolong pihak rumah sakit diperhatikan lagi untuk dokter dokter yang suka lalai waktu kasihan pasien yang sudaj menunggu lama karena banyak juga pasien rs simpangan rata rata usia manula,negative
pengalaman berobat rawat inap dengan dokter stefani yoelita sapa pada finasim pengalaman yang sangat luarbiasa beliau sangat ramah penuh perhatian empati sangat baik menjelaskan dari hal kecil sedetail mungkin sehingga saya tidak ada rasa,positive
bangunan doang dibesarin 2x pengalaman orang tua di igd pertama kasurnya robek basah bekas ompol dan basah ke pasien terkini tidak ada kasur cuma ada tempat tidurnya saja rumah sakit sebesar ini adakan anggaran kasur tambahan dan cadangan masa iya bangun 6 lantai bisa beli kasur enggak bisa,negative
saya dirawat di lantai 4 409 pelayanan dokter dan perawat sangat bagus dan penuh perhatian,positive
janji temu pukul 18 30 tiba di rumah sakit pukul 18 20 menunggu registrasi selama 40 menit dan akhirnya masuk ke ruang dokter setelah menunggu 15 menit lagi,positive
untuk case berobat dini hari dengan menggunakan asuransi swasta melalui igd sangat mengecewakan!,positive
saya tinggal di kamar 7505 dan disini saya dapat pelayanan yang bagus dari suster dan dok riki smuanya bagus cleaning servicenya juga bagus pelayananya terima kasih,positive
pertama tama untuk penanganan bawa bayi yang usianya masih kurang dari seminggu karena harus benar benar urgent langsung ke ugd dan ditangani dengan cepat tidak butuh waktu lama walaupun sempat dimarahi dokter tapi tidak apa apa,negative
fasilitasnya sangat bagus pelayanan dokter dan susternya ramah sekali !jempol_ke_atas_warna_kulit_gelap!!jempol_ke_atas_warna_kulit_gelap!!jempol_ke_atas_warna_kulit_gelap!!jempol_ke_atas_warna_kulit_gelap!!jempol_ke_atas_warna_kulit_gelap!,negative
saya dari masuk igd pelayanan nya baik semua dokter perawat sampai kasih teh manis hangat padahal enggak meminta terus pelayanan kebidanan nya oke baik baik bidannnya siapapun nama bidan bidan disana terima kasih kalian sangat baik semoga allah,positive
ketika masuk ugd rsud kisa pelayanannya cepat edukasinya jelas perawatnya ramah ramah menjadi lebih nyaman ke pasien,negative
untuk fisionya pelayanannya baik cepat dan bersahabat,positive
pelayanan di igd untuk pelayanan ibu hamil sangat baik,positive
rumah sakitnya bagus bersih pelayanan cepat terima kasih untuk bidan bidan yang sudah membantu saya lahiran normal dan terima kasih juga untuk dokter hari spog saya awalnya direncanakan sesar jika tidak lahir tapi alhamdulillah bidannya,positive
rumah sakit besar di kawasan jl tarakan cideng barat,positive
terimakasih rsud kemayoran pelayanan baik dijemput oleh pak alin humas menginfokan dengan baik,positive
pelayanan mcu cepat dan teratur perawat dan dokternya ramah dan cekatan perawat nunu di bagian ekg dan treadmil sangat baik dan perhatian terima kasih mayapada kuningan,positive
salah satu anggota keluarga saya masuk rspi selama 6 hari dari igd menginap di kamar 802 terima kasih banyak kepada suster ulfa mawar ranis dan seluruh perawat lainnya yang bertugas di lantai 8 mereka sangat membantu dan sangat perhatian untuk memenuhi kebutuhan dan pertanyaan kami selama kami tinggal kami mendapatkan pengalaman menginap yang menyenangkan kamarnya bersih dan baru direnovasi rumah tangga sangat luar biasa semuanya berjalan lancar dengan bantuan bagian admisi kasir dan semua departemen lainnya belum lagi para dokter yang sangat membantu proses kesembuhan anggota keluarga saya pasti akan merekomendasikan rspi puri indah !jempol_ke_atas!,positive
plusnya waktu ranap mau odontectomy itu pelayanan bagus nersnya ramah2 dan cukup informatif duh tapi sorry tapi sayang lama banget kalo lagi proses kontrol terutama di bedah mulut menunggu di tensi saja bisa 1jam dipanggil dokter 30 menitan belum menunggu surat kontrol berikutnya pernah 1 jam dong menunggu surat kontrol berikutnya kalo ditambah nebus obat bisa 2 jam pernah waktu itu mungkin bisa di improve ya jadi waktu enggak efisien padahal pernah fisioterapi di rehab mediknya itu walau bpjs pakai nomor antrian jadi ketahuan kan kalo masih lama bisa kita solat atau beli makan dulu enggak worry takut kelewat terus menunggu surat kontrol juga langsung selesai tindakan,negative
tidak terlalu banyak,negative
pertama kali kontrol di rsud pasar minggu di poliklinik obstetri sama dari hendrivand dan harus dirawat inap di sini alhamdulillah sangat sangat memuaskan pelayanan sangat baik dan ramah tamah dari pihak manajemennya,positive
setelah anak saya di rawat di rs hermina depok di ruang anak kamala 4 menjadi sehat karena susternya ramah pelayanan nya cepat sangat puas atas pelayanan nya,positive
kami mendapatkan pelayanan yang baik dari semua staf terutama dari cempaka tempat adik saya dirawat selama tiga hari semua staf ramah dan sangat kooperatif terima kasih banyak untuk rsud tarakan bravo,positive
alhamdulillah di rawat dengan baik dan sepenuh hati trimakasih atas tindakan sc nya dari jimmy sakti spog and team di ruang op trimaksh dari firmansyah spa dan semua perawat baik di ruang nicu,positive
staf igd abang adi jempol n pelayanan prima,negative
dokter anak itu menghakimi tidak ramah apa yang dia lakukan sebagai sapa? kok ada dokter spesialis lain yang tidak perlu berinteraksi dengan orang?,negative
selamat siang apakah di rsud tamansari bisa membuat skbn terimakasih,positive
layanan pelanggan buruk kami ke sini untuk mencari vaksin penguat moderna saya sudah bertanya melalui whatsap mereka bahwa vaksin itu tersedia dan tidak diberi tahu tentang persyaratan apa pun ketika kami tiba vaksin penguat moderna tidak diberikan kepada kami karena,negative
pelayanan untuk pasien bagus ramah dan cepat tindakan untuk proses kelahiran juga bagus rapi kekurangannya tidak bisa pakai bpjs padahal sekarang rumah sakit syarat untuk,negative
pelayanan sangat buruk terutama bagian registrasi dan kasir kenapa orang sakit disuruh menunggu 1 jam untuk registrasi dan antri 1 jam di kasir di masa pandemi seperti ini?? daripada karyawan di kasir ditambah,negative
rumah sakit yang pelayanan nya sangat ramah bagus anak saya jelita dirawat di ruangan shofa juga memberikan terapi mewarnai untuk menghilangkan kejenuhan anak didalam masa pemulihan,negative
rs ini sangat tidak masuk akal untuk layanan bpjs nya pasien yang jatuh pingsan dan mengalami kecelakaan di tempat umum tidak bisa menggunakan fasilitas bpjs apakah ada jenis pelayanan bpjs seperti itu? namanya kejadian kecelakaan bisa saja terjadi di mana saja dan tidak harus di rumah bukan?,negative
pelayanannya lama banget dokternya pun enggak ramah dan datang telat sampai 2 jam lebih masa saya pingsan dan demam dibilang caper sama dokter sugiyono mana ada dokter seperti itu tolong dicermati lagi sebagai dokter seharusnya melayani dengan baik,positive
pertama kali coba berobat ke dari mata daftar via online pas datang ternyata dari sudah seminggu tidak praktik!wajah_terlalu_lelah!kalo tidak praktik kenapa tidak ada info padahal sudah mencantumkan no telp akhirnya daftar online ke rs di bsd lagi saja via online,negative
kecewa sama pelayanan farmasi di rs tugu ibu orang tua saya kemarin periksa dari pagi ke sapa pada sampai malam baru pulang cuma,negative
fasilitas dan dokter yang baik untuk rumah sakit swasta mendukung banyak asuransi juga mendukung asuransi sosial di rumah sakit umum,positive
mau berbagi pengalaman dari mulai satpam ramah sekali memberikan informasi kepada pasien dengan benar staf semua nya ramah pelayanan cepat dokter perawat bidan semua nya bagus,negative
untuk pelayanan bpjs oke banget tidak ribet fasilitas lengkap untuk rs level b gedung yang baru sangat bagus modern,negative
puas berobat kesini terima kasih untuk seluruh tim rs atas pelayanannya,positive
pelayanannya tidak bagus sama sekali,negative
penunggu pasien tidak boleg naik ke lantai 3 menggunakan lift harus naik tangga gempor 2 deh dengkul,negative
kepada tim icu terima kasih telah membantu saya untuk pulih,positive
sampai sekarang masih dalam perawatan mau tanya ke dokter kapan harus jenguk perawatnya kurang ramah dibilang galak dan tidak membantu sangat kecewa dengan pelayanannya,negative
ayah saya yang sudah lanjut usia baru baru ini dirawat di rumah sakit dan harus menjalani operasi di siloam tb simatupang kemampuan untuk mengoordinasikan perawatan dan masalah asuransinya dengan mia spesialis hubungan internasional membuat semua perbedaan dalam kelancaran,negative
rumah sakit yang sangat bersih dengan dokter profesional,positive
sangat kecewa!!!!!!!!!!!!,negative
antrian ke dokter royaniwati lama sekali dari pagi sampai siang belom2 ditangani padahal cuma meminta rujukan apalagi kalo berobat kasihan anak anak kburu pada menangis!orang_tepuk_jidat!,negative
untuk proses pendaftaran sebenarnya cepat kalau sudah pakai pendaftaran online tapi terkadang namanya sistem suka bermasalah jadi harus melakukan pendaftaran secara manual atau harus mengantri di loket selebihnya sudah oke perlu ada,negative
dokternya ramah perawatnya juga ramah tapi kalau meminta plng ribet pakai konsultasi dulu konsulnya lama banget,negative
pelayanan sangat baik dan memuaskan suster perawat ramah serta baik dengan pasien kebersihan kamar juga bersih!bintang_medium_putih!!bintang_medium_putih!!bintang_medium_putih!!bintang_medium_putih!!bintang_medium_putih!!nilai_seratus!!nilai_seratus!!nilai_seratus!!nilai_seratus!,positive
pengalaman melakukan scalling di rs royal taruma sama dengan saat saya scalling pakai bpjs 3thn yang lalu saat lihat ada paket scalling 299k saya langsung tertarik h 1 saya telp untuk daftar pada hari h datang dapat no antrian 1 enggak lama menunggu langsung di panggil masuk begitu masuk disuruh duduk di kursi periksa ditanya mau apa saya bilang scalling disuruh kumur langsung dikerjakan enggak lama dibilang sudah selesai dokter langsung berdiri balik ke mejanya karena masih berasa ada yang enggak bersih saya bilang ke suster dokter balik lagi ke kursi periksa sambil bilang kalo sudah bersih dan saya disodorin kaca saya lihat dong bgn bawah dekat gusi masih ada karang gigi saya tunjukkan karang gigi nya dikerjakan lagi sama dokter enggak pakai lama dia bilang sudah selesai dia matikan lampu terus balik duduk ke meja nya lagi saya sudah malas saya tanya ke suster ini sudah? dan suster bilang sudah ya sudah saya berdiri ambil tisu saya sendiri untuk bersihkan sekeliling mulut yang masih basah sedangkan suster sibuk beberes dekat kursi periksa terus saya bengong ini bagaimana? enggak disuruh duduk enggak di omongkan apapun akhirnya dokter suruh saya tunggu diluar karena katanya harus isi data online entar di panggil lagi ya sudah saya keluar duduk enggak lama di luar suster suruh ke depan bgn kasir entar di panggil disana ya sudah saya duduk lah depan kasir karena enggak dipanggil2 sama kasir padahal lagi enggak ada antrian saya yang datang ke kasir tanya sudah bisa bayar belum? dikenakan biaya adm dong saya kaget tapi karena sudah sebel duluan ya sudah malas tanya tanya bayar saja sih kasir pun akhirnya kasak kusuk tanya ke bgn lain dan akhirnya enggak kena biaya adm dan kasirnya enggak ada manis2 nya ya sama sekali enggak ada bilang terima kasih saya bayar lo pribadi benar benar sama persis dengan pengalaman scalling pakai bpjs menyesak banget ulasan diatas saya buat saat masih di loby rs menunggu jemputan dan benar saja sesampai di rumah saya lihat masih ada karang gigi enggak bersih dibersihin sama dokternya,positive
pelayanan kurang bagus suster dl suka berisik seperti pasar jam siang dan tengah malam pasien jadi susah istirahat menu makanan juga setiap hari di kasih telur tempe tahu sayur enggak enak banget malas kerja pegawai fisinj,negative
hhm dokter enggak pske masker tidak ditegur satpam di lantai 3,negative
setiap ketemu petugas atau suster mereka ramah2 apalagi satpam2 di depan membantu sekali dokternya juga ngejelasin dengam detail,positive
semoga perawat yang tidak ramah terhadap pasien mendapat balasan setimpal seperti yang dilakukannya pada pasien diremehkan diremehkan diremehkan mungkin masa mudanya sukses usia tua ketika ia lemah rasa sakitnya akan membuat pasiennya merasa sakit dan diperlakukan dengan buruk,negative
awal periksa di sini ke poli kebidanan dan di tanganin langsung oleh dokter obygn rino apin sapa og itu sangat memuaskan sekali karena dari usg dan keluhan kita di dengarkan oleh dokter setelah 3 kali periksa di rs tzu chi langsung di ambil,positive
hari ini saya mau bikin surat bebas narkotika info petugas di pintu masuk pakai kuota perharinya 40 50 kalo indak salah tadi petugasnya bilang benarkah seperti itu? lalu jam pelayanan jam 8 00 14 00 informasi petugas depan pintu masuk tapi jam,negative
datang ke rsia tumbuh kembang cuma mau coba ke dokter miza karena sama dokter dokter sebelumnya selalu meremehkan kondisi anak saya dan cuma dikasih antibiotik tanpa cek darah,positive
sangat bagus dan rekomendasi favorit kami saat butuh rs dan rawat inap,positive
tadinya mau mengasih rating bintang 5 karena securitynya sangat helpful tapi enggak jadi karena antrian administrasinya parah banget lamanya kalo memang lagi ramai ya ditambah lah stafnya kok didiemin saja,positive
awalnya ragu karena mendengar beberapa kali info2 dari masyarakat mengenai rs namun karena enggak ada pilihan dan cukup urgent melihat kondisi anak akhirnya memilih rs citama sebagai rujukan ke spesialis anak,positive
alhamdulillah selama saya berobat di rs ukrida di ruang bunga daffodil pelayanannya sangat baik perawat dan dokternya ramah dan sabar semua terima kasih banyak kepada semua yang bertugas di rs ukrida,positive
sejak hamil anak pertama sampai anak kedua selalu periksakan kehamilan secara rutin ke dokter kandungan langganan anda dari noviyanti sapa og saya belum pernah dan tidak mau ganti ganti dokter kandungan masalahnya dia,negative
fasilitas kesehatan lengkap pelayanan ramah terutama arahan penjelasan dari petugas keamanan yang jelas ramah,negative
pelayanannya baik dan dokternya juga cepat tanggap,positive
pelayanannya memuaskan dokter perawat dan stafnya ramah dan membantu fasilitasnya juga oke ruang perawatannya bersih dan modern,positive
pelayanan paling terbaik dari dari poppy syafnita dan suster jupe ramah profesional cepat ahli banget dan benar benar bikin pasien nyaman rs mitra keluarga kemayoran memang terbaik dan beruntung punya dokter dan suster yang the best seperti dari poppy dan suster jupe,positive
pelayanan kurang sekali bapak saya di igd dari jam 11 sudah sesak napas nunggunya lama padahal perawatnya ada baru mau mengomong lagi berdiri sudah dibilang tunggu situ saja bu nanti juga ditanganin lama ditanganinnya pas dicek bapak saya saturasi rendah paru paru ada infeksi malah disuruh pulang cuma dikasih obat padahal jam 3 subuh posisinya tapi disuruh pulang akhirnya jam 10 pagi saya bawa lagi ke rs lain bapak saya langsung gercep ditanganin dan disarankan masuk ruangan icu,negative
sudah mahal ngambil obat lama pula enggak rekomend!jempol_ke_bawah!dikira waktu kita cuma buat menunggu kali ya kampret memang,negative
hm keslingnya kurang ramah kurang paham standar pelayanannya apa nama 5s??,negative
dokter dan karyawan lainnya sangat ramah rumah sakit bersih layanan sangat cepat dan baik,positive
merasa berbeda ketika menggunakan asuransi pemerintah dan asuransi swasta !wajah_gembira_berurai_air_mata!!wajah_gembira_berurai_air_mata! tentu lebih nyaman di eksekutif area,positive
baru pertama kali ke rs kayak begini pelayanannya buruk banget tlpn ke rs katanya dari spk jam 12 tapi sampai jam 14 30 belum datang dari nya mana saya berobat untuk lansia harus menunggu selama itu 2jam,negative
administrasinya masih tergolong rusak semuanya serba lama apalagi ketika antri obat masa iya mengantri sampai 1 jam,negative
saran saya untuk diarea lantai 4 ruangan spesialis dokter bedah mulut pertama saya datang pagi jam 8 pagi ke rs ui langsung ke registrasi dilantai 1 setelah reg langsung ke lantai 4 saya tanya ke petugas loket ada 2 wanita jawabannya suratnya dipegang dulu nanti diambil sampai jam 11 00 belum dipanggil padahal jadwal yang diwa dokter dari jam 09 30 si di 10 30 saya tanyakan kembali ke petugas loket jawabannya tolong sabar nanti dipanggil tanpa melihat dulu surat yang saya bawa dan ternyata ada 2 loket dipaling ujung disitu istri saya sudah dipanggil dan terlewat karena saya salah duduk dipanggil tidak dengar karena saya bertanya ke 2 petugas wanita tidak ada pengarahan hanya bilang tolong sabar nanti dipanggil saya curiga yang baru datang sudah dipanggil kan aneh saran saya adakan tiket antrian lagi dan kode panggilan biar pasien tidak bingung menunggu dimana tanpa ada arahan jelas disitu dan ada banyak tv itu jadikan monitor antrian biar kita mau ke toilet tidak bingung takut dipanggil kelewat,negative
selama saya di rawat di rs citama ini saya merasa sangat puas dengan pelayanannya dari mulai dokter perawat satpam dan para staf di rs citama ini sangat sopan dan memiliki attitude yang bagus semoga rs citama sukses selalu ya pertahankan apa yang sudah ada ok,positive
pelayanan sangat oke dan ramah sering mengadakan event yang menarik bagi warga yang sangat bermanfaat mengenai kesehatan dan pengetahuan tentang kesehatan serta mendapatkan hadiah yang unik dan menarik,positive
tolong diperbaiki untuk staf farmasi nya overal semua oke namun staf farmasi pengambilan obat sangat lambat lelet sekali jangan karena pelayanan ambil obat lama jadi negatif ke semua pelayanan nya,positive
dari sesanti spesialis tht dokter terbaik sangat teliti teliti dan sabar semua perawat di lantai 17 petugas kebersihan dan katering makanan,positive
pelayanan sangat baik dokter mata pelayanannya sangat profesional perawatnya sangat cekatan dan edukatif,positive
layanan registrasi pcr sangat buruk saya menunggu selama 4 jam kemudian paketnya memakan waktu 12 jam dari jam 8 malam paketnya baru keluar keesokan harinya jam 5 sore benar benar buruk,negative
serba cepat mantab antre via online datang langsung bisa bikin sep walo antre ke farmasi tinggal tunggu saja kantin enak2 makanannya sustwr gercep dokter ramah sarannya mesin pendaftaran online dibanyakin,negative
teruntuk dokter spesialis ortopedik dari ari sigit dan suster nya kalian sangat mengecewakan pelayanan nya lebih bagus pelayanan puskesmas ibu saya setelah operasi 1 minggu kemudian kontrol di cabut dengan kasar oleh suster sampai lukanya bernanah tidak di obatin sama sekali pas kontrol malah ibu saya kena mental karena di marahin dokter nya bukan cuma 1 orang yang bilang hampir semua bilang pelayanan di hermina buruk suster mimi sangat baik kalau di tanya sisanya susternya bobrok,positive
pelayanannya bagus rumah sakitnya juga bersih kemarin istri saya dirawat kebetulan mitra ulang tahun jadi setiap pasien didatangi petugas rumah sakit dan diberikan oleh oleh berupa thumbler,positive
alhamdulillah selama dirawat di rsia makiyah kami mendapatkan pelayanan yang maksimal dokter dan perawatnya melayani dengan bagus dan baik semoga lebih baik lagi pelayanannya terima kasih,positive
dokter dan perawatnya ramah penuh suasana islami suka sekali tapi tetap saja saya tidak mau bermalam di sini,negative
saya ingin berbagi pengalaman saya di rsud tarakan kami mohon kepada para petugas keamanan igd untuk lebih banyak belajar kepada security baca tentang sopan santun,negative
ibu saya yang berusia 88 tahun dirawat pada tanggal 3 september 2021 dan menjalani operasi penggantian pinggul bipolar pada tanggal 6 september 2021 oleh dari erick wonggokusumo spot ia merawat ibu saya dengan sangat baik dan terus memberi tahu kami tentang apa yang terjadi terutama ketika ibu saya mengalami pendarahan serius,positive
terimakasih rs ia makiyah telah merawat anak saya dengan pelayanan sangat baik semoga selalu ditingkatkan,positive
menunggu di ugd 1 jam anak saya sudah panas badan nya tetap harus menunggu tidak ada penangan apa pun dan scurity yang jaga di ugd pun enggak sopan,negative
pelayanan sangat buruk di rumah sakit banyak perawat yang sedang berlatih dan mereka selalu mengatakan bahwa mereka tidak tahu apa apa dan staf informasi staf administrasi dan perawat tetap sangat lambat,negative
fasilitas bagus dokter baik perawat baik perawat baik sulit mendapatkan parkir,positive
dari pagi menunggu di panggil masuk ke poli mata sampai siang enggak di panggil2,positive
lambat pelayanannya berbayar tapi seperti layanan bpjs proses menunggu diperiksa sampai ambil obat 5 jam tolong diperbaiki sistem nya,positive
rawat inap di kamar 338 selama 3 hari pelayanan sangat memuaskan dari sisi keramahan staf dan kebersihan rumah sakit sangat terjaga perawat sigap 24 jam,positive
pelayanan nya sangat ramah selama rawat inap,negative
tolong dong untuk mbak ibu suster di salah satu ruang sekitaran dekat taman ada mushola enggak saya sebut nama ruangnya kalau tengah malam mengobrol mengobrol ketawanya pelan saja suaranya sangat terdengar bising di telinga terdengar jelas,negative
ke belakang,positive
tenpat pendaftaran registrasi registration wah kayak pasar tame banget loket kurang banyak jadi pada menumpuk di pendaftaran,negative
alhamdullilah niat ke igd buat berobat karena sesak setelah diperiksa ke dokter di suruh ranap inap semua di tanggung bpjs dari pemerintah pelayanannya top dan perawat maupun dokter sigap ketika butuh bantuan pokoknya bagus banget,positive
masuk igd dua kali di rsud cibinong di hari minggu dan senin disuruh berobat jalan karena hasil labnya baik semua baik hasil lab di hari minggu ataupun di hari senin selanjutnya saya merasakan sakit lagi di hari selasa akhirnya saya ke rsud cilincing jakarta setelah dilakukan pengecekan ternyata ada infeksi dan juga ada batu di empedu saya saya heran kenapa hasil lab di rs di rsud cibinong hasil labnya bagus? dan kenapa tidak berupaya untuk melakukan pengecekan lebih lanjut karena saya sudah dua kali berturut turut masuk igd di hari minggu dan di hari seninnya dokter bilang di igd enggak bisa scan harus ada rujukan dari faskes 1 dulu memang di faskes satu saya ada di puskesmas cilincing yaitu di jakarta tapi setahu saya jika dalam keadaan darurat maka igd enggak boleh melihat faskes dan karena alasan nyeri sudah berkurang dan saya sudah mulai bisa masuk makanan maka saya di pulangkan padahal pada dasarnya nyeri berkurang sesaat karena efek obat setelah efek obat habis nyeri hebat datang lagi ini terjadi berulang sehingga saya masuk igd 2x dan saya di pulangkan dalam keadaan nyeri berkurang namun saya masih merasakan sakit yang tidak nyaman,positive
untuk pelayanan administrasi sudah baik securty ramah ramah tapi dokter spesialis poli jantung nya tolong di perbaiki kata kata nya ke,positive
ada rasa kecewa sama rs ini apa karena pemerintah hem pengalaman saya berobat kesini cuma sekali sudah putus asa jadi beginilah saya dari jam 10 pagi sampai saya mengeluh tentang,negative
pelayanannya bagus dokter bidan dan perawat handal dan ramah,positive
over al bagus !oke_warna_kulit_cerah! pelayanan dari awal sampai akhir bagus banget dokter sri wahyuni spesialis anak bagus dan komunikatif banget !jempol_ke_atas_warna_kulit_cerah! tempatnya bersih dan wangi !tepuk_tangan_warna_kulit_cerah!,positive
dari poli jiwa di cek nya cuma sebentar menunggu obat nya ngebuat stres buat yang di farmasi di tambahkan lagi orang nya supaya agak cepatan dikit saya dari jam 2 di situ pulang jam 10,negative
ibu saya di rawat di rumah sakit ini alhamdulillah nyaman kata ibu saya dokter suster security semua karyawan nya baik apalagi dokternya baik sama pasien,positive
pelayanan staf administrasi staf medis dokter dan perawat sangat ramah dan berpengalaman tak lupa juga dengan petugas keamanan yang membantu memberikan pengarahan kepada keluarga pasien yang belum memahami lingkungan rs siloam lippo village,positive
pengalaman anak saya sendiri baru seminggu yang lalu anak saya kecelakaan parah dan anak saya dibawa ke igd rsud cibinong dari jam 9 malam sampai jam 1 siang tidak ada tindakan apapun hanya di infus dan di perban sedangkan kondisi anak,negative
mau ke dokter anak di jadwal dokter ada jam 13 00 sampai jam 14 00 belum datang2 jam 14 30 baru datang mari lebih menghargai waktu sok disappointed,positive
terima kasih suster mimi atas kebaikan dan keramahannya terhadap saya dan suami saya semenjak dirawat dilantai 6 ini saat datang disambut ramah oleh suster mimi terima kasih juga suster yohana dan suster kepala perawatnya sangad baik dan sangat berkesan meski saya lihat susternya lelah tapi selalu cepat dan ramah saat pasien yang lain nya memanggil selalu tersenyum dan baiksehat2 ya suster lantai 6,positive
pelayanannya sudah bagus baik dari perawat maupun dokternya al good,positive
untuk pelayanan igd atas nama ibu siti nurhayati tnggapan kamu sangat puas karena proses pelayanannya sangat cepat dan ramah di bantu dengan suster tari dan dokter nadya terima kasih atas perawatannya,positive
kualitas bagus pelayanan bagus,negative
biaya parkir kendaraan nya enggak jelas tolong di tindak lanjuti atau di tertibkan di situ tertulis maksimal sepeda motor 6rb eh pas keluar tagihan 8rb dan tidak,negative
pelayanan nya bagus sc pakai bpjs diruang perawatan operasi bahkan pas mau pulang benar benar bagus pelayanan nya kecuali pas mau kontrol ranap petugas security cewek yang pakai baju hitam judes bgtbgt padahal cuma bertanya sudah dokternya sudah pemberkasan belum wkwk,negative
terimakasih buat rs mitra husada yang sudah merawat saya dengan baik sesuai namanya melayani sepenuh hati demi allah dari keadaan saya kurang sehat sakit sampai keadaan saya membaik saya suka dari pelayanan nya keramahan nya semuanya,positive
alhamdulillah pelayanan selama di rumah sakit ini sangat memuaskan dari awal masuk igd sampai proses operasi sangat tanggap dengan dokter yang kompeten dokternya sangat jelas dalam memberikan penjelasan sangat detail,positive
pertama kali berkunjung ke rsud ciracas jakarta timur saya sangat senang dari pelayanan parkir satpam dan pegawainya sangat luar biasa ramah dan membantu pasien apalagi dokter2 nya sangat ramah dan cepat menangani saya terima,positive
saya puas dengan pelayanan di rsup sitanala khususnya di bagian pendaftaran untuk poli gigi bedah mulut suster dan dokter nya ramah dan menyenangkan membuat saya sebagai pasien tenang dan nyaman pelayanan yang diberikan termasuk cepat dari,positive
pengalaman melahirkan anak pertama di eka hospital family sangat berkesan dan memuaskan kami melakukan konsultasi kandungan dari awal kehamilan sampai dengan tindakan sc dilakukan oleh dari malvin emeraldi sapa og kfer beliau sangat kompeten dan memang ahli di bidangnya sehingga setiap kami konsultasi memberikan penjelasan yang sangat baik dan mudah dimengerti bagi orang awam untuk suster susternya juga sangat cekatan responsif informatif dan ramah ramah mulai dari suster yang mendampingi saat konsultasi suster rawat inap sampai dengan suster bayinya khusus suster rawat inap dan suster bayinya pun sangat cepat responnya dalam membantu kami meskipun di tengah malam lebih lanjut untuk bagian administrasi eka hospital family dan informasi customer care juga patut diapresiasi karena sangat cepat dalam melayani serta memberikan informasi yang sangat baik kepada kami setiap kali kami datang konsultasi maupun bertanya tanya mengenai informasi biaya tindakan sc survey kamar room tour dan juga informasi lainnya untuk bagian kebersihan kamar pun sangat dijaga kebersihannya dan petugas kebersihannya rajin untuk membersihkan kamar secara keseluruhan saya sangat puas dengan pengalaman saya dengan eka hospital family dokter dokternya khususnya dari malvin emeraldi sapa og kfer susternya admin petugas kebersihannya terima kasih banyak eka hospital family salam fendi,positive
pelayanan bagus tempatnya juga bersih ada ruang ibu anaknya juga dari lahiran anak sampai imunisasi semua di rs grha kedoya kedua anak semua di sini,negative
ruangan di eldewes nyaman bidan dan susternya juga ramah terimakasih rs simpangan depok,positive
saya dari keluarga masna batubara dari ruangan cempaka gedung apelayanan yang sangat baik ruangan nya bersih kamar mandi tidak kotor susternya ramah dan bisa menjelaskan dengan baikuntuk kedepannya enggak ada yang perlu di koreksi pokoknya the best,positive
pertama kali ke rs siloam lippo village gedung b datang dengan pasien gawat darurat sempat hilang kesadaran langsung masuk ke igd gedung b karena pasien menggunakan bpjs kesehatan,positive
dokter ugd kurang jelas menjelasakn uraian sakit yang di derita pasien kepada keluarga pasien dokter menjelasakan tentang penyakit dengan istilah2 medis kepada keluarga pasien di ruang rawat dengan sakit decubitus sedang tidak ada,negative
rawat inap ibu mertua di lantai 8 kamar 801 kondisi kamar cukup luas bersih banyak hand sanityzer jadi terjaga kebersihannya perawat ramah2 peralatan medis dan emergency yang lengkap,positive
mohon di tingkatkan untuk pelayanan ugd nya,negative
hermina depok adalah rumah sakit yang welcome terhadap semua pelayanan dari bayi si di orangtua bisa kita lihat dari ambulance yang wara wiri anter pasien ke rs artinya kan hermina khususnya depok itu adalah rs recommended jaya selalu hermina depok,negative
pelayanan ugd sedikit kurang bagus dan administrasi untuk pasien banyak pungli saya pasien ugd saat minggu malam kurang lebih pukul 23 30 yang untungnya dirujuk administrasi kacau saat penanganan saya orang tua ibu saya diminta oleh,negative
parah banget ini rs ibu saya habis di operasi yang ke dua dan masih muntah muntah terus malah di suruh pulang,positive
kecewa sama pelayanan di ugd sudah 3 minggu bengkaknya muncul tapi kalo dikira enggak darurat tensi dan oksigennya bagus dikira masih baik baik saja aneh banget bpjs enggak bisa dipakai itu kan rumah sakit enggak peduli sama pasien parah amat,positive
pelayanan sangat memuaskan terimakasih untuk semua nakes terkhusus bidan dan dokter nadia,positive
saya ingin memeriksakan mata saya dan saya diarahkan ke dokter umum di ugd sesampainya di ugd bagian pendaftaran meminta saya untuk bertanya ke dokter umum apakah bisa menangani keluhan saya saya,negative
tolong pemilik atau pengurus rs staf nya di brifing terutama bagian pendaftaran enggak ada ramah2 sama pasien pelayanan sangat lama terumata yang pakai bpjs mendingan jangan ke rs ini,negative
pelayanan bpjsnya sangat mengecewakan pekerjanya tidak ramah sudah daftar online dapat nomor 5 sampai rs enggak diterima katanya sudah ful jadi buat apa daftar online ya? dan ini kejadian bukan 1 2 kali saja sudah berulang lagi orang sakit dibikin susah doang,negative
teratur rapi bersih walau jelas untuk yang namanya pelayanan masih jauh dari kata teratur juga trarah apa karena pakai bpjs,negative
dari stev rahardja sama sekali tidak direkomendasikan! khaky tidak ramah,negative
kualitas pelayanan perawat di bagian penyakit dalam sangat buruk minim adab,negative
ucapan terima kepada rs melia khususnya unit layanan hemodialisa hd yang telah memberikan layanan terbaiknya untuk suami saya dokter2 diruang hd sangat baik komunikatif dalam melakukan pemeriksaan pasien,positive
rumah bersalin sejak lama,negative
pelayanannya sangat buruk! pelayanan labnya sama sekali tidak direkomendasikan! hasil saya seharusnya sudah keluar dalam 1 hari kemudian keesokan harinya saya menelepon layanan pelanggan untuk memastikan apakah hasilnya sudah keluar atau belum layanan pelanggan mengatakan mereka ingin menelepon lab,negative
pelayanannya bagus dokter ramah semua suster nya bagus melayani pasien dengan cepat keamanaannya bagus terjamin ruang carnation semua bagus,positive
pelayanan oknum dari igd inisial dari sih indak kurang bagus adik saya jauh² dari tangerang ke igd bawa hasil antigen positif dengan keluhan lemas dan ada demam hanya diperiksa ttv habis itu suruh pulang tanpa dibawakan obat² an ketika ditanyakan,negative
tolong lah di pikirin keluarga pasien datang ke rs hga dari jam 7 pagi baru di panggil jam 2 siang,positive
pelayanan sangat baik dan prima !jempol_ke_atas! rawat inap di kelas 1 selama 6 hari pelayanan perawat dokter dan fasilitas sangat luar biasa,positive
rumah sakit khusus ibu dan anak pelayanannya sangat memuaskan dokter dan perawatnya juga baik dan ramah sekali,positive
pelayanan nya bagus dokter nya ramah bidan2 nya juga ramah2 cantik cantik kece kece lagi ruangan tunggu nya juga nyaman,negative
rs bhakti yudha melakukan perbaikan dan pembenahan pelayanan di sana sini dapat dirasakan kemajuannya ketika beberapa 2 bulan lalu saya dirawat karena kolik petugas medis perawat administrasi supporting staf dan lainnya sat set pelayanan di,positive
hari ini antar mama saya berobat menggunakan bpjs proses pendaftaran sangat lama sekali loket cuma buka 1 untuk melayani pasien bpjs sekian banyak itu dokter pun ngaret dari jadwal yang parahnya ketika konsultasi dengan dokter hanya ditanya 2 pertanyaan dan langsung di rujuk ke dokter bagian lain padahal di periksa fisik pun kagak!! rujukan dari faskes 1 itu ke dokter penyakit dalam karena ada keluhan mual dan perut tidak enak tetapi dokter seolah tidak peduli dan langsung menyuruh ke dokter bagian lain boro boro kasih obat pantas beberapa pasien sebelum kami hanya 3 5 menit dalam ruangan yang lebih membuat kami kaget lagi suster yang di depan ruang praktek dokter tersebut menjadwalkan mama saya dengan dokter lain itu 14 hari kemudian katanya aturan dari bpjs seperti itu ada masa tunggu 10 hari saya sampai heran itu kalau yang sudah penyakit parah masa iya harus menunggu sampai 10 hari sungguh pelayanan yang sangat mengecewakan seharian kami mengantri tapi hasilnya seperti ini lebih baik mencari rs rujukan lainnya saja,positive
rs radjak cengkareng barat pelayanan nya sangat bagus apa lagi marketing nya mis andra uuuuuuuch cucccco banget deh pokok nya is the best buat rs radjak dan buat mis andra sukses selalu salam kiiiiis buat miis andra muuuuuuuach,positive
untuk pelayanannya bagus ruangannya rapi bersih fasilitas bersih dan nyaman terutama toiletnya bersih dan wangi perawatnya ramah ramah tingkatkan terus rsup sitanala semoga semakin maju !lengan_berotot!!wajah_tersenyum_dengan_mata_bahagia!,positive
pelayananya enggak jelas dari siang sampai ketemu pagi enggak dptkamar buat rawat inap apa karena pakai bpjs ??sedangkan yang baru datang enggak lama langsung dapat kamar setiap saya tanya selalu penuh tapi kok giliran yang lain bisa langsung masuk kamar ??apakah yang lain tunai jadi semudah itu dan bpjs di kucilkan??,negative
pelayanannya sangat sangat buruk perawatnya kurang berpengetahuan sistem manajemennya sangat buruk bahkan yang terburuk dan sangat lambat para staf bersikeras menjalankan beberapa tes yang sama sekali tidak relevan dengan sumber rasa sakitnya dan mengatakan bahwa itu adalah tes resmi,negative
pelayanan ramah cepat ditangani susternya fast respon ruang rawat inap nya juga bersih,negative
sayang banget rumah sakit sebagus ini tapi menolak mentah mentah pasiennya langsung angkat tangan tanpa menangani apapun huhuhu,positive
tindakan cepat dan tepat dan semua perawat ramah dan bersahabat begitu juga security yang tanggap dan ramah semoga bisa di pertahankan terus mitra depok ya !hati_ungu!,positive
dari ari sigit spesialis spine sangat tidak ramah bad service!oke!,negative
terimkasih pena 98 terimakasi dari puput arum dan semua perawat yang bertugas saya lahir tanggal 22 juli anak pertama masyaallah semua petugasnya ramah walapun pakai bpjs tidak membeda2kan,negative
tim di sini sangat membantu dan spontan,positive
anak saya dirawat di rs pasar minggu sejak sabtu malam 28 september di bangsal kelas 3 lantai 8 menunggu bangsal kelas 1 hingga selasa sebelum dipindahkan ke kelas 1 lantai 6 alhamdulillah pelayanan di,negative
pelayanan di ruang edelwis sangat amat ramah suster suster sangat sabar dan jelas dalam menjelaskan obat obat yang diberikan,negative
kapok kesini cuman gegara tensi tinggi pas hamil malah di suruh ranap di icu yang dimana sudah seperti orang di sruh mati dan di barengkan dengan org² yang mau sakaratul maut siapa enggak tambah stres dan tensi malah tinggi dan suster icu jutek² mentang² bpjs dan,negative
rs patria ikkt saya merasa puas dengan pelayanan mata di sana semoga ke depannya selalu sukses dalam melayani masyarakat rs yang bersih,positive
malam sabtu kemarin saya ke rs mery mau di rawat datang jam 20 00 langsung masuk ke dalam mengurus pendaftaran dari situ enggak ada penanganan pasien secara langsung harus menunggu ber jam jam hinggal pukul 00 15 karena saya protes akhirnya saya dimasukkan ke ruang igd oke sudah tenang merasa nanti bakal dapat ruangan eh ternyata jam 03 00 dini hari cuy saya di rujuk langsung ke rs yang terdekat kenapa enggak dari awal datang mengasih tau nya kalau kamar penuh? ini jam 03 00 sodara yang bawa mobil sudah pulang ah pokoknya kasina sekali kayak di usir apakah karena saya pasien kis? tolonglah harusnya rs bisa manusiakan manusia semoga bisa jadi evaluasi,negative
rumah sakitnya nyaman dan sangat berkelas pelayanannya bagus dan ramah dan dokternya ahli sabar dalam menjelaskan kepada pasien rumah sakit bintang 5! pertahankan,positive
were truly thankful for ur informative fun seminar session dari dari nina kemala sari sppd kger good job permata hospital cibubur!,positive
terima kasih banyak untuk dokter perawat dan semua petugas pelayanan di rs duta indah teluk gong pelayanannya sangat baik dan ramah sekali semoga selalu banyak keberkahan untuk semua amin,positive
setelah 3 hari perawatan di lantai 7 hari ini 11 maret 2024 anak saya pulang terima kasih kepada dokter boni yang mengobati dokter2 suster2 yang manis ramah dan melayani dengan sepenuh hati,positive
swab antigen dilayani di gedung terpisah terpisah dari gedung utama pelayanan cepat dan baik setelah swab antigen tunggu sekitar 20 menit hasilnya sudah lengkap bisa langsung dibawa pulang tidak perlu bolak balik untuk mengambil hasil swab antigen !jempol_ke_atas!,positive
pelayanan bagus ramah,negative
nganter istri cek kandungan sengaja datang jam 7 dokternya praktek jam 8 tapi belum datang mulu sudah 3jam nungguing parah nih,positive
awal juli ini anak saya di rawat di rs ini untuk pelayanan suster ok dan semua serba cepat pelayanan ramah makanan enak dan bergizi buat anak anak yang sedang sakit,negative
suster bag ongkologi pada tidak informative semuanya dokter berubah jadwal praktek pasien tidak diberi tahu no antri juga tidak diksh estimasi waktu akhirnya tunggu 7 jam baru dapat antrian untuk ktm dokter,negative
tim dokter dan perawat yang sangat profesional melakukan operasi nyeri tulang belakang punggung dengan dari ferry dan dari dina dan yang terbaik adalah pemulihannya hanya butuh 2 hari memang mahal tetapi anda akan mendapatkan apa yang anda bayar secara keseluruhan saya sangat puas dengan layanan rs siloam simatupang,positive
selalu mendapatkan pelayanan yang baik dari bagian farmasi ibu fitri dokter tht langganan dari rangga dan susternya lupa namanya keep itu up rspi puri !lengan_berotot!,positive
pelayanan baik perawat sigap dan ramah meskipun kamar penuh tapi masih diberikan alternatif dengan santun dan,positive
kami keluarga bu eci teri terima kasih untuk ruangan pangrango atas pelayanannya terima kasih buat pak imam yang sudah bantu ibu saya yang struk semoga berkah,positive
alhamdulillah pelayanan ma sya allah bagus yang saya alami dengan menggunakan bpjs namun pelayanan extra bagus beda banget deh pokoknya alhamdulillah ma sya allah,negative
rs nya no problem tapi staf satpam penjaga lantai 5 yang shiftnya masuk di jam 4 subuh hari selasa tanggal 26 maret 2024 sepertinya harus ditinjau saya belum lihat tag namanya tapi mengajak saya berbicara dengan sopan saya ladeni namun tanpa consent tiba tiba memegang tangan saya untuk lihat tato saya lalu berbicara basa basi padahal saya lagi dalam keadaan merawat orang disana secara etika dari perspective pengunjung ini bukan bagian dari hospitality staf melainkan ketidaksopanan saya pun sebagai pengunjung tidak bisa berbuat banyak akan kondisi yang terjadi perilakunya menimbulkan ketidaknyamanan rasa risih serta perasaan takut apalagi posisinya saya perempuan,negative
rumah sakitnya bagus dari anak saya usia 5 bulan konsultasi sama dokter miza alhamdulillah cocok banget sama dokternya dokternya santai mau jawab semua pertanyaan ibu ibu overthinking kayak saya anak saya juga sudah 3x ke igd tumbuh kembang,positive
pengalaman saya dan keluarga selama berobat di rsu bunda margonda mendapatkan pelayanan yang baik dari awal mendaftar hingga pembayaran semuanya baik petugasnya ramah ramah dan sangat informatif untuk mengakses jadwal dokterpun mudah,positive
penanganan igd parah pasien balita ditolak disuruh cari rumah sakit lain dibilang kamarnya penuh semua 1 2 3 sampai vip saja di suruh bolak balik malah disaranin ke hermina,positive
sedikit kecewa dengan pelayanan di igd saya datang dengan hasil lab tubex 4 yang mengharuskan di rawat inap kondisi saya pas datang pun demam tinggi menggigil parah tapi dokter malah mengatakan bahwa tipes itu sebetulnya rawat jalan,negative
review ini diluar dari kualitas rumah sakit 4 beli bakcang di foodmart nemu 5 helai rambut manusia di dalamnya disaksikan oleh mbak diana mengomong ke kasir cowok bukannya meminta maaf malah enggak mengomong tapi malah melotot ke saya,negative
pelayanannya bagus tempatnya bersih berasa masuk mal banyak tempat jajan juga cabut gigi mahal juga ya,positive
bayar pribadi ngantrinya sama saja dengan pasien bpjs sistemnya enggak jelas lain kali tolong dong pelayanan antri untuk pribadi di membedakan dengan pasien bpjs aku bayar pribadi karena enggak mau rugi waktu,negative
nomor telp di cantumkan termasuk nomor cs by whatsap juga dicantumkan namun saya telp sebanyak 10x satu pun tidak ada yang respon sampai saya tekan semua extension termasuk igd pun tidak ada yang angkat telp saya mohon service nya kembali di tingkat kan karena ini rumah sakit mengingat telp yang masuk pasti itu penting dari calon pasien,negative
sudah beberapa kali ke rumah sakit ini pelayanannya selalu lama padahal bayar enggak pakai bpjs kalo enggak di tanyakan lagi enggak di panggil perawatnya banyak yang judes kurang ramah,negative
remote perawatnya tidak berfungsi !melipat_tangan_warna_kulit_cerah!,negative
pelayanan di rs citra arafik sangat baik semua petugas nya ramah dalam memberikan pelayanan,positive
sistem antrinya sudah berubah sekarang tidak lagi berdasarkan urutan kedatangan saya daftar jam 18 20 saya datang jam 17 40 waktu saya cek tensi perawatnya bilang kalau saya dapat nomor 9 dan harus menunggu sesuai nomor antri di situ,negative
dari mulai usg langganan disini sampai aku anak kalo sakitpun ke klinik kita padahal rumah di pasir putih !wajah_tersenyum_lebar_dan_berkeringat! pelayanan nya top banget dokter perawatnya ramah2 walaupun pakai bpjs juga top deh pokoknya !wajah_memeluk!,negative
pelayanan nya sangat baik tenaga medis dan adm nya pun sangat baik terimakasih rs makiyah,positive
service level yang sangat memprihatinkan ketika pegawai tidak tanggap dan terlihat sibuk sendiri dengan ngemil dan membelakangi customer tidak ada penjelasan flow selalu disuruh menunggu saya dari pukul 17 00 21 30 belum juga dapat obat prosesnya lambat,negative
terima kasih perawat chandra telah melakukan tindakan ct scan jantung ayah saya dengan sangat amat baik dan ramah juga memberikan banyak informasi yang saya perlukan dan tanyakan terima kasih rs pondok indah puri indah,positive
yth management rsppn soedirman untuk pelayanan medis saya angkat jempol tapi tidak sesuai ketika oknum pegawai dan security melayani titip nomor antrian poli sampai puluhan orang yang,negative
hari ini ke poli anak karena anak saya demam tinggi dan batuk2 memakai asuransi di arahkn poli jasmine ternyata poli eksekutif disini enak ya,negative
secara keseluruhan pengalaman laboratorium saya di rs columbia asia memuaskan dokter perawat dan stafnya ramah dan selalu siap membantu fasilitasnya juga bersih dan lengkap proses pendaftaran dan perawatan berjalan lancar,positive
sangat mengecawakan anak saya sakit demam panas doang pas masuk dirumah sakit ini malah batuk berdahak pilek sudah begitu dokternya yang namanya dari lucie permanasari datang cuma periksa jantung mengasih tau penyakit kga,positive
kecewa sama pelayanan di sini masuk igd kondisi darurat anak saya balita 10 bulan kondisi masih sadar lemas dan pucat di diamkan ada lebih dari 30 menit lebih 20 menit setelah datang belum ada,negative
pelayanan fisioterapi dirumah sakit mma sangat bagus dan memuaskan,positive
pelayanan nya bagus cepat tanggap,negative
alhamdulillah deh bisa pulang 3hr di rawat pokoknya rekomendet ini rs sekuritynya ramah terima kasih pak anton deh dorongin saya,negative
payah poli gigi daftar via jkn dibilang enggak berlaku dan enggak dilayani berlaku cuma via whatsap padahal di jkn mereka klik sudah dilayani caiir deh tuh duit bpjs tanpa harus melayani pasien,positive
istri saya habis di operasi usu buntu kami di layanin dengan sangat manusiawi walau pun kami pakai bpjs saya sangat bersyukur istri saya bisa di rawat di rumah sakit ini sebelum nya saya meminta rujuk ke rumah sakit duta indah teluk gong tapi enggak di tanggepin selama 1 jam sampai akhir nya meminta rujuk lagi dari puskes buat masuk ke adma jaya menurut saya adma jaya terbaik sukses selalu dan semoga sehat semua orng2 baik yang ada di rs admajaya,positive
gila ya mau bayar loh ya ini enggak memakai bpjs gue kira lagi solat dari mghrb sampai gue kelar solat isya kagak menampak petugas kasir kacau balau,positive
untuk pelayanan secara umum sudah bagus kendala parkir motor kalo enggak punya kartu flaz bayar cash parkirnya selalu dilebihkan 1000 oleh petugas nya yang baju kuning kalo sekali mah enggak masalah untuk yang rawat inap bolak balik keluar masuk parkiran agak keberatan selalu bayar dilebihkan 1000 alasannya isi kartu flaz dia pakai bensin,negative
security yang bertugas cara bicara dan bersikap kurang baik kita sebagai pengunjung jadi malas untuk meladeni masa iya saya mau nemenin ayah saya sehabis operasi tidak di perbolehkan dengan alasan harus mempunyai ktp dengan nada seperti,negative
pelayanannya oke fisioterapisnya ramah ramah top!jempol_ke_atas!,negative
terimakasih dokter gigi inda sapa bm dan suster anggun tlh mambantu saya sepenuh nya sehingga tumor di mulut saya sudah hilang dan sembuh sudah bisa senyum lagi terima kasih banyak dok dan suster semoga kebaikan nyadi balas sama yang kuasa amin mantap pokok nya,positive
saya ke rs patria ikkt untuk melakukan pemeriksaan laboratorium anak saya anak saya susah sekali bila diambil darah dan dia gemuk juga saya mengatakan tolong ambil darah lewat perifer saja karena kalo lewat vena pasti tidak dapat karena,negative
pelayanannya ramah sekali semua dari dokter perawat bidan dan semua staf nya terimakasih sudah merawat mama saya kurang lebih seminggu mama saya di rawat di rsud tanah abang sampai mama saya betah enggak mau dirujuk ke rs lain karena,positive
rumah sakitnya bagus staf nya ramah dan disiplin !jempol_ke_atas! sering diadakan seminar yang bermanfaat sehingga mendapatkan ilmu secara gratis !melipat_tangan!,positive
pengalaman di 7506 selama perawatan suster vinika yelina selalu memberikan pelayanan yang luar biasa ramah semua staf yang gerak cepat keep up the good wood!!,positive
lama banget pelayanannya menunggu dari jm 9 sampai 1 2 12 belum juga di pnggil sudah begitu ruang tunggu panas enggak bikin nyaman !,negative
sangat mengecewakan !jempol_ke_bawah! selain dokternya sudah pada berumur juga jutex2,negative
anak saya dirawat di vip room 103 cattleya a untuk pelayanannya bagus ruangannya bersih nakesnya yang ramah dan gercep makanannya lumayan enak menu variatif fasilitas nya lengkap ada kulkas lemari bed tambahan untuk pendamping,positive
hampir seminggu dirawat di rs mitra kemayoran khususnya di ruang cattleya ini my opinion dokter semua nya sabar mau menjelaskan dari a saja baok dokter spesialis dan dokter jaga nya perawat nya ramah very quick respond very reliable t o p banget deh thank you sok much team!wajah_tersenyum_dengan_mata_bahagia!!melipat_tangan!!melipat_tangan!,positive
pelayanannya bagus dokter suster ramah makanan enak banget mau ditambahin porsinya hehehe,positive
menunggu dokter 3 jam belum menunggu obat yang bisa 1 jam lebih sialan kali rumah sakit ini bayar mahal2 macam rumah sakit murahan,positive
pelayanan radiologi sangat lambat sudah jelas bahwa cito telah ditulis menunggu hampir satu jam ternyata kertasnya masih menumpuk di bagian administrasi jika anda tidak mengeluh jangan ditindaklanjuti,negative
permisi saya mau tanya apakah bisa pkl disini bagian administrasi?,negative
langganan rs pik baik banget untuk anak anak aku kalo lagi dirawat teruyama dikamar 7502 sehat sehat semua suster dan dokter hendratno!,positive
pelayanan dokter dan perawat di sini sangat buruk paman saya meninggal karena terlambat mendapatkan perawatan darurat sangat tidak direkomendasikan jika anda membawa keluarga ke rumah sakit ini,negative
anak saya dorawat di catleya a 115 vip ruang 115 untuk layanan perawatnya ramah dan sangat sopan ruangan nyaman san bersih sangat rekomendasi untuk semuanya !jempol_ke_atas!!jempol_ke_atas!!jempol_ke_atas!!jempol_ke_atas!!jempol_ke_atas!!wajah_tersenyum_dengan_3_hati!!wajah_tersenyum_dengan_3_hati!!wajah_tersenyum_dengan_3_hati!!wajah_tersenyum_dengan_3_hati!!wajah_tersenyum_lebar_bermata_hati!!wajah_tersenyum_lebar_bermata_hati!!wajah_tersenyum_lebar_bermata_hati!!wajah_dengan_mata_berbentuk_bintang!!wajah_dengan_mata_berbentuk_bintang!!wajah_dengan_mata_berbentuk_bintang!!wajah_dengan_mata_berbentuk_bintang!!wajah_dengan_mata_berbentuk_bintang!,positive
best pelayanan ramah cepat dokternya komunikatif,negative
pelayanan nya bagus tenainyq rutin di cek snack 2 kali sehari kamarnya juga sangat nyaman,negative
pertama kalinya sakit dan dirawat inap di rspi puri di lantai 8 kamar 825 ruangannya sangat nyaman dan selalu terjaga kebersihannya pelayanannya sangat baik dan memuaskan terima kasih dokter christian silas sapa ot dan para perawat khususnya suster tsania uiva ranis dl yang membantu saya dalam pemulihan terima kasih juga kepada admission tim housekeeping tim food service dl yang tidak bisa disebutkan satu persatu kalian luar biasa!bintang_medium_putih! !bintang_medium_putih! !bintang_medium_putih! !bintang_medium_putih! !bintang_medium_putih!,positive
pelayanan sangat baik untuk senam hamil bersama bidan indri,positive
alhamdulillah rs bhakti asih semuanya baik dari penanganan cepat walaupun kamar sedang penuh tapi pasien yang datang tidak ditolak punya opsi buat pasien kamarnya bersih nyaman mulai dari satpam dokter²nya perawatnya semuanya ramah terimakasih atas perawatan dan pelayanannya yang baik,positive
dokter dan perawatnya sigap walaupun cari kamar agak lama enggak masalah karena rumah sakitnya penuh,negative
sangat mengecewakan pelayanan nya enggak jelas saya datang ke igd mau berobat umum dialihkan sama satpam igd yang kurang ramah dan kurang informatif untuk ke poli umum di pintu masuk ujung setelah sampai,negative
pelayanan bagus ramah tapi mau mengasih saran untuk bagian pendaftaran pasien baru dan kasir tolong di usahakan ada display layar di atas jadi pasien yang baru datang bisa lihat di layar,negative
rumah sakit afiliasi universitas nasional tertinggi di indonesia ada banyak pasien di ruang tunggu dan bagian dalam rumah sakit bersih serta didekorasi dengan baik,positive
jadwal nya enggak jelas dan enggak tau kenapa bagian pendaftaran nya enggak ramah dan pelit informasi untuk perawat nya ramah banget sabar dirumah sakit radjak ini enggak tau kenapa selalu kecewa dengan jadwal tapi aku suka banget sama perawat nya kecuali bagian pendaftaran enggak ok,negative
lokasi strategis banget kalo dari kosku rs nya bersih pelayanan ramah informasi yang diberikan jelas semoga selalu dipertahankan seperti itu,negative
pelayanannya enggak banget !jempol_ke_bawah!!jempol_ke_bawah!!jempol_ke_bawah! lebih baik berobat ke mantri deh,positive
terima kasih telah memberikan pelayanan terbaik untuk setiap pasien sukses selalu rsbk,positive
hari ini menunggu obgyn dari jam 13 16 sore menahan lapar ternyata dokternya deh pulang dan nama saya tidak dipanggil karena kelalaian perawat setelah menyadari kelalaian nya saya diminta menunggu lagi saya kira dokter nya masih bisa balik lagi ternyata tidak entah apa maunya perawat itu sangat sangat kecewa,negative
mulai kesel dengan susahnya telp kesini mau cari info apa apa susah banget misalnya dokter praktek atau enggak jadwal senam hamil dl ada telp enggak pernah diangkat ada wa enggak pernah dijawab mungkin habis lahiran cari rs lain saja,positive
seminggu yang lalu istri melahirkan disini pelayanan oke istri dan anak saya sehat alhamdulillah sukses terua pena 98 tetap berikan layanan terbaik untuk masyarakat,positive
nama baby saya sheeza almahyra khairini yang dirawat di ruang nicu khusus bayi yang dirawat dan di pantau terus oleh suster ada suster ismi ada suster ida suster yang lain juga yang enggak aku sebutkan namanya karena tidak hapal yang sudah sabar merawat,negative
alhamdulillahirobbilaalamin lantai anggrek lantai 17 terimakasih kepada semua perawat selama 2 minggu saya dirawat dan dirawat dengan penuh kesabaran dan kasih sayang mbak semoga berkah selalu dokternya juga baik terima kasih terutama dari riky dokternya baik dan semua yang di ruang operasi sudah pulang sakit tarakan syukron jazaakallahbkhairan,positive
sangat ramah cs nya,negative
saya sangat berterima kasih kepada rs pasar rebo khususnya kepada para dokter dan perawat di bagian kulit dan kelamin berkat penanganan yang cepat dan tepat serta keramahan dan perhatian yang diberikan selama perawatan saya merasa sangat nyaman saya sangat beruntung bisa berobat di rs ini sekali lagi terima kasih atas segala bantuannya,positive
sangat ramah kerja bagus,negative
penanganan di rumah sakit sangat baik keponakan saya dirawat dari proses awal masuk ugd operasi masuk icu 3 hingga dipindahkan ke ruang perawatan,positive
pelayanan terburuk dan bagi peserta bpjs tidak mendapatkan jawaban yang update pasti kita juga bayar tiap bulan walaupun tidak berobat,negative
pelayanan yang bagus anak saya deh 2 lahiran di sini,negative
dokter spog menjelaskan dengan jelas dan tenang sehingga anda memperoleh informasi yang baik tidak perlu terburu buru ruang pemeriksaan sangat luas nyaman dan bersih,positive
alhamdulillah anak saya selama rawat dj rs pelni suster2nya sangat perhatian dan sigap kalo di mintain tolong saya punya anak 3,positive
untuk pelayannya sejauh ini baik dan aman untuk dokter dan suster baik pelayanannya mungkin untuk kenyamannya seperti ada nyamuk perlu lagi ditingkatkan supaya pasien yang dirawat juga nyaman untuk istirahat thx,positive
tempat nya sangat nyaman pelayanan nya bagus pegawai rumah sakit nya ramah2,negative
review baik untuk mitra keluarga susternya eamah dan responsif dokternya juga terbaik terima kasih mitra keluarga kemayoran dari kamar 259 alamanda,positive
atas !jempol_ke_atas!,positive
maaf min apakah di rs mitra kalideres tidak menyediakan kursi roda? kecewa setiap check up selalu kosong datang pagi tidak ada datang check up sampai malam pun tidak ada kursi roda yang stay 1 pun padahal posisi saya tidak bisa jalan mau tidak mau di gendong suami dari awal check up sampai pulang lagi,negative
pelayanan nya sih thebest perawat dokter ok ok banget saya dari pindah ke depok rekomend rumah sakit nya cuma mau kasih bintang 1 untuk farmasi nya menunggu obat generik nya lama pakai banget sampai 2 jam apa lagi banyak banget obat pasien yang,negative
pelayanan yang bagus dokter ramah dan rumah sakit yang nyaman,negative
saya lahir di rumah sakit lantai 5 alhamdulillah dokter bidan dan perawatnya ramah terima kasih atas pelayanannya yang baik!hati_merah!!hati_merah! terutama bidan devy r terima kasih sudah membantu saya dengan sabar!,positive
klinik dari yati paling the best mulai dari pelayanan umum sampai pelayanan di poli poli terutama di pelayanan untuk para momi di pelayanan anc oleh bu dari yati nya langsung sukses terus ya bu dokter semoga rs nya segera launching !tangan_diangkat_dan_dirapatkan_bersama!!tangan_diangkat_dan_dirapatkan_bersama!!tangan_diangkat_dan_dirapatkan_bersama!!tangan_diangkat_dan_dirapatkan_bersama!!wajah_malaikat!,negative
pelayanan ramah dan nyaman,negative
tidak perlu lagi pergi ke dokter gigi muda mulutnya sangat lembut dan tampak menghakimi cara berkomunikasi yang buruk dengan pasien saya terbiasa dengan dokter yang sudah tua dan berpengalaman karena mereka sudah penuh jadi saya terpaksa mencoba yang lain intinya,negative
pelayanan yang baik dan cepat penjelasan dari dokter anak yang oke dan detail,positive
untuk saya awalnya bagus tapi untuk fisiotherapy kok urutan antrian nya makin enggak jelas untuk istri imelda handaru berkas rekam medis nya kok bisa hilang enggak ketemu,negative
pelayanan medis yang baik dan perawat yang sopan tempat yang bersih kamar 7615,positive
banyak banget fasilitas yang sudah tidak layak pakai tapi masih saja di pakai pelayanan sangat amat lama inpusan obat copot dari pagi,negative
saya pertama kali ke rs ini karena anak sakit jujur suka sekali dengan pelayanan igdnya cepat dan perawat²nya juga gercep tapi maaf saya merasa perawat yang dirawat inap kelas 3 kurang cepat responnya menunggu lama saat di bel dan ada,negative
suster dan dokter ramah ruangan bersih nyaman terima kasih,positive
pengalaman iklan yang sangat bagus,negative
disini pelayanannya baik baik ya satpamnya yang pagi terus cleaning service nya juga sigap suster2nya juga welcome apalagi kalo ketemu dokter penyakit dalam obgyn baik baik pelayanannya mantap lah padahal kami menggunakan bpjs kelas 3 mantap !jempol_ke_atas!!jempol_ke_atas!!jempol_ke_atas!!jempol_ke_atas!!jempol_ke_atas!!jempol_ke_atas!!jempol_ke_atas!,positive
stafnya sangat baik dan profesional tempatnya bersih tetap semangat!,positive
pelayanannya cepat alhamdulillah semakin ditingkatkan lagi ya terimakasih kepada semua tim rsca sawangan,positive
melahirkan disini super ramah banget,negative
susternya ramah banget sigap banget dikamar sendirian juga enggak khawatir kamarnya bersih banget sehari dibersihin sampai 2x recomended sih ini,negative
pelayanan kurang pengambilan obat terlalu lama pasien menunggu,negative
saya fisioterapi di rsud kalideres selama proses terapi ada perubahan lutit saya enakan untuk dari septania dan terapisnya disini semuanya ramah dan sangat baik membantu saya selama proses terapi,positive
mohon maaf sekedar masukan dan kritik dari saya tolong unit igd nya diperbaiki saya pengalaman bawa ibu ke igd rs sentra memang keluhannya hanya demam demam dirumah 40 derajat belum turun turun padahal sudah di doping obat paracetamol,positive
rs nya bersih pelayanan bagus lnt 6 cuma tv dikamar mati saja jadi bete hehe,negative
buruk sekali dalam memproses pembayaran via asuransi sudah menunggu lebih dari 1 5 jam dan masih antri untuk memproses asuransi belum lagi antri untuk mendapatkan resep obat,negative
rumah sakit yang terbilang baru di daerah cibinong lokasinya strategis dekat dengan jalan raya dan masuk komplek perumahan acropolis bangunan masih terlihat baru dengan pasien yang belum begitu banyak saya pertama kali kesini untuk,positive
disini antriannya tidak jelas tidak ada layar untuk queue antrian sabtu ini saya ke alia depok datang jam 10an memang pendaftaran cepat tapi dari antrian dokter sampai di panggil tidak jelas antriannya kemudian setelah dari dokter umum di,negative
pelayanannya memuaskan respon cepat pelayanan adminnya ramah dokter perawatnya baik sekali dan cekatan pelayanannya juga bagus sekali! !jempol_ke_atas_warna_kulit_cerah!,positive
kurang respect sama satpam yang jaga di ruang rawat inap lantai 3 segitu kita datang pas jam besuk di dalam ruangan pun cuma sendirian kenapa harus di foto dan ditungguin kita besuk sodara sakit bukan mau maling kok !! kita juga tau,negative
rumasakit nya semakin baik kwalitas pelayanannya petugas medis nya pun fastrespon unk poli klinik nya juga sudah lumayan banyak kebersihan kamar inap pun oke,positive
pelayanan cukup baik dokter suster dan staf ramah sangat baik,positive
pengalaman selama di rs bun sangat bagus dan membantu perawat nya yang ramah dan pelayanan nya yang bagus,positive
berobat tanggal 9 5 24 pukul 13 00 perawatnya ramah dokternya baik penanganannya cepat trimaksih rsud ciracas !melipat_tangan!!melipat_tangan!!melipat_tangan!!melipat_tangan!!melipat_tangan!,positive
klinik kebidanan periksa ginekologi mandiri jadwalnya jam 8 dokternya datang jam 9 boleh enggak pns datang terlambat? biaya pendaftaran pemeriksaan 55 ribu usg 150 dokter usg 45 ribu eh mereka,positive
pelayanan mayapada hospital sangat baik cepat dan memuaskan teruskan kerja baik anda!,positive
suami saya dirawat di ruang vip kamar 3308 hari pertama kami komplain ke manajemen,negative
terimakasih pelayanan rumah sakit royal taruma terutama ruang emerald susternya ramah ramah!jempol_ke_atas!,positive
gedung heritage airconnya dingin sekali sedangkan di gedung lama kurang mungkin karena jumlah pasien banyak mungkin bisa lebih diperhatikan setau saya virus akan cepat nyebar jika suhu ruang tidak dingin,negative
cattleya 104 sih terima kasih rs bhakti yudha senang banget deh sama penanganan dan pelayanannya super duper ramah dan cepat sukses selalu,positive
saya dirawat di cattleya 127 untuk pelayanan perawatnya ramah ruangan nya bersih dan nyaman respon nya cepat ketika ada panggilan,negative
dirujuk ke rumah sakit ini karena tidak ada pilihan lain selain dari ruang gawat darurat rumah sakit lain karena tidak tersedia tempat tidur di sana orangtua saya didiagnosis menderita demam berdarah di rumah sakit pertama karena,negative
ke sini untuk rontgen panoramic sempat bingung pas bagian pendaftaran ikut ambil nomer antrian dimesin eh ternyata pendaftaran manual petugasnya kurang membantu!tertawa_terbahak bahak! untung ada ibu ibu pasien lain yang bilang langsung ke pendaftaran saja enggak usah,negative
pelayanan icu rumah sakit ter ter buruk yang pernah saya kunjungi tugas menyuapi pasien dan mengganti popok pasien menjadi tugas keluarga penunggu pasien padahal saya lihat suster2 nya sedang berkerumun di meja suster cuma mengobrol dan,negative
sudah sering check up di sini pelayanan oke tempat juga bersih dan ful ac juga ada air isi ulang juga jadi enggak haus tinggal isi enggak perlu beli2 air waktu menunggu dipanggil !jempol_ke_atas!!wajah_tersenyum_dengan_mata_bahagia!,positive
pelayanannya bagus satpam perempuan nya memberikan informasi sangat baik mengenai pendaftaran online meskipun enggak dapat kuota hari itu juga,positive
pelayanan yang luar biasa dan profesional dari dari daniel hadinoto beliau berpengalaman dan sangat sabar dalam memberikan vaksinasi kepada saya terima kasih dok!,positive
its absolutely five stars hospital pelayanan sangat ramah cepat nyaman the most recommended hospital ini town !wajah_tersenyum_dengan_mata_bahagia!!jempol_ke_atas!,negative
rumah sakit yang benar benar bagus peralatan lengkap bersih suster nya ramah ramah dokter nya good semu pelayanan sat set enggak harus bolak balik kalo mau tes ini itu bisa slesei sehari pengalaman istri habis op angkat epmedu dan batu,negative
dari bertha sangat baik vaksin anak saya tidak menimbulkan masalah sama sekali,positive
dokternya lama banget munculnya katanya jam 11 mulai sudah jam set1 siang baru datang pasien deh banyak menunggu dari pagi enggak kasihan kah sama para pasien mu dok waktunya banyak kebuang buat menunggu dokter yang enggak tepat waktu,negative
alhamdulillah puas untuk pelayanan rs brawijaya sawangan depok rapi dan bersih,positive
sangat kecewa rumah sakit sebesar ini tidak ada wifi masa kalah sama kedai kopi padahal pelayanan radiologi sudah sangat bagus cepat dan rapi terim kasih untuk suster di radiologi yang sudah membantu dalam scan hasil,negative
pelayanan resepsionis nya sangat buruk tidak ber attitude,negative
ponakan masuk rs masih bayi baru berumur 9 bulan mungkin karena bpjs kali ya makanannya dikasihnya nasi goreng nasi jadi ya seadanya harusnya dikasih bubur semoga bisa diperbaiki lagi,positive
pelayanan sangat buruk dapat obat banyak saat ditanya untuk apa fungsi obatnya bagian farmasi jawab tidak tahu apa apa karena dokter tidak tulis di resep fungsi obat!!! bagaimana kalo sampai salah kasih obat ke pasien masa pelayanan,negative
alhamdulillah di terima dengan baik anak saya dan dapat pertolongan pertama terima kasih untuk perawatan bagian igd sigap banget untuk sus di ranap juga baik baik sekali dokter kunjung nya juga menjelaskan nya detail penyakitnya rsud nya sendiri bersih toilet nya tempat tidur nya semua bagus makanan nya juga enak enak,positive
buat direktur rs initolong tegur dari prawat bila ada pasien tolong di tangani jangan diam saja anak saya sudah lemas tetapi mereka malah santai saja alasan tidak ada ruangan ruangan penuh semua saya tidak mempermasalahkan ruangan di sini yang saya meminta hanya obat tangani pertama inpus atau di cek dulu jangan menyepelekan pasien pada saat saya tanya kapan di cek jawaban dari iya nanti saya cek tetapi tidak ada pergerakantolong tegur yang jaga hari ini yang jaga jm 1 2,negative
trmksh kepada rs ini dulu 2023akhir aku smpet op usus buntu pelayanannya lumayan bagus karena mungkin ya aku pakai bpjs tapi dari sekian rumah sakit rs ini yang paling bagus menurut aku doktrnya semua ramah2 cepat banget tindaknnya jm 3 aku rnsent langsung di,positive
pelayanan bagus dan ramah dapat wifi juga jadi enggak bosan buat yang menunggu pasien,negative
bagaimana saya bisa memberikan ulasan bintang 1 meskipun belum pernah mengunjungi tempat ini? sederhananya rumah sakit mengacu pada bisnis perhotelan yang menempatkan pasien di pusat pekerjaan harian anda interaksi awal melalui tahap pendaftaran adalah,negative
sedang sakit2nya ingin berobat eh suruh kembali besok karena sekarang dokternya tidak ada itu lah rsud tamansari,negative
tolong dong buat dokter klinik penyakit dalam harus disiplin untuk waktu yang telah di tentukan jangan sampai pasien pada ngeluh karena menunggu lama sampai berjam jam apa lagi kalo pasien nya lamsia dan rumah nya jauh menunggu dari jam 4 sore pulang2 sampai jam setengah 12 malam,negative
rumah sakit dan ruang rawat inap 822 nyaman dan bagus fasilitas memadai dan pelayanan penanganannya responsif!wajah_tersenyum!,positive
untuk rumah sakit yang gedung barunya bagus banget pelayanan semua gercep dan sangat bagus dari igd dokter perawat hanya saja ob di lantai 10 buset deh enggak ada sopan santun dan tata krama nya banget ya apa memang harus jutek begitu ya kerja nya? tapi ada satu yang ramah dan sopan,positive
tolong lebih diperhatikan rumah sakitnya tolong lebih diperhatikan dokter ugdnya!!! begini kasusnya dokter ugdnya cuma bertanya ada masalah apa sudah dicek sebentar 2 menit enggak ada,negative
kakek saya dirawat di rs mitra husada sudah 4 hari penanganan di ruangan cepat tapi menunggu ruangan lama katanya penuh,negative
pelayanannya memuaskan dokter dan perawatnya ramah untuk anak saya pakai dari irene untuk istri dari albert pelayanannya sangat memuaskan,positive
sangaat rekomend sekali ke rs ini pelayanan ramah dan rs bersih juga dengan team rs nya yang murah senyum !wajah_tersenyum_dengan_mata_bahagia! sukses selalu rs radjak !wajah_tersenyum_lebar_bermata_hati!,negative
dokter di igd bagus perawat ramah,positive
pelayanannya sangat buruk apalagi perawatnya lama sekali pelayanannya padahal saya sudah kelas 1 sd,negative
pliiiiis ini terlalu lama dari daftar menunggu obat sampai katanya antri booking itu lama banget sampai numpuk enggak paham apa yang buat lama kontrol orang tua brngkt jam 1 siang selesai semua jam 10 malam apa enggak lemes badan haduh plis lebih di cepat kan lagi,negative
dokter dan perawatnya baik banget ramah2 dari masuk igd sampai masuk kamar inap amarillys dilayanin sangat sangat baik waktu itu anak yang sakit masih bayi umur 4bln mereka amat sangat sabar dan telaten untuk dsa dari samuel dan perawat kamar,positive
pelayanan rumah sakit bun pelayanan nya bagus sopan ramah cepat!jempol_ke_atas!!jempol_ke_atas!!jempol_ke_atas!,negative
tzu chi hospital is very nice hospital once enter the lobby we find itu peaceful with the soothing piano music and the nice pictures with words of wisdom this hospital has separate clinics for different specialists sok itu is much safer for,positive
bidan dan susternya ramah semua saya banyak mengucapkan terima kasih untuk bidan arum dan bidan sekar yang sudah membantu proses persalinan saya pelayanannya sangat memuaskan,positive
daftar jam 7 malam baru masuk jam 12 malam unt dokter kulit harus sabar2 karena metode daftar kuno dan informasi antrian misteri ambil obat juga cukup lama baru kelar jam 1 malam ada ibu ibu yang menangis karena enggak tau mau pulang pakai apa kasihan,positive
rumah sakit langganan anak saya dari lahir sampai sekarang dokternya baik dan terpercaya !jempol_ke_atas!,positive
duh ini sama rsu kasih bintang 1 pertama kali disini pelayanannya jlk banget sudah begitu perawatnya judes² banget wkwk jadi terakhir kalinya deh ini sama enggak oke banget buat perawatnya ya tolong jangan judes² bnykin sapa salam dl deh hahahahah satu lagi pelayanan nya lambat,negative
pelayanan sangat baik perawat nya ramah dan sopan,positive
rumah sakit ya mahal kurang 200 saja harus naro jaminan bpkb kendaraan parkiran ya mahal banget parkiran ya panas enggak ada penghijauan gersang,negative
layanan rehabilitasi medik di rsia grand family okeh saya cocok dengan dokter dan terapisnya bersama dari megah sapa kfr anak saya mengalami banyak kemajuan sekarang anak saya sudah mampu mengikuti pelajaran yang tertinggal,positive
kadang ada juga bagusnya rumah sakit yang tidak menerima bpjs seperti rumah sakit ini tanpa pasien bpjs saja sudah ramai enggak terbayang sesaknya kalau ditambah pasien bpjs cuma ada juga yang aneh di sini ruang rawat inap utama 1b nya sama sekali enggak ada jendela pas masuk sana jadi kayak masuk gudang rasanya terkurung amat,negative
seumur2 baru ini masuk rs security nya enggak punya attitude terutama security dilantai dasar yang mukanya jutek banget woy kalian itu harusnya memberikan pelayanan yang baik ramah boro boro senyum sapa salam ini mah mukanya saja jutek banget yang paling menyebalkan itu cara dia dalam menegur pengunjung berteriak dihadapan pengunjung lainnya padahal hanya mau ke indomart seharusnya kalo tidak boleh naik keatas ya mereka tidak usah menyediakan indomart diatas atau lantai 5 sediakan saja dilantai dasar supaya pengunjung tidak perlu naik ke atas toh yang mau belanja orang yang sehat kok jadi bisa turun kebawah bukan orang yang sedang sakit atau dirawat sumpah sakit hati sekali saya dengan sikap security rs ini !!,positive
alhamdulillah istri saya melahirkan di rsud pademangan dokter perawat bidan pada sangat ramah pokoknya the best lah,positive
dirawat disini bikin menyesal banget pelayanan nya kurang menurut saya,negative
pelayanannya bagus suster ramah selama di rawat masuk di kamar 258 1 alamanda,negative
pelayanan buruk ! saya booking by telefon untuk anak saya berobat dari siang hari akan tetapi waktu saya tanyakan nomor antrian tidak ada dan ketika sorenya saya berobat saya dapat nomor antrian yang sama seperti orang baru daftar sore,negative
pelayanan nakes dan ranap nya bagus sekali berikut sekurity nya juga sangat membantu pelayanan terima kasih rsup dari sitanala luar biasa !jempol_ke_atas!!jempol_ke_atas!!jempol_ke_atas!,positive
lahiran anak pertama di rsia assalam dengan bpjs dari awal kontrol kehamilan ke faskes 1 lalu di rujuk ke rsia dan di tangani oleh dari avicena sama iqbal sangat ramah dan telaten sekali kepada pasiennya serta detail untuk menjelaskan selama,positive
sangat buruk dalam proses kecepatan melayani pasien dari awal sampai dengan pulang proses administrasi dl yang lama untuk sdm sudah cukup membantu hanya saja pada beberapa sdm masih tidak cocok dibidangnya seperti bagian informasi yang tidak ramah,negative
puas banget pas itu 2023 di rawat sampai di operasi di rs hermina pelayanan nya juga bagus dokter baik baik sekali dokter yang operasi nya juga baik baik suster nya juga baik baik walaupun suster nya kena cakar sama saya pas di obatin tetap baik sama saya tenangin saya biar enggak menangis pas pengin operasi juga di tenangin sama suster sama dokter baik banget suka sama pelayanan kayak begini semoga kedepannya rs hermina lebih baik lagi sehat buat para dokter nya buat para suster nya!hati_putih!!wajah_tersenyum_dengan_3_hati!!wajah_gembira_dengan_mata_bahagia!,positive
dari mulai daftar rawat inap suster dokternya baik ramah semua pelayanan bpjsnya juga pak prizal sangat sabar dan ramah,positive
petugasnya ramah terutama di bagian radiologi dijelaskan dengan bahasa yang mudah dimengerti apalagi mas wawan ramah dan cekatan,negative
assalamualaikum warohmatullohi wabarokatuh alhamdulillah ini merupakan kali kedua persalinan istri saya di rs sari asih cipondoh merupakan pelayanan yang sangat memuaskan dari awal masuk di igd hingga masuk ruang kamar bersalin 2007 dengan dari eka purnama yang menangani persalinan secara cesar komunikasi yang sangat bersahabat dan penjelasan yang mudah dimengerti berikut juga dengan para perawat yang cekatan dan cepat ketika pasien meminta pertolongan sangat ramah dan memuaskan terima kasih banyak dan semoga semakin baik lagi dalam pelayanannya wassalamualaikum warohmatullohi wabarokatuh,positive
alhamdulillah pelayanan di rumah sakit gpi sangat bagus dan untuk para perawat di ruang cendana sangat ramah dan cepat tanggap terima kasih banyak untuk pelayanannya !melipat_tangan!!melipat_tangan!!melipat_tangan!,positive
saya sempat bingung memilih rumah sakit yang dapat membantu saya memulihkan kesehatan saya mencoba datang ke rs siloam kelapa dua dan di sana saya merasa nyaman melihat pelayanan para tenaga medis saya merasa terkesan pasien sangat dihormati dan,negative
pelayanan bagus hanya dokter kadang ngaret,negative
mantul pokok nya pelayanan di rsud kembangan saya sangat teringat dengan perawat di igd bapak jaka edwin dia sangat sabar peduli sopan ramah banget pokoknya nya the best sehat terus ya pak jaka,positive
definitely i wil not go back !!! objectives tapi the midwifery poly check the schedule of doctors there ham 10 00 come at 09 30 registration and before the action perika has been requested,positive
ruang tunggu nyaman dokter suster ramah!hati_kuning!!hati_hijau!!hati_biru! !hati_ungu!,negative
dokter nya ramah tapi suster nya jutek semua apalagi yang masang infus sebelum kita masuk ruangan sc infus lepas juga lama di pangil giliran dtng muka nya enggak enak padahal bayar kes tapi kayak utang mau beresin admin lama pokok nya,negative
not recommended! bad service biarpun rs nya sudah bagus tapi pelayanan dari suster perawat petugas nya masih sangat² buruk pada saat itu! masuk igd dari pagi sampai ke malam lagi enggak ada penanganan samasekali meminta pindah rs enggak di boleh ini dengan alasan masih bisa menangani? tapi nyatanya enggak ada penanganan apapun di bilang nya tindakan nya besok lagi menunggu kunjungan dokter !wajah_tersenyum_lebar_dan_mata_tertutup! kalo ada pasien yang urgent harus tetap menunggu besok penanganan nya? enggak keburu meninggal? giliran dibayar langsung dibolehin pindah rs !wajah_tersenyum_lebar_dan_mata_tertutup! sangat buang² waktu ke rs sitanala! sdm yang bobrok nya tolong di upgrade sekelas naungan kemnekes masa pelayanan perawat nya buruk! akhirnya kita langsung pindah ke rs tzu chi jakarta baru masuk pasien langsung ada tindakan enggak perlu menunggu besok seperti di rs sitanala ini !wajah_tersenyum_lebar_dan_mata_tertutup! manusiakan lah sesama manusia!,negative
pegawai nya jutek jutek sakit hati saya sekoga keluarga kalian tidak merasakan apa yang saya rasakan!!!!,negative
senang banget bisa periksa ke dokter kandungan dan ginekologi di sini dokternya baik ramah penjelasannya juga detail langganan terus sama dari riyani marlisa spog sehat selalu dokternya !wajah_tersenyum_dengan_3_hati!,positive
siapa pun yang duduk di konter penerimaan anda nomor 15 pada tanggal 28 maret 2024 jam 9 pagi harap latih dia tentang profesionalisme dalam berbicara dengan pelanggan,positive
pelayanan sekolah lama masih menggunakan peta dan berjalan dari loket ke loket kemudian antreannya panjang tata letaknya berantakan ruang tunggu terlihat semrawut lantainya kotor ac nya tidak dingin semoga ke depannya bisa lebih ditingkatkan,negative
perawatnya ramah dan baik ibu saya di rawat di ruang cendana untuk fasilitasnya sesuai dengan kelas 1 overal pelayanannya memuaskan,positive
kecewa di poligigi sama drg ratna tindakan nya terkesan buru2 kejar target tapi malah bikin anak orang makin sakit giginya yang tadinya enggak bengkak jadi bengkak pipinya,negative
terima kasih untuk drg ayu sapa kga dan suster lusi suster reni dan suster dina di poli gigi layanan super ramah anak edukasi lengkap tidak diburu buru karena diberikan waktu untuk bertanya ruangan periksa untuk anak sangat ramah anak jadi anak enggak takut mau periksa ke dari gigi !wajah_tersenyum!!berkilau!,positive
pertama kali kemari kesannya rs mungil tapi bersih n rapi pelayanan memuaskan dokternya baik baik dan memberikan penjelasan secara detail kebetulan ke sini konsultasi dengan 2 dokter yang berbeda dari della dan dari kamal begitupun dengan perawatna sukaaaak,positive
tidak semua suster bagus kali ini saya kecewa penanganan nya kurang sangat menyepelekan pasien infus mati tngn sampai bengkak kesakitan dari stngh 9 sudah ngmong berkali2 bolak balik terus cuma di iyain doang sampai jam 12 belum juga ada penanganan,negative
dari cek kandungan sampai cek anak memang sudah langganan di sini pelayanan oke dokter kandungan n dokter anaknya oke oke dokter anak ke dokter dasman penjelasan clear dokternya punya positive vibes dan semangat ngejelasin ke kita thank you dok seeyou next month!,positive
salah satu fasilitas kesehatan yang lokasinya strategis dekat juga dengan rumah saya di daerah cengkareng terdapat 2 gedung terdapat tempat parkiran yang cukup luas,positive
masuk igd pelayanannya cepat pas difarmasi apotekernya lama banget 1 jam lebih sudah di tanyakan jawabannya iya di tunggu belum ada resepnya di cek dulu lah apalah berkali2 mengecewakan dan sangat tidak ramah,negative
enggak banget bagian pendaftaran lama sekali padahal diruangan sepi pasien sampai tiba tiba banyak pasien tapi belum dipanggil juga,negative
pelayanannya buruk dokter mudanya tidak punya sopan santun dan tidak percaya kalau pasiennya sakit dokter mudanya meminta tes urine tapi tidak ada tes darah untuk pasien yang batuk dan sakit kepala itu tidak masuk akal,negative
datang ke rsui sebagai 2nd opinion dari rs lain untuk anak saya berujung lanjut hingga tindakan operasi udt seluruh proses dari mulai konsultasi penjadwalan tindakan via bpjs check ini jelang operasi hingga pemulihan dan pulang semua proses berlangsung smooth perawat staf kasir admin hingga dokter ramah dan terasa tulus sangat menenangkan bagi pendamping pasien suasana di ruang tindakan terang bersih dan higienis ruang rawat inap nyaman dan tenang tidak hanya untuk pasien tapi juga pendamping cari makan untuk keluarga dan pendamping gampang banyak pilihan murah dan rasa lumayan enak terima kasih rsui keep up the good work and excellent services!,positive
saya rasa lebih efektif kayak kemarin yang sudah daftar online langsung ke poli ini mah harus menunggu antrian lagi untuk pingerprint,negative
rs soeharto heerdjan memberikan pengalaman yang menyenangkan buat saya ketika mendapatkan pelayanan oleh petugas jarang ada institusi milik pemerintah yang mempunyai budaya kerja seperti ini khususnya satpam yang bertugas di farmasi serta apoteker yusnita yang ramah,negative
pelayanan baik dari mulai tiba di igd tim security dan perawat cepat tanggap dokter igd dokter spesialis serta tim perawat merespon keluhan pasien dengan baik pelayanan ramah dan profesional dari mulai tim medis dan tim pendukung seperti pramusaji dan petugas kebersihan semoga jadi ladang pahala untuk bapak ibu semua,positive
pelayanan lumayan hanya mungkin waktu nya rada sedikit panjang,negative
sangat bagus pelayanan nya di rsud asa ini para perawat dan dokter nya sangat ramah sangat telaten merawat pasien terimakasih dokter herlina,positive
kalo anda sensi an mending enggak ke rs ini kurang ramah perawatnya dokter kurang komunikatif,negative
suami saya masuk rumah sakit tanggal 3 agustus pas diinfus penanganannya cepat obat yang diberikan bagus perawatnya ramah dalam melayani pasien,negative
saya nganter bapak saya berobat dari pagi sudah menunggu di pengambilan obat farmasi tapi sampai dzuhur di selang terus jam 12 51 baru di kasih obatnya saya mengantri duluan dari pagi tapi malah di suruh menunggu sampai dzuhur di tanya jawabannya sesuai urutan menyesal,negative
perdana ke rspad gatot subroto kesan pertama lihat gedung nya bersih megah dan nyaman satpam ramah petugas ramah periksa di poli penyakit dalam dengan dokter nyoto ramah banget ke dktr radiologi juga sangat ramah memberikan penjelasan detail tiap pertanyaan kita kesan yang kami dapat baik,positive
kebersihan menjadi masalah bagi sebagian besar rumah sakit di indonesia termasuk rumah sakit ini,negative
anak saya umur kurang 2 tahun masuk rawat inap dengan keluhan kejang demam proses dari igd ke kamar sok far sok good dan saya mengambil kamar kelas 1 untuk 2 orang pasien respon perawat jika dipanggil cukup sigap yang disayangkan tidak ada,negative
saya waktu ke igd sangat cepat dan dokter nya sangat bagus menyampaikan informasi ke saya top mantap is the best,positive
pelayanan nya oke,negative
pelayanan farmasi buruk! pasien sedikit tapi menunggu obat saja hampir 1 jam karyawannya asik sendiri enggak mengerti apa yang sebenarnya bikin lama giliran ditanya cuma bisa jawan sebentar lagi padahal masih harus menunggu lama aneh!,negative
pelayanan sangat kurang baik di suruh datang jam 1 siang buat bertemu dengan perawat sebelum tindakan op tapi sampai jam 4 sore belum bertemu di hubungi tidak ada respon tanya suster yang,positive
ini tempat nuel lahir menggunakan bpjs kesehatan biaya untuk pasien umum juga murah tapi antrinya padat jadi harua sabar,positive
pengalaman terbaik yang saya dapatkan hari ini untuk pertama kalinya saya berkunjung ke poli gigi di rumah sakit ini dengan keluhan cabut gigi impaksi saya ditangani oleh drg ika ratna sapa bm,positive
parah banget ini anaknya kakak saya kesana ternyata enggak dilayani dengan alasan ugd nya penuh dan tidak dapat memberikan kepastian kapan bisa ditangani,negative
pelayanan nya kurang bagus istri saya operasi caesar dirumah sakit ini masa dari awal operasi enggak ada yang bilang kartu bpjs istri saya bermasalah lah setelah istri saya pulang dari rumah sakit dan jelang beberapa hari mau balik kontrol,negative
terima kasih para dokter dan perawat rs trimitra yang sudah membeikan pelayanan dan perawatan untuk istri saya semoga rs trimitra semakin sukses kedepannya,positive
payah daftar ke dokter spesialis mata lewat whatsap awalnya jadwal dokter dari jam 13 30 15 30 kemudian diinformasikan berubah jadi 12 30 15 00 saat tiba di sana jam 13 34 ternyata dokternya belum datang sudah tunggu lebih dari 3 jam dan belum juga dipanggil apalagi sampai ke bagian farmasi benar benar tidak efisien hanya membuang waktu,positive
felt sok safe and comfortable here ruang thalasemia btw dokternya juga baik especially dari nih putu merlynda dan dari ulfa!wajah_menikmati! susternya asiq cuy!wajah_menikmati!,positive
harga paket mcu miring sekali untuk sekelas rs ya enggak pernah ketinggalan mcu rutin tahunan disini tipsnya pantengin sering sering saja di sosmednya tampaknya rsnya sedang renovasi upgrade fasilitas semoga segera selesai kami tunggu ya,negative
untuk suster dan dokternya memang ramah tetapi pelayanan untuk rawat inap lama sekali saat dical perawat memang datang untuk menanyakan tetapi penyelesaiannya sering lama karena susternya tidak bisa dan harus menunggu suster yang lain respon lama bahkan harus di meminta berulang ulang dan saat meminta sesuatu tidak langsung dikerjakan infus berenti tapi di betulkan sekitar stgh sampai 1 jam setelah lapor kemudian saat keadaan pasien sedang kesakitan dan obat tahan sakit yang di infus sudah habis harus menunggu sampai 5 jam untuk dapat obat lagi katanya sedang menunggu farmasi di bawah memangnya butuh waktu segitu lamanya ???? saat meminta es untuk kompres infus yang bengkak kata susternya memang tidak disediakan oleh rs tetapi tidak diberikan solusi lain jadi harus menyediakan sendiri haruskah dari pasien yang menyiapkan segala kebutuhan hal hal seperti ini kalau memang tidak ada setidaknya memberikan solusi yang lain jangan hanya diam sekian terima kasih,negative
fasilitasnya bagus stafnya membantu dokter dan perawatnya sangat sopan namun sistemnya buruk sekali saya membuat janji temu pukul 11 40 dan akhirnya bisa bertemu dokter pukul 15 30 saya harus menunggu hampir 4 jam hanya untuk melakukan pemeriksaan 10 menit,negative
ibu dirawat untuk persiapan pengangkatan cancer payudara ditunda tunda beberapa hari karena kondisi kurang bagus saat ditinggal tahu tahu dibilang terkena infeksi virus sepsis ditanya darimana tidak ada yang bisa menjawab ternyata setelah dicari tahu kejadian karena infeksi karena perawat memasukan cairan pekat melalui infus tangan ditanyakan penyebab selalu menghindar saat ibu sadar dan bisa ditanya baru jelas dan mengakui tapi tetap tidak mau bertanggungjawab padahal kesalahan dari rs dan resiko juga tidak diinformasikan tindakan main langsung dilakukan tanpa konsultasi perawat masih amatiran dan kurang profesional untuk rawat inap benar benar tidak recommended,positive
review kedua karena review pertama di hapus pihak rs rs terburuk!! masuk hari kamis malam ke ugd karena anak sakit di rekomendasi buat rawat inap pas mau di infus perawat nya enggak benar masa 15 menit enggak kelar2 nusuk2 tangan anak akhirnya,negative
menunggu lama sekali untuk mri heran bagaimana mereka mengatur antrian mereka bilang saya harus datang sebelum jam 3 sore tetapi ketika saya tiba di sana tepat waktu saya harus menunggu selama 1 5 jam ya ampun !wajah_kelelahan!!wajah_berkeringat!!wajah_kecewa_namun_lega!,negative
suster dokter yang aditya suryana di ruang icu yang meninggal di tanggal 7 nov 2023 kenapa ada luka di belakang enggak ada yang kasih tau itu luka dari mana asal nya pas memandikan almarhum baru ketahuan ada luka di ruang igd juga kenapa enggak kasih tau kalau ada,negative
saya datang pagi ini karena sakit dan dokter menyuruh saya untuk melakukan ct scan karena tidak ada slot langsung saat itu diberikan waktu sore sorenya saya datang dan diberi tahu bahwa peralatannya rusak anda harus,negative
terimakasih atas pelayanan di rumah sakit ini dari pendaftaran sampai pelayanan dokter yang ramah baik bahkan setelah sampai rumah krg info yang jelas atas pemberian obat masih melayani dengan bijak baik dan cepat lewat pesan wa terimakasih,positive
tanggal 9 agustus 2024 saya pergi ke dokter tht untuk membersihkan kotoran telinga dan dikenakan biaya cotton bud toileteries yang tidak masuk akal sebesar rp 300 ribu hanya untuk beberapa buah cotton bud max10 setelah kami protes untuk biaya tersebut baru biaya cotton bud tersebut dihapus jadi bpk ibu saudara sekalian hati hati kalau ke rs ciputra citra garden periksa dengan teliti untuk semua biaya yang di charge karena pihak rs memasukan biaya yang tidak masuk akal semaunya mereka untuk manajemen rs ciputra tolong di cek dan di review ulang semua tarif rs anda jangan sembarangan charge biaya yang tsk masuk akal ke pasien,negative
puas sama pelayanan poliklinik rsud tanah abang berobat ke dari ahmad yusran spesialis penyakit dalam dokternya ramah baik menjelaskan tentang penyakit teliti dan mudah dipahami perawat polinya sangat ramah dan baik baik,positive
semoga bertahan dengan pelayanan seperti itu cepat dan ramah pelayanan nya sukses selalu rsia permata pertiwi,negative
super duper jelek banget sih pelayanannya seharusnya namanya klinik atau tempat berobat jika memang istirahat harusnya bergantian ya bukan berjamaah menunggu dari jm 5 kurang sore pendftaran istirahat dan tidak ada orang sama sekali lalu,negative
dokter anak nya ramah namun untuk perawatan masuk rawat inap nya supaya bisa di percepat supaya tidak terlalu menunggu lama di ugd,negative
saya dan keluarga saya pernah dirawat dirsktm alhamdulilah memuaskan dari mulai security yang menyambut masuk ke igd pelayanan perawat dan dokternya cepat segera ditangani sampai diruang perawatan hingga pulang dengan sembuh trimakasih !melipat_tangan_warna_kulit_cerah!!jempol_ke_atas_warna_kulit_cerah!,positive
rumah sakitnya bagus keren bersih pasien jadi rasa nyaman!wajah_tersenyum_dengan_mata_bahagia! staf nya ramah semua pelayanannya bagus melayani dengan sepenuh hati semoga pasien yang masuk pulang sehat semua ya!wajah_tersenyum_dengan_mata_bahagia!,positive
parah sudah tau anak kritis di igd perawatnya enggak tanggep dan gercep malah banyak diemnya akhirnya cabut dari igd langsung cari rs lain semoga bisa segera diperbaiki pelayanannya,positive
semua suster di nicu benar benar bersahabat pelayanan bintang 5 benar benar rekomendasi,negative
layanan yang komprehensif banget indak hanya tempat periksa hamil saja tapicjuga ada kelas2 ibu hamil yang bermanfaat untuk pasangan suami istri,positive
pelayanan buruk banget perawatnya benar benar enggak tau sopan santun masuk kamar langsung dobrak pintu lebih oke obnya sudah begitu pakai bpjs bilang kamarnya penuh pas bilang umum langsung bilang ada yang kosong padahal di kamar bed 4 nganggur semua kapok deh!!!,negative
rumah sakit yang bagus pelayanan cepat dan ramah !bintang_medium_putih! !bintang_medium_putih! !bintang_medium_putih! !bintang_medium_putih! !bintang_medium_putih!,negative
saya pasien prof marcellus si sangat terkesan dan terima kasih atas pelayanan di rs pluit dan merasa puas atas pelayan adminitrasi dan suster suster ramah dan selain prof marcel yang cepat,positive
suster di ugd tidak disiplin dalam memberikan obat harus ditanya dulu kapan baru dikasih obat katanya lebih dari 38 baru dikasih obat panas nyatanya anak saya 38 8 dan tidak datang2 suster yang jaga bel ruang anyelir yang jaga sore,negative
dapat rujukan dari puskes ke rs ini sudah takut kalo staffnya jutek kayak pengalaman yang di rs sebelah ternyata enggak staf rs tamansari ramah semua !hati_putih!,negative
pengalaman yang sangat berkesan selama kontrol kehamilan istri saya berobat dan terutama saat melahirkan anak pertama kami anak yang kami tunggu tunggu sebagai orang tua baru kami merasa sangat terbantu karena proses administrasi minim,negative
kejadian di tahun 2016 yang sampai sekarang masih berbekas ada dokter kandungan namanya fransiska mochtar jutek ketus lebih parah daripada dokter bpjs padahal gue sudah bayar ful pribadi tapi pelayanan dokternya lebih buruk daripada dokter bpjs parah banget itu dokter kalo masih dipertahanin di husada setelah itu gue kapok ke husada,negative
satpamnya mengesalkan sudah tau orang tua saya kurang paham soal ruangan rawat inap walaupun sudah di kasih tau lantai dan nomor kamarnya namanya orang tua yang enggak tau mah mau bagaimana lagi ya mau di anter keatas doang buat gantian jaga katanya enggak boleh ber 2 sedangkan satpamnya sendiri kagak mau nganter sampai ke kamarnya bagaimana sih pelayanannya satpam kalo kepengurusan suster dan dokternya sih gercep cuma bermasalah di satpam nya saja sampai menangis orang tua saya nelpon enggak tau ruangannya mau melihat bapak saya,negative
lumayan bagus hanya menunggu dokter nya visit lama sekali dan buat urus proses pasien mau pulang saja lama sekali sampai menunggu berjam jam setiap kali di tny ke perawat jawab nya masih proses tunggu saja!wajah_agak_cemberut!,negative
ahmad muhajir keluarga dari agustari masuk kerumah sakit tarakan karena nyeri dada dan ke ruang iccu dan dirawat ke ruang cempaka dan untuk pelayanannya responsif dan ramah ramah,positive
antrian untuk pendaftaran bpjs berantakan dan mesin antrian enggak berfungsi daftar online juga percuma semua kerjanya lama wcnya kotor jorok,negative
ruangannya bersih dan rapi kursi di poli nya pun bisa menampunt banyak kapasitas pasien,positive
rumah sakit dengan penanganan cepat tanggap nyaman bersih dan pelayanan ramah,negative
rumah sakit langganan keluarga mulai dari obgyn pediatri sampai umum pelayanannya ok rsnya bersih dan nyaman staffnya dan dokternya juga ramah,positive
pelayanan bagus dan anak saya cocok sekali di assalam mulai dari melahirkan kontrol hingga di rawat,negative
pelayanannya cepat dan bagus rumah sakitnya bersih dan fasilitasnya nyaman untuk digunakan terimakasih suster dan dokter rumah sakit ukrida!jempol_ke_atas_warna_kulit_cerah sedang!,positive
why rs pik walau banyak rs baru lainnya disana sini? karena banyak dokter2 terbaik ada di rs sini salah satunya adalah dokter sonja a leonardi yang selalu saya percayakan dalam merawat saya sejak 2004,positive
pelayananya bagus banget gercep sigap terutama bagian laboratorium tidak lama menunggu hasil!melipat_tangan_warna_kulit_cerah!,negative
selamat siang dok mau tanya usg pakai bpjs itu nanti bayar lagi atau tidak ya di rsud johar baru,negative
terimakasih rs atmajaya bibi saya dirawat di ruang djaya saputra pelayanan baik suster nya ramah baik sukses buat rs atmajaya dan ruang djaya saputra,positive
dari siang hari saat dirawat di ugd hingga pemeriksaan hingga malam hari saat saya harus dioperasi saya bersyukur karena semuanya dapat ditangani dengan cepat di hari yang sama,negative
terima kasih untuk pelayanannya yang ramah sangat baik kamarnya pun nyaman dan bersih,positive
pelayanan perwat amat sangat ramah baik sopan dan cepat tanggap tanpa perlu menunggu,positive
makin kesini kenapa makin buruk tahun lalu pelayanan nya satset banget mau pakai bpjs ataupun tunai sekarang mesti ranap disini dan pakai bpjs dan harus upgrade vip saya kira lebih cepat pelayanannya nyata nya sangat lama kami tunggu dari jam,negative
rumah sakit royal taruma memberikan pelayanan yang baik dan fasilitas nya lengkap serta dokter dan perawatnya ramah ramah sangat membantu pasien,positive
pelayanan nya buruk !jempol_ke_bawah!!jempol_ke_bawah!!jempol_ke_bawah!!jempol_ke_bawah!!jempol_ke_bawah!enggak jelas sudah 3 kali bolak balik mau daftar gigi keabisan nomer terus kemarin bilang daftar jam 6 datang jam 6 sudah keabisan nomer terus suruh datang lagi jam 5 subuh masih keabisan nomer juga kemarin bilang kuota nya 25 pasien terus hari ini bilang 15 pasien rumah sakit enggak jelas bintang 1 !wajah_marah!,negative
gila rumah sakit sudah seperti pasar tradisional panas enggak ketulungan yang jaga di admin kekurangan security berubah jadi admin terkadang menjadi preman yang mengusir pasien yang tidak disiplin dalam mendaftar bangku di ruang tunggu sudah seperti bangku saat naik metro mini enggak tau juga nih dengan pelayanan dari dokter !wajah_kecewa_namun_lega!!wajah_kecewa_namun_lega!!wajah_kecewa_namun_lega!!wajah_kecewa_namun_lega!,negative
saya ibu anggi di rawat di ruang makkah kamar 105 untuk pelayanannya bagus bidan dan dokter baik ramah sangat membantu ruangan perina,positive
dokter spesial paru dari jery tidak tepat waktu dari jadwal yang tertera di website kami harus menunggu 2 3 jam dari waktu yang tertera pada website,negative
rumah sakitnya besar dan luas banyak foodcourt di sekitarannya salah satu kelemahan rumah sakit milik pemerintah adalah layanan administrasi pembayaran yang memakan waktu yang lama saran saja agar ditambahkan petugas untuk pelayanan administrasi,negative
rs terburuk! terutama proses dari igd untuk ke rawat inap selalu di hitungan 12 jam! 10 jam proses naik ke kamar deh paling top deh terutama untuk pasien bpjs!!,negative
pelayanan nya bagus dan nymn perawat nya juga baik² dan ramah !wajah_tersenyum_dengan_3_hati!,positive
pelayanannya oke rumah sakitnya bersih dan juga buat teman teman yang mau bayar pakai uang pribadi tinggal ke poliklinik ruby saja ya,positive
datang ke sini untuk terapi anak ada terapi integrasi sensori terapi wicara dan fisioterapi untuk masalah tumbuh kembang anak dokternya baik perhatian dan tegas terapisnya baik dan sabar anak saya banyak kemajuan di sini terima kasih dari megah dan tim,positive
tempat yang bagus staf kooperatif dan ramah,positive
pelayanan dari dokter igd bernama astri buruk walaupun saya sakit ringan enggak selayaknya untuk di diamkan saya berkali kali bertanya ini harus bagaimana karena saya cuma ingin meminta surat sakit dan sebelumnya saya sudah berobat hanya,negative
pelayanan nya buruk sekali lelet enggak satset terlalu banyak intruksi cuma bisa dilempar kesana lempar kesini tapi enggak segera ditangani lepas tangan dibiarkan begitu saja ibuk saya dibilang penyakit kelenjar getah bening jendolan nya sudah besar,negative
rumah sakitnya bagus pelayanan juga lumayan cepat dan disini saya berkesan banget ketemu dokter yang ramah sama pasiennya yaitu dokter wisnu sehat sehat ya bapak dokter,positive
pelayanan nya bagus dokter dan perawat nya fast respon serta staf nya ramah,positive
saya dari ruang rawat bersalin dari dokter suster perawat sapam baik samua pelayanan nya terimakasih semua,positive
had my medical check up here and itu was such a lovely experience!first of al hands down tapi the best hospital ini indonesia ini terms of technology the complete level of services they provide the exterior and interior is amazing! al sok sophisticated with a touch of warmth ini their design the staffs were al very friendly and wel trained jn knowledge skills the price is also relatively cheap for such a complete and sophisticated treatment wil definitely come back here for their medical check up program,positive
alhamdulillah pengalaman yang baik di rsia asyifa depok untuk saya dan isteri saya yang melahirkan anak ke 3 ditangani dengan dokter jusuf yang baik hati murah senyum dan sabar perawatan dan pelayanannya juga sangat menyenangkan dan fast respon terima kasih rsia asyifa depok !wajah_malaikat!,positive
rsud kisa sangat bagus pelayanan dan fasilitas nya perawat disini baik baik dokter pun baik sukses selalu rsud kisa depok,positive
ibu saya di rawat ruang 201 kemarin pelayanan baik perawat tidak jutek cepat tanggap banyak perawatnya dokter umum menjelaskan dengan lembut dokter nanda dokter spesialis dalem mantap menjelaskan dengan hati hati dari keti ahli gizi,positive
pelayanan yang buruk ! belum di cek belum apa apa masa langsung disuruh pindah rs ! padahal igd sistem juga galeas suster nya jutek nya meminta ampun ! kalo sakit mending jangan kesini deh !,negative
selama di ruang topaz sangat bagus sekali mulai dari ruang ugd sampai ke ruang rawat inap topaz suster nya sangat ramah responsif untuk ruang pemeriksaan radiologi sangat bagus sekali dan alat nya juga sangat canggih sehingga saya cepat sembuh untuk suster suster mulai dari kepala ruangan rosana silalahi suster dinas pagi sr reni sr rosita sr rut sr nur sr pita sangat sigap untuk mengurus saya dari awal dari visiite dari martin sps hingga saya pulang saat inithank you royal taruma !wajah_tersenyum_lebar_bermata_hati!,negative
bagus rekomen buat anak bayi lagi sakit panas diare penanganan nya bagus sabar dan baik terima kasih rs makiyah sudah mengasih pelayanan yang memuaskan,positive
teruslah berkarya,positive
pelayanan tindak lanjutnya agak lama untuk fasilitas dan tim medisnya cukup bagus ramah dan pengarahannya lebih di mengerti dan mudah,positive
pelayanan kurang ramah dokter datang tidak tepat waktu namanya dokter awn petugas bpjs tidak ramah,negative
suami saya datang ke igd 2x mengeluhkan sesak nafas dan panas dibilang tidak kanapa2 dia tidak memeriksa lebih detail kalau tidak knpa2 kok bisa sampai 2x datang ke sini pas dicek di rs lain suami saya terkena tb paru sebegitu menyepelekannya sekelas rsud apa menunggu tergelepak dulu baru dianggap serius,negative
7610 pelayanannya bagus sekali,positive
rumah sakit aneh pendaftaran tidak sopan apakah perlu menayakan status pasien entah itu temannya atau pacarnya atau siapanya tidak sopan pasien rawat jalan tidak bisa menggunakan bpjs kalau ranap bisa bpjs lucu sekali terdengar,negative
pelayanannya bagus banget!wajah_tersenyum_lebar_bermata_hati!!wajah_tersenyum_dengan_3_hati!!hati_merah!!hati_merah!,positive
pelayanan yang rama sopan tempatnya nyaman gesit petugas petugas nya,negative
pengalaman konsultasi dan pernah dirawat di rs pelni dokternya ramah baguus perawatnya baik baik semua merawat dan melayani dengan baik tidak membedakan bpjs dan enggak banyak jajanan jadi enggak pusing kalo mau makan atau menengok orang sakit semakin terdepan rs pelni semangat,positive
pelayanan igd dokter perawat rika dan petugasarima nya ramah dengan orang tua saya,positive
kemarin saya masuk ugd untuk pelayanan bagus tapi ada 1 hal untuk di ugd tolong di perhatikan buat bed nya yang sudah pada rusak dan sangat bau karena buat pasien jadi tidak nyaman,negative
jadi salah satu rumah sakit terbesar di jakarta rumah sakit pelni memang sudah enggak asing lagi sempat kontrol berobat masalah penyakit untuk ke dokter bedah syukur prosesnya memang bagus dan cukup jelas sampai saat operasi pun semuanya,negative
pelayanan nya bagus untuk bagian kasir ramah managemen nya tidak rumit,negative
rsud yang terhormat untuk security yang cewek tolong dikasih tau jangan judes sama pasien yang meminta nomor antrian kalo bertanya nama pelannggaush pakai suara dalem apalagi yang lansia kadang kasihan suka dibentak !melipat_tangan!!melipat_tangan!!melipat_tangan!terimaaksih,positive
pelayanan sangat buruk gangguan pasien lain atas bising dan ketidak tenangan di malam hari sangat mengganggu istirahat nya pasien lain namun ketika konfirmasi terkait masalah tersebut kepada pihak orang yang bertanggung jawab atas rs ini dengan ringan nya menjawab itu bukan tanggung jawab pihak rs,negative
pelayanan sangat buruk masak anak saya kritis petugas malah santai dan minum es !!! tolong atasan di perketat nyawa manusia tidak bisa ditukar dengan apapun mohon di perlihatkan dengan jelas staf petugas nya!!!!!,negative
tolong untuk pelayanan nya ditingkatkan lagi dengan sepenuh hati dengan bicara yang lembut saja bisa membuat kita yang sedang menemani anak berobat jadi lebih nyaman,negative
istri saya kuret tanggal 6 januari kemarin pelayanan bagus walaupun istri saya pakai bpjs,negative
perawat satpam dan dokter assalam tidak ramah sama sekali! tidak ramah sama sekali ini rs jelek sekali pelayanannya pelayanan tidak bagus semua karyawan disini ketus semua! saya merasa dirugikan tidak komunikatif mulai dari pendaftaran,negative
alhamdulillah melahirkan disini sangat nyaman dan dibantu dengan perawat dan bidan yang profesional dokter obgyn yang super baiik dari wira dan dokter anak dari dessy juga baiik banget pokoknya puas banget dengan rs mitra keluarga cibubur sukses selalu,positive
pelayanan sangat baik dan ramah pagi ini jam 8 30 ada bagi bagi jamu saya dan suami dapat mau mcu dan mampu sama dokter jiwa,positive
pernah menemani teman saya untuk operasi kecil dokter seniornya sangat baik dan pelayanannya ramah dan hangat di dalam rs kami juga sempat menikmati spot photobooth pkl yang berwarna warni di luar area rs,positive
dokter tolong kalo telat jangan berjam jam jika telat konfirmasi ke cs jadi ketika cs ditanya bisa jawab posisi dokter dimana ini kan berobat buat orang sakit tolong disiplinkan waktu lebih tepat waktu lagi kami menunggu dari maria dari jam 3 5sore 2jam tidak ada kepastian datang info dari cs didepan,negative
selalu merasakan keramahan saat saya di sana,negative
rumah sakit keramahannya luar biasa dokternya luar biasa perawatnya luar biasa,positive
rumah sakit nya sangat bagus pegawai ramah dan pelayanan disini sangat bagus,positive
pengalaman pertama menemani ibu yang sakit ibu hampir tidak pernah sakit saya bertemu dengan dokter spesialis jantung yang sangat baik dengan sabar menjawab setiap pertanyaan yang diajukan memeriksa dengan cermat dan benar benar berusaha membuat kondisi ibu saya lebih baik dan mencegah hal hal yang terburuk terjadi terima kasih dokter paskalis indra si sapa jp,positive
yang p1 jika pasien baru kalo bisa datangnya lebih awal 1 2 jam karena jika ada kendala pendaftaran online memakan waktu lama sekali pemanggilan no pasien enggak tersedia dilayar jadi kadang harus tanya di loket pendaftaran nya,negative
dari program hamil sampai sekarang berhasil hamil sudah jalan 6 bulan bersama dari ferdhy pelayanannya semakin baik dan semua ramah dari security admin kasir perawat dan dokter nya semakin berjaya dan semakin baik pelayanan kedepan nya !melipat_tangan!!hati_merah!,positive
alhamdulillah pelayanan nya bagus petugasnya gercep2 dan baik baik semua semoga sehat semua ibu dan bayi,positive
saya kesini medika itu rutin sebulan sekali bertemu konsultasi dengan dokter kesayanganku dari erwindo semoga dktr ku selalu sehat termasuk saya amin,negative
pelayanan igd nya bagus tempatnya bersih susternya ramah,negative
pengalaman buruk datang coba2 ke rs ini dokter tht nya bad bangeeet enggak usah jadi dokter pak jadi peramal saja sekalian kalo bisa tebak sakit orang berapa lama nya !!!!!!,negative
kecewa banget tanggal 11 september saya bawa bapak berobat ke rumah sakit belum di cek malah disuruh rawat jalan katanya belum ada jadwal periksa padahal belum di cek,negative
pelayanan buat bpjs sih bagus dokter ramah suster ya begitulah tingkat 3 cuma kamar rawat inap dibawah seprti basement tukar parkir rame rs nya bersih kantin ada,negative
keren banget !wajah_tersenyum_lebar_bermata_hati! dokter dan staffnya super ramaaah !wajah_tersenyum_lebar_bermata_hati!!wajah_tersenyum_lebar_bermata_hati! recommended,positive
pelayanan sangat buruk keponakan saya masuk igd dari jam 3 baru ada tindakan jam 6 sore,negative
syukur2 ingat dari fotonya pasien siapa namanya tolong ya ditingkatin lagi attitude perawatnya serius deh kalah banget sama anak sama tata krama nya!wajah_tersenyum_dengan_mata_bahagia! nih saya kasih tau ya di ruang igd itu banyak keluarga yang menunggu pasien keluarga nanya2,negative
dokter igd yang jaga khusus nya dokter cewek rambut pirang ber kacamata kuning langsat tidak berhijab kejadian tanggal 20 feb 2024 jam 10 kenapa hasil lab yang sudah di bawa oleh istri saya anda bilang hasil nya tidak positif tipes??? memang nya,negative
anak saya dirawat di rs ini di lantai 3 324 lantai khusus anak anak dirawat pelayanan oke bagus banget cepat dan ramah banget,negative
pengalaman pahit terjadi saat adik saya kecelakaan dan di bawa ke igd rsud cibinong bogor mulai dari penanganan juga nakes nya adik saya di bawa dengat kondisi yang sangat mengkhawatirkan dari jm 8mlm sampai besok sore lagi tidak ada,negative
pelayanan rsu bhakti yudha sangat bagus baik security karyawan dan susternya sangat ramah dan baik sangat membantu saya yang baru pertama kali berobat disini sukses selalu untuk rsu bhakti yuda,positive
pelayanan dengan sistem yang sekarang sangat memuaskan apalagi dari proses pembayaran sampai menunggu obat jaraknya tidak lama baru saja duduk setelah melakukan pembayaran sudah di panggil untuk pengambilan obat dan di bagian farmasi juga penjelasan tentang obatnya cukup jelas dan memuaskan recommended !jempol_ke_atas_warna_kulit_cerah!!jempol_ke_atas_warna_kulit_cerah!!jempol_ke_atas_warna_kulit_cerah!,positive
suster dokter ramah dan baik tempat nyaman dan bagus terimakasih rsia asyifa,positive
kacau banget rs ini orang sakit sampai masuk igd malah disuruh menunggu 2 5 jam baru bisa dapat obat mengira obat puyer khusus ternyata obatnya rhinos sanmol doang astaga benar benar enggak bisa menghargai pasien ini rs kecewa berat,negative
susternya kalau ditanya jutek dokternya pas ditanya disuruh search sendiri cari digoogle pintu ruang praktek usg dan kamar mandi kecil tidak masuk buat kursi roda padahal ruangannya besar,positive
pelayanannya baik cepat ramah anak pertama dan kedua saya selalu vansin dan berobat di bunda margonda !jempol_ke_atas!,positive
rsud jatisampurna tipe di pelayanan sangat buruk kurang ramah kurang cekatan tidak seperti rumah sakit pada umum nya keponakan saya di rawat 4 hari enggak ada perubahan sudah kesakitan malah disuru menunggu menunggu enggak jelas,negative
kalo ada yang lebih baik mending jangan ke sini pasien harus rela antri berjam jam sampai pucet baru ditangani pakai bpjs atau pribadi sama saja,positive
dokternya ramah pengambilan obat lumayan cepat tapi booking hari untuk kontrol selanjutnya sangat sangat lama 2 jam lebih saya menunggu booking kontrol selanjutnya tidak recommended untuk yang cepat bosan,negative
diperhatikan lagi bagian poli anak terutama dokternya kalau menjelaskan terlalu terburu buru jadi susah mau pertanyakan kondisi anak apalagi bagian rawat inap lelet sekali dibuat menunggu terus entah sih obat sih kamar inap apa bedanya bayar pribadi dan,positive
sangat kecewa dengan rumah sakit ini anak saya terjatuh di lantai 2 dan keesokan harinya tiba tiba disuruh pindah ke lantai 4 pagi pagi jam 12 siang kenapa harus pindah tengah malam padahal pindah tempat tidur vip b 3 ke tempat tidur 4 aneh rasanya meminta pindah pagi pagi dan ke ruangan yang lebih banyak orang,negative
selama dirawat di ruang cempaka ruangannya bersih adem suster2nya baik dan ramah dan makanannya enak thank you rsud tarakan,positive
yang terbaik!jempol_ke_atas!!hati_putih!,positive
lucu nih rumah sakit lagi perbaikan di lantai 6 jam segini malah ngebor sudah tau lantai 5 isinya anak kecil,positive
perawatnya cekatan banget pencet tombol langsung datang kamarnya juga bagus terus dibersihin ya,positive
perawat camelia b sangat baik dan ramah terima kasih atas pelayanannya,positive
pelayanan lab nya bagus petugasnya pun ramah ramah sekali sangat puas dengan pelayanan di rs sari asih cipondoh !melipat_tangan_warna_kulit_cerah!,positive
saya sudah beberapa kali ke sini pelayanannya cepat tidak terlalu ramai jadi tidak perlu khawatir menunggu kalau punya jadwal pasti selalu tepat waktu,negative
pengalaman baru dalam pelayanan kesehatan tempat nyaman tidak seperti rumah sakit sistem informasi canggih perawat ramah dan dokter kompeten,negative
semakin sukses rumah sakit permata cibubur pelayanan yang ramah dan sangat baik,positive
rumah sakit terdekat dari tempat tinggal saya tempatnya strategis suasana nya nyaman bersih pelayanan bpjs pun di layani dengan baik semua staf dari mulai ob security perawat dokter semua bekerja dengan baik dan ramah terima kasih rsi aysha maju terus sehatkan masyarakat indonesia!wajah_tersenyum_dengan_mata_bahagia!,positive
pelayanan buruk banget tolong manajemen nya di perbaiki dan tolong pasien bpjs juga bayar tiap bulan! apalagi kalo bpjs kelas 1 ! jangan lah semena mena,positive
rumah sakit ternyaman dengan pelayanan yang bagus,negative
penjaga pasien cuma boleh 1 orang saya pasangan yang istri saya baru melahirkan anak pertama disini karena hanya boleh 1 orang yang jaga dan tidak ada jam besuk sama sekali maka hanya saya lah yang,negative
pelayanan nya baik tidak di bedakan antara bpjs dan pribadi untuk pembayarannya anak saya pasien tetap jantung anak disini dan sangat dibantu sekali baik oleh para staf perawat dan dokter,positive
5132 selama tiga hari dirawat dirumah sakit rs pik untuk kendala tidak ada sama sekali saya berobat sama dokter ricky dan dokter linda good untuk pelayanan suster baik,positive
pelayanan dokter penyakit dalam sangat kurang baik dua kali rawat jalan setiap hari sabtu dokternya tidak pernah datang tepat waktu jadwal jam 15 00 selalu datang jam 16 30 tanpa ada kejelasan kalau memang tidak sanggup datang di jam,positive
komplain sudah ditindaklanjuti humas ya ya enggak dua jam juga menunggu obat racik nya mbak ini mah mbak tenang kami pingsan instead of bikin tulisan yang secara tersirat meminta pasien sabar harusnya divisi farmasi benerin orangnya satu orang di depan handle semua pasien yang mau ambil obat dari resep dokter itu deh enggak masuk akal lihat apa yang terjadi saya dibilang obat racik itu tunggu satu jam ok tapi ada enggak farmasi mikir kalo dokter itu kasih tau saya sebentar lagi saya bakal diare dipikirkan enggak kondisi pasien yang menunggu obat? kalo mau bilang kan bisa keluarga atau orang lain yang menunggu pernah enggak dipikirkan kalo dokter sampai bikin obat racik itu artinya itu obat sepenting apa coba farmasi yang gantian mengerti pasien saya dari sabar menunggu 1 jam 15 menit sampai bertanya kapan jadi sampai saya tungguin di depan sampai saya lempar pulpen saking deh enggak tahan pernah enggak dipikirkan? bisa lho saya antrian 134 menunggu dari jam 12 34 obat dikasih jam 2 30 berharap nya bagaimana? saya pingsan sekalian disana?,negative
dokter dan perawat ramah lahir di rsia asyifa langsung di buatkan akte dan kartu keluarga terimakasih rsia asyifa,positive
alhamdulillah operasi disini lancar baik banget pelayanannya gakaya pakai bpjs padahal pakai bintang 5 enggak cukup terima kasih banyak pelayanan best !!!,positive
pelayanannya baik terutama prosedur mcu yang tertata dan cepat serta pelayanan staf yang diberikan sangat komunikatif dan informatif,positive
untuk pelayana di ruangan dokter bagus tapi untuk daftarnya lama saya dari jam 8 pagi sampai jam 5 masih disini sekarang tunggu tes sweb saja lamanya ampun yang ada bapak saya malah sakit,negative
rumah sakitnya bagus beberapa hari lalu berobat secara keseluruhan pengalamannya menyenangkan !jempol_ke_atas! kamarnya juga bagus,negative
rs ribet kebanyakan prosedur lama menunggu kursi roda,negative
petugasnya ramah ramah lokasinya bersih,negative
sangat puas untuk pelayanan sangat sopan cepat untuk kebersihan sangat bersih untuk karyawan sangat ramah,positive
pelayanan sangat baik banget semua suster dan dokter ramah banget rekomendasi banget buat lahiran disana !wajah_memberikan_ciuman_jauh!!wajah_memberikan_ciuman_jauh!,positive
saya selalu puas berobat di sini dokternya oke perawatnya juga cekatan dan ramah,positive
terimakasih pelayanannya sangat baik,positive
fasilitas ok pelayanan ok tapi mohon resepsionis yang jaga di siang hari diingatkan kembali sopnya kalau ada resep ditanya dulu apakah pasien mau diambil semua atau bagaimana? kalau di farmasi rs kan ditanya tuh mau diambil semua atau 1 2resep,negative
bulan juni saya terkena demam berdarah saya datang jam 9 malam kamar kosong saya langsung dibawa ke ugd fasilitasnya kasur standar dan kamar ber ac saya mengurus administrasi menggunakan bpjs,negative
tidak ada hubungan dengan pemilik maupun dokter harus menyingkirkan itu ruang gawat darurat memiliki dokter muda paling berpengetahuan di jakarta membuat saya yang sangat tergila gila pada kesehatan takjub dalam beberapa kejadian dengan kemampuan mereka mendiagnosis,negative
dari semua pelayanan oke cuma dari farmasi pas antri obat saja yang lama banget masa antri 7 jam belum di panggil juga akhirnya balik karena kesel antrian ya parah,negative
ke rsui buat operasi gigi bungsu kebetulan rujukan bpjs nya disini suasananya rumah sakitnya asri beda dengan rs lainnya bangunannya kueren kayak dikorea!wajah_menangis_keras! nurse nya juga ramah cuman mungkin agak lama di antri farmasinya saja tapi,negative
kontrol kehamilan di trisemester 3 di rs primaya menggunakan bpjs karena ada indikasi medis alhamdulillah menyenangkan semua staf sangat ramah saat melayani dokter juga memberikan informasi yang jelas dan pengecekan dengan cepat sesuai,positive
pelayanannya sangat sangat buruk untuk perawat anak masalah ini itu di spelein pisan pasien infus enggak jalan saja disuruh matiin dulu memang infusan buat pajangan,negative
parah pengambilan obat racikan sudah antri 2 jam belum di panggil juga sebenarnya apa yang membuat lama sih ? kasihan anak anak yang menunggu lama obatnya bene benar mengecewakan,negative
bagi bumil atau yang mau periksa kobgyn saya berani rekomendasikan kalau mau usg kdokter obgyn yang nama dokternya dari willy kurnia a sebab selama masa hamil sampai melahirkan puas banget dengan pelayanan beliau dalam menjelaskan detail dan,positive
susah angkat telepon katanya ada nomor dia simpan nomornya tapi tidak ada apakah anda berniat untuk melayani masyarakat?,negative
laboratorium rumah sakit islam cempaka putih sudah baik dari segi pelayanan fasilitas,positive
yang istri saya rasakan alami untuk pelayanan rumah sakit ini sangat bagus saya merasa nyaman terbantu sekali mulai dari konsultasi sampai dengan tindakan terima kasih untuk dari ryan sapa pada dari katrina sapa og dari tauhid sapa an dan dokter² lain nya yang tidak bisa saya sebutkan satu per satu untuk para perawat di lantai 5 di lantai 2 dan semua petugas dari mulai pendaftaran laboratorium dan petugas² lain nya yang telah membantu saya dan tidak lupa juga saya ucapkan terima kasih untuk staf eksekutif mis putri a ke a little princes atas bantuan nya dalam proses administrasi doa saya kiranya bapak dan ibu semuanya di berikan kesehatan di berkati dengan segala kelimpahan umur yang panjang untuk tetap bisa melayani pasien dengan lebih baik lagi amin,positive
my experience ini this hospital always good since the first time i know this hospital i always came out with a smile the doctor the nurse and the staf has a great services the medicine is the,positive
pelayanan selama 7 hari ibu saya dirawat di rs islam cempaka putih kami sangat baik stafnya selalu siap membantu ramah perhatian semoga rs islam cempaka putih dapat mempertahankan kualitas pelayanannya terima kasih kepada seluruh staf di rs islam cempaka putih !melipat_tangan!,positive
saya dioperasi di sini dan harus tinggal selama beberapa hari menggunakan polis asuransi saya dan secara keseluruhan ini merupakan pengalaman yang lengkap saya merasa senang karena ada doa doa islam sebelum dan sesudah operasi lingkungannya bagus dan,positive
anak kami asya luna dirawat di ruang sofa kamar no 203 telah mendapatkan phbs dari para perawat pelayanan sangat baik dan sangat mengedukasi pasien dan keluarga,positive
pelayanannya mengecewakan banget disini terutama dengan dokter giginya saya sudah sakit gigi banget tapi seakan2 tiap kontrol enggak ada kejelasan terkait perawatan syaraf akar gigi saya disuruh rontgen gigi tapi hasilnya tidak dibaca jadi maksudnya apa,negative
sangat tidak manusiawi rata rata dokter datang sangat terlambat bisa lebih dari 2 jam hari ini semua pasien menunggu 3 5 jam dengan membiarkan pasien menunggu berjam jam apa waktu pasien tidak berharga? direksi rs tolong kalian sekali kali turun ke lapangan dan beri tegoran keras ke dktr yang terlalu sering terlambat sampai berjam jam dan tolong hargai kami sebagai manusia walau kami pasien bpjs tidak layak perlakuan peraturan rs memprioritaskan pasien pribadi sampai selesai semua baru pasien bpjs dilayani kan bisa diatur jadwal pasien pribadi dan bpjs dibedakan harinya jangan seperti sekarang dijadikan hari yang sama tapi memprioritas pasien pribadi tanpa menghargai pasien bpjs sebagai manusia,positive
alhamdulillah istri lahiran disini dengan bpjs tidak ada yang dipersulit semua alur pemberkasannya mudah dilalui kamar kelas 1 yang nyaman ber ac berisi 2 bed lemari kecil untuk barang barang pasien serta terdapat tv untuk hiburan,negative
bagus baik perawatannya juga,positive
perawat nya ramah pelayanan nya juga bagus !wajah_tersenyum_dengan_3_hati!!oke!,negative
sangat direkomendasikan walaupun menunggu dokternya lama tapi worth itu banget sama waktu nunggunya karena ketemu dokter yang baik banget ramah dan informatif lengkap,positive
pelayanan bagus bidan suster nya ramah cuma untuk ruangan rawat inap bersalin tolong di perhatikan jam besuk nya anak kecil berkeliaran teriak teriak sama di batasi jam besuk dan orang yang besuk biar tidak terlalu rame kamar sempit yang jenguk rame berisik jadi tidak nyaman,negative
alur pendaftaran tidak jelas jadi orang yang baru datang tidak tau harus ambil antrian atau screening dulu satpam kurang ramah dan tidak bisa memberikan arahan seperti satpam di bank,negative
rumah sakit nya bersih pelayanan nya bagus petugasnya juga sopan dan ramah,negative
sangat tidak recommend 3 hari di rawat nurse station selalu kosong kalau panggil suster harus menunggu lama baru datang enggak dapat toiletries juga,negative
setelah beberapa kali menjalani pelayanan sentra medika cibinong saya dapat menyatakan b a i ke dan petugasnya cukup ramah terima kasih sentra medika khususnya sdr risman,negative
dokter yang terpercaya pendaftaran mudah jaringan asuransi yang terhubung dan staf yang ramah dan cekatan mulai dari keamanan,positive
pelayanan icu 3 bagus di semua shift mas burhan budi mas selamat !melipat_tangan! untuk bagian pelayanan rawat inap tolong diperbaiki yang terlalu lama dan jangan bilang,positive
saya di sini bersama master limbad,negative
rumah sakit saya tidak boleh menunggu di lobi pelayanannya tidak bagus,negative
bawa anak anda berobat tanpa harus antri lama daftar online menggunakan aplikasi self check ini tidak perlu menunggu lama dan langsung dipanggil proses pembayaran sangat mudah yang terpenting adalah,negative
dokternya baik berpengalaman dan sabar mendengarkan pasien semoga obatnya cocok dan cepat sembuh,positive
saya vaksin meningitis di sini pelayanannya oke tidak ribet seluruh petugas saangat ramah dan informatif,negative
pelayanan igd payah saya ke igd karena cedera kaki parah setelah kecelakaan kursi roda baru diberikan jika diminta ingin ke toilet bukannya diantar malah ditawari pispot yang sebenarnya tidak ada diantar ke toilet menggunakan kursi roda,negative
rumah sakit ini terletak dekat dengan kantor di tb simatupang jika anda ke sini dengan sepeda motor hanya butuh waktu 15 menit,negative
rumah sakit yang sangat bagus pelayanannya suster dan dokter ramah ramah kamar kamarnya besar dan bagus banget bersih dan rapi makananya vegeterian,positive
saya baru saja berkunjung ke dental clinic rs jakarta sebagai pasien bpjs dan saya harus mengatakan bahwa pengalaman saya sangat buruk para suster di klinik memperlakukan saya dengan semena mena dan tanpa rasa hormat mereka mengacak,negative
sangat bagus sekali,positive
rs nya bersih dokternya bagus perawatnya ramah keamanannya bagus tapi mengantri obat rawat jalannya lama banget dari jam 10 00 sampai jam 13 00 belum selesai juga,negative
terima kasih buat health talk nya dari ivan ginanjar sapa og dari brawijaya hospital depok untuk ilmunya hari ini juga poloklinik ut buat acaranya ilmunya berguna banget bisa aku share juga buat yang lain,positive
saya periksa ke dokter forry fortuna dokternya sangat membantu dan sangat menenangkan pasien jadi saya tidak terlalu khawatir meskipun ini kehamilan pertama saya dan saya sudah menunggu selama beberapa tahun dokter forry juga sangat ramah dan sopan tutur katanya halus,positive
anakku dirujuk ke rs harapan kita sekarang masih di nicu semoga anakku pulih lebih cepat dan bisa dibawa pulang karena dokternya bilang tidak usah ditunggu tidak usah dijenguk menunggu dirumah sampai dihubungi !wajah_menangis_keras!!wajah_tersenyum_dengan_air_mata!!wajah_tersenyum_dengan_air_mata! semoga penanganannya cepat dan,negative
rumah sakit terbaik dengan dokter obgyn terbaik juga dari febriyan nicolas pelayanannya juga terbaik para staf dan suster ramah ramah semua dan kamarnya bersih top !jempol_ke_atas_warna_kulit_cerah!!jempol_ke_atas_warna_kulit_cerah!!jempol_ke_atas_warna_kulit_cerah!,positive
sudah mohon meminta di rawat inap karena memang indikasi usus buntu tapi pihak rs tetap keras mengatakan no problem saya pindah ke rs gajauh dari sini dan langsung adanya tindakan operasi 1x24 jam,negative
barakallahu pelayanan nya ramah susternya aku suka mbak suster rambut kriting 2th lebih chekup dengan dokter specialis yang super sabar suport pasti bisa sembuh selalu mndngarkan keluhan pasien trmks dokter zainudin!wajah_memeluk!!wajah_memeluk!,negative
rs nya bersih tempat tunggu di poli juga nyaman ada resto juga kalo laper ada jajanan juga,negative
pelayanannya sangat baik dan semua staf nya sangat ramah tapi sangat maklum masih kurang lengkap semoga rs selaras bisa berkembang dan senakin baik lagi,positive
pertama di ugd ke ruang inap sampai 3 jam lebih proses nya kedua dokter datang tidak memberikan penjelasan apapun tentang sakitnya kecuali di tanya baru jawab,negative
seluruh pihak rumah sakit sungguh ramah dan sopan pelayanan yang cepat dan sigap yang membuat saya merasa tenang ketika di rawat di rumah sakit ini,negative
kualitas sudah menurun dibanding beberapa tahun lalu katanya tidak terima pasien pria dewasa tapi perawat di igd pagi ini laki laki semua dan tidak teliti pasien tidak dicek suhu dari rm yang bertugas di igd juga hanya,negative
mentang2 pakai bpjs di sini di permainkan dari hari jumat di suruh hari senin sudah hari senin datang jam 10 di suruh daftar jam 11 sudah dapat antrian jam 11 kurang antrian 121 di sana dokternya praktek jam 1 sudah jam 1 konfirmasi ke,positive
istri saya mengalami keluhan nyeri perut dan sedang mengandung dari igd di arahkan ke kamar bersalin dan harus usg kandungan saat itu dokter kandungan sudah pulang semua dan alhamdulillah dari eka yang sudah pulang balik lagi ke rs,positive
pengalaman pertama lahiran sc di bantu dari catherine sapa og sangat puas pelayanan ramah cepat dokter nya baik penjelasan jelas dan sangat membantu !melipat_tangan!!melipat_tangan!,positive
pelayanan klinik yang sangat bagus dokter dl nya yang ramah dan sabar banget menghadapai pasien tidak ada bedanya pasien umum atau bpjs sama sama bagus pelayanan nya,negative
terima kasih atas kesempatan yang diberikan dunia kepada kami untuk mengundang bapak ibu dalam seminar menjaga kesehatan ginjal yang dibawakan oleh dari imam dirgantara azrul dari acara ini saya mengetahui bahwa banyak sekali gangguan pada ginjal terutama,positive
staf nya sangat baik ramah dan perhatian demikian juga dokternya walaupun banyak yang masih relatif muda namun saya merasa diperlakukan sebagai pasien yang bukan cuma butuh perawatan fisik namun secara mental butuh motivasi dan merasa,positive
pelayannya menurut sayah mah bagus dah bagian informasi ada tapi mungkin sebaiknya ada yang jemput bola untuk menerangkan prosedur pemberkasan kapada para pasien dan pengantar !melipat_tangan_warna_kulit_cerah sedang! sehingga pasien atau pengunjung terbantu dengan masalah,positive
pelayanan dengan bpjs baik di ruangan venus 509 hanya lebih baik lagi jika jam besuk sore diadakan karena pasien psikologis akan senang jika ada keluarga yang membezuk,positive
birokrasi rs nya bertele² mahal dan terkesan mempelorotin pasien mentang² musim covid pasien sudah sembuh di tahan² pulang nya cari duit sih jangan begitulah kasihan dokter² obgyn yang bagus² disana suster nicu juga tidak ramah penyampaian,negative
dari awal graha kedoya buka sampai sekarang 2024 selalu berobat disini rs nya bagus bersih dokter nya juga hebat2 para suster nya baik baik sampai security nya juga sopan2 pkknya salah 1 rs terbaik menurut aku,positive
bertahun tahun kemudian dan stafnya masih yang paling lambat jika anda mengalami keadaan darurat silakan cari rumah sakit lain dalam kasus saya saya menanyakan ketersediaan kamar untuk pasien covid admin meminta saya menjawab serangkaian pertanyaan oke baiklah 2 telepon,positive
pelayanannya baik namun perlu diperhatikan ada perawat di igd kurang ramah jutek tapi selebihnya memuaskan,positive
rumah sakitnya bersih security ramah sekali penyambutannya baik sering mengadakan edukasi kesehatan secara gratis semoga konsisten membagikan ilmu kesehatan untuk awam jaya selalu!,positive
omongan perawatnya enggak sopan banget saya baru sadar dari kuret lansung di suruh turun dari ranjang dan posisi masih lemas banget!! pas saya jalan turun tiba tiba di bilangudahkan ya kuretnya? sudah sadar?terus bidan yang dampingin saya bilang iya ini baru banget sadar terus sih perawat bilang turun dong betah amat duduk di situ pas saya turun dan ke toilet di tuntun sama suami saya susternya bilang lagi lemes amat bu parah sih bukannya nanyain keadaan malah ngeremehin dan kemarin tanggal 2 juni suami saya sakit berobat kesana ke dokter umum enggak ada yang antri tapi menunggu lama banget dan bayarnya juga mahal banget tapi enggak ada perubahan demamnya enggak turun sama sekali!!! harga segitu akemahalan untuk periksa saja dan di kasih obat apalagi enggak nyembuhin sama sekali!!!rumah sakit terburuk yang pernah saya datangin!!,negative
perawat di rumah sakit ini sungguh tidak melayani pasien dengan baik selama ayah saya dirawat di rumah sakit perawatnya pun tidak mengelap ketika ayah saya pipis yang ada hanya informasi tentang mengganti popok sedangkan ayah saya terdapat luka di,positive
pelayanan nya bagus semua kryawan nya ramah dan menjaga sopan santun,negative
bangunan lebih modern lebih bersih lokasi juga lebih strategis daripada lokasi rs yang lama di lobi rs ada minimarket indomaret point soal pelayanan saya kurang paham karena kesini cuma sebentar nengokin teman yang sakit,negative
rs nya berisik banget ! suster lari2an bahkan teriak2 di luar kedengaran sampai kamar saya sekamar sama keluarga pasien yang berisik juga bknnya sembuh tipes saya malah nambah2 setiap malam enggak bisa tidur karena dari dalam sama luar ruangan berisik banget ! 3 hari disini,positive
dokter dan perawat nya sabar² pendaftaran yang cowok juga baik² tapi ada 1 pendaftaran yang perempuan judes banget saya dulu pernah di rawat di sini setelah dia tau saya pakai bpjs ketus nya meminta ampun hari ini saya control dan dia lihat saya pakai bpjs dia judes nada keras,positive
antrian lama banget enggak sesuai yang di jadwal hargay gila mahal banget usg konsultasi obat 1 juta,negative
jadwal praktek klinik obgyn jam 13 00 sampai jam 15 00 belum juga ada pasien yang ditanganin pelayannannya buruk sekali beda jauh dengan rs harkit jika ingin kontrol ke pelni pastikan yang antar itu libur kerja karena pasti memakan waktu seharian akibat jadwal yang tidak jelas,negative
tidak professional menunggu lebih dari 6 7 jam untuk asuransi di karenakan dokter tidak dapat di hubungi akhirnya memilih untuk bayar deposit ketika mau bayar deposit di infokan 10 15 menit lagi asuransi selesai dan ternyata tidak selesai,negative
saya operasi gigi bungsu di rs annisa sejak awal mendapat rujukan dari klinik sudah dipersulit pelayanan lambat dan tidak bisa memberi kejelasan pada pasien dimulai saat saya ke spesialis bedah mulut lalu disarankan periksa ke spesialis,negative
pengalaman melahirkan aku di rs budi kemuliaan dari anak pertama sampai anak kedua pertama karena dokter nya yang pro normal sempat anak pertama aku b nya 3 7kg tapi dari rifky waktu itu tetap usahain normal alhamdulillah bisa !wajah_tersenyum_dengan_mata_bahagia! anak k2 juga masih sama dari rifky tapi aku yakin sih dokter yang lain juga ok tergantung nyaman nya kita sama siapa kamar nya mulai dari igd kamar bersalin sampai kamar inap nya nyaman semua pasti nya bersih ya selama disini aku kamar vip untuk sekelas rs di tengah kota harga nya sangat amat terjangkau enggak sampai 2 digit ya untuk persalinan normal tapi sudah dapat kamar nya lega banget sofabed kulkas tv toilet yang lega semua perawat bidan sampai penjaga kebersihan dl juga ramah banget pokoknya nyaman selama perawatan disini enggak ada tuh cerita suster galak !wajah_tersenyum_lebar_dan_mata_tertutup! semoga kualitas rs budi kemuliaan jakarta terus dipertahankan ditingkatkan ya semoga gedung nya makin besar berkembang saran saja coba buat kantin nya lebih nyaman lagi buat pengunjung ya jadi enggak susah cari cari makanan kalo lagi rawat jalan,negative
capek banget dari bogor datang jam 6 30 pagi baru ketemu dokter jam 13 00 gapapa ikhlas,positive
penanganannya sangat baik perawatnya baik bersih ruangannya nyaman sangat memuaskan dokternya juga baik dalam selalu mengontrol pasien,positive
service was ok not sok bad and not good tho stil need a lot of improvement masalah antrean selalu lama di lab dan apotek padahal antrean pendaftaran sudah menggunakan jkn online,negative
terima kasih untuk suster dan dokter rsud tanah abang pelayanan terbaik untuk para pasien ruangan bersih higienis semoga kebaikan dokter dan suster dibalas oleh allah swt,positive
kalo ada nilai bintang nol saya klik ini rumah sakit paling parah sih dari segi pelayanan antrian bpjs layanan customer care suster dokternya semuanya jelek enggak habis fikir saya ada rs yang seburuk ini ditambah lagi kalo saya fikir2 sepertinya ini bukan fokus ke rs tapi praktek sekolah kedokteran jadi pasien disini bukan buat diobatin tapi dijadikan bahan study belajar untuk dokter2 yang pkl dokter aslinya cuma kasih arahannya saja jadi hati hati salah2 kita bisa jadi mal praktekkembali saya edit tambah ulasan saya 3 bulan lalu ibu saya sakit katanya kena inspeksi paru2 padahal ibu saya masih dalam keadaan sadar pas di igd cuma pas masuk ruang hcu kok tiba² 3 jam kemudian nadinya berhenti 1 jam kemudian nafas berhenti dokternya bukan dokter2 yang khusus tapi seperti dokter lagi belajar praktek masa seorang dokter mau pasang alat2 handle pasien saja masih tanya tanya ke dokter lain helo nyawa orang jangan jadi malpraktek woy!!! enggak berkah kalian jadi dokter! ibu saya sampai meninggal disitu saya masih belum terima,negative
ruang pasien luas gedung bersih dan nyaman parkir basement terbatas,positive
dokter nya ngaret parah enggak disiplin enggak ada pemberitahuan dari suster kemana2 nya,negative
pelayanan bagus kamar rapi bersih cattelya a 118,negative
proses ugd terburuk karena wabah covid19 semua pasien dengan riwayat demam harus menjalani ct scan toraks waktu tunggu lebih dari 6 jam dengan pasien ditempatkan di luar gedung bayangkan ketika anda sedang demam dan harus menunggu di luar pasien tidak diizinkan masuk ke dalam gedung,negative
rs andhika luar biasa banyak membantu masyarakat sekitar dan pelayanan nya ramah terimakasih rs andika,positive
jempol seratus buat bidan yuli dan bidan amel di bagian igd maternal !api! !api! untuk pelayanan penjelasan serta penanganannya top markotop detail dalam edukasi pasien !oke!!api!,positive
teman saya rawat inap disini jam 23 lebih justru yang kedengaran becanda panggil2 orang nursenya nurse nya buka pintu kencang banget enggak pakai salam enggak pakai ketuk posisi lagi tidur sampai bangunh karena kaget mengobrol sana sini volume,negative
selalu suka dengan pelayanan rsia ini dokter dan perawatnya ramah dan memberikan informasi yang sangat jelas sukses selalu untuk rsia grand family!hati_merah!,positive
tolong di benahi lagi dididik karyawany baik dari knowledge sampai etika sopan santun anak saya sesak karena mereka tidak bersih sedot air ketuban di bai dan istri saya merasa ada ganjelan di dalam rahim sudah di infokan tapi kata suster nya tidak mungkin kalo pun ada yang tertinggal enggak bersih pasti akan ada pendarahan tak berhenti biasa di tempat lain lahiran di bersih ini kok di cek seb kalo enggak bersih kan bahaya untuk kurek kembali kan perlu biaya dan resiko dididik lagi itu semua karyawannya knowledge nya enggak memadai mana mau kontrol susah banget sudah 2 minggu dokter selalu enggak ada di tempat memang dokter nya kemana sih nanti kalo deh lama mau kontrol bilangnya nanti sudah kelamaan pula kenapa enggak sesuai intruksi aduh ribet sama rumah sakit ini,positive
tanggal 5 3 24 tengah malam bawa anak lanang yang dari sore hari muntah muntah terus dan badannya panas agak ragu tadinya kesana tapi ingat komen tetangga yang beberapa waktu lalu dibawa kesana kira sesak dan collaps katanya pelayanan dan,positive
sangat tidak memuaskan sekali berobat disini sudah dokter ortho cuma satu2nya ngaret parah pula enggak jdwal pagi atau siang selalu ngareet!,positive
pelayanan sangat sangat lambat banget datang dari jam 11 siang selesai tengah malam padahal pasien tidak banyak pemberian informasi kurang jelas pelayanan ke pasien juga kurang apalagi pelayanan di igd,negative
ketika menjalani proses kemoterapi di ruang khusus saya didampingi oleh seorang perawat yang bertugas yang sangat sabar teliti dan bekerja secara profesional awalnya saya agak stres karena harus pindah rumah sakit untuk berobat tetapi pelayanan yang diberikan di siloam kebon jeruk benar benar luar biasa dan memberikan efek menenangkan,positive
i went tapi this hospital because itu was close tapi my place itu turned out tapi exceed my expectations the doctors nurses suster nova staffs are very helpful caring and the handling is very fast the doctor who treated me was dari william the explanations were detailed and my healing progres was fast,negative
perawatan di sini cepat dan tanggap melakukan tindakan terbaik kepada pasien,positive
kelas2 ibu hamil nya mantap pakai banget persiapan buat ibu dan ayah sebagai orang tua,positive
halo saya fachry kemarin tanggal 31 mei saya di bawa ke ugd karena demam tinggi pas turun dari go car satpamnya langsung buru buru ambil kursi roda dan langsung tanya sakit apa dl terus di,negative
pelayanannya sangat excellent mulai dari pendaftaran daftar online cek tensi antri dokter dokter antri obat semuanya sangat ramah dan membuat saya sangat terbantu walaupun dengan fakes bpjs saya mau sdr kita yang juga bisa merasakan pelayanan yang,positive
terimakasih banyak dok pelayanannya terbaik humoris sabar menghadapi anak kami sekali lagi terimakasih banyak dok semoga sehat selalu panjang umur rezekinya melimpah amin rabbal alamin !tangan_diangkat_dan_dirapatkan_bersama!,positive
pelayanan kamar operasinya keren sih saya di buat tidak takut dari pertama masuk ruangan yang super dingin langsung di ajak ngbrol di tanya lagu favorit dan di ajak ngbrol sama mas perawat yang namanya unik bang doclo dokter,negative
enggak ada plus nya sama sekali sih ini rumah sakit pengalaman pertama kesini ke poli obgyn sistem antrian enggak jelas datang jam 7 pokoknya selesai jam 11 30!wajah_gembira_berurai_air_mata! sudah lama banget enggak datang ke rs yang antriannya model kayak begini untuk dokter ulul so,negative
secara keseluruhan semuanya baik baik saja rumah sakit yang direkomendasikan !jempol_ke_atas!!jempol_ke_atas!!jempol_ke_atas!,positive
terima kasih buat rspi puri indan atas perawatan orang tua saya yang mengalami fraktur lumbal team suster lantai 6 merawat dengan sabar dan hormat serta penuh perhatian dari christian silas gbu dan terima kasih atas tindakan operasi yang sudah dilakukan dengan penuh hati nurani dan knowledge serta kesabaran yang saya hormati thanks again !melipat_tangan!!melipat_tangan!!melipat_tangan!,positive
untuk pelayanan pertama istri melahirkan di rs fmc pelayana nya baik dan ramah dan pembuatan bpjs bayinya pun dibantu dibuat kan di rs terimakasih semoga fmc lebih sukses lagi,positive
pengalaman melahirkan sc dengan dari pojianto sapa og dari ronggo sapa an dari laurenz spa alhamdulillah berjalan lancar tidak terasa sakit sama sekali 3 jam setelah sc saya sudah bisa langsung jalan sampai rumah pun tidak terasa sakit sama sekali dapat vip upgrade gratis terima kasih rs mayapada dan tim,positive
pelayanan untuk ibu hamil dari spog laki laki menurut saya sedikit menyebalkan saya ada keluhan nyeri di rusuk belakang tapi dokternya malah bilang sudah sering di pakai ya wajar sakit sudah tua bayangkan bunda2 kita lagi hamil bukan di kasih solusi penjelasan yang bagus atau paling enggak ya jangan begitu juga lah kalimatnya saya nya mah khawatir ada sakit bagian dalam yang kasar mata tanpa alat enggak bisa di cek bilangnya malah enak banget kayak begitu,negative
alhamdulillah rsud kisa ruang dialisis bagus banget pelayanan nya paramedis nya baik baik sangat ramah n welcome banget semoga para petugas perawat dokter n semua yang trgabung di dalam nya selalu mndapat,positive
sangat tidak bagus dan recomend!! mempermainkan nyawa seseorang hasil diagnosa yang entah tidak paham petugas igd disana belajar dari mana!! saya sarankan jangan pernah bawa berobat ksana apalagi untuk anak!,negative
sangat kecewa saya padahal saya benar benar sakit saya enggak masuk kerja meminta surat dokternya enggak dikasih harus sakit parah baru dikasih suratnya,negative
tempatnya bersih hadiahnya juga menarik saya sangat suka,positive
rumah sakit dengan pelayanan buruk 5 orang dikmpung saya yang melahirkan disitu dengan bpjs 4 orang bayinya meninggl semua dan yang 1 lagi kemarin ibunya meninggal setelah lahiran dirujuk dan diperiksa hasil jaitannya jorok dan masih,negative
service igd nya payah banget suster cowok yang jaganya cuma mengobrol doang super bad service,negative
pelayanan cepat settlement asuransi enggak lama poli cukup lengkap,negative
dokter destiana nur fithri selalu enggak tepat waktu! pasti selalu telat kalau jam praktik pukul 10 datang nya jam 11,negative
saya lanjutkan 4 buruknya pelayanan kamar se kelas vvip ketika tiba di kamar kami tidak ber,negative
sudah beberapa kali ke sini family juga ke sini karena gedung bersih nyaman akhirnya kita sering kecewa dokter² nya sepertinya semua buru2 banget dan enggak niat begitulah cuma buang2 duit konsultasi dokter2 nya enggak ada yang beres ke ortbopedic ke klinik internal sama juga kita merasa kok dokter nya begini semua konsultasi belum lima menit ngasal mengomong doang enggak periksa apa² nanya² doang eh tunggu kitanya keluar sendiri diem2 doang enggak sebagus rs lain selain gedungnya asal pilih muka muka chinese biar lebih kelihatan profesional saya chinese pun sudah malas ke sini payah enggak sesuai ekspektasi,positive
pelayanan lambat rawat inap suster hilang hilangan terus penunggu pasien mau mandi saja tidak bisa tidak ada air dokter dan suster kurang tanggung jawab loket pendaftaran kurang ramah antriannya tidak jelas ruang antrian poli anak tidak,negative
dan,positive
faskes milik pemprov dki yang potensial karena letaknya yang strategis dipusat kegiatan warga layanannya juga cukup lengkap dengan harga yang terjangkau semangat terus memperbaiki dan meningkatkan layanannya agar kedepannya bisa berkembang lebih baik !jempol_ke_atas!,positive
sebulan lalu anak di rawat di sini anak saya segar dan enggak ada demam hanya batuk agak lama sekitar 1 bulan di faskes 1 dcek lab leukosit tinggi di rujuk lah ke rs ini sama dokter anak di rs ini,negative
1 semua suster nya sangat helpful diruangan bromelia 2 suster nya semua ramah tidak jutek 3 saya dapat kelas 3 tapi pelayanan tetap best,negative
banyak diskon buat konsultasi di sini terima kasih rsia grand family atas pelayanannya yang memuaskan !jempol_ke_atas!!jempol_ke_atas!!jempol_ke_atas!,positive
ruang kebidanan lantai 5 untuk dokternya baik ramah pelayanannya job !jempol_ke_atas!!jempol_ke_atas!!jempol_ke_atas!!jempol_ke_atas!,positive
saya punya pengalaman pahit di tempat ini sebelumnya ibu saya sering kontrol di rs ini karena penyakit diabetes sering beliau kontrol sebulan bisa 2x suatu ketika ibu saya di rawat karena ingin menjalani operasi pengangkatan ada,negative
terima kasih kepada rs graha permata ibu di ruang cendana 320 bersama kak endang kak nabila dan kak nadia yang telah membantu ayahku merawat dan merawat ayahku hingga kondisinya membaik alhamdulillah,positive
pelayanana sudah sangat baik fasililitas di rumah sakitnya juga nyaman,positive
pengalaman kontrol kandungan dan sesar di sini pelayanannya ok dokter bidan dan perawat ramah2 dan memberikan penjelasan terkait kondisi medis dengan jelas hihi terimakasih untuk dokter iskandar spog yang sudah membantu persalinan saya dan untuk bidan nadia yang sangat informatif dan membantu sekali dalam persalinan ku yang pertama ini,positive
rs ini kurang parkiran nya saja untuk pelayanan sudah bagus dokter nya cepat penanganan nya,negative
supeeeeeeer 3,positive
ada beberapa dokter yang baik perawatnya ramah apoteknya juga bagus tapi sangat sangat sulit untuk menghubungi rumah sakit lewat telepon mungkin tidak ada petugas khusus yang ditugaskan untuk menerima telepon dari luar ??? butuh waktu 30 menit untuk menerima telepon saya,positive
saya pikir review buruk di medsos ini tidak benar setelah membuktikan sendiri ternyata memang buruk pelayanan dirumah sakit harapan sehati ini pantas tidak bisa maju dan berkembang seperti rumah sakit lainnya,negative
parkiran agak kurang luas untuk kendaraan mobil pelayanan cepat dokter ramah suster nya ramah,negative
rumah sakit paling tidak bagus dari segi pelayanan attidutte kasir dan pendaftarannya tidak baik sangat judes dokter dan perawat nya tidak baik dan prefesional dalam kerja ini yang terakhir tidak mau lagi ke rs ini !!! buat kalian,positive
rumah sakit minim empati yang dirawat anak usia 4 bulan yang jaga cuma boleh 1 padahal sudah dikelas 1 memang dipikir semua orang rumahnya dekat dari rumah sakit lalu jaga anak sakit sendiri itu rasanya berat mau kemana2 susah mau ninggal pipis,positive
seru banget lahir an disini pertama kali kesini pelayanan nya bagus bidan nya ramah dan baik,positive
pelayanan jellek padahal saya pilih yang umum bukan bpjs susternya judes2 karena pelayanan kacau saya meminta pindah rumah sakit,negative
bcg d,positive
saya sampai di rsud tanah abang pukul 09 00 wib untuk vaksin influenza dari mulai antre administrasi sampai vaksin selesai tidak sampai 30 menit pukul 09 25 wib saya sudah bisa pulang,negative
hari jumat tanggal 05 04 malam jam 20 30 mohon untuk security yang jaga di pintu masuk igd kurang sopan istri saya memang tidak tau jalan masuk ke dalam rs malah sok bentak jangan sok pak,negative
ini rumah sakit paling buruk yang pernah saya coba mulai dari pelayanan nya perawatan nya dan makanannya semuanya buruk untuk para perawat nya enggak punya sopan santun semuanya jutek enggak ada senyum²nya,negative
not recomended mau periksa istri karena enggak bisa pipis langsung daftar dan meminta ke ugd maksudnya supaya cepat penangannya sesampainya di ugd bukannya mendapatkan,positive
suster dan dokternya ramah2 pelayanannya sangat baik kamar inapnya bersih dan nyaman,positive
registrasi verifikasi kasir proses alangkah rumitnya ditambah panggilan suara speaker bersahut sahutan tumpang tindih membuat makin runyam semrawut overal tidak efektif dan gesit prosesnya banyak counter yang harus dihadapi dan lama nian prosesnya,negative
saya berobat ke sini secara mandiri dari inhealth meminta rujukan dari klinik waktu itu dokternya cuma ada jadwal di hari rabu padahal saya datang hari selasa saya reservasi dulu untuk hari berikutnya waktu saya datang,negative
rumah sakitnya keren banget!! ambiencenya myaman dan enggak bikin tegang sama sekali dokter suster sama staf lainnya semuanya ramah ramah,negative
pelayanan bagus dokter okeh kamar ok anak dirawat seminggu ful bpjs dengan surat rujukan dari faskes1,negative
awal dapat rujukan op memilih di sini karena terdekat dari rumah buat pelayanan poli oke lah fast respons dokter pun ramah after ttd informed consen ro thorax cek lab langsung di jadwalkan op pada tanggal 20 agustus 2022 oke op lah pada,negative
habis tindakan impaksi gigi bungsu tunggu obat sudah 4 jam enggak selesai2 sementara efek obat bius sudah habis obat enggak kelar2 kacau dari rame sampai sepi lagi masih belum kelar kelar,negative
melayani dengan penuh kasih dan kesabaran didukung oleh para pelayan medis dan dokter yang berpengalaman di bidangnya dengan dedikasi tinggi,positive
kalau akreditasi paripurna memang setara dengan layanan yang diberikan,negative
baru kali ini di rs kasih suci dapat pelayanan tidak ramah saat pendaftaran bpjs saya tanya nomer saya kelewat 3 antrian bagaimana bu kata petugas pelayanannya dengan jawaban jutek sambil muka kesel nanti nanti itu deh kelewat jauh padahal,negative
rumah sakit terbaik untuk keluargaku sejauh ini,positive
rumah sakit pelayanan bagus dokter the best semua dari periksa hamil sama dari rizal lahiran sc dengan nyeri yang sedikit dari anak aulia sampai berobat ke poli gigi sama dari eryta berobat anak sama dari huda paksu ke poli penyakit dalam dari nazly semua ok sampai ke staf²a good etitude,negative
case closed pihak rs responsif semoga makin baik kedepannya baik sdm maupun pelayanannya,positive
terima kasih tak terhingga buat semua dokter dokter jaga suster perawat ob catering selama seminggu anak saya dirawat di sini untuk dari conny dari dianto sr lilis semua perawat di lantai 5 yang gercep luar,positive
rs ini memang the best sih pelayanan yang cukup baik dokter ob suster baikbaik semua ramah cuma ada sus yang jutek!wajah_tersenyum_lebar_dan_berkeringat! mines penjaga nya enggak bisa berdua dikamar and kamar mandi bau pesing!wajah_tersenyum_dengan_air_mata!,positive
amazing keep itu up pelayanan rs pelni mulai dari turun dari mobil online satpam gedung heritage,negative
terimakasi bidan untuk senam hari ini banyak ilmu yang saya dapatkan untuk proses persalinan!wajah_tersenyum_lebar_bermata_hati!,negative
terimakasih kepada rs sari asih cipondoh yang telah membatu dan memberikan pelayanan yang terbaik saat melakukan persalinan normal dokter bidan perawatnyapun sangat ramah ruangannnyapun bersih dan nyaman,positive
pelayanan di kamar flamboyan sangat ramah dan baik terimakasih banyak atas bantuannya,positive
dari registrasi sampai minum obat prosesnya sangat mudah cepat semua staf dokter sangat membantu komunikatif terima kasih !melipat_tangan!,positive
tempat bersih lumayan luas parkiran untuk mobil dan motor tidak terlalu luas hari ini coba periksa usg sayang sekali proses usg terlalu cepat dokternya juga menjelaskannya terburu buru nama dokternya dokter enriko saya tidak bisa,negative
petugas sangat raman ramah waktu tunggu tidak terlalu lama tindakannya juga telaten best pokoknya,negative
alhamdulillah sekarang sudah bisa pulang dari rs annisa ruangan marwah pelayanan nya bagus banget suster nya baik baik semua pokok nya terima kasih untuk suster2 cantik semoga allah yang membalas kebaikan kalian semua amin,positive
antrian ambil obat yang sangat lama orang tua saya berobat kemarin habis isya selesai mau ambil obat dari jam set10 sampai sekarang belum juga pelayanan yang sangat lama sekali,negative
pelayanan igd yang sangat buruk n itu yang saya alami di tanggal 26 mei 2021 sekitar jam 10 30 wib tolong etitut perawat yang bekerja di hari tersebut di bina lagi karena itu akan merusak citra rs tersebut,negative
pasien danny di safha kamar 2 kamar 9,positive
baru keluar nih dari rs primaya masyaallah pelayanannya baik ramah cekatan benar benar di service dengan baik dan bersih rumah sakitnya nyaman juga semoga tetap konsisten dengan pelayanan terbaiknya ya !jempol_ke_atas!,positive
tl dari antrean digital hampir tidak ada gunanya karena pasien dapat memotong antrean karena alasan apa pun jadi anda dapat duduk berjam jam dengan aplikasi yang menunjukkan bahwa anda adalah pasien berikutnya sementara 3 hingga 4 pasien menyerobot antrean di depan anda,negative
benar benar lama bangeeet berobat di poli kandungan saya yang daftar duluan di banding kan sebelah saya yang belakang tapi malah sebelah saya yang di panggil duluan dan saya pun di panggil benar benar terakhir padahal saya lebih duluan dari pada yang lainnya loh apakah ada perbedaan pasien atau bpjs nya?????,negative
saya sakit lutut kanan sebelumnya disarankan operasi saat berobat di tempat lain puji tuhan berobat di poli penyakit dalam dari guntur disarankan injeksi saja,negative
tolong dirubah sikap tukang parkir motornya tidak ramah cara menegurnya sombong sekali,negative
saya suka soto kudus ayam bakar somai gado gado mie kankung yang !wajah_menikmati! enak dan harganya bersahabat saya tidak perlu pergi ke luar rumah sakit untuk makan siang atau minum minum saya sangat menyukainya,negative
aku benci orang yang suka berkonsultasi dan tidak bertanggung jawab,negative
terlihat kebanyakan dokter sangat muda di bagian ugd rs ini apakah anak magang? saya saat mengambil darah sampai 4x tidak bisa hingga pas ke 5 baru bisa tangan saya pada bengkak semua!wajah_tersenyum_dengan_air_mata!,negative
rumah sakit yang aman dan bersih,positive
pelayanan jelek resepsionis galak banget enggak ada informasi jelas dokter juga tidak bersahabat,negative
pelayanan nya sangat bagus tidak membeda bedakan pasien staf bidan bidan nya sangat ramah,negative
rsudkisa lantai 8 insyaallah sudah cukup bagus dari tempat kebersihan dan pelayanan barrakallah maju terus untuk rsudkisa,positive
antrian di dokter umum sangat lama padahal cuma beberapa saja bener² lama banget kalo bisa di umum tambahkan lagi dokter nya,negative
pelayanan oke semua nya oke bintang yang bicara!wajah_tersenyum_lebar_bermata_hati!,negative
pelayanan baik suster cendana ramah pasien merasa nyaman terima kasih suster asri yesshi victor endang amira kris pentya,positive
kebersihan luar dan dalam rsud cengkareng jauh lebih baik dari yang sebelumnya pelayanan suster dokter terhadap pasien sangat baik terus ditingkatkan lagi agar rsud cengkareng jadi yang terbaik bagi masyarakat,positive
rumah sakitnya modern bersih bagus dan nyaman fasilitas dan alatnya lengkap tapi memang kunjungan masih dibatasi,positive
penjelasan yang sangat bagus tentang masalah cedera oleh dokter alfin dan dokter petra jawabannya jelas,negative
kartu berobat saya dipoli dalam hilang sama perawatnya yang tidak pakai jilbab enggak mau tanggung jawab sama berkas pasien saya enggak debat cuma meminta diperhatikan saja kalau sedang pelayanan jangan terlalu terburu buru grasak grusuk selebihnya pelayanan sudah ok,negative
alhamdulillahirobbilaalamiin lantai anggrek lantai 17 terima kasih kepada semua perawatnya 2 minggu saya dirawat saya diperlakukan dengan sabar dan sayang mis you barokah semuanya ya dokter2nya juga baik spesial thx tapi dari riky bdr itu bagus dan semua yang ada di ruang operasi rumah sakit tarakan syukron jazaakalllahbkhairan,positive
dokter spesialis lengkap rumah sakitnya bersih dan pendaftaran nya sudah bisa via online untuk mempermudah kita !wajah_tersenyum_dengan_3_hati!,positive
apa ada no wa yang bisa dihubungi selain no kantor bagaimana cara keluarga pasien kirim paket perlengkapan pasien dan bagaimana alamat ya serta no yang bisa di hubungi mohon info ya terimakasih,positive
mohon maaf saya kecewa dengan rs ini sudah dokternya datang telat nuggu dari jam 1 jam 3 bagi dtang yang aneh nya lagi dapat no antrian no 1 yang di panggil dluan pasien pribadi memg begitu ya sistem nya kalau pasien pribadi selalu di no 1 kan aneh saja baru tau saya,negative
rs nya sat set sat set menunggu kalau rame kalau enggak rame langsung tanpa babibu kalau rs lain pernah enggak ada pasien kosong tapi lama banget nunggunya entah itu admin apa farmasi kalau disini bisa dikira kira saja 1 orang 1 menit atau lebih cepat,negative
pengalaman yang buruk di primaya depok saya datang pagi pagi untuk ke dokter gizi dan booking dari alodokter dan sudah bayar di aplikasi tapi ternyata dokternya cuti dan sistem di alodok enggak di update sama rs jadi orang masih bisa daftar,negative
ini pertama kalinya saya berobat ke rumah sakit ini saat kondisi ekonomi saya sedang kritis di tengah masalah keluarga walaupun agak kaget juga dengan total biaya akhirnya menurut saya mungkin ini masih,negative
ini rumah sakit asli keren banget sih terutama buat dokter tht nya saya recommended banget dari manuel mayer asli keren banget dia sabar banget nanganin khasus anak saya kemarin dan dokter bedahnya saya recommended dokter melvin asisten dokternya banyak,positive
hasil test antigen nya enggak bisa masuk peduli lindungi jadi test lagi di tempat lain yang bisa masuk pedulilindungi,negative
asli parah banget menunggu dokter jadwalnya jam 14 00 datang daftar dari jam 12 30 sampai sekarang belum datang dokternya enggak sesuai schedulle enggak on time sudah sabar dari awal rujukan kemari dokter selalu ngaret alias enggak on time buang2,positive
pelayanan tidak ramah enggak ada spo senyum kah? muka nya kayak menahan bab semua,negative
enggak lagi deh berobat di sini dokter super duper lama banget 5 jam lebih menunggu cuma buat di periksa pakai stetoskop doang gua bertanya bertanya jawaban nya ketus banget kayak enggak niat jadi dokter suster suster nya juga enggak pada ramah pada ketus semua buat kalian yang mau rawat inap di sini pikir pikir dulu karena di sini pelayanan nya lama banget,negative
pelayanan yang lama! datang dari jam 8 disuruh menunggu dokter jam 11 sampai jam 1 tuh dokter masih dimana tau tolong lah sesuai jam nya ini ngaret banget !,negative
i recently spent two days at pik hospital and i must sayang the care i received was exceptional from the moment i arrived the staf were incredibly professional compassionate and attentive tapi my needs the doctors and nurses were thorough,positive
pengalaman berobat yang sangat berburuk disini pertama tidak ada arahan kedua adm yang kesannya mempersulit pendaftaran,negative
ruang rawat inap nya bersih dan wangi serta dokter dan perawatnya juga cepat tanggap bintang lima untuk rumah sakit sumber waras,positive
sekilas pelayanan ke orang tua pasien bagus sayangnya ternyata keadaan didalam parah ya anak saya makin trauma sampai sekarang karena kekerasan yang dilakukan oleh petugas kebersihan bernama muklis dia lakukan juga ke pasien2 lain dibagian anak anak banget juga dengan dokter yang entah namanya siapa dibagian poli anak penanganan mereka seperti preman ke anak anak kasar skl,negative
sangat kecewa dengan pelayanan rsnya ayah saya berobat 3 kali di sini dalam kurun waktu 4 bulan diagnosis awal asam lambung keluhan perut sakit badan panas mual berobat pertama oke kita masih percaya tapi ayah saya tak kunjung,negative
pertama nyaman masuk untuk berobat dan pelayanannya ramah,positive
lahiran enak di rs bunda dengan dari hutia pelanayan nya baik banget terus sama dokter henrry juga baik pelayanan nya pengobatan tiroid jadi lancar,positive
masih selalu puas kesini dan kesini lagi mulai dari anak anak yang nyaman sampai akupun sangat nyaman paling the best pokoknya,positive
saudara saya dirawat di lantai 8 ruangannya baik bersih pelayanan perawat sangat baik dan sudah diberikan penjelasan untuk kontrol pertahankan pelayanannya,positive
waktu itu yang dirawat anak saya dokternya ramah banget mau menjawab semua pertanyaan staf dan perawatnya juga ramah2 kamar nyaman waktu pulang masih dibekali souvenir !wajah_memberikan_ciuman_jauh!,negative
pelayanan sangat baik dibantu oleh dari yulia dan pradita serta tenaga medis lainnya termasuk apoteker,positive
pelayanan jelek ada dokter didepan mata cuma main hp laptop payah mentang2 pakai bpjs hello bpjs juga bayar tiap bulan,negative
pertama kali kesini kaget karena pelayanannya sangat cepat dan sigap seluruh staf dan karyawan termasuk sluruh suster dan dokter benar benar sangat ramah dan informatif proses dari pendaftaran ke tindakan juga sangat cepat alhamdulillah,positive
top banget pelayanan di igdnya staffnya gercep banget ramah banget lagi,negative
sumpah saya dengar cerita ibu saya sewaktu di rawat di ruang icu perawatnya enggak becus masang jarum infusan saja ngasal menusuk nya salah sampai kena tulang ibu saya sampai jerit kesakitan dan yang lebih saya gaterima dan sakit hati ibu saya di bilang odgj sama perawatnya ya namanya orang sakit ngerintih kesakitan ya hal yang wajar dong,negative
pelayanan perawat dan cleaning bagus tapi fasilitas kurang dari remot ac dan remot tv tidak ada jadi tidak bisa dimatikan tv atau chanel tv serta suhu ac dan karyawan parkir tolong didik lagi cara,negative
hanya tau unit rawat jalannya saja yang secara keseluruhan oke hanya saja menunggu dokternya lama karena pasiennya banyak sekali sehingga terasa banyak membuang waktu,negative
pelayanan farmasinya sangatlah lama hampir 4 jam menunggu antrian obat tolong sistem pelayanan farmasi ditingkatkan lagi supaya para pasien yang mengantar tidak berjamur menunggu antrian obat,negative
the best service ever! baru kali ini menemukan rumah sakit dengan pelayanan prima semenjak di rujuk memang enggak salah pilih rumah sakit rujukannya !wajah_tersenyum_lebar_bermata_hati! i love itu!!!!wajah_tersenyum_dengan_3_hati!,negative
petugas laboratoriumnya ramah dan sangat informatif terima kasih sari asih cipondoh,positive
aku bodoh bro aku terlambat di tanganmu padahal aku sudah dibawa ke rumah sakit 2 hari yang lalu aku baru dapat kamar tadi siang waktu aku ke kamar abangku dia meninggal dunia,negative
jadwal dokternya tidak sesuai sudah membuat kecewa pasien yang datang jauh jauh tapi ternyata dokternya close mulai nya tidak sesuai waktu yang ada,negative
lambat pelayanan ya untuk ambil hasil radiology harus tunggu 2jam,negative
jika anda memiliki masalah dengan gigi selalu cari dokter johanes aliwarga lu membantu menyelesaikannya telaten tanpa rasa sakit sehingga mereka yang sakit dapat merasa rileks saat ditangani olehnya,negative
best fast respons suster dan perawat ful senyum ramah makanan enak administrasi no ribet helpful,positive
bagus pelayanannya cepat tanggap waktu istri sakit cepat banget dalam menangani pasien ingat banget di rawat inap gedung b,negative
20 05 17 kecewa karena kurang professional kinerja kerja bagian pendaftaran 11 00wib ketika saya mendaftar untuk rawat jalan melalui telpon diinfokan bahwa dokternya sudah pasti datang untuk praktek kemudian saya mendapatkan nomor,negative
daftar jam 3 dijadwal mulai jam 4 dokternya baru datang jam 5 benar benar kecewa anak saya menangis pas mengantri itu bagaimana enggak kesel tolong management rumah sakit diperhatikan kedisiplinanya saya no bpjs alias bayar apalagi kalo pakai bpjs,negative
pertama kali kesini ngejar dokter citra kesayangan jauh2 dari bekasi kayaknya setelah mencoba beberapa siloam di bekasi siloam tb simatupang ini punya nuansa yang beda hihi pelayanannya dari pendaftaran jadi lebih mudah banget benaran,positive
pengalaman setiap orang berbeda pertama periksa ke sini alhamdulillah di sambut ramah oleh securyti dan para perawat semuanya pada ramah pelayanan memuaskan bangunan bngus rapi bersih dan nyaman periksa ke sini karena dapat rujukan dari,positive
selama istri saya berobat di sini pelayanan security dari igd sampai di lantai sangat baik sekali cekatan semoga dipertahankan selalu,positive
pelayanan ruang anak dokter ramah dan baik banget tenaga medis juga ramah dan baik masyaallah,positive
suster dan pegawai ramah dari diah ekawati sapa sama lambat sekali datang tolong hargai waktu pasien atau klien anda sesuai dengan apa yang anda sumpahkan sebagai dokter,negative
rs dekat sama rumah rs langganan keluarga disini lahiran disini berobat kontrol disini semua walau banyak rs sekitar cibinong tetap pilihan utama nya disini dan maunya disini tok karena pelayanan nya baik dokter perawat bagian,positive
kita sudah bayar mahal alesan nya kis mati jadi harus bayar umum baru masuk sudah tidak boleh pakai bpjs padahal baru mau urus kita dirawat 6 hari habis 8 juta sudah begitu mau pulang di undur alesan nya menunggu dokter yang satu lah ini lah pulang kita sakit flek paru malah enggak di kasih obat paru meminta obat paru masih menunggu kontrol ketemu dokter nya rumah sakit macam apa? ini buat pengalaman sih terima kasih maafkomenk,negative
dokternya ramah,positive
pelayanan kebersihan oke banget pengalaman dirawat di ruangan topaz ruangan 234 bed1 makanannya juga enak !warna_kulit_cerah!,negative
dari bayi sampai sekarang anak berobat pasti disini dokternya baik kasih obat yang diperlukan saja makanya enggak mau berobat ketempat lain kalo enggak terpaksa lagi diluar kota misalnya,positive
pelayaran perawat nya judes masa enggak bisa dicover pakai bpjs suruh bayar padahal seharusnya bisa orang baru cek tensi 130 125 saja dianggap enggak emergency padahal belum cek lainnya kecewa,negative
pelayanan unit hemodialisanya bagus perawat nya baik baik dan penyayang walaupun kadang galak tapi itu untuk kebaikan pasien nya kalo yang bandel ya mudah mudahan nanti kalau sudah pindah ruangan baru semoga bisa disesuaikan untuk penempatan ac nya dan kalau bisa kamar mandinya khusus untuk pasien hd terimakasih rs permata depok untuk pelayanan terbaiknya selama ini !hati_putih!,positive
pelayanan nya sangat lama jika ada yang ingin dirawat disini pikir pikir dulu pengalaman waktu mau dirawat disini menunggu kamarnya lama banget pas sudah dapat kamar bukan nya langsung masuk malah disuruh menunggu di igd 3 jam lebih,negative
pengalaman pertama berobat ke rsud dengan bpjs dari awal sudah menurunkan ekspektasi dan mencoba menguatkan diri untuk tidak mudah bawa perasaan biar nanti kalau bakalan dapat pelayanan buruk jadi enggak terlalu menyesak dan sakit hati,negative
bangunannya kumuh dokternya sombong waktu tunggunya lama manajemen memonetisasi setiap prosedur bahkan menjatuhkan jarum pun dikenakan biaya,negative
terima kasih dari vinci sudah sabar dan teliti periksa anak saya sekarang anak saya sudah sehat gemuk dan tambah lincah staff2 rs brawijaya juga ramah dengan kami,positive
semua bagian resepsionis untuk check ini dan check out semuanya sangat ramah perawat dokter juga sangat informatif,positive
pelayanan buruk dengan koordinasi internal yang buruk !jempol_ke_bawah!!jempol_ke_bawah! inilah mengapa mereka mendapat 3 7 bintang anda pantas mendapatkan ini,negative
dokter anaknya banyak pilihan rs nya bersih suster nya juga ramah,negative
satpam bahasanya kurang ramah bisa bilang dengan nyuruh turun bukan bilang entar gue lagi ngusir anak kecil dulu satpam laganya sudah kayak yang punya rumah sakit pribadi untuk pelayanan satpam kurang bagus kasar bahasanya coba kalo ke orang kayak sok jadi jongos,negative
pelayanannya baik dan sangat bermanfaat bagi halayak umum,positive
maaf mau tanya di sini bisa lahiran caesar enggak??? kalo tidak bisa adakah rujukan untuk rs pengguna kis?,negative
pelayanan baik kamar mandi bersih perawat dokter staf dan security ramah dari igd ruang icu dan ruang perawatan pelayanannya bagus sekali keren,positive
!bintang_medium_putih! 5 untuk semua layanan mulai dari pendaftaran igd klinik ginekologi ruang ok dan ruang vip arafah kecuali ruang pembantu karena salah satu perawat sangat kasar dan kurang informatif lupa namanya,positive
pelayanan di igd sangat lambat sekali !!! antri mau masuk igd sampai 6 jam ! pelayanan nya parah banget !!!!,negative
pelayanan nya lama kalo yang dirujuk kesitu jangan mau pelayan nya buruk kalo mau ketoilet bukan nya dituntun malah dijorokin sampai jatuh saya pernah ngalamin,negative
dukungan cepat staf sangat ramah dan menyambut saya mengucapkan terima kasih kepada dari hildawati atas kesabaran dan nasehatnya,positive
saya datang ke sini untuk konsultasi kehamilan dari anak pertama sampai anak kedua selalu sama dengan dari hendrik sutopo dokternya responsif kalau dihubungi tidak membalas lama dan selalu menjelaskan semuanya secara detail,negative
dirawat di hermina podomoro sejak 15 20 desember 2023 bisa saya bilang saya mendapatkan perawatan medis pelayanan serta fasilitias terbaik dari dokter perawat dan manajemen rs hermina podomoro saya sangat mengapresiasi bagaimana,positive
perawat poliklinik melati ramah dan baik loket poliklinik melati juga ramah satpam juga ramah dan membantu pendaftaran,positive
pelayanan kurang bagus! kemungkian tenaga perawat kurang padahal di hcu! ada dokter datang 2x hanya melihat status dikertas langsung keluar lagi tanpa bicara atau cek fisik pasien,negative
pelayanan kasirnya lelet bangeet enggak jelas mengapai padahal kasir sama antri obat dipisah terlalu santuy lihat pegawainya,negative
alhamdulillah pelayanannya sangat baik!wajah_tersenyum_dengan_3_hati!!wajah_memberikan_ciuman_jauh!masya allah khususnya buat bidan ririn apris masya allah dari awal pendaftaran sampai proses persalinan beliau luar biasa sabar melayani,positive
tempat bersih nyaman adem dokternya ramah banget pelayanan poliklinik jasmine worth itu banget !wajah_tersenyum_lebar_bermata_hati!,negative
suster nya ramah tempat nya bersih dokter rs melia ramah baik securitinya suka membantu fasilitas nya lengkap,negative
pada tanggal 2 januari 2022 saya mengalami keracunan makanan dan memutuskan untuk memeriksakannya di rumah sakit ini rumah sakit yang saya sesali karena datang ke sana saya berada di ruang gawat darurat dan tidak lama kemudian saya diberitahu bahwa saya harus dirawat di rumah sakit karena saya menderita bakteri,negative
rumah sakit royal taruma memberikan pelayanan yang sangat ramah serta tanggap dalam pelayanan keperawatan,negative
penanganan yang sangat baik dsa dari herwanto sangat ramah cekatan dan dalam menjelaskan sangat detail tidak terburu buru dibantu juga dengan suster yang super ramah dan cepat tanggap membantu pasien untuk makanan juga dibantu ahli gizi supaya makanan untuk pasien tepat ruangan nya juga bersih dan sangat nyaman untuk pasien maju terus rs mitra keluarga kalideres tetap pertahankan !jempol_ke_atas!!jempol_ke_atas!!jempol_ke_atas!!jempol_ke_atas!!jempol_ke_atas!,positive
dari suwito sangat sabar dan mau mendengarkan keluhan pasiennya ia tidak suka menyarankan pemeriksaan mahal yang tidak perlu,negative
buruk!!!terkait persoalan deal2an harga dokter antara rs dan pihak asuransi allianz yang,negative
sebagai pengguna bpjs kami selalu mendapatkan pelayanan prima tanpa dibedakan itu sebabnya kami selalu memilih rs andhika,negative
pengalaman dirawat di rumah sakit disini sangat tidak mengenakkan berisik perawatnya mengomong keras tidak kenal waktu keluar masuk kamar semaunya keluar kamar tirai tidak ditutup rapat dan sering kali kamar,negative
pelayanannya bagus mod nya sangat bagus dan ramah,positive
rumah sakitnya bersih pelayanannya tepat dan cepat semoga anak saya cepat ditangani dan tidak perlu menunggu lebih lama lagi,negative
pelayanan memuaskan cepat dokter dan perawat ramah fasilitas luar biasa dan petugas keamanan yang selalu memberi tahu informasi yang kami cari!jempol_ke_atas!,positive
staf dan dokternya sangat membantu dan ramah,positive
pelayanan disini sangat baik dan ramah makanan rumah sakitnya enak2 dan segar tingkatkan dan pertahankan kualitas ya terimakasih!jempol_ke_atas!,positive
ibu saya dirawat di ruang cempaka pelayanannya terbaik padahal pakai bpjs,positive
tempat bersih rapi terang pelayanan jelas dan baik dokter suster staf juga ramah pelayanan tingkatkan terus,positive
terima kasih sudah melayani saya dengan baik pelayanannya sangat baik ramah dan cepat walaupun saya pasien bpjs pelayanannya tidak berkurang terima kasih rs ukrida,positive
pelayanan enggak bagus rawat inap bberpa suster kayak bagaimana ya sombong diam songong pas kita mau pulng juga enggak ada suster urus serah terima obat sudah pas mau klr kejar kita bilang gelang enggak lepas situ dokter lepas infus enggak langsung buka,negative
the staf is friendly specially nia the admin staf who is helpful for photocopy as wel as nurse lia who is quick tapi serve patients at the eye clinic i sama impressed and happy with dari tri spm opthalmologist! his friendly approach,positive
pelayanan disini sangat baik apalagi suster nya di kliniik ivf jakarta sangat peduli dengan pasien nya kapan pun di wa,positive
pelayanan administrasinya lambat sepertinya staf staf nya masih baru belajar tidak berpengalaman saat melakukan pemeriksaan radiologi terlihat kekeliruan yang cukup significant seperti pencantuman nama pasien yang tidak sesuai hasil radiologi yang keliru alasan kesalahan ketik pada hasil radiologi dinyatakan ada pendarahan intracranial saat kita tanyakan dan kebagian terkait ternyata mereka mengakui ada kesalahan ketik hasil pemeriksaan ct scan tidak mereka print dengan alasan tidak mempunyai mesin pencetak hasil ct scan kesalahan ketik yang membuat kami sekeluarga panik saran saya seharusnya seluruh tenaga admin atau juru ketik lebih berhati hati teliti sebelum memberikan hasil resume pemeriksaan,negative
saya baru saja dirawat disini untuk pelayanan igd dari dokter sampai perawat baik sekali dokter yang merawat saya dari handry pangestu dan perawat dikamar sangat mempunya postive vibes jadi kita yang lagi sakit merasa happy ketika di urus,positive
pengalaman pertama dan terakhir masuk rs ini saya hamil 4bulan kena dbd di gabungin satu kamar sama nenek nenek yang ful batuk infus bocor lama banget pelayanannya suster2nya juga pada judes ke pasien,negative
saya kontrol kandungan dengan dokter bambang waktu kelahiran maju dari waktu yang telah ditentukan alhamdulillah bayi lagir sehat semoga bisa ditingkatkan lagi untum pelayanannya bidan di kamar bersalin ramah ramah,negative
tapi the point saja ya! untuk dokter keswari tolong datang tepat waktu sesuai jadwal! banyak bayi mau kontrol harus menunggu anda sudah 3 jam belum datang! dimana tanggung jawab anda!!!,negative
pelayanan yang sangat ramah sukses dan jaya selalu rsud tamansari,negative
sudah 9 tahun selalu kesini baru kali ini kecewa banget sama rumah sakit ini rumah sakit paling mahal periksa mata buat rujukan bikin kacamata sampai 650rb kasir nya lama menunggu obat lebih lama lagi kalo enggak urgent coba rumah sakit sebelah nya saja lebih affordable tapi pelayanan lebih oke,negative
rumah sakit dengan peringkat a fasilitas dan pelayanannya bagus begitu pula dengan stafnya namun kekurangannya adalah kurangnya lahan parkir !melipat_tangan!,positive
perawat dokter dan staf lainnya ramah hanya waktu menunggunya yang lama,negative
di ulang tahun yang ke 12 dan dengan gelar paripurna di kamar rawat inap melahirkan saya temukan banyak kecoak sungguh rumah sakit yang higienis sekali,positive
rumah sakit dengan pelayanan paripurna tingkat pelayanan medis yang luar biasa dokter dan tenaga medis kesehatan lainnya sangat baik memberikan edukasi kepada pasien seperti kami yang awam sangat merekomendasikan untuk semua kalangan,positive
pelayanan di kamar oprasinya memuas kan suster dan dokternya ramah,negative
istri saya hari ini kontrol kedokter pisikiater dari jam 12 datang pe jam setengah 4 bolm dipangil panggil ditanya alasannya yang umum dulu yang diduluin lah kok bisa begitu yang bpjs bisa dibelakangkan kan sama sama bayar bedanya dimna???,negative
saya pernah ke columbia asia pelayanannya sangat ramah dan mengutamakan pasien terutama kak insika bagian informasinya sangat baik dalam memberikan informasi,positive
pelayanan kurang nyaman dalam melayani rs bagus tapi tidak ada ruang isolasi apa cuma alasan saja menurut saya agak aneh apa lagi di bagian igd kurang humanis atau mungkin rs khusus menengah keatas parkir mahal gila enggak sampai 2 jam pas keluar bayar 7000 padahal di rs lain enggak sampai segitu,negative
one of the public hospital ini jakarta pusat lokasinya strategis dari 2 stasiun dan pangkalan bajaj tersedia juga layanan antrian online dengan jak sehat dan layanan sih yuko untuk tau jadwal staffnya banyak dan ramah menerima layanan mmpi untuk penerimaan kampus perkantoran,positive
pengalaman dari kakak pelayanan yang buruk dari perawat kateter lepas malah enggak langsung dibenerin walaupun sudah bilang dan setelah kakak telfon ke dokter ikbal akhirnya sih perawat,negative
mohon agar lebih memperbaiki layanan untuk pendaftaran pasiennya agar lebih cepat dan mudah,positive
rs untuk ibu dan anak paling nyaman sudah ke 3x kembali lagi kesini pelayanan dan kebersihannya sangat baik sukses terus ya,positive
perawat itu tidak dapat menemukan pembuluh darah jadi ia secara tidak sengaja menusukkan jarum ke punggung kedua tangan sebanyak dua kali dan menyuntikkan obat ke tempat asing selain pembuluh darah yang menyebabkan punggung tangan saya membengkak,negative
tolong ganti petugas pendaftaran wanita yang agak gendut itu kok pelayanannya galak dan kasar banget kalau pakai bpjs enggak bagus ganti saja enggak ada gunanya kerja di pelayanan yang terlalu melihat rakyat,positive
ibu saya di rawat di ruang gladiol lantai 3 selama 6 hari pelayanan nya sangat baik perawat nya ramah dan cekatan edukasi terkait tindakan yang dilakukan cukup jelas cleanser nya juga ramah dan bersih terima kasih untuk pelayanan prima nya suster dan tenaga medis ruang gladiol khususnya !melipat_tangan!,positive
pelayanan rumah sakitnya bagus ramah dan cepat !jempol_ke_atas!,negative
berobat disini bisa pakai layanan telemedicine jika enggak sempat datang ke rs atau layanan sejiwa pasien dijemput pakai ambulance saya senang sekali berobat disini obat obatannya juga selalu tersedia,negative
sim nya masih bikin kesal masuk rs di scrining dulu mengantri pendaftaran mengantri,positive
pelayanan sangat tidak bagus untuk menunggu obat saja sampai ber jam jam bahkan ada yang samapi 5 jam tolong perbaiki sistemnya,positive
pelayanan nyaemuaskan kok bagus rs nya,negative
pelayanan bagus cepat dan ramah gedung nya bagus dokter ahli di bidang nya,negative
pelayanan rsnya baik dokternya ramah perawatnya ramah staf yang lainya ramaj dan baik juga,positive
jadwal dokter tht kacau balau dokternya tiba tiba pergi saat pasien sudah datang,positive
pelayanan kesehatan bagus tapi mahal,negative
dokternya datang telat perawat dan dokternya juga tidak ramah antrian pasien tidak sesuai urutan saya menunggu lebih dari 1 jam sampai dilewati pasien lain harus protes dulu baru langsung dilayani rs macam apa ini? kalo enggak karena rujukan dari dokter saya enggak bakalan saya berobat kesini pelayanan sangat buruk dan mengecewakan,negative
alhamdulillah masih ingat tahun 2015 waktu melahirkan anak ke dua kami pasien rujukan dari menteng atas ke rumah sakit yang istimewa ini dengan pelayanan yang baik dan tidak membedakan pasien saya sangat berterimakasih dan bersyukur tanpa melalui proses pendaftaran dulu saya langsung dibawa ke ugd dan ditangani dengan baik sekali oleh bu dokter tapi lupa namanya siapapun namanya semoga allah membalas atas jasanya amin,positive
ruang tunggu lantai 2 nya kipasnya mati semua gerah krg nyaman,negative
awalnya saya lihat ada tamu ngadep satpam terus respon satpam nya kok jaya cuek yang jaga malam ya masa tamu mengomong dia ngelayanin nya sambil cengar cengir main hp,negative
dokter nya bagus ya sudah sering ditangani oleh dokter azwir dan dok leni perawat juga sejauh ini normal2 saja,positive
yang terbaik !wajah_dengan_mata_berbentuk_bintang!,positive
tante saya masuk rs dari jam 2 subuh dengan keluhan kecelakaan sampai jam 11 tidak ada tidak lanjuti dari pihak rs dokter juga angkat tangan sangat tidak ada tanggung jawabnya jadi harus cari rs lain pihak keluarga saya meminta surat rujuk,negative
alhamdulillah persalinan darurat di sini pelayanan di ruang menyusui lantai 3 dan ruang bayi sangat baik perawatnya ramah dan baik sabar dalam memberikan penjelasan terima kasih,positive
pelayanannya ramah sangat membantu karena kami baru pertama kali kesini namun sayang perawat yang agak tua di poliklinik yang melayani bpjs shift sore sangat enggan memberikan informasi sangat,positive
alhamdulillah semakin membaik untuk klinik tumbuh kembangnya tidak perlu antri registrasi pada saat jadwal tiap terapi oh dan dokter anaknya dengan dari bram juga beliau komunikatif dan responsif semoga makin sukses dan barokah,positive
selama 6 hari anak saya mahesa abdilla dirawat alhamdulillah mendapat pelayanan yang baik perawatnya ramah dokternya juga ramah menu untuk pasien bervariasi rasanya juga nikmat suasana religiusnya sangat,positive
terima kasih kakak dhila rahma,positive
rumah sakit yang sangat amat recommend dari segi pelayanan maupun fasilitas dan kebetulan saya dapat fasilitas vip dilantai 6 itu benar benar sesuai ekspetasi rumah sakit rasa hotel bintang 5 security setiap lantai selalu ramah susternya cekatan dan ramah ramah sekali terutama suster sabira victoria eka nurma dan tia!wajah_memeluk!,negative
agar sistem tekanan darah bisa lebih baik sebelum ke tempat tujuan dokter dan perawatnya bisa menjawab jangan hanya karena ada beberapa perawat yang sedang menangani jadi tidak yakin terima kasih,positive
kalau enggak mendesak lebih baik beli obat di apotek luar saja menunggu konfirmasi farmasi dan obat lebih lama daripada konsultasi dokternya dokter nya sih ok ok,positive
benar benar rekomendasi banget kalo mau rujukan sejauh ini enggak pernah kecewa sama pelayanan rsud tanah abang staffnya baik baik perawatnya murah senyum sangat membantu dokternya apalagi sudah begitu rumah sakit ya bersih,positive
sangat kecewa,negative
qadarullah kemarin saya drop kepala sakit banget langsung ke rs duafa karena punya bpjs sudah menunggu lama karena penuh saya sabar menunggu dengan rasa sakit pas dipanggil dan suami disuruh daftar dulu ternyata bpjs enggak bisa digunakan harus umum,negative
perawat dannisa di mcu orang yang baik dan rendah hati cantik dan manis teruslah berkarya,positive
saya pernah dirawat operasi usus buntu cepat penangananya,negative
semoga pelayanannya lebih baik lagi suskses klinik kita,positive
rumah sakit emc pelayanannya oke banget karyawannya ramah ramah banget sumpah bisa di jadikan keluarga !hati_merah!!wajah_gembira_dengan_mata_bahagia!!wajah_gembira_dengan_mata_bahagia!!wajah_gembira_dengan_mata_bahagia!apalagi karyawanfisio terapinya ramah ramah banget,negative
terimakasih rs meilia mulai dari security staf pendaftaran dokter perawat semua nya baik pelayanan nya mulai berobat dari igd sampai di rawat inap dan akhirnya rawat jalan pelayanan nya memuaskan,positive
saya mau ke poli jiwa jadwal praktek jam 14 00 tidak sesuai sama sekali bagaimana mau maju rs nya waktu banyak terbuang tolong diperhatikan,negative
tempat ini cocok buat bumil yang merasa mau untuk di edukasi karena sesi pertama dengan bu jehan akan panjang di jelasin juga di tanya ini itu termasuk mendengarkan keluhan ke khawatiran juga experience melahirkan dengan team bidan,negative
selamat malam rsu andhika kebetulan anak saya baru saja keluar dari rsu andhika setelah 2 hari di ranap pasca operasi bedah,negative
pelayanannya sangat memuaskan mulai dari satpam staf admin perawat hingga dokter semuanya sangat ramah dan menjelaskan dengan sangat rinci jika saya butuh bantuan tanpa membeda bedakan jenis kelamin agama suku dan negara pokoknya siloam international hospital lippo village the best!jempol_ke_atas_warna_kulit_cerah!!jempol_ke_atas_warna_kulit_cerah!!jempol_ke_atas_warna_kulit_cerah!!jempol_ke_atas_warna_kulit_cerah!!jempol_ke_atas_warna_kulit_cerah!,positive
saya sangat puas dengan pelayanan rs bina husada baik dari kebersihan maupun pelayanan yang di berikan susternya sangat baik dan ramah terutama suster hilda dan suster gaby yang selalu sigap membantu kami pokoknya rs bina husada top !jempol_ke_atas!!wajah_memberikan_ciuman_jauh!,positive
dulu 1 klinik dokter anak periksa kandungan dalam 1 gedung sekarang untuk periksa kandungan dokter anak sudah pindah gedung,positive
pelayanan bagus sigap menanganinya bersih tenang suasananya semoga berkah,negative
alhamdulillah untuk pelayanan sangat baik mulai dari dokter dan suster sangat ramah dan membantu sekali,positive
dokter fajar diah bermulut sampah tidak memiliki kelayakan sebagai seorang dokter perawat riri yang sedang hamil berprilaku buruk ke ibu yang habis melahirkan jangan mau dirawat disini selama masih ada dua orang ini,negative
bagus pelayanan dan nyaman suasana bagi pasien dan keluarga,positive
suster dan bidan yang jaga di lantai 2 etos kerjanya minim bisa kali dievaluasi demi kenyamanan pasien atau sengaja pasien bpjs dibikin enggak nyaman ??,positive
saya menunggu 2 5 jam hanya untuk bertemu dokter spesialis yang seharusnya sudah ada sejak pukul 1 siang dalam waktu kurang dari 10 menit konsultasi ia meresepkan saya beberapa antibiotik mahal dan beberapa obat racikan lainnya tanpa diagnosis yang jelas,negative
7606 dirawat 2 kali di rs pik pelayanan oke,negative
satpam di gerbang mau masuk ke ruang bugenvile kayak kampret tukang marah marah padahal jelas jelas saya penunggu pasien bukan pengunjjung dari nurse suruh bawa darah ke lab sendiri tapi pas lwat satpam di stop mau balik ke ruang rawat di omelin,negative
pelayanan rs yang ramah kepada pasien pasien nya bukan hanya gedung yang bagus tapi pelayanan nya juga bintang 5 tetap pertahankan tzu chi hospital,negative
rs sitanala sangat bagus dalam pelayanan nya baik dokter perawat dan security nya semua ramah mau membantu pasien mau pun keluarga pasien maju terus buat rs sitanala dalam memberikan pelayanan kpda masyarakat baik yang mampu maupun yang kurang mampu !lengan_berotot!!jempol_ke_atas!!jempol_ke_atas!!jempol_ke_atas!!jempol_ke_atas!,positive
bintang 5 apresiasi buat dokter dan susternya tapi untuk bagian pendaftaran dan kasir 0 besar apalagi pendaftaran tanggal 9 april,positive
alhamdulillah sc eracs dan tim dokter rs sari asih sangat jelas dan memuaskan semoga semakin maju ke depannya,positive
apotek terburuk yang pernah saya temui tidak akan pernah kembali,negative
seluruh sstaf nya ramah2 dan sangat membantu awal saya bawa irt ke sanah saya tidak tau dia ada bpjs masuk pertama ke ugd saya daftar biasa tapi setelah pasien harus rawat inap saya daftar ke bagian rawat inap baru tau kalau irt saya ada bpjs dan staf di sana bilang ini ada bpjs akhir nya mendapatkan perawatan dengan menggunakan bpjs kamar rawat inap nya sangat bersih staf medis sampai scurity semua sopan2 dan peduli terimakasih rs sari asih!melipat_tangan_warna_kulit_cerah!!melipat_tangan_warna_kulit_cerah!!melipat_tangan_warna_kulit_cerah!,positive
suami dirawat inap disini dengan hasil lab tifoid di igd katanya di cek lab ulang tapi waktu saya menanyakan ke pihak perawat di rawat inap kenapa tidak di cek ulang jawabnya tidak bu karena hasil labnya masih bagus eh itu hasil lab jumat pagi yang saya cek sendiri dan bayar sendiri kenapa selama dirawat inap tidak ada pengecekan lab lagi perharinya??? tolong lah ini pasien sampai rumah demamnya naik turun karena tidak tau perkembangan nya karena tidak di cek ulang hanya memakai data cek lab yang saya punya terus saya kudu piye tooh?????,negative
pelayan rumah sakit kok bisa bisanya bilang lain kali jangan berobat lagi disini ya kepasien karena penanganan kurang meminta pindah dijudesin kode etik nya mana nyawa sesorang lebih berharga,negative
ruangan nyaman bersih pelayanan oke ramah dqn selalu kasih arahan yang jelas ke sqya kalau saya sedang bingung hehe!wajah_gembira_dengan_mata_bahagia!,negative
selalu puas buat berobat disini dokternya oke2 perawatnya juga cekatan dan ramah,positive
rumah sakit nya luas dan pelayanan bagus,positive
mohon maaf ya sebelumnya saya mau mengutarakan perasaan saya selama saya menemani suami saya kontrol disana sorry tapi sayang tapi vibes rumah sakit ini suram dari mulai stafnya nakesnya dokternya sampai pasiennya kenapa saya bilang begitu?,negative
tempat pelayanan desain kebersihan semuanya bagus hanya saja harganya agak mahal,negative
rumah sakitnya ruwet datang sesuai jadwal dibilang lewat jadwal disuruh batalindi aplikasi jkn eh enggak bisa katanya sudah pulang dokternya padahal jam praktik masih lama,positive
terus pertahankan pelayanan yang bagus ramah seperti ini,negative
saya di rawat di ruang marwah perawat cekatan rama ramah cantik cantik ruangnya bersih di kasih penjelas buat ngurangin nyeri mudah di mengertinya,negative
pelayanannya sangat bagus perawatnya ramah2 tidak membedakan mana yang bpjs mana yang umum pertahankan rs mitra husada !jempol_ke_atas!!wajah_tersenyum_dengan_mata_bahagia!,positive
pelayanan dokter dan perawat cukup baik pramusaji dan cleaning servis juga ramah ruangan bersih nyaman,positive
management sangat buruk dokter yang terdaftar di aplikasi ternyata jadwalnya hoax suka tidak datang dan 5 dokter ortopedi di jadwal hari ini tidak hadir kata perawatnya,negative
rumah sakit bagus tapi aksesnya buruk,negative
saya melahirkan anak ke 2 disini dengan bidan shinta yang super duper ramah banget sabar banget baik pokoknya the best banget pokoknya melahirkn lebih nyaman banget terima kasih asyiffa bidan shinta!wajah_memberikan_ciuman_jauh!,positive
pelayanannya sudah sangat baik susternya ramah mungkin untuk saran ruangan kamarnya perlu ditambahkan agar enggak lama menunggu di igd terima kasih sukses selalu rs aulia,positive
pelayanan di rsud asa cukup baik dan pelayanan nya ramah,positive
alhamdulillah pelayanan baik staf ramah kebersihan juga terjaga sekali dalam ruang rawat,positive
sudah 2x melahirkan disini dan selalu happy dengan pelayanan team ruangan daffodil dokter2 dan suster2 sangat baik helpful dan informative sukses dan sehat selalu ya semuanya i cant thank you al enough for delivering and taking care both of my babies safely god bles you al !hati_merah!!hati_merah!!hati_merah!!hati_merah!!hati_merah!,positive
pelayanan cukup baik petugas ramah dan fasilitas sangat bagus,positive
kalo mau mengasih waktu kontrol yang tepat dong ini mah jadwal kontrol nya sekian tapi dokter nya kagak datang padahal sudah lama lama menunggu kesan nya kayak nyepelein pasien! eh akhir nya kagak jadi buang buang waktu kalo memang enggak mau nanganin bilang dari awal !!! terus juga kenapa harus dibeda membedakan antara pasien bpjs sama bayar tunai langsung? kemarin ada ibu ibu kena penyakit gula malah di entar ntrin pas saya tanya anak nya wajar bang pasien bpjs sedangkan saya masih sekolah bapak saya sudah meninggal saya cuma punya ibu saya!wajah_menangis_keras! sampai menahan sakit loh ibu ibu nya wkwkwkwkwkwk kocak!!!,negative
pertama kali coba periksa di sini pelayanan oke dan cepat menunggu dokter juga cepat walau saya pengguna bpjs mungkin datang di jam sepi jadinya agak cepat untuk pengambilan obat harus menunggu lama sayang banget waktu pasien terbuang hanya untuk menunggu ambil obat,negative
pelayanan nya ramah,negative
istri saya berniat konsultasi kedokter untuk melakukan cek mantoux karena anak susah untuk makan sebelumnya saya sudah mendapat surat pengantar dari dokter yang biasa saya kunjungi karena pada hari itu saya tidak bisa mengantar jadi,negative
datang ke sini karena saya ingin ke dokter gigi dari layanan di klinik gigi sampai radiologi layanannya bagus banget dikirim! hei terakhir kali saya tertahan di apotek gila! bahkan tidak ditelepon selama satu jam ketika ditanya,negative
terimakasih atas pelayanan yang sudah diberikan dari rsud kalideres hampir 7 bulan lebih dalam pengobatan tbc saya sampai akhirnya 19 september saya dinyatakan sudah sembuh ada banyak orang yang akan saya rindu dari rs tersebut terutama,positive
bidan jehanara komunikatif tempat pelayanan juga sangat keren,negative
kecewa brobat dsnih menunggu igd dari jm9 sampai st1mlm pas masuk anak saya cuma di ambil darah buat lab doang sama di kasih obat enggak di memasuki suntikan apapun sudah tau anak demam tinggi lemes mentang umum,negative
semakin sering kesini semakin keren pelayanan di rumah sakit ini perawatnya ramah pelayanannya cepat apa lagi dari sama jusuf si spog ramah informatif baik sabar dan,positive
tidak di recomended asli parah smlm jam 11 tindakan pertama igd itu buat darurat sampai nenek saya sesak begitu masih pada,negative
pelayanan bagus ramah tamah semua tapi security nya ya tolong profesional kalo kerja masa kerja sambil telfonan orang tua saya mau bertanya soal poli umum masih buka apa enggak disuruh menunggu dia selesai mengomong di telfon overal ya bagus cuma security saja yang perlu di ah sudahlah,positive
pengalaman saya di rspi puri sungguh luar biasa perawat di lvl 8 khususnya sus emma sus ulfa sangat penuh perhatian dan perhatian fasilitasnya bersih dan terawat dan perawatan medisnya sangat baik saya merasa benar benar diperhatikan dan diyakinkan selama saya tinggal di kamar 809,positive
dokter dan perawat memperlakukan pasien dengan sangat baik kerja bagus dan terima kasih rumah sakit siloam atas perhatiannya!,positive
pasilitas buat konsumen kurang lengkap seperti tv kamar mandi terlalu jauh buat konsumen juga kamar mandi kotor sampah di setiap sudut lantai ruang pasien selama saya masuk tidak pernah di pel,negative
pelayanannya bagus stafnya ramah dan rumah sakitnya nyaman sekali,positive
rumah sakit terburuk di dunia mahal layanan terburuk butuh waktu hampir 2 jam hanya untuk membawa gula!,negative
pelayanan excellent al of the staf yang paling penting rs nya bersih toiletnya juga lengkap untuk tissue dl thank lu rs tanah abang,negative
terimakasih rspi puri indah dari awal sudah jadi pilihan utama untuk tindakan operasi dan rawat inap disini padahal lumayan jauh dari rumah dan terbukti memang bagus rs nya dari fasilitas dokter2nya suster2nya sampai staf stafnya semua baik dan sangat memperhatikan pasiennya saya doain semoga kalian semua sehat sehat selalu ya dan kebaikan kalian jadi ladang pahal amin saya sangat merekomendasikan rs ini ke teman teman lainnya apalagi yang pakai asuransi saya drawat di sini 2 malam di kamar 802 tmptnya nyaman cahaya yang masuk keruangan cukup setelah tindakan operasi saya tidak merasakan sakit yang begitu wajar saja hanya cenut2 sedikit dan tidak sering hanya sesekali saja amaze sih semoga protokol dan servicenya selalu akan sebaik dan sebagus ini ya konsisten selamanya dan malah bisa menjadi lebih baik dan baik lagi amin,positive
pelayanan parah !!!! masa orang mau ganti jam menunggu pasien yang dirawat tidak boleh masuk !!! tolong pemda cimanggis di usut rs seperti ini !!!,negative
mengenai rumah sakit medika bogor anak saya di rawat selama 5 hari di ruang 302 lantai 3 allhamdulillah di hari ini sabtu 03 pebruari 2024 di perolehan pulang untuk mengenai pelayanan sangat memuaskan terutama buat kepala perawat ibu romlah dan kawan pelayanannya sangat baik ramah sopan sukses selalu terimakasih,positive
terimakasih fisio mma puas banget berobat disini mantap!oke_warna_kulit_cerah!,positive
rs paling jeleek pelayanannya nol mending cari rs selain ini,positive
saya menemani ayah saya yang dirawat disini semua petugas perawat dokternya ramah2 semua ini saya suka,positive
pelayanan bagus kamar bersih fasilitas oke tidak ada biaya cepat dan tanggap,negative
anak saya berobat hari jumat untuk perawatnya ramah ramah untuk alurnya gampang saya ke bagian kasir di lantai 2 lalu untuk pemgambilan obatnya tidak lama saya kasih bukti kwitansi dari lantai 2 lalu saya duduk untuk menunggu tapi langsung dipanggil karena obatnya sudah selese dan penjelasannya cukup jelas,negative
nyaman berobat di poli syaraf gpi perawat hari ini baik baik dan ramah dikasih edukasi untuk kesehatan terimakasih perawat poliklinik syaraf hari ini,positive
mau review untuk dokter catherine spog dan memang di lihat di review google juga banyak yang kasih bintang 5 buat dokter catherine dari anak pertama 2021 lahiran sudah di bantu sama beliau memang sangat membantu dia type dokter yang betul betul menjalankan sumpah kedokteran nya tulus melayani dan membantu sekarang lahiran anak k2 sama dokter catherine lagi pokoknya ini dokter sangat di sarankan deh buat para bumil yang masih bingung cari dokter penjelasan detail sabar dan sangat membantu sampai benar benar lahiran,positive
pelayanan bagus semua dokter suster dan staf ramah!wajah_tersenyum_dengan_mata_bahagia!!hati_merah!,negative
rs terburuk padahal ksna pakai bpjs perusahaan tapi pelayanan nya bad banget suster jutek enggak ada ramah²nya ruang isolasi tapi ac mati katanya memang sengaja dimatiin enggak lama di komplain katanya ac nya bocor terus di coba nyalain bisa,negative
overal sebenarnya bagus cuma ada 2 kekurangannya 1 dokternya sering ngaret dan ngaretnya parah banget kadang bisa sampai 1 jam lebih 2 pelayanan obat dan administrasinya lama tapi disisi ini mereka improve banyak farmasinya sekarang ada kirim pakai ojol dan adminnya semakin membaik walaupun belum sesuai ekspektasi ya,positive
datang jam 7 pagi untuk ketemu dokter jadwal jam 8 tapi set 10 baru dikasih tau dokternya enggak ada mana lagi hamil 8 bulan,positive
pelayanannya buruk pasien menunggu berjam jam di depan igd tidak ada tindakan apa dari pihak suster ataupun dokter saya pikir bagus pelayanannya seperti gedungnya ternyata buruk,negative
ibu saya wafat di rs ini saran saya agar kunjungan dokter jangan terlalu lama karena sehari hanya sekali gretting thd pasien kurang baik seolah pasien beban untuk rs tolong di perbaiki pelayanannya terutama dalam menunggu ruangan kosong dari igd untuk mendapatkan kamar terima kasih,positive
saya dapat rujukan dari klinik bedah gigi rsu siloam lippo village senin lalu saya telpon untuk menanyakan apakah saya bisa daftar ke dokter gigi apakah masih ada kuota sampai jam 11 20 setelah itu saya bilang saya pasien bpjs bagaimana cara daftarnya terus,negative
odon sama drg deddy cepat banget recovery nya 2 hari sudah bisa makan lagi ruang tunggunya juga nyaman banget dokter sama perawatnya ramah puol!hati_merah!,negative
beberapa kali ranap disana dan yang selalu jadi perhatian saya adalah kasurnya kasurnya sangat perlu diganti karena tengahnya sudah tipis banget jadi kalau tidur enggak nyaman apalagi kalau habis operasi yang harus bed rest 12 jam selimutnya,positive
pelayanan di rumah sakit sangat ramah mulai dari admin perawat dan kasir pelayanan dokter nomor 1 terima kasih mayapada,positive
terimakasih kepada suster suster lantai 3a yang sudah membantu anak saya untuk perawatan ranap inap dengan baik sopan dan cekatan terimakasih lantai 3a dan saya dikamar b310 terutama perawat amelia dan firna,positive
yang lagi sakit plis mohon banget jangan kesini kalau enggak mau kayak ibu gue sudah lagi sekarat dokter nya santai banget akhirnya ibu gue jadi meninggal,positive
mohon tingkatkan pelayanan terutama untuk pengantaran pesenan ke pasien terutama mkanan tapi minuman pinginnya pasien langsung diterma itu pesenan biar enggak basi mkasih,negative
pas dtang masuk igd memang langsung di tangani tapi lama banget dapat kamar harus menunggu 4 jam terus toiletnya kalo bisa lebih di perhatikan lagi kebersihan keharumannya kan ada mas mbak yang bkrja di rs kan,negative
pelayanan ramah dari security perawat dan dokter diagnosa cepat obat tepat berhubung saya tidak mau rawat inap jadi di kenakan biaya umum tidak di tanggung bpjs tapi harga umum termasuk murah sukses dan jaya selalu,negative
mereka tidak makan,negative
pelayanan yang baik dokter yang bagus dan berpengalaman sudah menjadi kepercayaan saya dari anak lahir sampai sekarang sukses dan semakin terdepan pelayanan dan service rsia family,positive
pelayanan nya cacat! keluarga saya walaupun pakai bpjs enggak seharusnya pelayanan nya begitu ibu saya bertanya di bagian loket malah di bentak2 ibu saya ini pendengaran nya sedikit bermasalah enggak seharusnya begitu,negative
sejauh pengalaman saya pribadi dari rs ke rs rsia budi kemuliaan ini menurut saya paling respon ramah penjelasannya tidak bertele² rsia budi kemuliaan rekomend banget untuk ibu dan anak,negative
sangat puas anku sakit 2 kali penangan nya bagus cepat dokter dan suternya ramah baik !jempol_ke_atas_warna_kulit_cerah!,positive
kemarin saya pingsan dan dilarikan ke igd lalu saya sadar karena dada saya dipukul2 oleh dokter koas yang bernama azaria sabrina lie sampai dengan sekarang dada saya masih terasa sakit lalu proses asuransi bpjs sangat dipersulit saya tidak bisa pakai asuransi swasta maupun bpjs padahal saya emergency tidak sadarkan diri akhirnya saya menggunakan dana pribadi ini rumah sakit atau tempatnya orang orang zolim berkumpul ? dan administrasi juga salah membuat invoice sampai saya kelebihan bayar sekelas tzu chi bisa salah membuat invoice ?,negative
pelayanannya bagus tidak mengecewakan dokter ramah suster juga ramah semuanya baik terimakasih rs bun,positive
pelayanan bagus ramah membantu,negative
payah anak saya rawat inap an irsyad menggunakan asuransi atas keluhan awal pemeriksaan tapi karena asuransi jadi harus rawat inap saat rawat inap di lantai 3 dokter visit atas nama dari desi lama sekali dtgnya pasien dianggurin enggak jelas kalo ini,negative
baru pertama kali lihat pelayanan dokter yang enggak ada empatinya meminta rujukan malah dijawab sibuk konsultasi banyak pasien putus berobat tapi enggak ada yang mengasih semangat jadi kesannya formalitas saja,negative
rumah sakit andalan di daerah mangga besar tempatnya nyaman pelayanan ramah cepat dan tepat !hati_merah!,negative
sebenarnya rs nya bagus pelayanan suster dan dokter nya juga bagus tapi kasirnya itu 4 slot kasir kosong saya menunggu tanpa kejelasan sampai 30 mnit lebih tidak kunjung di panggil kasirnya ada 4 1 orang mondar mandir tapi enggak jelas kenapa enggak prioritasin yang sudah di depan mata lagi mengantri,negative
untuk pelayanan nya sudah bagus dan cepat pengalaman istri melahirkan di rs fmc perawat nya baik dan alhamdulilah berjalan dengan lancar dan untuk proses pembuatn bpjs bayi nya pun dibantu oleh pihak rs terimakasih,positive
enak semua pelayannya suster dan dokternya ramah ramah,negative
orang orang enggak niat kerja di lantai 4 apalagi poli jiwa dan nurse nya sudah diskriminatif pada mau cepat pulang semua pekerjaan kalian untuk melayani kami ya mohon di ingat,positive
ngalamin dari usg setiap bulan sampai merasai ranap dan ralan disana semua berjalan lancar dan alhamdulilah semoga kita semua diberi kesehatan,positive
saya bingung karena di suruh di rujuk ruangan penuh tapi untung nya ada sus gindding yang mnjelaskn secra detail tntang rujukan nya tadinya pas di jelasin di resepsionis saya kurang pham terimskasih mbak walaupun agak sedikt kecewa,negative
pelayanan apotek harus ditingkatkan pengambilan obat sangat lama hanya memberikan maaf kepada pasien seharusnya apoteker ditambah agar pembuatan obat tidak terlalu lama,negative
bersih baru staf juga ramah2 hanya saya rasa sistem nya saja yang perlu di membenarkan kwalitas dokter2 nya juga harus di improve dari dokter ugd dan spesialis,positive
security nya tidak profesional security tidak ubahnya tukang parkir kursi roda tersedia namun pasien datang ke ugd tanpa penyambutan butuh kursi,positive
puas banget berobat di sini pelayanannya baik banget !hati_putih!perawatnya ramah semua dokternya juga ramah semua pokoknya sukses terus buat rs sari asih ciputat,positive
bingung mau ikut prenatal yoga dimana untuk bumil? disini saja sekalian dapat ilmu dari bidan2 yang ramah dan profesional banget disini untuk pasangan bumil dan pakmil yang baru ptama kali hamil ada kelas persiapan persalinan kelas new born care dan,positive
rs yang menurut saya selalu meningkatkan pelayanannya mulai dari igd nya cepat penanganan sampai naik kamar rawat inap cepat di kamar setiap operan jaga suster selalu memperkenalkan diri dan selalu memastikan kita bisa dibantu apa dan kebutuhan apa titip salam sama suster semua di rawat inap ya ramah syekali suster selalu dipantau keadaan pasien dan gercep ketika kita tekan tombol bantuan panggil suster enggak lama susternya langsung datang its simpel sih tapi menurut saya jadi trusted saja meski siang saya ranap sendirian petugas kebersihannya juga rajin syekali kamar nyaman bersih seprei diganti tiap hari dan saya juga mau apresiasi ke petugas gizi makanan ramah dan sopan semua lalu makanannya enak saya sampai kaget ada menu nasi uduk tapi memang sesuai olahan dan anjuran kebutuhan pasien lalu ada petugas farmasi yang cek kebutuhan obat kita di kamar ranap semoga terus mempertahankan kualitas pelayanan lebih bagus meningkatkan,negative
dari lahir anak di rs grha kedoya dengan dok bertha dok nya sangat nyaman untuk diajak diskusi dan tidak buru3 ini pasien dan sangat rilex dalam menangani pasien sehingga orang tua juga tidak overly kawatir terima kasih,negative
terimakasih untuk segenap karyawan staf dari yang telah membantu kami dan rs asyifa telah bekerjasama dengan bpjs salam sehat dan sejahtera untuk kita semua,positive
rumah sakit ribet sudah 2x masuk igd tengah malam ditolak dengan berbagai alasan kalo masuk rumah sakit ini jangan lupa bawa kakak karena enggak bisa disusul besok pagi ribet pelayanan di igd bukan menangani pasien malahan meminta biaya tunai karena persyaratan tidak lengkap,negative
dari segi pelayanan kamar suster dokter oke banget kamarnya juga bersih dan nyaman banget top pokoknya,negative
pertama kali saya berobat di sini pelayanan sangat bagus !jempol_ke_atas! dari awal security yang jaga loket mas arpian dan mbak rita ramah menyambut saya dan membantu mendaftar ke poli mata dokter yosep loket nya ramah lanjut ke tempat tensi cukup ramai dokter yosep sangat baik dan sopan saya senang dengan pelayanan rsud kembangan terima kasih,positive
rs yang menurut saya sangat bagus dalam pelayanan!berkilau!!berkilau!!berkilau! rs permata cibubur ini juga rajin mengadakan seminar2 yang bisa menambah wawasan pasien maupun keluarga pasien yang masih awam dengan dunia medis !hati!!hati!!hati! sukses terus ya rs permata cibubur !roket!!roket!!roket!,negative
hamil anak ke 2 enggak pikir panjang lagi kembali kontrol dan lahiran dengan dari gahrani chen lagi kembali ke rs yang sama karena pengalaman lahiran anak pertama super smooth tidak sakit tidak ada kendala apapun terima kasih banyak dok!melipat_tangan_warna_kulit_cerah!!wajah_pesta!,negative
banyak peningkatan pelayanan rumah sakit familly medical center ini pendaftaran pasien rawat jalan yang asalnya di tempat kini bisa dilakukan online sehingga tidak perlu antri lama dokter spesialis di sini lengkap tempat,negative
pelayanan dan fasilitas bagus maju terus rsia makiyah,positive
teruntuk dokter rizky amaliah dokter bedah anak kesayangan jafar !wajah_tersenyum_dengan_3_hati! sehat sehat ya dok tetap jadi dokter terbaik selalu bisa menolong semua orang untuk sembuh semangat dok !wajah_tersenyum_dengan_3_hati!,positive
pelayan bagus dari dokter perawat klening servis nya memiaskan,positive
pelayanannya bagus lahir anak pertama kembar sepasang saya lahir dan berobat disini tempatnya bagus dan sejuk dokter bidan dan perawatnya ramah dan baik baik pokok nya is the best deh !hati_merah!!oke!!oke!!oke!,positive
rumah sakit yang nyaman saya rekomendasikan,negative
pelayanan yang huruk sekali awal masuk igd sudah tidak baik pelayanan nya bodo amat gue pindah rumah sakit cuih,positive
rumah sakit daerah yang sangat nyaman baik pelayanannya maupun fasilitasnya semua sangat baik,positive
saya menunggu laporan lab selama 5 hari dan saya tidak pernah menerima hasilnya melalui email sampai sekarang cs memberi saya nomor ekstensi lab tetapi saya menelepon hampir 10 kali tetapi tidak ada yang menjawab layanan pelanggan tidak dapat memberikan solusi sama sekali dan berulang kali mereka mengembalikan panggilan saya ke nomor ekstensi dan tidak ada yang pernah mengangkat sungguh membuang buang waktu dan uang,negative
pelayanan di rumah sakit meilia sangat baik dan memuaskan terimakasih rs meilia !wajah_tersenyum_dengan_3_hati!,positive
pernah kesini buat cek kesehatan pelayanan cepat dan dokternya informatif setara dengan harganya!,positive
ini rumah sakit yang sangat bagus mereka memberikan banyak perawatan kepada kami para pasien dan mereka bahkan merawat kami rumah sakit yang bagus,positive
rs daerah di kota depok tapi rasa hotel bintang lima ramah anak dan bikin anak tidak trauma bukan rs yang terkesan seram sebagaimana rs jadul_ maju terus ya rsud kota depok lope2,negative
sangat baik dalam membantu pasien serta kenyamanan nya,positive
rawat inap di ruang catleya dokter ramah enak di tanya jawab juga pelayanan baik perawat ramah murah senyum sopan sangat membantu ruangan bersih,positive
waktu tunggu di kasir sangat lama lebih dari 1 5 jam dan tidak ada panggilan staf yang bertugas sangat sedikit,negative
kenapa ya pilihan jadwal2 praktek dokter tidak disesuaikan kemampuan dokter bisa hadir di rs nya? saya dapat jadwal jam 8 pagi bahkan ada himbauan datang 30 menit sebelum jadwal yang didapat tapi nyatanya jam 9 dokter baru pada datang mohon bisa lebih menghargai waktu para pasien dan keluarga,negative
pelayanan lambat meminta rujuk ke rs lain dari jam 7 malam sampai jam 4 pagi baru dapat rujukan rs padahal pasien sudah urgent,negative
proses pendafatrannya lama banget berkali2 balik cuma buat kontrol tapi karena proses pendaftaran lama jadi dokter selalu pulang terlebih dahulu jam peraktek dokter tidak sesuai,negative
lahiran twins disini niatnya mau konsultasi eh langsung ditembak suruh tindakan padahal enggak ada masalah apa apa lalu setelah ac enggak boleh pulang dan itu sudah dihitung masuk rawat inap 1hari tindakan sc nya esok harinya jadi motong hari pemulihan,negative
mantap pelayanannya saya pakai bpjs terlayani dengan baik trmksh dari lestari spesialis tht doktwrnya ramah,positive
pelayanan nya tidak ramah mulai dari dokter sapa dan kasir dan menunggu tebus obat luama sampai sejam padahal bukan bpjs !wajah_dengan_tangan_menutup_mulut!,negative
positifnya bersih nyaman teratur besar enggak jorok sopan ramah pasien friendly banget dokter dan staffnya harga konsultasi dokternya tidak mahal dokter umum 160rban dokter spesialis 185rban,positive
saya berobat ke rs sari asih karena kata orang orang bagus tapi tidak seperti yang saya alami saya kecewa selama dirawat di sini dokternya kurang memberikan informasi dan tidak menjelaskan dengan jelas penyakit saya dan pada hari terakhir,negative
pelayanannya lebih baik dokter dan perawat yang ramah terkontrol sejauh ini sangat puas,positive
pelayanan bagus dokter ramah ramah petugas informasi dan semuanya juga ramah,negative
pelayanan nya gercep banget dari awal nyokap masuk igd meskipun mama pakai bpjs terus masuk ke unit stroke cherry pelayanan nya juga mantab suster nya menjelaskan semuanya dengan sangat jelas dah kayak dokter deh estidokter diana dokter nabil dokter andria the bestsuster esti suster risda suster risda suster suci dan suster lainnya terima kasih banyak untuk pelayanan dan bantuannya kalian luar biasa baik semangat terus untuk semua dokter and suster di rsud cengkareng dan juga administrasi nya yang gercep hehehehe god bles al,positive
tidak ada masalah sama sekali dengan pelayanan dokter disini yang konyol itu di administrasi rumah sakit kasir untuk pembayaran saja perlu menunggu 1 5 jam dengan jaminan asuransi itu baru,negative
fasilitas sangat baik dan lengkap parkiran rs luas dan bersih pelayanan nya sangat baik dan ramah,positive
pelayanan tidak ramah dokter tidak komunikatif dari marcus sapa a bisa bisa nya pasien rawat inap terlewat buat visit dokter,negative
jelek!!! sesuka hati mengganti jadwal yang sudah disepakati pada hari h dokternya tidak masuk tidak kasih kabar saya tiba ontime tunggu 40 menit bertanya baru tau tidak ada dokter ada dokter lain bisa menggantikan tapi harus menambah tunggu lagi 30 menit lebih bisa2 1 jam lebih gila padahal bikin appointment sejak 2mg lalu dan sudah konfirmasi 2kali adminnya yang wanita jutek! sudah pihak rumahsakit salah tidak meminta maaf tidak senyum buruk lah! sudah harganya mahal! dikira bayar pakai kertas koran kali pasien diperlakukan seenak jidat 2mg lalu sedang mengumpulkan survey itu ramah dan cepat kerjanya sekarang sudah enggak ada survey macam tahi pelayanannya teman saya juga pernah saya antarkan ke igd karena sudah pucat sakit maag akut sampai igd disuruh tunggu dokternya sedang istirahat what???!!! waktu diminta dokter suruh buruan malah susternya enggak senang jutek lagi malah sengaja dilambat2in mending tutup saja nih rs enggak ada gunanya,negative
perawatan nya sangat gercep banget suster nya ramah²,negative
pengalaman saya waktu bulan desember tahun 2023 mengurus bapak saya di rs ini semuanya cukup ramah tapi ada 1 suster yang gendut dan dia enggak berhijab itu kurang beretika banget waktu nge jemput pasien dia malah meninggalkan saya dan bapak saya,negative
2022 kemarin lahiran rujuk dari bidan sesar ke ikkt tapi alhamdulillah dokternya ramah banget support beserta yang ada didalam ruang operasi baik banget ramah hanya saja disayangkan perawat yang ngontrol kekamar agak jutek!wajah_gembira_dengan_mata_bahagia!apa mungkin aku,positive
pengalaman pertama lahiran metode eracs pelayanan bagus ruangan vip yang tadinya tegang di ruang op jadi enggak tegang perawat sama dokternya ramah banget fre photoshoot sih baby lagi !wajah_tersenyum_dengan_mata_bahagia! hasilnya bagus lucu !wajah_gembira_dengan_mata_bahagia!,negative
kemarin ke dokter anak dari leny ambarwati sapa a sama kes karena anak saya sudah 2 bulan ful batuk enggak sembuh² dokternya the best sangat informatif detail dan mengedukasi pasien serta orang tuanya sangat ramah santun dan menjawab pertanyaan,positive
terimakasih untuk sharingnya dokter ajiantoro spot,positive
bad bad bad experience dokter bilang boleh pulang dan rawat jalan rumah sakit nahan2 kepulangan pasien karena alesan sudah malam padahal masih jam 7 malam iki piye kok pasien ditahan2? biar bayarnya lebih mahal ?,positive
pelayanannya bagus suster suster nya saya acungi jempol sangat welcome dengan pasien ramah juga alhamdulillah terimakasih rs bun,positive
bagus kok waktu sc di sana kalo mau tanya soal akte lahir bagaimana ya kak,negative
tanggal 29 agustus 2024 suami saya huka firmanto berobat ke dokter syaraf hermina podomoro bagian obat bilang ada satu obat yang baru sampai dijam 14 00 suster bilang akan diantar ke rumah saya dia meminta alamat dan no hp saya namun sampai jam,negative
rumah sakitnya bagus bersih rapi parkiran cukup luas loket pendaftaran luas walau sekarang pakai mesin agak membingungkan tidak ada yang membantu pula tidak seperti bina husada contohnya untuk tempat pemeriksaan dokter jujur kadang,negative
pelayanannya lama untuk pasien rwi biasanya untuk screening ada cek darah dulu biar bantu dokter untuk menunjang diagnosa tapi sok far perawatnya ramah ketika menjawab pertanyaan itu dulu nanti tak review lagi kalo ada perubahan,negative
pelayanan dan fasilitas baik petugas ramah dan sopan anak naufal di ruang shofa telah di laksanakan edukasi kesehatan tentang radang paru paru menjadi lebih paham dan mengerti untuk di shering dengan keluarga di rumah untuk perawatnya ramah ramah pelayanan nya bagus dan baik baik menjadi lebih nyaman!hati_merah!!hati_merah!,positive
petugas rumah sakit yang tidak bersahabat jujur kalau enggak karena dokternya praktek disini enggak akan ke rumah sakit ini dokter igd yang enggak bersahabat memberi pertanyaan yang aneh dan meremehkan rumah sakit ini hanya memperbolehkan 1 orang untuk naik ke kamar pasien inap dan harus punya kartu penjenguk bahkan pemerintah susah mengumumkan covid saat ini adalah hal biasa,positive
rumah sakit yang memberikan pelayanan terbaik di daerah jakarta pusat dan memiliki fasilitas lengkap untuk menunjang kesehatan kita,positive
berasa di telantarin sama salah satu dsa rs ini anak saya di pulangin masih dalam kondisi lemas 2 hari kemudian balik lagi masuk igd sama dokter jaga igd nya malah di usir secara halus di karenakan saya meminta untuk di tunggu sebentar,negative
pelayanan selama dirawat inap oleh keluarga sangat baik dokter dan perawat sangat komunikatif dan ramah kamar rawat inap sangat nyaman selalu dibersihkan dan sangat memperhatikan kenyamanan pasien,positive
pelayanan poli paru dari made dan suster ince sangat baik dan sangat informatif,positive
rs paling enggak jelas paling buruk yang pernah saya datengin pelayanan dokter jaga waktu malam ibu ibu begitu enggak tau namanya sama sekali enggak sopan masa istri saya masuk ugd ditanya kenapa malah dimarah2in aneh banget mana ugd nya saja banyak,negative
pelayanannya cepat dan bagus banget!!! baik banget semua dokter2 dan suster2 nya terutana dokter yuwono dan suster ani! kamar vip nya top banget makanannya enak nyaman udaranya juga enak!! mri nya juga top!!! !hati_putih!!hati_putih! terima kasih banyak !warna_kulit_cerah! !warna_kulit_cerah!!hati_putih!!hati_putih!,positive
pelayanan online melalui aplikasi my siloam ditangani oleh dokter agustin susanti putri dari siloam hospitals kebon jeruk pelayanan sangat baik respon cepat dan saya bisa mendapatkan rekomendasi untuk usg yang akan dilakukan di siloam hospital manado terima kasih,positive
cepat tanggap pelayanan baik ruangan bersih peralatan medis memadai parkir mobil dan motor cukup menerapkan protokol kesehatan yang cukup baik,positive
semua pelayanan di rsud bagus dan sangat memuaskan tempat bersalin ruang rawat inap beserta bidan nya dan dokter nya juga ramah dan baik dalam melayani pasiennya untuk makanan nya juga enak beserta semua pelayanannya pokoknya jangan pernah ragu untuk memilih rsud tanah abang untuk kesembuhan dan cek kesehatan kalian,positive
pelayanan vip di ruang anggrek rsud pasar rebo sangat memuaskan !wajah_tersenyum_lebar_bermata_hati! terimakasih banyak untuk dokter perawat dan seluruh staf yang sudah memberikan pelayanan yang sangat baik untuk ibu saya !melipat_tangan!!wajah_malaikat!!bintang_medium_putih! !bintang_medium_putih! !bintang_medium_putih! !bintang_medium_putih! !bintang_medium_putih!,positive
pelayanan harus diperbaiki lagi dokter igd laki laki periksa anak yang sudah lemes dibilangnya masih segar dan tak perlu dirawat untungnya ada dokter igd wanita yang cek kembali keadaan anak saya lalu dokter wanita tersebut menyarankan,positive
fasilitas dan pelayanannya bagus dokter dan perawatnya ramah dan selalu mengutamakan sapa dengan senyuman setiap pergantian shift selalu berdoa dan berdoa tahun lalu perawatannya juga sama makanan dan menunya juga higienis dan lezat kamarnya juga nyaman teruslah berkarya,positive
kepada pimpinan rs citama tolong diperhatikan perawat bagian fisioterapi perawat fisioterapi sangat tidak ramah ketus dan tidak helpful pasien yang susah naik ke tempat tidur saja tidak dibantu sama sekali padahal kondisi pasien lemah,negative
sangat bagus!,positive
untuk ruangan makkah pelayanan sangat baik dan ramah istri dan anak saya di rawar dengan baik perawat juga sngat ramah2 smwa,positive
pelayanan di apotiknya sangat lambat membutuhkan waktu 2 jam mengecewakan,negative
terima kasih atas pelayanan nya yang sangat baik pilihan jam poliklinik nya banyak sehingga saya tetap bisa berobat setelah bekerja dokter nya pun ramah,positive
beberapa dokter selalu terlambat dan anda harus menunggu 4 jam tidak menyukainya,negative
komplain yang paling saya rasakan ketika berobat ke sini adalah hawa yang pengap di ruang pendaftaran ac enggak dinyalakan begitu juga di area tunggu masuk poli ac cuma 2 yang nyala dari 3 unit ac udara panas dan pengap,negative
alhamdulillah pelayanan penanganan sangat buruk untuk control yang sudah di jadwalkan pun tidak ada fungsinya karena harus mendaftar kembali 3hri sebelum nya untuk bayi baru lahir pun tidak ada tindakan imunisasi seperti rs lain nya,negative
ternyata betul betul bad service apalagi bagian igd nya sangking saja sudah urgent maka nya orang tua saya saya larikan kesitu dari awal saya pendaftaran saya bilang enggak usah menunggu konfirmasi bpjs ketenagakerjaan untuk penanganan pertama,negative
saya pernah ikut lomba di sini dan sangat menarik dan acaranya juga di lahirkan di sini dan pelayanannya sangat ramah dan baik sekali mulai dari perawat nya dan juga dokter nya !wajah_malaikat!,positive
telah menjadi tempat yang dituju setiap kali keluarga saya membutuhkan perawatan medis sejak lebih dari satu dekade lalu semoga saya tidak akan terlalu sering mengunjungi tempat ini,negative
kontrol pengobat tb anak minggu ke 4 di rs bhakti asih dengan dokter arlin pelayanannya bagus ramah dan cepat terimakasih dari arlin dan suster!wajah_tersenyum_dengan_3_hati! semoga anak saya cepat sehat kembali,positive
selama saya melakukan perawatan di rs citra medika depok pelayanannya bagus dokter nya oke suster nya juga ramah petugas pendaftaran nya cepat dan ramah juga sukses terus lah untuk rs citra medika depok !wajah_memberikan_ciuman_jauh!!wajah_memberikan_ciuman_jauh!!wajah_memberikan_ciuman_jauh!!wajah_memberikan_ciuman_jauh!!wajah_memberikan_ciuman_jauh!!hati_merah!!hati_merah!!hati_merah!!hati_merah!,negative
terimakasih banyak siloam kebon jeruk !hati_merah! khususnya dari yosep sutandar spog yang sudah sangat membantu dan sangat edukatif selama proses kehamilan sampai proses melahirkan saya sehat dan aman,positive
pelayanan nya bagus walaupun anak ku pakai bpjs enggak kalah sama yang bayar thank you guys good job gbu,negative
menikmati fasilitas kelas 1 saat kelahiran anak ke2 pelayanan baik dan memuaskan untuk istri n bayi toilet dan kamar mandi perlu ditingkatkan kebersihan dan kenyamanannya harga kompetitif dengan pelayanan yang sebanding charge 2 untuk transaksi debet n kartu kredit terlalu mahal perlu dipertimbangkan,positive
pelayanan overal bagus petugas dan susternya ramah ramah cuman yang enggak jelas dokternya sudah beberapa kali bikin appointment tapi telat bisa sampai 1 jam lebih terus pemberitahuan kalo appointmentnya diundur juga setelah 1 jam lebih keterlambatan kayak buat apa begitu?,negative
pelayanan buruk informasi yang diberikan tidak jelas saya menunggu 7 jam untuk kontrol mending mikir lagi berobat disini dari pada keburu die karena nunggunya management waktu dan sistem rumah sakit sangat buruk! percuma mengeluh karena,negative
sudah 3x jenguk kakak lahiran di klinik ini alhamdullilah tempatnya nyaman ruangannya bersih bidannya ramah2 biayanyapun tidak terlalu mahal terjangkau banget recommend banget pokoknya kata kakak aku kalau dia mau lahiran lagi bakal balik lagi kesini sesuatu banget deh target anak 4 hehehe,negative
pengalaman di rs ini sudah 2x pertama nenek saya terus anak saya untuk pelayanan nya sangat baik dan di igd di sambut dengan baik langsung di tangani biasanya rs lain di ruang igd pasien penuh di biarkan tapi di sini alhamdulillah tidak,positive
sudah menjadi pasien di sini selama bertahun tahun dan selalu puas dengan pelayanannya,positive
saya tidak tahu pastinya kenapa ada rumah sakit yang pelayanannya sangat lama seperti ini bahkan teman saya yang kakinya keseleo pun di suruh bolak balik ke ruang pendaftaran di oper ke igd sampai ke igd di suruh lagi ke ruang,negative
semua pegawai dan dokter nya ramah sangat membantu pasien pasien yang datang meskipun pasien bpjs tetap dilayani dengan baik proses pendaftaran sesuai dengan antrian yang paling penting toilet nya bersih good job rs citra medika depok !jempol_ke_atas_warna_kulit_cerah!!jempol_ke_atas_warna_kulit_cerah!!jempol_ke_atas_warna_kulit_cerah!!jempol_ke_atas_warna_kulit_cerah!!jempol_ke_atas_warna_kulit_cerah!,positive
tidak ada tempat pengisian daya di setiap sudut bangunannya bagus tetapi tidak ada pembaruan untuk orang orang milenial layanannya buruk,negative
selamat sore disini semua pelayanan dari bagian pendaftaran dokter perawat dan pada saat pengambilan obat pun sangat baik terhadap pasien tetap semangat ya dan terima kasih !melipat_tangan!!melipat_tangan!!melipat_tangan!!melipat_tangan!,positive
habis dirawat inap semua pelayanan nya bagus semua cuman pas sudah diizinkan pulang oleh dari suruh tunggu 2 jam dikira sudah diurus semua obat dan ke pendaftaran nya ternyata harus urus lagi sendiri dan antri lagi,positive
sepertinya pasien dengan menggunakan bpjs banyak sekali yang berobat di rumah sakit ini hal ini terlihat dari nomor antrian yang lebih banyak dibanding dengan tidak menggunakan bpjs hal ini berakibat lamanya pasien menunggu untuk,negative
pelayanan untuk bpjs lama dokter spesialis anaknya juga mengomong buru buru enggak ada 1 menit sudah selesai tidak solutif periksa juga asal asal sangat tidak rekomendasi buat ayah dan bunda cari rumah sakit lain saja untuk dokter spesialis anak,negative
ponakan saya ada keluhan lutut kanan nyeri kiriman rujukan dari rs pemerintah di yogya mengunakan jasa bpjs alhamdulillah setelah mengikuti prosedur yang berlaku di rspad ponakan saya bisa di operasi lututnya oleh dari spesialis,negative
kemarin saya dan anak saya di rawat di rs ini untuk pelayanan perawat2nya oke enggak ada minus semua ramah dan pelayanan nya oke2 cuma saran di kamar ranap nya untuk cleaning servis nya setiap hari selama 5 hari di rawat hanya nyapu dan,negative
pelayanan dokter dan perawat di 7 ruang 713 baik ramah dan semuanya baik nama anak saya cahaya putri,positive
pelayanannya bagus bidan nya baik,positive
dokternya sombong banget mntang2 saya bpjs ngmgnya enggak ngotak ternyata benar kata yang kasih bntang satu dmari playanannya buruk dokternya sombong n pasien bpjs dipandang sebelah mata,negative
pengalaman saya selama dirawat di rs sari asih ciputat saya sangat puas dengan pelayanan dokter dan perawatnya yang cepat tanggap dalam melayani pasien dan ramah ruangannya juga bersih dan sangat nyaman terimakasih kepada dokter dan perawat yang sudah memberikan yang terbaik untuk pasiennya,positive
dokter bedahnya inisial gue enggak ramah anak kasar periksa anak terus judes ketus dan enggak ada empatinya etika nya minus banget di tanya malas2an jawabnya periksa nya kilat banget pasien bpjs juga bayar tiap bulan bukan gratisan,positive
alhamdulillah bagus semua penanganan cepat proses mudah,positive
rumah sakit bagus pelayanan bagus,negative
tidak direkomendasikan,negative
pelayanan rsj suharto herdjan memang luar biasa,positive
pertama kali mau usg antrian skrining cek tensi dan b ngacak tidak sesuai urutan menunggu hampir 2 jam untuk skrining,negative
rs emc tangerang sangat bersih pelayanannya sangat ramah terasa seperti nginap di hotel terimakasih pelayanan yang baik dari dari handy intan sapa og dan dari himawan sapa a,positive
pelayanan good,negative
perdana nglhirin di rsud pademangan alhamdulillah bidanya sabar2 banget semua prtnyaan di jawab detail sudah dapat pket lengkap juga bpjs akte photo shoot baby thanks buat bidan2 rsud yang sudah sabar bntuin saya melahirkan !wajah_tersenyum_dengan_3_hati!,negative
alhamdulillah terimakasih pihak rumah sakit duta indah terutama dokter dan para tim perawatnya istri saya lahiran cesar di rawat dengan baik bgitupun adek bayinya 6 hari di ruang perinatologi sampai pulih baru di perbolehkan pulang terima kasih banyak,positive
pelayananya sangat baik dokter dan perawat sangat ramah terkhusus bidan di ruang bersalin maju terus untuk rs medika dramaga sehat selalu untuk semua tenaga kesehatan di rs medika dramaga,positive
mcu nya kurang lengkap ada istilah parameter 4 dan 7 nya mengira apa saya pikir yang 7 ada tindakan pemeriksaan tambahan atau lebih lengkap lah dari yang 4 seperti di rumah sakit lain,negative
rs budi kemuliaan mei 1978 tempat di lahir kan masyaallah alhamdulillah 46 tahu usia saya sekarang 2 orang kakak sayapun di lahir kan di rs budi kemuliaan semoga nanti bisa kesini tapak tilas merindukan di saat yang lalu mau lihat rs budi kemuliaan jakarta semoga rs budi kemuliaan selalu memberikan pelayanan yang terbaik semakin baik lagi amin yra,positive
gile lama banget dari tunggu obat tunggu radiologi semua perlu sampai ber jam jam mau dapat pengobatan malah tambah penyakit tunggunya dari sakit kepala sampai sakit pinggang apa harus begini kali ya kalo bpjs???,negative
kualitias perawatannya sangat bagus dan memuaskan sukses selalu rsia makiyyah,positive
sekedar memberikan informasi bahwasanya untuk nomor whatsap pendaftaran pasien bpjs sudah ganti,positive
saya adalah anak dari salah satu pasien di rs mitra husada senang dengan pelayanan nya peraturan yang tidak ribet dan para tenaga kesehatan yang ramah,negative
lama benar ini parmasinya menunggu lebih dari 1 5 jam,negative
terburuk!! biarkan saya bagikan pengalaman saya saya di kelas vip tepat di depan nurse station masa berisik sekali saat malam?bikin orang susah tidur,negative
rumah sakit yang bagus seperti mal semuanya mahal sesuai dengan layanannya perawatan untuk masalah tulang belakang saya sudah berobat ke banyak rumah sakit dan tidak ada yang cocok beliau direkomendasikan untuk berobat oleh prof dari satya negara di mayapada alhamdulillah beliau sembuh,negative
pelayanan administrasi khususnya asuransi lama sekali saya sudah buat janji atau daftar secara online satu hari sebelumnya saat datang tetap harus ke loket registrasi untuk konfirmasi kedatangan,negative
sorry ya saya kasih bintang satu sodara saya di ronsen bilang nya tidak ada yang serius eh begitu di bawa lagi ke rumah sakit lain ada yang serius pembulu darah nya pecah sama rumah sakit sih disuruh pulang karena enggak ada yang serius,negative
registrasi cepat via wa konfirmasi kedatangan via wa check ini antri tidak lama semua staf baik dan ramah sangat membantu saat anak sakit terima kasih banyak,positive
tzu chi hospital baru soft opening di bulan okt 2021 grand opening kurang tahu kapan pas datang pelayanan bagus admin dokter dan perawat sangat membantu memang belum ramai sih tapi semoga nanti pas sudah rame pelayanan tetap dipertahankan dan ditingkatkan !jempol_ke_atas_warna_kulit_cerah! tempatny bagus bersih megah ada kios kecil komersial juga jadi bisa duduk2 sambil menunggu pasien bisa rawat pasien covid juga tapi di gedung belakang jadi jangan khawatir bagi pasien yang cuma mau cek kesehatan atau penyakit lain di gedung utama oh ya bagi yang mau berobat ke dokter umum silakan langsung datang ke igd biaya konsultasi admin di bawah 200rb ya !melipat_tangan_warna_kulit_cerah!oh ya sok far belum bisa menerima bpjs ya tapi asuransi lain sudah bisa cuma beberapa saja jadi mesti cek dulu selama rawat inap harus konsumsi vegetarian karena ini sudah peraturan rs,positive
ramah banget susternya tapi operator servicenya via telfon tulalit banget meminta ampun better datang langsung ke rs nya buat tanya,negative
rumah sakitnya bersih pelayanannya baik dan ramah dokternya berpengalaman,positive
security dekat ruang bersalin aneh papa saya gaboleh masuk karena bawa adek saya yang kecil tapi rombongan orang yang bawa anak kecil dibolehin masuk dikomplain jwbn satpam cuma mau ke kantin tau dari mana ke kantin apa diikutin terus sampai keluar?tolong untuk pihak rs sentosa peraturan tetap peraturan tidak usah di beda bedakan,negative
ini rumah sakit terbaik sih sejauh ini dari berbagai macam rumah sakit yang pernah dikunjungi untuk berobat enggak terlalu ramai parkiran luas fasilitas nyaman pelayanan ramah akses dekat stasiun pondok cina bisa jalan kaki,positive
perawat dan dokternya ramah terima kasih atas pelayanannya yang sangat ramah,positive
perawat nya sangat tidak ramah terutama perawat di igd pasien sesak dibilang sakit di buat buat perawat lantai 2 sangat jutek sekali terutama yang tidak pakai kerudung mohon untuk direktur rs bun untuk lebih di perhatikan lagi untuk perawat nya,negative
alhamdulillah 3bln yang lalu kakak ku lahiran disana proses pagi dapat kamar sore besok nya sudah sc hanya perjalanan nya saja yang terlalu jauh buat ke ruang ranap ibu bersalin dan gelap untuk pelayanan admin nya kurang ramah tapi yang lain ok alhamdulillah terimakasih,positive
letak rs ini cukup strategis di area grogol dekat pemukiman warga dekat mal dan dekat akses transportasi umum transjkt krl bis kota sliweran depan jl raya daan mogot,positive
terimakasih para petugas para pelayan suster perawatnya ruangan dan sebagian sudah cukup memuaskan kami sangat nyaman dan senang dengan semua pelayanan nya,positive
pengalaman membawa keluarga ke rs emc pelayanannya sangat baik dan dokternya sangat koperatif dari segi penjelasan ke pasien mudah di mengerti pemeriksaan juga sangat detail terkait penyakit yang di rasakan derita oleh pasien dokter yang menanggani keluarga saya dari timur syarifuddin sapa sama,positive
saya menunggu dokter selama 1 jam dan menunggu satu setengah jam lagi untuk obatnya !wajah_kelelahan! pelayanan medis yang sangat buruk,negative
pelayanannya professional dan baik proses cepat dari masuk igd sampai proses rawat inapkamar bersih dan modern ada fasilitas smart tv jadi enggak bosan di kamartoilet sangat bersih tiap hari dibersihkan 2x oleh petugassuster yang merawat juga professional dan bisa menjawab semua pertanyaan dengan baik dokter yang merawat juga menjelaskan dengan baikmakanan yang diberikan juga enakoveral sangat puas dengan pelayanan di rs grha kedoya,positive
saya pasien ugd dari jam 6 sore saya sudah di sini dan di tangani dengan baik olen rekab ugd sampai saat pembayaran karena pakai asuransi selesai dengan baik permasalahnya adalah sudah 2 jam obat saya enggak di berikan sekarang pun masih belum maksudnya apa coba!!!,positive
dokter anak inisial sama datang telat jutek judes judging saya akan ingat anda seumur hidup saya ditambah dengan suster2 dibagian timbang b anak jutek judes tidak informatif tidak pasien oriented pengalaman yang sangat traumatis dan saya pastikan tidak akan kesana lagi,negative
first i wanna sayang thank lu dari steven sapa bedah hes sok kind wise humble hes really di the best for patients grateful tapi meet lu sir thank lu sok much i hope lu healthy always!tangan_diangkat_dan_dirapatkan_bersama!berkat beliau saya enggak kesakitan lagi!melipat_tangan!security informatif dan helpful sempat menangis di depan nurse station di tenangin security sama ners thank lu bapa security ners!melipat_tangan!specially kak riri atau ririn begitu lupa!wajah_gembira_dengan_mata_bahagia! tapi beliau on duty di bagian administrasi loket beliau ramah sekali informatif sesekali mengajak becanda good manner helpful 1000 10 thank lu kak riri ririn !melipat_tangan!,negative
alhamdulillah tidak seperti yang saya bayangkan jika berobat ke rs hga yang pakai bpjs untuk ibu saya usia 79 tahun yang selalu mengeluh sakit tulang belakng dari poli orthopedi di layani dngn suster dan dokter nya baik juga ramah kemudian lanjut,positive
saya benar benar tersentuh oleh 素晴らし 冷たい冷たい yang lembut hontōni subarashi sugite kandō shimasu tsumetai tsumetai yawarakai,negative
pelayanannya oke lingkungannya bersih kamarnya bagus semua stafnya ramah namun penerapan h 1 untuk kepulangan pasien tampaknya belum terlaksana secara optimal sehingga pasien menunggu lama hingga petugas menyelesaikan berkas pemulangan,negative
jadi begini habis dapat rujukan ke poli mata katanya kena katarak dan harus di operasi singkat cerita harus ke poli bagian dalam datang lah jam 4 sore menunggu sampai jam setengah 9 malam masih belum di periksa sedangkan ada pasien kenalan suster nya malah di duluin malah suster nya bilang orang mah bilang dari awal wa biar enggak menunggu lah apa kabar kita yang dari tadi menunggu berjam jam?,negative
sebelumnya sih enggak pernah mengecewakan ya kesini pas di rawat bilang kamar kelas asuransiku penuh jadi harus dititip ke kelas atasnya yang nyaman banget karena takut lama akhirnya memutuskan kamar sesuai cover asuransi langsung turun drastis,negative
suami saya dirawat di rumah sakit ini selama 5 hari karena masalah pernapasan kami memilih kelas vip dan syukurlah masih ditanggung asuransi dalam batas harian kamarnya cukup luas dengan sofa bertingkat dan pasiennya sendirian,negative
kecewa sama dokternya pertama kali saya periksain bayi saya tapi enggak dicek secara detail cuma dicek apa adanya dan kesannya terlalu buru buru beberapa pertanyaan yang mau saya tanyakan jadi ke skip semua gara gara dokternya buru buru yaudah lah enggak usah berharap lebih untuk periksa disini !wajah_tersenyum_lebar_dan_berkeringat! hadeh,negative
pelayanannya bagus dan sigap petugasnya ramah rs nya bersih dan memiliki fasilitas yang cukup lengkap,positive
pelayanan nya mulai dari pendaftaran sampai tindakan benar benar memuaskan sangat recomendeed !nilai_seratus!!api!,positive
pusat panggilan terburuk yang pernah ada! sangat sulit untuk menghubungi operator setelah tersambung mereka hanya meneruskan panggilan ke saluran lain tetapi tidak ada yang mengangkat di ujung sana benar benar membuang waktu dan pulsa saya saya kira saya akan menjalani operasi pada hari senin tetapi saya mempertimbangkan kembali untuk pindah ke rumah sakit lain,negative
pelayanannya bagus terima kasih !wajah_tersenyum!,positive
dokter disini bagus bagus pelayanan rs nya lama banget pengesahan asuransi luama banget karena orang yang kerja cuma 2 orang masa rs,negative
datang jam 12 siang ke poly penyakit dalam yang bernama dari adek sampai jam 3 siang belum datang juga dengan alasan sedang istirahat dan tidak di beri tahu kapan dari datang nya kecewa saya menunggu dari lama banget,negative
perawat diruang bayi ramah dan murah senyum begitu dokter dan bidan bidan baik semua,positive
sangat berkesan sekali ketika pertama kali datang berobat ke rs siloam lippo village berbagai kemudahan fasilitas sangat baik dan memadai serta petugas perawat dan dokternya sangat baik dalam memberikan pelayanannya dan terutama,positive
ke 1 tim rumah sakit ini cara menyampaikan informasi atau komunikasi di pihak rumah sakit sangat kurang baik awalnya bilang berkas sudah di kirim ke asuransi dan saya cek ke pihak asuransi belum ada email atau pesan apapun yang di kirim oleh pihak rs ke pihak asuransi setelah saya tanya lagi ke suster yang bertugas apakah benar berkas sudah di kirim ke pihak asuransi karena saya sudah cek ke pihak asuransi tapi belum ada berkas yang masuk setelah itu susternya bilang sbntr ya pak saya cek lagi ke admin eh ternyata setelah di cek setelah 30 menit menunggu dengan harapan bahwa berkas sudah di proses di pihak asuransi ternyata baru saja di kirim 40 menit kemudian kata adminya baru saja kirim emailnya ke2 seakan akan kita yang harus berinisiatif atau proaktif bertanya ke susternya mengenai hasil lab entah darah urin pop dl padahal hasil lab sudah bisa keluar 1 2 jam setelah ambil ke 3 dari pihak lab juga saat mengambil sampel darah seakan seperti petugasnya lagi panen teh atau kopi jadi harus ambil hasil darah dari 1 lantai itu pada siapa yang harus darahnya di ambil jadi kalo 1 lantai itu ada 50 orang yang harus di ambil sampel darahnya ya orang yang pertama darahnya di ambil itu harus menunggu sampai 50 orang itu sudah di ambil darahnya baru bisa di periksa darahnya ke4 igdnya cukup bagus tapi acnya kadang tidak jalan dan panas banget di igd sampai mandi keringat saya ke5 komunikasi antara dokter spesialis atau dokter jaga ke suster jaga atau bertugas juga kurang baik dokter spesialis jaga sudah sampaikan bahwa obat a b jangan dk lanjutkan tapi pas jam minum obat berikutnya masih di kasih lagi untungnya kita harus proaktif untuk meminta susternya dobol cek lagi catatan dokter spesialis jaga sebelumnya ke6 kalau selang infus saya sudah ada darah yang menyumbat alur air infus maka susternya terus berusaha untuk putar dan jepit selangnya sampai pembulu darah sakit banget makanya saya meminta susternya untuk berhenti dan ganti saja selang yang baru lalu di ganti seakan2 sih susternya enggak bisa ambil inisiatif dan harus pasiennya,positive
terima kasih untuk rumah sakit dari abdul radjak hari kamis kemarin saya operasi sesar dengan menggunakan bpjs tapi pelayanan nya memuaskan sekali terutama untuk dari jaeni dan para suster yang bekerja secara profesional dan ramah yang membuat nyaman pasien pertahankan ya pelayanan yang memuaskan pasien seperti ini,positive
terimakasih kepada seluruh perawat atas kerjasamanya baik ramah sigap di ruangan flamboyan ini,positive
baik pelayanan dari petugas parkir satpam petugas nomor antrian pendaftaran apotek tenaga kesehatan di klinik mata dari hn sapa optha dari hasil observasi operasi sapa moga blio2 mendapat berkah dari allah swt amin,positive
terimakasih perawat dan dokter di ruang lavender buat pelayananya perawatnya ramah dan baik baik,positive
anak balitaku demam tinggi dan dapat rujukan rawat inap ke rs harapan sehati karena di tempat biasa berobat kamar sedang penuh walau pakai bpjs semua di tangani dengan baik cepat dan sigap enggak pakai menunggu lama dokter perawat juga gercep,positive
sudah langganan berobat desini layanannya mudah tidak dipersulit walaupun bpjs,negative
pelayanan buruk banyak staf tapi tidak cekatan pasien keluar darah dari hidung tidak ada tindakan apa apa padahal sudah lapor dokternya cuma sibuk buang muka,negative
sejauh ini sangat bagus sangat bagus,positive
memgecewakan tidak informatif sama sekali saya pulang rawat inap pasien asuransi tidak diberi info harus daftar dulu sebelum kontrol pas datang dijadwal kontrol dokter sudah penuh,negative
terima kasih untuk pelayanannya yang sangat baik diruang padma umum lantai 4 ruangannya bersih wangi perawatnya informatif banget baik baik ramah suster riri selaku kepala ruangan suster puput suster ari suster rizka suster hani suster,positive
rumah sakit dengan pelayanan yang sangat buruk pelayanannya lama terus pada tanggal 2 oktober 2024 pada jam 19 20 wib petugas penyerahan obat,negative
saya baru bisa menulis sekarang kejadian nya adalah kemarin 25 mei 2024 suami saya adalah pasien tb paru di rumah sakit ini dari awal sakit sampai dengan pengobatan semua berjalan baik tapi hari kemarin benar benar membuat saya,positive
dokter stephanie yulianto yang super sabar dan humble suster ramah dan cepat tanggap thanks dokter suster ruangan dan toilet bersih tetapi untuk ranjang anak terlalu tinggi mohon diperhatikan karena tidak ada tangga naik turun harus mengangkat anak kalo mau ketoilet berkali2,negative
dokter suka telat datang pelayanan kurang baik biaya terhitung mahal konsultasi terbatas tidak puas semoga kedepannya lebih baik,positive
pelayan memuaskan perawat nya di rawat inap anak baik,positive
satu satunya hal yang bagus di rumah sakit ini adalah dokternya setidaknya bagi saya area parkirnya buruk masuk turun lalu keluar masuk lagi lalu parkir mobil para staf bekerja sangat sangat sangat lambat maksud saya sangat sangat lambat bahkan jika anda ingin membayar anda harus menunggu setidaknya 45 menit buang buang waktu saja,negative
rs terburuk menurut saya petugas igdnya tidak ramah sangat buruk orang tua saya sakit enggak bisa jalan buat naik ke kursi roda saja perlu di bantu petugas igdnya masih sempetnya tertawa pas orang tua saya mau nark kursi roda terus kepleset,negative
sikap pelayanannya rata rata saya belum ke dokter sejak saya tiba di bangsal pada jam 14 00 apakah dokter merawat pasien secara tidak terlihat? jarum infus yang tertanam tidak dapat lepas meski tanpa infus apakah ini akan mempengaruhi keamanan istirahat?,negative
pelayanan yang sangat ramah dari dokter evernest dan dokter hendrik suster yang cepat dalam menangani pasien dan staf yang komunikatif,positive
i wil very recommend this hospital tapi everyone! rumah sakit yang hampir semua staf nya ramah mulai dari security staf registrasi dokter suster sampai ob nya ramah terlihat sekali rs ui memberikan,negative
rumah sakitnya bersih petugas ramah administrasi juga cepat tenaga medis juga terpercaya sudah menjadi rs langganan keluarga saya sekarang tidak perlu jauh2 ke jakarta untuk berobat,negative
worst hospital ini north jakarta mungkin untuk nakes ok ya kinerja nya cuma adminnya yaampun kayak mengomong sama tembok i suggest you better go tapi rs pik tahan tzu chi poor operator poor customer service no solution cuma bisa muter2 around omongan enggak bisa offer apapun ini bukan pertama kali ke tzu chi sudah pernah rawat inap dan kali ini memang mau rawat jalan dokter lepas tgn karena sudah diluar jam praktek dia hasil lab darah diagnosa tidak sesuai yang di diagnosa dokter meminta nomor dokter ke pihsak rs gadikasih dokter pun enggak offer complain ke cs no use at al benar benar kayak mengomong sama tembok wkakwkakwcomplained tapi operator by cal and wa ulur2 sampai waktu di followup cuma bilang enggak bisa baca hasil lah dsb kalo orang sudah urgent di ambang kematian deh mati duluan kalo kesini !tertawa_terbahak bahak!!tertawa_terbahak bahak!good luck deh if lu come here harus sabar banget !wajah_agak_tersenyum!!wajah_agak_tersenyum!!wajah_agak_tersenyum!,negative
periksa kista disini alhamdulillah sudah enggak ada dokter lardy baik banget ramah banget petugasnya juga ramah2 terima kasih!melipat_tangan!!melipat_tangan!,positive
pelayanan bagus ramah lingkungan bersih suster perawat nya sabar banget makanannya juga enak tapi kantin nya itu loh agak kumuh sih!wajah_tersenyum_dengan_air_mata!,negative
pelayanannya kurang cepat telfon menanyakan kehadiran dokternya katanya hadir pada sampai tiba dikamar dokternya ternyata lagi cuti mri perlu sampai 2 kali masih tidak tahu hasilnya dokter tidak bisa menjelaskan dengan jelas pindah kamar,negative
pelayanan cepat birokrasinya enggak bertele tele lumayanlah,negative
pelayanan nya lama banget pasien dari igd kecelakaan menunggu rongsen lama banget rumah sakit sebesar ini yang jaga radiologi masa cuma satu lucu banget,negative
walaupun ramah pelayanannya sangat lambat entah sistemnya seperti apa pasien rawat inap mau pulang saja sampai sore masih belum boleh pulang administrasi sangat tidak wajar,negative
rumah sakit bersih lokasi strategis staf ramah ramah suasananya nyaman fasilitas lengkap ibu saya melahirkan anak ke 3 di usia 47 tahun secara normal di sini dengan bantuan tenaga medis yang professional,negative
pesan dari saya buat rs sari asih cipondoh kalo bikin peraturan berlaku untuk semua jangan di beda bedakan kalau anak kecil tidak boleh masuk seharusnya berlaku untuk semua jangan mentang mentang bayar tunai anak kecil boleh masuk dan yang pakai bpjs tidak boleh masuk padahal bpjs juga di bayar loh setiap bulan gaji saya di potong untuk bayar bpjs enggak usah seperti itu aneh saya dengernya pas saya tanya sama security iya pak karena itu pembayaran tunai lucu saja kok buat peraturan seperti itu,negative
mau tanya saya ada rencana mau pindah faskes 1 saya di klinik kita apakah bisa lahiran normal di klinik kita?,negative
dokternya sabar bagus dan ramah terutama dari nina dan dari agus tapi sayang pelayanan dari depan sampai suster tidak ramah farmasi lama sekali saya kuret dengan bayar pribadi tidak menginap tapi di paket menginap saya bukan masalah,negative
pelayanannya tolong ditingkatkan lagi untuk menunggu dokter terlalu lama ada pasien dibelah saya menunggu dokter dari jam,positive
bagus pelayanan nya cepat suster dan dokter nya baik,positive
masih juga dengan keluhan yang sama gaes ini memang management nya yang enggak mau dengar atau bagaimana ya????,negative
alhamdulillah disini pelayanan baik dokternya jelasinnya sampai kita mengerti perawatnya satset banget dan care terima kasih untuk pelayanannya semoga selalu memberikan yang terbaik,positive
kemarin saya operasi di rumah sakit ini dan semua proses di rumah sakit ini mulai dari pendaftaran konsultasi dokter radiologi laboratorium dan perawatan semuanya sangat membantu terutama bagian pendaftaran sangat terbantu dan,positive
menyebalkan sekali,positive
saya hampir tersesat karena arahnya tidak cukup jelas sebagai pelanggan pertama saya datang pagi pagi sekali pukul 7 petugas administrasi seorang pria tua yang menjadi kasir di dalam konter sangat kasar tidak tersenyum sama sekali untuk melayani dokter dan perawat di klinik kulit sangat ramah namun resepnya sama sekali tidak mempan bagi saya ups!,negative
sudah menjadi pelanggan setia selama 11 tahun dan sangat puas dengan pelayanannya,positive
maaf layanan administrasi terburuk yang pernah saya alami menunggu petugas asuransi selama 1 jam hanya untuk menerima diagnosis dan resep dokter pasien? jumlahnya kurang dari 10 orang,negative
alhamdulillah rumah sakitnya sangat membantu pelayanan dan fasilitas nya memuaskan terimakasih rsia makiyah semoga tambah maju dan sukses selalu,positive
pengalaman saya melahirkan di rspi puri indah sangat menyenangkan karena perawatnya ramah dan penuh perhatian begitu pula dokter kandungan saya dari thomas chayadi sangat baik penuh perhatian dan sangat ramah terima kasih untuk semuanya !melipat_tangan_warna_kulit_cerah! !warna_kulit_cerah!!tepuk_tangan_warna_kulit_cerah! !warna_kulit_cerah!,positive
kemarin hari rabu jam 11 siang sampai di igd asa penangannya kurang bagus tindakannya kurg cepat masa 1 pasien nanganin masuk pendaftaran hampir 2 jam lebih kalo memang kamar penuh ya bilang ini malah cuma menunggu tanpa kepastian itu baru pendaftaran,negative
perawat dan dokternya ramah tapi ruang vip nya kecil beda dengan rumah sakit lain seperti hermina dl sofa nya pendek banget dan busa nya sudah meleleh parfum di ruangan sudah habis waktu kami datang tidak bisa pinjam piring menurut pengalaman saya di hermina bisa pinjam piring untuk waiters yang sabar,positive
poli nya lengkap cuma ramai dan lama banget pelayanan nya kalau pakai bpjs pernah rawat inap disini walau pakai bpjs pemeriksaan komplit namun kurangnya sabtu minggu enggak ada dokter visit,negative
pelayanan buruk saya pakai asuransi suruh bawa surat rujukan terus anak mencret panas tinggi dibilang enggak ada apa apa di kasih obat sanmol doang anak suruh pulang saja enggak ada indikasi bahaya malah makin tinggi panasnya enggak sembuh,negative
rumah sakit yang parah banget pelayanan igd orang tua saya sudah sakit lemas dan kesulitan berjalan di bilang tidak ada tanda emergency ketika di ekg di bilang normal walaupun normal bagaimana standar input data di mesin ekg bahkan umur pasien,negative
padahal pelayanan dari dokter satpam dan perawat sudah baik fasilitasnya juga oke tapi ada 1 orang di ugd yang membuat saya mendapat nilai 2 saya mengalami usus buntu yang pecah saya pakai bpjs dan langsung berobat ke,positive
saya kemarin dirawat inap di ruangan tulip 203 terima kasih banyak untuk dokter yang merawat dan para nakes yang sudah merawat dengan baik sampai saya sembuh dan bisa beraktivitas dengan semula kembali,positive
istri saya dirawat di ruang gawat darurat pelayanannya sangat baik seharusnya bpjs kelas 1 tetapi kamarnya penuh dan kemudian dia diupgrade ke kelas deluxe alhamdulillah,positive
dari awal masuk igd sampai masuk kekamar semuanya ok petugas igd yang cepat tanggap dan dari petugas di administrasi depan juga cepat bisa langsung dapat kamar semuanya aman ramah dan saya merasa pelayanan disini ok ternyata saya dikejutkan,negative
rsab harapan kita semakin bagus pelayanan nya !jempol_ke_atas!,negative
pelayanan nya bagus perawatnya ramah² anak aku di rawat di lantai 6,negative
mencoba brobat di rs ini karena kebetulan ikut suami di bgor dan dari awal memang sudah punya riwayat penyakit autoimun pelayanan di pendaftarannya bagus sih gercep dari mulai satpam dan pengurus lainnya kecuali dari dalam nya!tertawa_terbahak bahak!!tertawa_terbahak bahak! lawak,positive
alhamdulillah persalinan anak pertama di rs ini sangat terbantu sekali terimakasih untuk bu bidan yang sabar membantu dan ngebimbing pas lahiran perawat dan staf yang bertugasnya juga terimakasih bantuannya,positive
kali pertama ini saya berobat ke rs siloam kelapa dua untuk mengecek kondisi mata kanan saya yang kemudian disarankan untuk menjalani operasi katarak saya bertemu dengan dari cecil anggraini dan suster yola,negative
fasilitas? ac mati kran air washtafel mati keset kamar mandi enggak ada pelayanan? mulur enggak memuaskan sangat meminta tolong perawat jawabannya nanti ya sebentar ya mentang² pasien bpjs yang bayarnya murah enggak ada perhatiannya dasar perawat kedul belagu judes,positive
pelayanan tidak ramah,negative
rumah sakitnya bagus dan besar tapi customer carenya susah banget dihubungi dan pelit memberi informasi saya kecewa dengan pelayanan rs mayapada lebakbulus,negative
jangan pernah ke rumah sakit ini bpjs sekalipun harusnya review ibu melahirkan bisa baby blues masuk sini,positive
6316 review suster bayi and suster kamar oke siap siaga kalau ada apa bakal balik lagi untuk lahiran berikut ya !hati_merah!,negative
pelayanannya kurang bagus untuk perawat lagipula anda digaji oleh kami yang sakit jadi tolong budayakan sikap ramah sesama orang indonesia tolong pintar pintarlah,negative
pelayanan untuk pendaftaran untuk para kader dan oknumnya tolong diberantas karena sampai saat ini masih banyak kader yang bergerilya untuk mendapatkan kepentingan sendiri untuk para dokter nya bagus dan ramah,positive
sudah berulang kali melihat praktik orang dalam oleh perawat dipoli bedah onkologi didahulukan alurnya dipermudah selalu dipanggil lebih awal pasien dinas dan pasien yang kerja dirumah sakit okelah fine fine saja,positive
pelayanan yang memuaskan terima kasih rsia grand family dokternya smart suster dan security nya ramah sekai lagi terimakasih,positive
pelayanan nya sudah cukup baik hanya butuh ditingkatkan kakek dan nenek saya kontrol rutin ke dokter spesialis di sini semoga kedepannya lebih banyak poliklinik spesialis lainnya,positive
hari ini terapi lagi yang sda berjalan sangat lama dan alhamdulillah penyakit yang saya drita sda sangat banyak perubahan dan bersyukurnya dokter sama perawatnya sangat baik dan ramah pada pasiennya!melipat_tangan!!melipat_tangan!,positive
rs sebesar emc dengan parkiran mobil yang penuh dan kursi tiap poli yang hampir penuh terisi tapi untuk registrasi pembayaran benar benar lama,negative
rs sebesar ini bagian pendaftaran nya hanya 1 yang beroperasi padahal pasien sangat banyak antrian nya pun lama memprioritasakan pasien lama antrian lb dari pada pasien,negative
pelayanan nya parah anak 6 bulan di rawat inap tapi tempat tidur nya enggak bisa di pakai buat ibu menyusui ditanya ada yang lain tapi malah respon nya tidak enakin,negative
kami keluarga pasien maria chichi mengucapkan terima kasih atas pelayanan di mayapada hospital tangerang dept onkologi terbesar dan terbaik di jakarta barat tangerang kami rekomendasikan para penderita kanker untuk merujuk ke tempat ini suasananya yang hangat,positive
saya pelanggan tetap setiap kali sakit saya pilih sari asih mulai dari anak anak sampai saya sendiri pelayanannya bagus kalau ada masalah pasien cepat tanggap menanganinya,negative
datanglah ke dokter nelson edwin pratama spog pukul 09 30 sampai pukul 10 30 dokternya belum datang juga jadwal dokter pukul 09 00 ini adalah pelayanan rumah sakit terburuk yang pernah saya datangi membayar untuk seseorang yang terlambat ke dokter,negative
lama banget pelayanannya 2 jam menunggu dipoli mata tau2nya data tercecer entah kemana !tertawa_terbahak bahak! sudah deh perawat sama administrasinya ribut lelet asli pelayanannya sudah capek2 menunggu pula kagak dipanggil2 kayaknya kalo enggak aku mengomong smapai sore pun enggak dipanggil2 tolong ding dibenahi poli matanya mwnding di rs primaya tangerang saja sudah pasti aku ke royal sini karena rekomendasi suami alatnya bagus wkwkw tapi pelayanannya jelek prah kapok kesni enggak sesuai,positive
pelayanan cukup baik suster suster baik dan ramah kebersihan cukup fasilitas lumayan lengkap,positive
lokasi sangat mudah dijangkau untuk wilayah ciledug lingkungan bersih parkiran mudah layanan baik,positive
pelayanan kesehatan yang ramah dan tidak membeda bedakan antara pasien satu dan pasien lainnya,negative
pelayanan cepat n ramah selalu sigap dan sabar terutama erlian bd patrise,negative
great place and clean pegawai ramah sekali dari satpam pendaftaran sampai kasir,negative
saya terkesan dengan pelayanan di rs royal taruma ini fasilitasnya lengkap dan modern para dokter serta staf medisnya ramah dan profesional pendaftaran cepat dan efisien lingkungan bersih dan nyaman lokasinya juga strategis dan mudah diakses sangat direkomendasikan!bintang_medium_putih! !bintang_medium_putih! !bintang_medium_putih! !bintang_medium_putih! !bintang_medium_putih!,positive
counter 14 antrinya lama banget dari ruang tunggu penuh sampai ruang tunggu saya yang terakhir di cek 4 kali data belum sih proses dari jam set 9 kurang sampai jam set 12 malam petugas yang seharusnya sudah balik di ganti satpam gue karyawan di kasih masukan malah marah marah data yang sudah masuk di campur mana yang duluan mana yang belakangan informasi yang di kasih tidak lengkap berkas yang di kasih tidak lengkap harus bolak balik lagi pintu ke parkiran bawah sudah di kunci harus lewat depan muter jauh,negative
pelayanan nya cepat petugas yang ramah terutama pelayanan di laboratorium sedikit cerita saya rutin periksa profil lipid setiap bulan nya tapi saya selalu takut setiap kali mau diambil darah karena dibilang vena saya tipis dan pasti nya ditusuk,negative
pasar minggu saat saya datang ke ugd posisi gula ibu saya 27 sudah tidak sadarkan diri alhamdulillah tuhan mempertemukan dengan malaikat penolong perawat bpk boy sugiyanto yang cekatan cepat dan teliti dalam menangani pasien dalam waktu 45 menit,negative
pelayanan rumah sakit nya sangat bagus pegawai nya sangat baik hati lemah lebut dan sabar banget,positive
untuk karyawannya ramah tetapi kurang teliti dan terlalu ceroboh saya waktu antar orang tua kontrol pasca habis rawat inap hasil lab darah ibu saya dibilang belum ada hasil padahal hasilnya sudah ada karena saya tanyakan langsung ke ruang lab nya,negative
rumah sakit terburuk orang demam meriang ulu hati sakit cuman didiemin doang infusan habis orang mah langsung segera ditanggapi malah didiemin lama bisa 3 4 jam kemudian baru diganti itupun harus sering sering ditegur cari kamar susahnya setengah mati dengan perawat yang jutek dan tidak ramah terburuk sih pelayanannya,negative
rumah sakit yang ramah,negative
pelayanan cepat alhamdulillah putra ke 2 saya lahir di sini rs nya bersih terima kasih,positive
masya allah tabarakallah pelayanannya memuaskan ramah bersih terima kasih kepada semuanya yang telah membantu proses persalinan istri saya dari mulai pendaftaran administrasi perawat dokter dl semoga berkah sehat selalu dan lebih berkembang lagi amin !tangan_diangkat_dan_dirapatkan_bersama!,positive
pihak rumah sakit tolong lebih di didik dokter igd ini tolong diperhatikan!!!ini case nya dokter igd cuma tanya masalah sakit apa ngechek bentar enggak ada 2menit cek pergi habis itu enggak pernah balik suster di suruh tangani untuk suntik obat vit,negative
pelayanannya bagus dan obatnya manjur,positive
tidak perlu diragukan lagi rumah sakit yang sangat bagus ini tempatnya nyaman fasilitasnya memadai dan lokasinya sangat strategis untuk kenyamanan pelayanan,negative
alhamdulillah pelayanan di rsia asyifa depok sangat memuaskan dari segi pelayanan serba cepat dokter dan perawat sangat ramah dan membuat pasien nyaman proses persalinan istri di bantu oleh dokter jusuf dan bidan novi dapat bingkisan pampers juga pada saat mau pulang terimakasih banyak untuk rsia asyifa terbaiik,positive
untuk pelayanannya dokter dan susternya ramah!wajah_tersenyum!!jempol_ke_atas_warna_kulit_cerah! dan bisa langsung buat akta lahir dan kakak untuk sih bayi cepat juga pembuatannya sejauh ini semuanya good!jempol_ke_atas_warna_kulit_cerah!,positive
pelayanan baik perawat super ramah dan melakukan tindakan dengan sepenuh hati terimakasih banyak untuk perawat rsud ciracas,positive
pelayanan nya enggak bagus tidak cepat terutama di bagian dokter tidak tetap waktu selalu molor kalau 30 menit kita masih bisa toleransi tapi ini lebih dari 1 jam parah2 menegement rs nya enggak bisa berikan pelayanan yang sempurna lama dan lama tidak akan saya kembali ke rumah sakit ini,negative
bidan2 dan dokter spog nya sabar dan ramah pelayanan nya bagus tidak di beda2kan walaupun pakai bpjs,negative
rating nya saya kurangi karena pelayanan nya buruk anak istri saya datang berobat karena anak saya demam tinggi 1 ketika di cek di rumah demam nya 40 2 tapi sampai di sana tidak di tangani,negative
buat gue ini jadi salah satu rumah sakit paling mengecewakan gue menunggu buat di periksa dari jam 8 pagi sampai sudah jam 2 siang masih belum di tanganin,positive
pelayanan cepat dan sangat memuaskan,positive
saya melahirkan di budi kemuliaan dengan pelayanan yang bagus excellent disini juga ada pelayanan akte kakak dan kia gratis sangan recommended sekali the best,negative
rumah sakitnya bersih staffnya ramah apalagi apotaker bapak leo orgnya baik sekali !jempol_ke_atas!!jempol_ke_atas!!jempol_ke_atas!,positive
saya lahiran di rs hermina podomoro sunter namun masih harus balik lagi untuk ambil dokumen baby per hari ini saya ke rs hermina untuk mengambil dokumen baby sebelumnya saya,negative
untuk dokter igd oke tapi ketika sudah diruang perawatan disappointing suster susah sekali di panggil dan kurang ramah untuk fasilitas ruangan lumayan ada kulkas dispenser tv yang tidak menyala,negative
pelayanan memuaskan dari lahir sampai dokter anak sampai sekarang selalu di grha kedoya,positive
saya di rawat inap di rs atma jaya karena saya sakit infeksi paru2 tbc dan di cover dengan bpjs tapi yang saya bikin heran saya meminta pulang karena sudah enggak betah di rs tapi di ancam nya kalo bpjs saya bermasalah pihak rs enggak mau tanggung jawab saya enggak betah nya karena sudah seminggu lebih belum ada perubahan perawat nya juga kurang cepat dalam bekerja dan pihak keluarga saya meminta saya pulang dari rs tapi kalo saya pulang dengan kemauan saya sendiri kata dokter dan bagian adminitrasi itu bayar atau enggak ke cover oleh bpjs jelas jelas dari awal saya masuk bilang nya ke cover akhir nya saya bisa pulang tanpa prosedur dokter tapi di sini saya di mintain uang 2jt alasan dari pihak rs karena enggak mengikuti prosedur dia,negative
pelayanan buruk dalam administrasi ugd,negative
pelayanannya cukup bagus dan memuaskan perawatnya baik enggak ada yang judes,positive
terima kasih rs bhakti yudha alhamduliah berobat di sini merasa nyaman dan tentram karena didukung perawatnya yang santun dan ramah dokternya yang bersahaja pasien pun merasa puas dengan pelayanannya,positive
ngambil obat di apotik lama banget pusing deh kerja nya lemot,negative
anak saya sakit batuk sesak ternyata didiagnosa oleh dsa ada pneumoni lalu diminta di rawat inap awalnya saya sangat rekomen berobat di rs ini karena pelayanan mulai dari poli igd ruang ranap sebelumnya kelas 3 sangat nyaman,negative
saya lahiran sampai anak saya vaksin kemarin kena covid juga disini kalo dokter mnrut saya yang saya pakai sudah bagus tapi pelayanan dan kinerja suster yang psang infus ambil darah disana sangat tidak rekomen untuk di igd anak saya dipsang infus enggak pasti tusuk,negative
dokter dan perawat dan semua tim yang terlibat memberikan pelayanan yang terbaik terimakasih buat ciputra hospital citra garden city semakin diberkati semua pelayanannya!wajah_malaikat!!wajah_malaikat!,positive
vaksin poli tidak masalah,negative
tim front office dan perawatnya sangat membantu saya tidak perlu menunggu lama karena siloam menyediakan aplikasi mysiloam untuk membuat janji temu online mereka juga memiliki sistem yang terintegrasi dengan apotek saya tidak perlu mendaftar ulang dan memberikan resep dokter di apotek,negative
pelayanan ramah dan baik ada wifi juga sehingga memudahkan kita kalau ada situasi darurat menghubungi keluarga dsb,positive
bagian pendaftarannya admissionnya lama enggak jelas resepsuonistnya mengurusi apa intinya ngantrinya lama lebih dari 20 menit parah,negative
sebenarnya rs fmc ini lokasinya sangat strategis namun sayang pelayanannya agak kurang maksimal parkir gatenya rusak waktu kesana lalu kebersihannya kurang maksimal sekuritinya yang agak sedikit kurang ramah semoga bisa ditingkatkan,negative
pelayanan sangat baik suster jaga sigap dan cepat dalam menangani keluhan keluarga pasien dokter selalu datang memeriksa perkembangan pasien,positive
susternya semua ramah pengurusan berkas dan lain2nya mudah kamar kelas 1 nya luas dan bersih banget fasilitasya lengkap termasuk ada fisioterapi big thanks buat rumah sakit bina husada karena sudah melayani dan merawat suami saya !warna_kulit_cerah!,positive
bismillahirrahmanirrahim alhamdulillah terima kasih banyak atas prosesnya dari awal sampai akhir semuanya sangat cepat perawat dan dokternya sangat ramah,positive
yaallah capek banget padahal saya bayar pribadi tapi dibuat bolakbalik satpamnya ngang ngong ngang ngong pagipagi saya mau ngambil nomer antrian ke dsa disuruh balik habis istirahat makan siang saya sudah balik dibilang sudah penuh malah anak,negative
pelayanan sangat buruk hari ini senin 18 maret 2024 21 40 wib saya disuruh menunggu selama 1 jam tanpa kepastian padahal saya sesak nafas saya hanya ingin rapid test untuk mengetahui apakah saya terkena covid atau tidak,negative
pelayanan farmasi nya lama nya meminta ampun yang di depan jaga cuma 1 orang saja !wajah_lega! harusnya 2 3 4 biar sat set petugas farmasi nya juga harus nya ditambah lagi padahal kualitas dokter nya bagus loh bener² saya menunggu obat dari jam 3 sore saat ini jam 8 malam belum dipanggil juga untuk fasilitas mencar2 begitu jadi pusing tidak efektif dan efisien pokoknya biar bintang yang berbicara _,negative
pelayanan nya bagus walau baru pertama kali ke sana untuk operasi sc memakai metode eracs kah walau pakai bpjs?,negative
rumah sakit laknat kalo enggak mau terima pasien pakai bpjs lebih baik hapus tulisan melayani bpjs kita bpjs juga bayar pasien pakai bpjs di sini pasti keluar duit ini rs asifa menghalalkan uang hasil bohong kepada pasien bpjs bravo dokter dokter laknat,positive
pikirkan lagi untuk membawa pasien ke rumah sakit ini untuk tes pcr anda hampir 30 jam untuk mendapatkan hasilnya dan hingga kini 54 jam berlalu hasil tes masih belum tersedia di,positive
pelayanan meskipun pakai bpjs alhamdullilah cepat nyaman dan semu petugas ramah ramah,negative
tempat yang bagus untuk mcu perlu meningkatkan cara mengelola antrian selama daftar tunggu,negative
terimakasih perawat perawat dan dokter icu atas pelayanan nya !melipat_tangan!!melipat_tangan!!melipat_tangan!,positive
alhamdulillah pengalaman pertama rawat inap di asyifa tidak mengecewakan dari pendaftaran pegawai sudah ramah petugas igd juga tanggap dokter yang menangani dari tulus informatif dan jelas 5hari dirawat konsisten pelayanan suster,negative
pelayanan di rsud cengkareng ini teramat sangat buruk anak saya masih bayi di biarkan di igd lebih dari 20 jam tanpa obat tanpa infus infus cuma pajangan karena enggak masuk anak saya di terlantar kan tanpa kejelasan kapan dapat kamar,negative
ucapan terima kasih kepada rs ukrida dari para perawat dan dokter terutama dari rico dari crispian dan dari kristian pengalaman saya selama berobat dan operasi di rs ukrida pelayanannya sangat memuaskan tidak untuk yang,positive
penanganan bagus cepat kamar inapnya bersih pelayanan sangat ramah,negative
di pendaftaran enggak ada petugas nya harus menunggu lama 15 minta apa memang seperti itu pelayanan nya ke dokter umum enggak bisa pakai bpjs kata petugas nya harus emergency baru bisa pakai bpjs,negative
tempat bersih pelayanan baik dan cepat walaupun ramai dan banyak pengecekan bertahap bagus untuk cek mata,positive
pelayanan tidak sesuai informasi dan janji sebelum cek lab tsh saya tanya berkali kali berapa lama hasilnya akan keluar?,negative
kalo semua faktor uang mending enggak usah terima pasien pbjs pelayanan dan penanganan kayak tahi bidan di lantai 3 tuh judes nya bukan main oksigen turun malah di diamkan infus habis di suruh tunggu 30mnit baru datang ibu saya enggak sadarkan diri,negative
mulai dari administrasi cepat untuk pelayanan di poli mata mulai dari cek minus mata ners dan dokter nya juga ramah dan baik,positive
untuk pelayanan oke dari awal pintu depan security ramah terus ke pendaftaran juga enggak dah yang jutek terus perawat sama dokter nya juga oke banget untuk pemeriksaan dokter nya juga teliti banget enggak buru² petugas kasir lab serta farmasi juga baik n ramah,positive
bisa rontgen panoramic gigi biaya murah dan cepat !jempol_ke_atas!,positive
pengalaman pertama lahiran dan lahirannya di rsud pademangan masya allah pelayanannya sangat baik dan fasilitasnya lengkap bidan bidan yang bantuin juga baik ramah sekali dan informatif semoga allah membalas kebaikan bidan bidan rsud barakallahu fiikum!wajah_tersenyum_dengan_3_hati!!wajah_tersenyum_lebar_bermata_hati!,positive
pelayanan baik untuk pasien heritage walau kadang arahan dari suster kurang jelas memberikan informasi sehingga harus bertanya kemana bagaimana apa selanjutnya dan sop setiap petugas unit berbeda beda atau mmng belum ada standar layanan?,positive
fasilitas pendukung seperti minimarket masjid restoran dan kafe lengkap tempat parkir juga luas satpamnya ramah untuk paviliun kartika jam besuk tidak dibatasi jumlah rombongan saja dibatasi agar tidak terlalu berisik di kamar,negative
assalammualaikum ini rumah sakit benar pilih kasih yang ada duit nya saja di baik2in giliran yang pakai bpjs di jutekin,positive
dokternya oke tapi tim yang manage reservasinya jelek sekali saya sudah reservasi dari seminggu sebelum bilangnya akan terima konfirmasi via sms wa tiap hari saya follow up ngabarin belum dapat konfirmasi tetap disuruh menunggu sampai,positive
pelayanan nya bagus tempat nya nyaman dan bersih staf staf dan cleaning service securty pun ramah ramah !wajah_agak_tersenyum!,negative
parkiran nya mahal banget harusnya kalo pasien dikasih surat parkir gratis kayak rs citra jadi mondar mandir enggak harus bayar,positive
bagus pelayanan rs di batam dibatam rs bagus saja auto langsung tanganin ini nak tunggu berapa jam baru datang itu dari asli disini dokter cowonya mau cepat entah hapalah mengecek kandungan kok buru,negative
buat yang punya penyakit berat jangan sampai dibawa ke sini kalo enggak mau menyesal rumah sakit terburuk yang pernah ada pelayanan kurang banget susternya jutek kalo mau rujuk ke rs lain ada saja alasannya biar tetap ditahan,negative
ini bukan pengalaman pribadi tapi ini pengalaman teman teman yang saya dapat di media sosial bahwa rumah sakit ini sangat mengutamakan uang dibanding pasien sangat tidak manusiawi karena ya ujung²nya uang dulu baru berobat mending cari rumah,negative
terkait pelayanan fasilitas tenaga kesehatan sangat puas dan baik sekali namun mohon untuk ditanyakan apakah yang menginap diperbolehkan atau boleh membawa perlengkapan sendiri agar tidak merasa pegal saat menunggu karena,positive
hanya satu ucapan untuk rs royal taruma semoga pasiennya semakin banyak karena saya beserta keluarga besar mempercayakan pelayanan kesehatan ke rs royal taruma,negative
saya senang sekali bisa terapi di fisioterapi rs mma pelayanannya sangat baik dan juga ramah,positive
susternya satpam pegawai yang lain juga ramah rumah sakitnya bagus pelayanan cepat fasilitas bagus parkiran di bagian blkg ada indomaretnya juga bisa pakai bpjs juga ya,negative
this hospital does not accept covid 19 patients i registered online but at the last minute the staf informed me that my registration was rejected due tapi covid 19 concerns they suggested an online consultation instead how can this be?,positive
pengalaman saya di rs ini sangat pilu dan menyedihkan karena almarhum ayah saya telah hilang setengah kesadaran nya tetapi malah di anggap gila tidak waras oleh perawat batak gendut item demi allah wallahi perkataan itu selalu membekas di pikiran saya ingat hukum timbal balik itu nyata dan ada,negative
farmasi lupa input total adm pelayanan lama buangeeet!jempol_ke_bawah_warna_kulit_cerah sedang!!jempol_ke_bawah_warna_kulit_cerah sedang!!jempol_ke_bawah_warna_kulit_cerah sedang!,negative
alhamdulillah selama saya dirawat di gedung safa 1 pelayanannya bagus perawatnya ramah saya hanya bisa menyarankan agar di setiap kamar disediakan fasilitas seperti sabun cuci tangan,negative
pelayanan nya sangat kurang terutama untuk suster yang jaga di igd yang pakai kacamata kulit sawo matang agak tua sangat minus attitude,negative
surat keterangan kepesertaan tidak ada suka skep tertulis tidak ada yang menjelaskan alasan tidak bisa memberikan surat kepesertaan,negative
saya pasien persalin rsud kemayoran pelayanan nya baik ramah dokterny juga baik hati suster rumah sakit rsud kemyrn juga ramah banget,negative
ruangan nya bersih wc bersih enggak ada bau suster dan dokternya juga ramah ramah,negative
untuk pelayanan kami skl sangat puas semoga semakin bagus lagi kedepannya,positive
amat sangat kurang bagus untuk pelayanan bagian farmasinya dokter visit jam 8 30 wib sudah diberitahukan keluhannya tapi ketika di pinta obat salep untuk lukanya kata perawatnya belum naik baru naik jam 12 siang dari farmasi ke bagian ruang,positive
playanan yang sangat bagus obat obatan lengkap tidak perlu beli diluar suster ramah2 dan cantik cantik,negative
pelayanan bintang 5 kualitas bintang 5 suami saya dirawat dikamar 124 dokter sama perawat nya sangat memuaskan,positive
sempat dirawat disini waktu dbd kemarin pelayanan oke banget dari marketing suster housekeeping sampai dokter informatif responsif thankyou !melipat_tangan_warna_kulit_cerah sedang!,negative
bersih dan nyaman sekali dan pelayanan nya pun sangat baik dan bagus,positive
sangat direkomendasikan bagi pasien yang menjalani cuci darah di rumah sakit ini perawat terbaik tidak asal asalan meskipun kita pakai bpjs tetap dilayani dengan baik dan tuntas intinya tempat cuci darah terbaik yang perawatnya tidak,positive
jangan berobat sama dokter wang suryany di bagian dermatologist rs pik dokter tidak capable tidak profesional dan bad attitude !jempol_ke_bawah_warna_kulit_cerah! sebagai dokter yang sudah belajar bertahun tahun harusnya mengerti apa yang namanya etika dan sopan santun,negative
pertama kali berobat di rumah sakit ini pelayanannya top banget dokter dan perawatnya baik dan cepat terutama bidannya bidannya mantap ramah ramah banget recomended banget !oke_warna_kulit_cerah! !warna_kulit_cerah!,positive
mohon maaf kalo bisa untuk mesin online tolong di jadikan seperti dulu lagi jam 00 00 karena untuk pasien kulit di batasi tabung hanya 25 orang jadi kita kejar ran waktu siapa cepat dia yang dapat,negative
rs dengan fasilitas kesehatan yang lengkap,positive
sop untuk pasien umum nya sangat jelek ibu saya vaksin di handle oleh dokter umum namun selanjutnya ketika saya vaksin di sini malah di handle oleh dojter specialist tanpa sepengetahuan dan persetujuan saya coba pakai logika saja mengapai vaksin perlu dokter specialist ? kalau memang ada perbedaan kualitas ketika konsultasi saya ikhlas tapi selama di handel dokter ini tidak ada yang di konsultasikan ada keterlambata stok vaksin saja tidak di informasikan ini sop nya tolong di perbaiki alasan yang di beri ke saya karena dokter lain sibuk jadi kalau ada pasien yang perlu dokter specialist di tangani dokter umum ? ini padahal saya sudah nungu lama sekali ini rumah sakit dengan tag line bermimpi menjadi panutan tapi selama beberapa kali berobat di sini yang di tekankan bukan kualitas tapi bil pasien,positive
pertama kalinya ke rumah sakit ini untuk memeriksakan kesehatan suami saya datang sekitar pukul 10 pagi antar suami saya ke lobi supaya prosesnya lebih cepat sementara saya mencari tempat parkir mobil,negative
pelayanan di melia sangat bagus nyaman dan aman terutama di ruangan gaea hestia perawatnya sangat ramah,positive
pelayanan di rsud pas minggu sudah baik dan lancar waktu anak saya sakit dan dirujuk ke rs ini dirawat di lantai 7 dokter dan perawat yang melayani sangat ramah dilengkapi juga dengan ruang bermain anak terus tingkatkan pelayanan dan fasilitas agar lebih baik lagi,positive
hari ini minggu tanggal 31 3 24 saya datang membawa ibu saya ke igd rsud kemayoran dengan keluhan sesak saya daftar menggunakan bpjs kesehatan lalu setelah dilakukan pemeriksaan dokter tidak ada indikasi rawat sehingga pasien boleh rajal,negative
dari andi japutra yang terbaik,positive
pelayanan bagus ramah apalagi dokter liona the best!wajah_tersenyum_lebar_bermata_hati!cuma lama banget di pelayanan obat menunggu obat hampir 1 jam belum dipanggil2 juga!wajah_menangis_keras!mana anak sudah enggak betah disuruh tunggu sbntar terus sama petugsnya huhu,negative
pelayanan baik karyawan ramah apalagi pak sekuriti nya fasilitas baik dan lengkap semua dilayani dengan baik untuk area makan ada di parkiran ada atm nya tapi terbatas untuk area ibu dan anak sedikit ada tanjakan pendaftaran bisa melalui online,positive
tempat yang bagus untuk memulihkan diri pelayanan yang bagus,negative
perawatnya sangat kurang baik dan tidak bisa memberikan pelayanan yang sesuai dengan ilmu yang sudah mereka pelajari pelayananya benar benar jelek sekali terutama pengalaman saya pada perawat lantai 6 bukan mau dihormati tapi tidak seharusnya memberikan pelayanan yang bisa dibilang jelek banget padahal datang mau minjem kursi roda untuk pasien disebelah karena habis lahiran tapi karena saya enggak tau siapa nama pasien tersebut akhirnya saya jawab kurang tau tapi respon perawat disana dih apakah pantas seoranga perawat memberikan layanan seprti itu? terus pas di lift saya bertemu dengan bapak yang ternyata mereka dapat pelayanan yang kurang baik juga dari rs ini,positive
alhamdulillah dekat dengan rumah sangat membantu mobilisasi adapun pelayanan ramah sampai ke security nya ada beberapa nakes yang individunya jutek abaikan saja fokus pada yang baik² dan kesehatan mental kita,positive
bersih baik ramah customer care oleh ria suharlan,positive
pelayanan farmasi bpjsnya lama padahal tinggal ngambil saja mohon ditunggu gakerasa sudah 30 menit enggak ada panggilan lagi begitu disamperin baru jalan itupun lama lagi hadeh,negative
adik saya meninggal dalam kandungan di tempat ini karena dokter nya tidak datang datang dan mama saya disuruh tahan janin dia padahal sudah kontraksi akhirnya adik saya keracunan air janin dan mati dalam kandungan puluhan tahun yang lalu sih tapi sudah merenggut nyawa jadi kasih bintang berapa kira kira?,positive
sangat senang dengan pelayanan di rs atma jaya pelayanannya sangat baik dan ramah cepat dan tanggap dokter bidan dan susternya sangat baik,positive
luar biasa terima kasih pak rs ukrida saya melahirkan menggunakan fasilitas bpjs tetapi mendapatkan pelayanan yang sangat baik dan ramah terima kasih kepada tenaga kesehatan perawat dan dokter kandungan semoga allah memberkahi!melipat_tangan!,positive
rumah sakit citra arafiq medika berada di jalan rtm adalah jaringan rumah sakit bunda yang memiliki layanan emergency 24 jam dan poliklinik yang lengkap,positive
datang dari jam 5 pagi enggak tau nya mesin antriannya mati jadi nomer tidak sesuai kedatangan sempat mati lampu 2x walaupun cuma sebentar,negative
rumah sakit zonk inpus saja enggak bisa pelayanan payah suster pada sok angkuh jangan mau ke rs ini mending cari rs lain,negative
waktu anak saya di opname suster hampir salah mengasih obat lewat infus untung ada mertua saya bertanya terlebih dahulu ini obat untuk atas nama anak saya atau bukan,negative
buat yang sakit terus di rujuk kesini pertama kali mending enggak usah deh buat orang yang baru pertama kali kesini pasti bingung dan bertanya pun enggak ada tanggepan baik dari orang orang nya,positive
antrian b lama dipanggilnya tersedia sampai 5 loket padahal yang 1 untuk berbayar 1 lagi untuk anak berarti ada 3 loket untuk bpjs tapi tetap saja lama !orang_marah!,negative
pelayanan nya bagus dan luar biasa dari hamil sampai anak sudah 8 tahun tetap ke family enggak mau pindah karena memang sebagus itu dokter nya juga sabar banget thank you,positive
acara getring perusahaan rekanan rs sentra medika cisalak acaranya sangat menarik dan informatif kami disambut dengan sengat baik oleh tim rs sentra medika,positive
dilihat dari tempat memang sepi tapi bagus dan rapi cuman kemarin waktu ibu saya lagi besuk teman yang kena kecelakaan di daerah itu dan masuk icu ibu saya bilang kalo susternya itu judes enggak ramah sama sekali saya pikir seperti diulasan,negative
kurang komunikatif biaya layanannya memang mahal ya karena sebanding dengan fasilitas rumah sakit tapi yang tidak masuk akal adalah biaya admin itu 6 dari total biaya rumah sakit 6 saja sudah 2 6 juta hanya untuk biaya admin itu tidak,negative
pelayanan ramah suster nya cepat datang kalau di butuhin,negative
di pendaftaran orang nya tidak ramah pas menunggu ronsen tidak sesuai dengan waktu yang di tentukan,negative
rumah sakit ini sangat baik dan banyak pengalaman yang saya dapatkan selama praktek di rumah sakit jiwa dari soehartoherja kakak perawatnya baik baik asik,positive
hasil tes pcr keluar dalam waktu 48 jam bukan 24 jam! datang ke sini 3 kali untuk tes pcr,negative
rumah sakit bertaraf internasional di kawasan pantai indah kapuk bersih modern lengkap dan pelayanan para medis yang baik dan ramah !jempol_ke_atas!,positive
saya pengguna bpjs kelas 3 alhamdulillah masyaalloh tabarokahlloh tidak dibeda2akn dokter dan suster2nya semua baik dan selalu menjawab dengan bahasa yang baik makanannya juga enak penangannya cepat dalam penangangan pasiennya terutama,positive
semakin sering kesini semakin jago baik dari segi pelayanan dan adminnya jauh lebih cepat makin sukses makin berkembang terima kasih rs graha kedoya,positive
saya tidak mau membahas mengenai daftar online antrian panjang tunggu dokter lama atau panggilan obat yang mengular disini saya mau merekomendasikan dokter orthopedi dari putu mega melayani dengan,negative
gedung nya baru keren banget begitu masuk lobi wangi banget kayak di lobi hotel keren ada travelator seperti mal ke laboratorium juga petugas ramah sangat edukatif ada yang standby di depan hasil juga cepat,negative
keren pelayanannya !wajah_dengan_mata_berbentuk_bintang!!wajah_dengan_mata_berbentuk_bintang!!wajah_dengan_mata_berbentuk_bintang!!wajah_dengan_mata_berbentuk_bintang!!wajah_dengan_mata_berbentuk_bintang! meskipun rs tidak terlalu besar namun layanan bpjs boleh di apresiasi perawatnya ramah gercep,negative
semua staf dan dokter sangat ramah dan memberikan saran yang bagus teruskan,positive
terbaik lah dokter nya sabar anak 2 lahir normal bersih juga tempatnya bidannya sabar2 dan ramah pokoknya ok banget recomend banget buat lahiran disana karena dokter dan bidannya sabar !jempol_ke_atas!!jempol_ke_atas!!jempol_ke_atas!!jempol_ke_atas!,positive
rs bagus bersih saya pakai dana pribadi saat dirawat disini yang saya sayangkan kenapa perawatan meniru tanda tangan saya tanpa persetujuan saya apa susahnya masuk ke ruangan dan meminta ke saya ini termasuk dengan pemalsuan data,negative
ada rumah dukanya dengan pelayanan yang tidak mengecewakan kirim bunga duka cita pun gampang,negative
alhamdulillah masya allah lahir di sini pakai bpjs aman nyaman banget sudah begitu saja pelayanannya memuaskan banget !hati_merah!!wajah_tersenyum_lebar_bermata_hati!!wajah_tersenyum_lebar_bermata_hati! kamar bayi !hati_merah!,positive
pelayanannya memuaskan kamarnya luas dan bersih untuk satpam disediakan sofa panjang jadi nyaman untuk satpam perawatnya bekerja dengan sangat baik dan sangat profesional di ruang sofa 3,positive
alhamdulillah lahiran sc eracs di hermina dengan dari katerine berjalan lancar terima kasih rs hermina karena memberikan pelayanan yang memuaskan mulai dari,positive
pelayanan kurang memuaskan judes dan merasa paling paham tentang sop dan apakah berbicara dengan cetus denga keluarga pasien dan pasien tolong adabnya di memperbaiki untuk karyawannya teruntuk bagian pendaftaran,positive
pelayanan di rumah sakit ini khususnya kamar 2 sangat luar biasa dan terbaik mulai dari dokter perawat pembimbing rohani dan tenaga pelayanan lainnya saya merasa senang dan bahagia karena setiap pagi saya selalu didoakan oleh teman teman sejawat,positive
pelayanannya ramah tenaga medisnya sabar2 terimakasih buat para perawat ruang shofa dan ruang jedah yang sudah sabar merawat luka2 maher,positive
berobat di klinik eksekutif nya pelni nyaman banget pelayanan nya cepat tempat nya bersih dan perawatnya ramah yang punya asuransi umum mending kesini deh,negative
staf yang super ramah pelayanan yang cepat dan fasilitas lengkap the best pokoknya,negative
semua ramah kecuali satu orang di loket pendaftaran di konter 7 tanggal 14 juni 2024 bertugas sekitar pukul 15 00 wib bu yang pakai kacamata galak banget buat pihak manajemen tolong dibimbing ya bu sayang saya,negative
pelayanan perawat tidak ramah kamar mandi kotor airnya tidak bersih coklat mohon kiranya untuk bapak ibu hrd untuk lebih detail lagi seleksi penerimaan dokter spesialis di rs anda menurut kami ini adalah rs yang berbisnis kepada pasien kepada orang tua yang anaknya sakit mending mikir 1000x untuk berobat ke rs sumber waras ini,negative
pelayanan fisioterapi sangat tidak manusiawi datang pagi enggak dapat nomer datang siang pun enggak dapat nomer pasien sudah kondisi sakit mau berobat tapi tetap tidak bisa mendapatkan pelayanan selalu diinfokan kuota habis kuota habis daftar online pun tidak pernah bisa kebagian nomer antrian,negative
sok far rs terdekat yang punya pelayanan lumayan bagus beberapa masukan buat brawijaya,negative
buat mas mas cleaning service yang dilantai 1 yang rambutnya dikuncir kenapa dirimu lucu sekali sih bersihin kacanya rajin hehe btw aku crush on you mas mas lantai satu yang dikuncir!wajah_memberikan_ciuman_jauh!!wajah_memberikan_ciuman_jauh!!wajah_memberikan_ciuman_jauh!!wajah_memberikan_ciuman_jauh!,positive
tolong dengan sangat penuh perhatian nya untuk pihak rumah sakit ini disini pasien bayar untuk berobat untuk konselul bukan untuk menunggu dokter main sosial media instagram tolong ber etika sebagai dokter kandungan disaat ada pasien,positive
datang 03 october 2024 jam 02 45 pagi parkir depan igd saya masuk ke igd meminta kursi ke salah satu suster tapi cuma nunjuk itu pakai bibir itu okelah masih di terima sedang kan ada 2 orang perawat di balik komputer tidak menghiraukan tidak ada itikat membantu pasien igd yang baru datang mana pasien nya sudah lemes kesakitan perut nya karena posisi lagi hamil sudah begitu kursi roda macet karen roda yang flexi nya sudah oblak dan enggak mau berputar saya istri dan mertua saya sangat bkerja keras demi mendorong kursi roda ug rusak tersebut se masuk nya di igd saya bilang ini perut nya sakit melilit pasien kondisi hamil lalu ada suara lelaki dari balik komputer o langsung saja naik ke lantai tiga bu ketok2 saja wtfck minimal samperin pasien bantu dan di arah kan ini masih cengangas cngenges dibalik komputer fck lah very2 bad attitude al of you,negative
dari septania di baagian rehab medik sangat ramah dan pelayanannya bagus untuk susternya dan masnya juga ramah2 sabar dan on time keluhan tangan saya sudah lumayan ringan walaupun belum 100 sembuh selama di fisioterapi disini,positive
rsud nya bagus nakes ramah semua apa lagi bagian hd,negative
tidak bisa melakukan rontgen di radiologi jam 19 00 19 30 karena pada jam tersebut admin sedang sholat,negative
pertama kali lahiran menggunakan bpjs ke rsud johar baru masya allah penanganan nya cepat banget bidan semuanya sergep dan ramah2 sabar ikhlas menolong saya ketika mau lahiran,positive
pelayanannya kurang bagus saya sudah 2x bolak balik ke rs mau kunjungan ke dokter saraf alasannya selalu tidak ada dokternya padahal saat itu keadaan saya lagi sakit banget!wajah_kecewa_namun_lega!,positive
pengalaman bedah eksisi di rs permata depok menggunakan bpjs pelayanannya bagus dari administrasi yang mudah para staffnya ramah dokternya baik dan profesional one of a very recommended hospital ini depok area !wajah_gembira_dengan_mata_bahagia!!jempol_ke_atas!,positive
pelayanan nya di tingkatkan lagi percuma antri pakai nomor antrian tapi pemanggilan nya di random !! setiap pasien di panggil enggak di sebut namanya apakah karena menggunakan bpjs jadi terlalu di remehkan ????!!,negative
buat gilang yang comment di bawah saya terima kasih ya doa nya semoga sehat sehat semua nya amin,negative
menunggu dari jam 8 jadwalnya jam 9 dokternya baru datang jam 11 35,positive
pelayanan dokter dan perawatnya sangat baik dan memuaskan hanya saja antrian untuk mengantar obatnya tidak jelas dan saya bahkan menunggu sampai 3 jam untuk antriannya anehnya ada yang baru saja mengurus serah terima,positive
parkirannya kalo rawat inap belum ada member nya dan lumayan mahal parkirannya pelayanan rumah sakit cukup baik,positive
sangat recomended sekali untuk tenaga perawat dan dokternya sangat profesional ramah sigap dan sangat terlatih untuk kebersihan kamar juga ok banget terutama untuk ruang ibu dan anak bagi yang mau lahiran disini sangat recomended dan harganya ekonomis,positive
secara pelayanan sih beberapa kali saya di rawat disini selalu terbaik ramah cuma yang jadi point ulasan disini adalah tentang interior yaitu soal letak unit,positive
saya sudah swab antigen di sini katanya hasilnya baru keluar sekitar 3 4 jam lagi dan hasilnya dikirim via email itu terlalu lama padahal antigen keluarnya hanya 20 menit lalu saya tunggu ternyata butuh waktu sekitar 5,negative
1 jam dikamar mati 2 suster tidak ramah 3 disuruh rontgen tapi malah menunggu lama di ruang suster kalo belum siap kenapa harus dipanggil 4 satpam patroli kekamar waktu tidak selalu sama pernah jam 10 malam waktu pasien sudah tidur dan beramai² 5 pendaftaran radiologi ditulis pelayanan jam 07 30 tapi sampai jam 08 00 belum buka petugas malah sibuk cari kunci 6 satpam tidak ada saat akan melakukan penukaran kartu dengan ktp,negative
untuk fasilitas sih ok ya enggak ada masalah kamar juga nyaman tapi mohon untuk etitut prawat dan bidan harus di perbaiki sama sekali enggak dah empati nya sama psien dan respon nya sngat lama terlalu cuek sama pasien krja sambil,positive
keep going rumah sehat untuk jakarta untuk kinerja baiknya,positive
pelayanannya bagus! banyak bidang yang bisa ditingkatkan di masa mendatang,positive
saya datang hari sabtu dari jam 10 pelayanan instalasi farmasi di lantai 2 rs pelni sangat lama sampai sekarang di jam 13 30 belum juga di panggil tolong kinerjanya di tingkatkan lagi apa lagi saya membwa orang tua yang sudah lanjut usia dan,negative
pelayanan baik tanggap fast respon pertahankan kualitas pelayanan !isyarat_kemenangan!!lengan_berotot!!lengan_berotot!,positive
jujur enggak pernah se traumatized ini mencoba pulang dari rs sampai bingung mesti cerita dari mana? yang jelas proses pulang benar benar dipersulit,positive
jujur nih rumah sakit mengecewakan kalo orang sakit bisa dibuat mati masa daftar sudah dari sore katanya ada dokter jantung jam 6 terus ditelp ganti jadwal jam 7 baru diperjalanam dikasih tau jam 8 baru dah dokterx sampai sana kata nya dokter enggak datang macet dijalan kan lucu pantesaan banyak berobat keluar negeri soalnya dokter indoensia main main bukan kayak dokter luar negeri kedisiplinan sama sekali enggak dah,positive
menggunakan bpjs semuanya berjalan lancar staf sangat membantu suasana bersih dan menyenangkan sangat modern untuk rumah sakit pemerintah,positive
enggak jls banget rs nya mcu sudah bayar mahal tapi lama banget enggak kayak dulu katanya menunggu hasilnya 20 minta saja eh sudah ditunggu selama 20 minta malah bilang kalau dokter spesialisnya lagi usg jadi enggak tau kapan bisa baca hasilnya dokter mcu nya juga enggak,positive
saya kecewa dengan layanan dan cara manajemen menangani masalah tersebut semuanya terasa terlalu mahal dan sok penting sangat berbeda dengan layanan di mayapada saya tidak akan merekomendasikan rumah sakit ini kepada siapa pun yang saya kenal kalian semua pembohong dan manipulatif,negative
dari tahun 2008 anak saya lahir disini pernah di opname disini pun adiknya juga sampai saya kapok dan pindah rs kemarin keponakan saya dirawat disini fix tidak ada perubahan untuk perawatnya jutek ketus dan kurang sopan,negative
pelayanan tes usap paling buruk yang pernah saya alami percuma semalam daftar di halodoc dan sudah bayar tapi masih antri 3 jam enggak jelas model drive thru nya seperti apa sangat tidak direkomendasikan dan tidak akan pernah ke rumah sakit ini lagi,negative
lokasi strategis rumah sakit bersih dan rapi pelayanan sangat responsif dan ramah cal center memberi informasi dengan cepat dan sangat membantu dokter sangat bagus ada coffe bean juga jadi sambil menunggu antrian bisa sambil ngopi2 juga sangat rekomen sekali !jempol_ke_atas!,positive
rsud tanah abang semoga bisa dipertahankan kualitas pelayanannya staf rs ramah pelayanan cepat saya cek lab hasilnya sudah langsung bisa di cek by sistem oleh petugas dan softcopynya dikirim via wa ke kita dan sempat ke kamar mandi nya juga bersih keren!!,positive
tempat nya bersih petugasnya ramah antrian untuk ambil obat tidak menunggu lama semoga seterusnya bisa seperti ini sukses,negative
sejauh ini rumah sakitnya baik baik saja tetapi pelayanannya tidak sama ini rumah sakit besar tetapi pelayanan di puskesmas lebih baik berbicara dengan nada tinggi tidak sopan,positive
pelayanannya bagus perawatnya ramah semua dan laboratoriumnya bersih !jempol_ke_atas_warna_kulit_cerah!!jempol_ke_atas_warna_kulit_cerah!,positive
mbak resepsionisnya ngegas dan sinis saya mau berobat sampai enggak jadi,positive
akses jalan mudah jika dengan kendaraan roda dua tapi akan sangat menyulitkan jika dengan kendaraan roda empat pelayanan poli umum hanya dibuka pada saat jam kerja normal sampai jam 12 info,positive
antrian nya enggak jelas securtynya apalagi saya sudah antri dari pagi cuma dsuruh tulis nama di buku no 29 tanpa diintruksi yang lain seperti dapat no antrian dl pas balik lagi beberapa menit kemudian bilang khusus polimatanya sudah penuh dan nama saya enggak ada harusnya setelah menulis dibuku langsung dksh antrian no skelas rumah sakit yang rame harusnya antrian dan securtynya lebih jelas enggak terbayang kalo orang tua yang antri !wajah_mengantuk!,positive
staf parkir nya malas parkiran banyak yang kosong dibilang penuh tidak ramah tidak sopan pelayanan buruk,negative
pelayanan rs sentra medika oke sekali,negative
saya dirawat di rs citama saya merasakan puas atas pelayanan dari suster dan dokter dokternya suster milan suster eva suster tasya suster desti suster wina sangat baik dan telaten merawat saya !wajah_tersenyum_lebar_bermata_hati!!wajah_tersenyum_lebar_bermata_hati!,positive
pelayanan di rs sari asih ciputat sangat bagus walaupun pakai bpjs tapi pelayanan tetap diutamakan semua petugas ramah sejak pertama masuk igd satpamnya sigap perawatnya sigap dokternya mantap,negative
tempat nyaman dan luas sangat menerapkan protokol kesehatan pasien yang akan berobat harus melakukan swab antigen di pintu masuk dan gratis pendamping pasien harus menunjukkan sertifikat vaksin pelayanan ramah dan cepat agak ramai di jam sore afterhour dan pagi hari,positive
pelayanannya sangat memuaskan saya diterima dengan baik disini dari awal masuk ugd perawat ugd sangat cekatan dalam bertindak dari maya juga menjelaskan dengan sangat mudah di mengerti terkait penyakit saya lalu sekarang saya,positive
sangat puas dengan pelayanan dan fasilitas di rsud pasar rebo terutama di ruang teratai pelayanannya sangat baik dan semua perawat dan karyawan di ruang teratai sangat ramah dan baik puas banget !wajah_tersenyum_dengan_3_hati!!wajah_tersenyum_dengan_3_hati!!wajah_tersenyum_dengan_3_hati!!wajah_tersenyum_dengan_3_hati! aku pernah dirawat di ruang teratai!jempol_ke_atas! !jempol_ke_atas!!jempol_ke_atas!!jempol_ke_atas!!jempol_ke_atas!!jempol_ke_atas!!jempol_ke_atas!,positive
enggak cari orang lagikah untuk ditempatkan difarmasinya!? tiap ambil obat minimal 4 jam! total kontrol bisa 8 9 jam rs apaan?? bawa orang tua sakit bukannya sembuh makin sakitlah terus hari ini tanggal 4 mei saya datang daftar untuk rutin fisioterapi mbak dikonter malah asik ngbrol kayak jual beli makanan memang sih ganti sif tapi memang boleh ngbrol sedangkan dataibu saya didpn dianggurin?? saya tanya malah menyolot sabar saja! wah ahahaha dikira dikita enggak bisa rating?? !wajah_memeluk!,negative
tempat nya nyaman dan bersih untuk pelayanan nya gercep sigap cuma satu security yang kurang ramah,negative
sudah cukup jangan buang buang waktu lagi istri saya sedang hamil tua dan tidak mendapat prioritas dan baru saja batuk total waktu perawatannya 4 jam gila,negative
kecewa sih asli saya sakit saya tau igd malam itu penuh mamah saya sampai mohon2 bisa enggak masukkin 1 lagi tapi suster di igd ngejelasin teriak2 ngebentak2 begitu tolong di ajarkan lagi etika nya,negative
harga agak mahal pelayanan baik kamar cukup baik 20 juni ibu saya sudah keluar rumah sakit dari melahirkan sesar,positive
untuk layanan pembelian obat memang butuh waktu yang lama tidak seperti siloam,negative
sangat bagus pelayanan nya ramah ramah fasilitas lengkap biaya terjangkau kamar mandi nya bersih dan nyamannya pokok nya the best deh,negative
pelayanan di ruang cherry bagus suster ramah dokternya bagus ruangan bersih dingin kamar mandi bersih terimakasih rsud cengkareng,positive
ada beberapa dokter yang hebat namun ada juga beberapa dokter yang tidak,negative
rs jamanku kecil dulu selalu berobat ke dari rahmat dokter anak pernah dirawat di sini dari jaman rs masih yang lama terus bikin bangunan baru n jadi rs paling cakep di daerah sana,negative
puas banget dengan rs ini dirawat selama 6 hari di sini benar benar dibantu perawatan yang baik sama perawat2nya plus dokter yang handle saya dari mulia dan dari yuda yang aku suka adalah dokternya menjelaskan dengan sangat detail dan tidak,positive
wah rumah sakit ini keren banget aku kasih bintang lima karena semua orangnya ramah plis!! ____ keren banget fasilitasnya juga lengkap terima kasih banyak 333,negative
rumah sakit tipe a di kota tangerang dengan pelayanan yang sangat baik menurut saya dokter yang berpengalaman sabar dan perhatian terima kasih khusus kepada dari koenardi budhihardjo sapa pada yang telah menangani istri saya dengan baik pelayanan perawatnya juga,positive
pelayanan baik respon cepat dalam menangani pasien,positive
berobat sebagai pasien umum cukup daftar perjanjian secara online datang ke rs tinggal cetak nomor di kios dan langsung ke nurse station meskipun ramai masih nyaman karena antrian sesuai nomor urut pendaftaran,positive
tes kesehatan rohani buat persyaratan cpns di sini bisa online hasilnya keluar cepat customer service juga cepat respon dan informasi nya jelas,positive
jarak rs nya dari rumah agak jauh tapi cukup puas dengan pelayanannya proses administrasi tidak ribet komunikatif dan jelas untuk admin fast respon dan jelas proses panggil cek tensi di perawat cepat tidak menunggu lama dan cekatan pelayanan di,positive
ya ini pertama kalinya saya berobat jalan semoga diberikan pelayanan yang baik dan benar semoga penyakit saya cepat sembuh tuhan yesus memberkati !melipat_tangan!!melipat_tangan!!melipat_tangan!,positive
pelayanannya bagus pegawainya ramah2,positive
orang farmasi saat pengambilan obat pelayanan lama kerjanya jadi menunggu berjam jam orang mau istirahat biar cepat minum obatnya,negative
rs atmajaya rekomendasi banget deh untuk pelayanan nya n fasilitasnya apalagi di nicu nya pokok nya bagus banget deh mereka kasih pelayanan thank lu sok much ya untuk dokter spesialis dokter umum n perawat2 nya moga pelayanan kalian akan selalu baik n bagus tetap di tingkatkan ya pelayanannya sukses selalu untuk semua !melipat_tangan!,positive
pelayanan jutek rumah sakit apa kali orang sakit malah di dijutekin pas istri saya lahiran mentang mentang rs baru,negative
salah satu rumah sakit favorit saya karena perawat dan stafnya ramah saya merekomendasikan dari mulia sapa pada sebagai salah satu dokter spesialis penyakit dalam terbaik di jakarta terima kasih telah merawat adik saya kamar 7601,positive
bapak saya demam batuk batuk dan tidak sadarkan diri karena panas tinggi sejak tadi siang kami dibawa ke rumah sakit ini karena berharap bisa ditangani dengan cepat tepat dan tuntas tetapi setelah menunggu 1 5,negative
alhamdulillah aku lahiran di rumah sakit bunda margonda sedikit berbagi pengalaman nih di sini pelayanannnya enggak pakai ribet walaupun aku pakai bpjs tetap puas alhamdulillah masya allah di sini jelas banget petugas yang jaga di poli,positive
pelayanan di rs ini ramah dan sangat memuaskan baik dokter poppy spesialis kulit maupun susternya yulianti jupe poliklinik pokoknya semuanya oke banget,positive
pelayanan oke perawatnya friendly dan ramah anak ruang ranapnya bersih kebetulan anak saya dirawat di kamar nomor 118 semoga semakin sukses,negative
teri kasih atas pelayananannya dari ugd hingga perawatan di gardenia terimakasih untuk dokter ugd dokter jaga ruangan dan dari fendi sapa pada sudah,positive
perawat di ruangan cherry sangat ramah dan baik penanganan pasien nya sangat bagus,positive
sangat nyaman pelayanannya bagus cepat dan ramah sekali terimakasih ya rs andika semoga menambah sukses dan makin maju,positive
ini ulasan terbaru 9 12 setelah kemarin saya mengalamai pengalaman yang kurang menyenangkan tentang pelayanan dan fasilitas kelas 1 rs hga di lantai 3 tapi mungkin ulasan lama enggak dihapus guna membandingkan ulasan baru,negative
seumur umur gue berobat di rumah sakit baru ini gue merasai kecewa emosi pelayanan nya buruk sekali! gue lagi sakit karena gerd gue kambuh dan memutuskan untuk berobat ke dokter umum dan meminta surat izin sakit tapi gue dengar dokter nya julid sama perawat nya perawatnya ini cowok btw terus mereka ketawa tawa posisi gue lagi berbaring mau disuntik nama dokter nya dokter nurul istianah enggak akan mau gue berobat disini lagi kalo dia yang layanin mohon ditingkatkan kembali untuk pelayanan dokter dirumah sakit ini,negative
pelayanan sangat memuaskan cepat dan ramah para petugas mulai dari pintu masuk hingga pelayanan medisnya mohon dipertahankan,positive
rumah sakit nya bersih semua pelayanan nya sangat baik ramah dan melayani dari hati terima kasih sudah merefleksikan nya ke dalam pelayanan kepada semua umat manusia,positive
saya lahir di sini sangat nyaman bagi saya semua pegawai sangat ramah dokter bidan suster semuanya ramah membuat saya terasa nyaman !wajah_tersenyum_dengan_mata_bahagia!!wajah_tersenyum_dengan_3_hati! senang sekali dapat souvenir perawatan untuk baby dari eka hospital sangat ke bantu untuk saya belum mengerti pilih produk perawatan untuk bayithankyou sok much!wajah_malaikat!!melipat_tangan!!dua_hati!,negative
gila banget sudah berapa kali mambil obat saja sampai 2jam padahal tidak begitu ramai dan hanya obat tetes mata di tegur 1 jam baru di proses ampun deh tolong dong management rs atmajaya bag bpjs terima kasih atas 0erhatiaanya,negative
dokter yang menangani sangat baik dan komunikatif begitu juga dengan perawat dan bidan serta satpam di tempat ibu saya dirawat di ruang anggrek lantai 17 ruang 1703 ruang rawat inap bersih dan penerangan cukup,positive
pelayanannya bagus kamar inapnya nyaman penanganan pasien cukup tanggap makanan yang di sediakan cukup higienis sarannya diadakan security untuk menyebrang menuju parkiran rs karena cukup berbahaya menyebrang di jalur cepat,positive
di hari appoitment dengan dokter dan sudah datang ke rs di jam yang telah di tentukan baru dikasih tau kalo dokter nya tidak praktek rasanya bagaimana begitu entah apa reason nya yang pasti sudah effort banget ibu hamil di kerjain begini kezel sih,positive
rumah sakit yang bagus dengan pelayanan yang baik dan fasilitas yang bersih,positive
istri saya ke poli penyakit dalam hari senin tanggal 22 4 2019 atas rujukan klinik afia dengan menggunakan bpjs kelas 2 malam itu langsung di rawat masuk ke ke 206 sebagai pasien titipan kerena kelas 2 penuh pindah esok harinya ke kamar,negative
sumpah sakit hati banget baru pertama kali saya brobat dengan pelayanan seburuk ini terutama untuk dokternya yang tidak beretika melayani punya dengan membentak2 dari awal jadwl kontrol dokter dari jm 1 sd jm 3 sore tapi trnyta dokter baru datang jam 3 pada saat,negative
pelayanan nya baik alhamdulilah saya puas ruangan nya juga nyaman perawatnya juga baik cantik dan ramah ruang gatot kaca kamar 2427,positive
rumah sakit nya bagus keren,positive
dokternya tidak praktek mulu sampai sudah jadwal 3 kali enggak dapat juga? ini rs punya dokter bagus tapi apa gunanya pasien tidak bisa berobat karena malam sebelumnya selalu dapat wa dokter tidak praktek pertama kali ke situ dibilangin via telepon,negative
pelayanan pendaftaran sangat teramat tidak ada senyum sapanya sama sekali jutek judes bagian pengambilan obat terlalu lama menunggu untuk pemeriksaan lebih sering hanya sebatas wawancara semacam interview hrd jarang ada dokte yang memeriksa kondisi badan pasien secara langsung,negative
saya pernah periksa disini datang jam 7 malam baru diperiksa jam 12 malam padahal waktu itu rasanya mau pingsan keringat dingin gerd saya kambuh selama 5 jam saya selalu menanyakan ke perawatnya kapan saya diperiksa jawabnya menunggu bed kosong ternyata di dalam ada bad kosong 2 bilangnya tidak ada bed kosong jika memang tidak mampu menangani igd ditolak saja supaya yang sakit cari rumah sakit yang lain rumah sakit sebesar itu tapi pelayanan kurang bagus kita ke situ mau berobat dan berbayar semoga menjadi masukan yang baik untuk manajemen rs sumber waras pasien igd diterima terus tapi tidak di periksa,positive
tidak ada pemberitahuan klinik tutup lebih awal padahal konsultasi via wa langsung dari dokter anak parah banget anak saya alergi dengan resep dokter tidak ada rasa tanggung jawab jauh dari tanjung pasir buang2 waktu padahal gawat darurat,negative
brobat kesini harus extra waktu banyak semua serba lama padahal enggak ada antrian pasien di bikin menunggu lamabsekali,negative
ruangan besar dan bersih atm bank juga lengkap ada kafetaria dilantai b pelayanan para suster dan dokter juga baik sekali,positive
pelayanan dan manajemen yang buruk sekabupaten bogor,negative
saya ibu evi anak dari pasien bpk masyhur yang sudah 10 hari dirawat di ruang orchid ruang 1705 atas nama keluarga saya sampaikan terima kasih yang sebesar besarnya atas,positive
pelayanannya bagus tapi sangat disayangkan untuk dokternya lama sekali bahkan tidak datang di jam jadwalnya,positive
pelayanan igd cepat farmasi cepat rumah sakit nya bagus dan bersih,positive
sangat sangat memuaskan pelayanan nya untuk ibu dan bayi segala pengalaman untuk para ibu ibu pertama melahirkan sampai menyusui semua diajarkan dan dipenuhi dengan baik terima kasih rs aulia,positive
pelayanan sangat memuaskan ramah dan profesional saya sudah menjadi pasien sejak tahun 2011 kalau sakit saya selalu berobat kesini walaupun domisili saya jauh di kota bengkulu dan kemarin bulan juni 2024 saya sakit lagi dan saya,positive
kita mahasiswa kos disini jadi ke rs hels juga karena urgent saja kebetulan pas teman saya sakit pelayanan didepan sih menurut saya ok2 saja tapi di igd nya enggak banget! tolong ya suster2 yang terhormat kalo bicara sama pasien keluarga tuh,negative
pertama kali masuk bina husada pelayananya sangat memuaskan karena penyakitnya di temukan dengan benar dan pengobatannya tepat satu hari setelah operasi batu empedu langsung bisa jalan fasilitas rawat inap bersih dan nyaman!melipat_tangan_warna_kulit_cerah sedang!!melipat_tangan_warna_kulit_cerah sedang!!melipat_tangan_warna_kulit_cerah sedang!,positive
admin tidak tahu,negative
almarhum ibu saya meninggal disini parah bisa2nya mama saya lagi di kejut jantung masih bisa2nya ketawa2 orang meninggal disampingnya bukan di tutup tapi di biarkan saja sudah kayak ganti²an yang meninggal tinggal menunggu di jemput sama malaikat begitu ya? mau ct scan malah di tunda2 terus tiba tiba didiagnosa punya gagal ginjal padahal di rs sebelumnya sudah di cek dan ginjalnya bagus yang benar saja sudah sekarat malah dsruh cuci darah mntang2 pasien bpjs,positive
ini rs aneh bertanya hal sederhana saja ke customer service!!!! saya cuma bertanya obat pas berobat di suruh bikin surat komplen tanpa nama terus saya bertanya ke farmasi jawabannya tetap tanya ke customer service!!! lah farmasi itu bertanggung,negative
ok tempat parkir selalu penuh tapi terima kasih kepada layanan parkir valet gratis yang disediakan oleh rumah sakit,positive
pelayanan bagian obat buruk sudah menunggu lama obat nya zonk di lempar sana di lemapar sini kita juga bayar tiap bulan orang jauh jauh berobat bukan nya sembuh modar iya enggak jls pelayanan nya kecewa,negative
baru pertama kali kesana bertanya sana sini dimana lobbynya atau informasi atau pendaftaran pasien kebetulan susah sekali mencari sekurity beberapa petugas yang memakai name tag enggak tau bagian apa ditanya kurang tau suruh mencari sekurity pas ketemu sekuritynya jawab sambil lari kalau lobby ada diatas ditanya dimana liftnya cuma bilang didalam bikin emosi untuk pelayanan pendaftaran dan selanjutnya lumayan cepat dan ramah masa petugas ber name tag enggak tau lobby atau pusat informasi,negative
sangat menyenangkan untuk dikunjungi,negative
pelayanan lambat istirahat lama 1 5 jam pasien terlantar sangat mengecewakan,negative
rumah sakit langganan keluarga pelayanan dari depan sampai perawat dokternya sangat baik fasilitasnya juga memadai,positive
dari andar baik sabar ceria dan sangat ramah menanggapi setiap keluhan pasien dengan cepat,positive
pelayanannya bagus perawatnya ramah memuaskan sigap juga,positive
sejauh ini saya memiliki pengalaman terbaik dengan staf medis di rs siloam simatupang semua dokter yang pernah saya temui bersama keluarga sangat penuh perhatian sabar dan teliti dalam menjelaskan suatu kondisi bahkan ada yang memberi kami,positive
rsud pademangan sangat nyaman untuk semua pasien istri lahiran disini dokter dan kebidanya sangat ramah semua pelayanan sangat bagus bikin kita betah nyaman enggak mau pulang !wajah_tersenyum_dengan_3_hati!!wajah_tersenyum!,positive
pelayanan tes usapnya buruk petugas pendaftaran sangat lambat butuh 10 menit per orang untuk mendaftar,negative
di rs ini nakes nya kebanyakan masalah mental sepertinya pasien bpjs tidak boleh terima obat dari dokter jadi maksud nya cuma periksa doang ? !wajah_gembira_berurai_air_mata! mending jadi pelawak saja jangan jadi tenaga kesehatan usg untuk pasien bpjs boleh tapi print hasil usg tak boleh bawa pulang di tahan perawat nya dan obat tak boleh terima kocak !wajah_tersenyum_lebar_dan_berkeringat!,negative
masyaallah dari lahiran anak pertama tahun 2020 terus lahiran anak ke dua tahun 2022 always di sini pelayanannya super memuaskan dokter yati beserta tim sabar dan ramah banget untuk biaya sangat terjangkau karena sesuai dengan pelayanannya yang terbaik sukses selalu dok untuk proses pembangunannya menjadi rs!wajah_tersenyum_dengan_3_hati!,positive
alhamdulillah saya lahiran disini dengan bpjs tidak ada yang dipersulit semua alur pemberkasannya mudah dilalui kamar kelas 1 yang nyaman ber ac berisi 2 bed lemari kecil untuk barang barang pasien serta terdapat tv untuk hiburan,negative
rumah sakitnya bagus !wajah_tersenyum_dengan_mata_bahagia! staf nya ramah sering diadakan seminar yang bermanfaat sehingga mendapatkan ilmu secara gratis !wajah_tersenyum_dengan_mata_bahagia!,negative
gedung sih oke bersih nyaman tapi pelayanan di bagian radiology nya super lelet mau ambil hasil rekam medis saja sudah sejam tidak ada hasil malah admin yang awalnya bertugas entah kemana meja tiba tiba kosong lalu diganti admin lain terus mulai menunggu lagi tanpa kejelasan,negative
kasir super lama pada saat saya tanya dijawab kalau farmasinya antri saya jawab kalo saya enggak pakai obat terus mbaknya tanya balik yakin bu? lah aneh banget pantesan tadi sebelum ini ada ibu ibu juga marah dan bilang kalo saya cuma bayar doang enggak pakai obat bagaimana sih masa enggak bisa membedakan pasien yang bayar doang dan pasien dengan obat heran!!!dan sepanjang saya menunggu yang complain di kasir banyak banget karena terlalu lama,negative
pelayanannya sangat baik dokter dan perawat memberikan perawatan terbaik mereka untuk merawat pasien layanan kamar juga bagus secara keseluruhan saya memiliki pengalaman yang menyenangkan di sini,positive
pelayanan baik dan ramah respon cepat terhadap kendala yang ditemui kerja bagus,positive
rumah sakit ini saya labeli rumah sakit pelupa karena semua petugasnya pelupa 1 ketika daftar untuk dokter bedah saya menunggu 2 jam ternyata bagian pendaftaran lupa informasi kalau dari andy ada operasi jadi pagi tidak ada jadwal dan gara gara ini saya datang sampai 3x sia sia karena selalu lupa hari itu tidak ada jadwal pagi 2 suster yang ngambil darah di lab bisa lupa ngambil darahnya harus 2x jadi saya disuruh datang kembali sesudah pulang dan tiba dirumah 3 saat mau ketemu dari untuk lihat hasil lab ternyata susternya lupa harus rontgen juga langsung buru2 dibuatkan tiket rontgen jadi disuruh datang lagi besok baru bisa ketemu dari cindy 3 saat hari disuruh datang rawat inap harus swab antigen eh sudah menunggu 1 5 jam kok hasilnya lama padahal sepi suster di lab ketawa2 lupa kasihtau bahwa hasilnya sudah keluar 4 dan barusan masih di hari rawat inap setelah menunggu 3 5 jam saya kesal saya tanya kok lama ya urus pendaftaran rawat inap bagian pendaftaran ketawa2 maaf pak lupa info kamarnya penuh jadi sore baru ada kamar 5 kita lihat sekarang katanya rs akan menghubungi pasien saat ada kamar kosong apakah mereka akan lupa lagi hari ini?belajar sop lagi deh mau kerja di rs bisa pakai lupa lupa lupa ngeri nih kalau yang lupa dokternya atau suster yang mengasih obat bisa mati pasien gara gara malpraktek update di hari akhir rawat inap saya didatangi oleh manager on duty tomi dan juga yeni yang menghubungi saya mereka solutif memberikan solusi yeni mencarikan solusi supaya papa saya tetap bisa rawat inap hari itu dengan cara masukinnya ke ruang wanita tomi menanyakan perihal komplain saya untuk menanyakan oknum terkait dan di tindak lanjuti dan di hari ini saat saya datang kontrol semuanya berbeda jauh lebih baik tidak ada yang lupa lagi saran saya hanya 1 sebaiknya bagian pendaftaran mengetahui jika dokter tidak available di jam yang ada di jadwal rs saat saya mengajukan komplain sampai hari ini mereka ramah2 selalu senyum dan proses administrasi di rs ini cukup cepat bahkan responsif terhadap keluhan pasien biasanya rsud lain tidak perduli namun di rs ini banyak stiker dimana2 untuk lapor jika tidak puas artinya disini pelayanan diutamakan no 1overal recommended hospital,positive
customer service wa nya sangat slowrep balas chat nya sangat lama mau ganti ke akun wa lain tapi ternyata cuma ada 1 itu saja kecewa,negative
teman saya waktu itu berobat ke rsud ini dibilangnya enggak ada kamar itu sekitar jam setengah 2 pagi dan itu membutuhkan pertolongan pertama karena sakit lambung sudah muntah2 keluar cairan kuning sampai ke ulu hati menekan begitu ditanya enggak ada kamar penuh saya tanya sama orang orang yang pernah ke rsud taman sari ini memang enggak bagus harusnya ada kamar bilangnya enggak ada kamar sampai mohon2 menahan sakit panas dingin teman saya juga sudah mohon2 masih bilangnya penuh jangan sampai saya viralkan ya ! ini baru yang kelihatan di kommentar lho yang enggak kelihatan lebih banyak lagi kali !!!! ada uud lho kalo saya jahat bisa saja iti kartu nama nya saya viralkan namanya siapa itu !!!!!,negative
masya allah setiap waktu sholat tiba adzan selalu disiarkan di setiap kamar perawatan,negative
poli anestesi rs bhakti asih sangat mengecewakan saya sudah dua kali ke dokter anestesi karena mau operasi kaki dan ada pembuluh darah yang pecah jadi harus ke op dan harus ke dokter anestesi dulu,positive
satpam tidak ramah!! lagunya kayak punya rs pribadi bahasa kasar enggak buat kalian naik drajat dengan bangga bilang habis ngusir anak kecil giliran orang marah marah diam lo jangan anggap rendah seseorang kalian disini juga kerja sesama manusia dengan lo bahasa ngusir lo bangga begitu bisa ngusir orang dengan omongan lu yang enggak sepada itu!!malu bos masih jadi jongos jangan belagu baru jadi satpam laga sudah kayak bos besar yaallah seram doa baik baik agar keluargamu tidak merasa sakit dengan omongan orang lain seperti omonganmu ke pasien,positive
alhamdulillah saya sekeluarga langganan di rs medika pelayananya memuaskan,positive
suster dan bidannya jutek2 banget alhamdulillah lahiran normal pas di jahit pertama pakai anestesi tapi pas mau tambah jahitan enggak di pakein anestesi lagi masya allah rasanya enggak pernah bisa di melupakan sampai trauma di jahit hidup2 tanpa anestesi pas di jahit cuma bisa dzikir dan nyebut nama allah sambil menangis tapi malah di marahin sama bidannya dibilang jangan berisik di tambah lagi anak koas bolak balik nanyain hal yang sama bahkan pas lagi sakit2nya malah mereka suruh mencoba jahit kan kurang ajar ya kalian,negative
ini tempat terburuk mereka berbohong di depan anda kami diberi tahu bahwa biaya prosedur radiologi adalah 1 2jt seminggu yang lalu ketika kami melakukan prosedur hari ini biayanya menjadi 2 5jt mereka mengatakan bahwa harganya sudah naik saya bisa mengerti,negative
kemarin periksakan anak yang demam bapil berhari hari ketemu dengan dokter agung spa alhamdulillah cocok ditindak langsung suruh cek lab dan nebu pelayanan ramah kok suster dari kasir sampai suster yang jaga untuk nimbang b anak ramah,negative
baru saja daftar buat cek kehamilan juga usg eh di tunggu lama palah kata bidan enggak ada jadwal usg belum juga di periksa apa dan akhirnya kok tetap bayar admin aku ke klinik lain kok sudah cek tensi di timbang juga konsultasi sama bidan enggak ada byar pendaftaran karena dsitu enggak ada usg jadi kansel,negative
mau boking ke poli anak dari puskesmas di menyarankan rujuk ke rs ini tapi kuota nya terbatas sampai 15 hari jumat mau berobat masa iya brobatnya disuruh hari rabu alasan kuota penuh sampai 5hari bayangkan kalo anak lagi demam sudah 20 hari,negative
saya benar benar kesal dengan pelayanan ibu ibu administrasi di lantai 3 yang mengatasnamakan fitri mukanya sangat tidak senonoh saya pun bertanya kepada suami saya ternyata suami saya pun merasakan hal yang sama terhadap bu fitri yang bersikap kasar ketika,negative
petugas rs sangat ramah responsif dokter dokternya juga ok manajemen rs sangat baik,positive
pengalaman pertama operasi di rumah sakit ini semua dokternya ramah dokter anestesinya juga ramah dan tidak terlalu sakit dibandingkan dengan operasi di rumah sakit lain sebelumnya sensasi operasinya tidak,negative
memang peraturan nya jam 11 baru di buka pintu nya tapi kalo mens nya dadakan gymn?? mau beli pembalut harus tunggu sampai jam 11 siang baru di buka otak perawat kemana?? nanti kalo di tanya ke perawat nya banyak pula alasan nya memang ng ada otak itu,positive
dokter kandungan lama banget datengnya buka praktek jam 8 baru datang jam 2 siang kasihan ibu ibu yang hamil,negative
pelayanan dari beberapa oknum perawatnya kurang sopan dan tidak beretika ketika suster visit untuk mengecek pasien tolong ucapkan salam komunikasi menyapa terlebih dahulu dan juga agar perlahan cara membuka tirainya serta setelah selesai,negative
instalasi farmasi pelayanan lama sebisa mungkin di percepat kasihan orang tua anak anak entah kenapa saya tak tahu,negative
menyesap,positive
pelayanan di rumah sakit mitra husada cepat perawatnya di kamar operasi ramah ssekali,negative
pertama kali ke rs ini untuk cek kehamilan karena di fktp kebetulan bidan nya sedang tidak ada di klinik akhirnya saya disarankan dirujuk ke rs untuk periksa disana pas kesana rada bingung tapi alhamdulillah bertanya ke pusat informasi,negative
pelayanan poli mata bagus terutama dari emil untuk hasil operasi matanya bagus lebih terang dan untuk suster yuli dan mas rio pelayanan ramah dan baik penjelasan detail,positive
seram dokternya enggak kompeten asal mengdiagnosa penyakit pasien di perbolehkan pulang kerumah tanpa di croscheck dengan benar 1 hari di rumah pasien drop lagi dan harus masuk rs kembali harga berobat umum dengan sekelas kayak begini kemahalan dan sesuai pelayanan,positive
direkomendasikan untuk pelayanan cepat,negative
ya allaah pertama kali rawat inap disini kok tidak sama sekali memperlihatkan rsu di kota besar ya lebih berbintang rsu di kabupaten kecil,negative
pelayanan sampah tidak ada greating nya nakes nya tidak ada sopan santun nya fasilitas di idg juga sangat minim mungkin harus di kasih training customer care sapa salam senyum,negative
staf dan dokter graha kedoya ramah sistemnya juga makin baik mulai dari registrasi sudah bisa pakai sistem whatsap dan sistem antrean barcode jadi makin rapi semoga makin berkembang ya,positive
dokter spog nya menjelaskan dengan jelas dan tenang sehingga mendapat informasi yang baik tidak terburu buru ruangan periksa luas banget nyaman dan bersih,positive
layanan hebat!,positive
baru kali ini dapat pelayanan rumah sakit yang gunakan pendaftaran online untuk konfirmasinya butuh 4 jam lebih karena pakai sistem berobat hari ini daftar online hari ini sehingga numpuknya pendaftaran non online dengan yang online kalo,negative
imut bersih n nyaman,positive
big thanks!!! tapi mbak putri mas ryan mbak leni dan mbak nita dari bagian kasir yang selalu membantu saya dan keluarga setiap ke rs ini maklum saja karena saya menggunakan asuransi biasanya prosesnya lama sekali tapi kalo ada mereka semua semua,positive
sangat kecewa dengan hasil diagnosa dokter anak saya 4 hari di rawat cuma dibilang ini virus bu enggak dikasih terapi antibiotik antivirus cuma lewat cairan infusan sama paracetamol akhirnya hari ke 4 saya meminta pulang paksa karena enggak,negative
pelayanannya makin buruk aksinya lama sudah sekarat dan masih bertele tele prosesnya panjang keamanannya rumit negosiatornya juga,negative
terima kasih untuk pelayanan di ruangan carnation semua susternya baik dan ramah serta memberikan penjelasan dengan baik,positive
luar biasa pelayanan yang sangat baik dokter dan suster nya sangat ramah dan memberikan edukasi yang bermanfaat bagi kami sebagai orang tua baru,positive
pasien muhammad abdur razaq telah selesai dioperasi hari ini dan sudah boleh pulang perawat nova dan perawat dilia terima kasih banyak terima kasih kepada para perawat dan dokter dafodil adalah perawat terbaik,positive
tiap ada anggota keluarga yang sakit selalu langganan di rumah sakit ini pelayanan nya bagus tenaga medis nya ramah maju terus buat rst d,negative
pelayanannya bagus cukup memuaskan buat saya keluarga semua dokter perawatnya ramah baik dalam sikap maupun ucapan mau mendengarkan keluhan pasien cukup membuat kami nyaman dalam perawatan !hati_merah! tempatnya nyaman bersih keamananpun selalu terjaga the best rs mitra keluarga kalideres!oke!,positive
bagian pendaftarnya ramah sopan dan memberikan solusinya baik buat pasien dokternya baik dan ramah suster nya ramah2 semoga dipertahankan cara kerja nya dan tetap semangat semoga menjadi ladang amal ibadahnya,positive
memuaskan banget top terima kasih rs dan humas dan gizinya komunikatif,positive
daftar jam 7 balik lagi jm 9 sampai jam 12 lewat masih belum beres lama pelayan ya sudah bawa bayi,negative
mengalami dapat pelayanan yang tidak menyenangkan mau konsultasi sudah mengantri dari pagi siang baru dapat info katanya dilayani sekitar jam 3 sore menunggu sampai jam setengah 5 belum ada kejelasan juga miris kalau pelayananya sangat dibedakan,negative
semakin berkembang banyak pelayanan polikliniknya dari giginya oke anak saya enggak takut cabut gigi,negative
gedung sangat megah tapi sayang sdm sangat buruk buat infus saja tangan saya bengkak kanan kiri pelayanan lambat dan banyak dokter nya ilmu nya belum cukup harga mahal sakit kepala ke dokter umum periksa kaki apa hubungan nya lucu nih,negative
pas mau masuk igd dicegat sama security katanya suruh tunggu dulu nama saya dicatat dibuku catatan yang dipegang beliau lalu disuruh duduk di kursi depan rumah sakit saya tunggu dari jam 00 30 sampai jam 02 40 pagi enggak kunjung dipanggil,negative
rumah sakit nya sekarang bagus ya pas berobat di ugd di tangani dengan cepat respon nya bagus saya senang jadi nya nanti kalau berobat ke sintanala saja,negative
pada panggilan proses mendesak langsung diangkat dan dimatikan sangat buruk,negative
terima kasih yang sebesar besarnya kepada rumah sakit islam cempaka putih yang telah sangat membantu ayah saya dari awal hingga akhir,positive
lahiran pakai bpjs di rs ini dengan dari yun penyelamat disaat ketuban sudah pecah dan sudah mulai merasakan kontraksi tidak ada perbedaan pelayanan antara pasien bpjs dengan non bpjs hanya beda di,negative
pelayanan ugd kurang baik dalam menjawab pertanyaan dari keluarga pasien wajar saja jika di ugd banyak sekali pertanyaan karena ugd tidak setiap hari ada di sini jadi banyak sekali pertanyaan pandangan perawat terhadap keluarga pasien adalah,positive
berobat rasa mengobrol sama sales money oriented banget baru pertemuan pertama sama dokter bedah langsung di suruh operasi enggak ada tuh namanya ditanya suka makan makanan yang ada micinnya ya atau dijaga ya makanannya membanyaki makan,positive
pelayanan sangat puas ini yang di butuhkan sama masyarakat sebenarnya pelayanan yang seperti ini jos pokoknya!jempol_ke_atas!,positive
pelayanan baik sejak dari pintu masuk antrian dokter dan antrian obat juga lancar saya datang ke dokter tht dan dokter memberikan analisa dan obat yang tepat !jempol_ke_atas!!jempol_ke_atas!thank you !melipat_tangan!,positive
kacau saya buat janji untuk check up jam 3 sore tapi dia datang jam 4 lebih mana ada yang kurang ajar dan langsung tanya kamu punya asuransi atau tidak? kalau ada saya langsung daftar rawat inap malam ini supaya reaksinya bisa dibereskan itu benar benar bodoh sama seperti sambo,negative
alhamdulillah selama 3 hari anak saya di ruang perawatan untuk 4 orang anak pelayanannya cukup baik perawatnya sigap semoga perawatnya makin sukses dan tetap sehat amin terima kasih atas pelayanannya selama 3 hari ini tante perawat,positive
menunggu cs nya lama kalau jam setelah istirahat istirahat nya kelamaan tuh cs nya !melipat_tangan!!melipat_tangan!,negative
sangat kecewa dengan layanan ugd pada sabtu malam pasien dibiarkan selama 2 jam tanpa tahu kapan dia bisa masuk dan disuruh menunggu di depan ruang gawat darurat sangat tidak manusiawi bagi orang sakit pendampingnya untuk,negative
dua kali di rawat di rs ini pelayanan nya lama banget kalo mencet bel di dalam ruangan suster nya datang nya lambat dan tidak gerak cepat menunggu 30 minta enggak datang datang di pencet lagi enggak datang juga cuman respon dari speaker harus di samperin dulu ke depan baru datang ke kamar inap hadeuh semua pelayanan nya super lambat !wajah_pusing_karena_mabuk!!wajah_pusing_karena_mabuk!,negative
saya datang jam stgh 1 siang 60 menit lebih awal dari jadwal karena sesuai surat jadwal karena jadwal dokter jam 2 siang saya pakai bpjs yang gratis dari pemerintah maklum saya orang susah sampai disana dari jam stgh 1 siang saya baru di tangani sama,negative
makin lama makin bagus pelayanannya enggak perlu menunggu lama buat menunggu dokter ambil obat juga cepat banget enggak perlu menunggu lama lama di rs,negative
istri saya sakit fistulani dirawat lantai 8 alhamdulillah pelayanan baik dan ramah kebersihan juga bagus,positive
saat ikut bansos untuk operasi katarak hari ini sangat kecewa dan kesal karena nomor urut panggilan tidak sesuai karena banyak yang masuk tanpa nomor antrian entah apa karena mereka ada orang dalam atau bagaimana dan panggilan saat,negative
ibu saya masuk ugd malam hari setelah sore harinya didiagnosis tb ibu pasien bpjs kami tidak menyangka pemeriksaan di ugd akan sedetail itu kami khawatir akan,negative
makin lama pelayanannya makin lama juga menunggu pendaftaran saja sudah setengah jam lebih petugasnya cuma 2 orang yang cowok cepat yang ceweknya lambat pas sampai di dokternya belum ada perawatnya padahal katanya mulai jam 10 sekarang sudah jam 10 51 sudah enggak ada perawat sama sekali,positive
tempatnya nyaman pelayanannya ramah ramah dokternya ramah toplah semoga sehat selalu,negative
saya agak kecewa dengan pelayanan kelas rawat inap saya baru masuk rawat inap pada tanggal 7 februari di bpjs saya jelas terdaftar di kelas 1 tapi kenapa waktu dirawat malah terdaftar di kelas 3?,negative
pelayanan baik hanya saja masih dalam pembangunan atau renovasi menerima bpjs,positive
3 kali kesini dan tiap kesini ada saja masalahnya di awal sudah daftar online dan data tidak ada jadi harus masukkin lagi,negative
alhamdulillah lahiran anak ke4 di rs aulia secara sc sekalian steril juga pelayanannya baik dan memuaskan ruang inapnya pun sangat nyaman pokoknya best lah,positive
pelayanan sangat bagus dokter suster ramah makanan enak dan suasana adem ada murotal,negative
ada dokter ugd yang tidak cocok untuk menangani balita anak tersebut demam 40c tetapi disuruh pulang lalu sorenya kami kembali lagi untuk perawatan rawat inap perawat ugd tidak dapat,negative
rumah sakit besar dengan pelayanan yang sangat baik dan ramah untuk perawatan pasien rawat inap staf dan perawatnya sigap dan melayani dengan baik,positive
pelayanan secara keseluruhan bagus dari darel membuat semuanya lancar,negative
pelayanan kamar alamanda bagus !jempol_ke_atas!,negative
sangat recomended bersih rumah sakitnya bagus kamarnya deluxe dingin pelayanannya sangat bagus yang pasti terimakasih banyak sudah bisa pakai bpjs sangat terbantu!!! terimakasih,positive
pelayanan bagus sdm pegawai,negative
saya perujuk pasien selalu kirim ke radjak di bantu marketing andra pelayanan dan fasilitas rs keren,negative
saya telah menginap selama 3 hari di kamar begonia kamarnya cukup luas bersih dan perawatnya ramah namun toilet tidak tersedia di dalam kamar jadi pertimbangkan untuk mengganti kamar jika anda menginginkan kenyamanan yang lebih,negative
saya baru memindahkan bpjs saya ke sini beberapa bulan lalu karena dekat dengan rumah kebetulan malam ini saya coba gunakan untuk berobat anak saya karena anak saya batuk pilek anak saya di nebu dengan saya membawa sungkup sendiri karena,negative
pelayanan dan prosedurnya buat dapat kamar agak lama saya sampai kesel karena waktu itu kakak saya lagi butuh penanganan segera setelah kecelakaan tapi mungkin memang dikebanyakan rumah sakit begitu jadi saya enggak berharap lebih,negative
pelayanan cepat dan tanggap dokternya ramah dari dea spesialis saraf daftar online hari kamis untuk booking hari sabtu dengan jadwal praktik jam 1 16 saya sampai rs jam setengah 2 dan tidak lama langsung konsultasi ke dokter spesialis,negative
pelayanan tes swab pcr sangat buruk sudah bayar mahal tapi hasilnya lebih dari yang dijanjikan email tidak dikirim tepat waktu sudah dihubungi via telpon tidak diangkat halo apakah saya harus ke rumah sakit untuk mendapatkan,negative
orang sesak nafas cuma dilempar lempar saja suruh ke igd igd penuh suruh ke poli poli enggak bisa suruh ke igd untung enggak mati kehabisan nafas saya,negative
sangat bagus sempurna p1 diterima dengan baik dengan indikasi darurat kalau mau beli harus pakai rujukan sesuai u bpjs sangat bagus rumah sakit ini juga bersih,positive
bagus dan sangat memuaskan pelayanannya perawat dan dokter cepat tanggap,positive
saya dirawat di rs meilia selama 7 hari untuk dokter dan perawat igd nya ramah dan baik serta sigap dalam menangani pasien dokter dan perawat diruang perawatan juga ramah dan cekatan kebersihan ruangan terjaga,positive
pelayanannya bagus ternyata ruang tunggu nya sangat nyaman,positive
suster nya baik ramah dan cekatan terbaik buat pelayanan nya bidan gemoy !isyarat_kemenangan!!jempol_ke_atas!,positive
terimakasih hermina podomoro anak saya pasien dari rachmanto dokternya enak menjelaskan dokternya kalau buat sharing nyaman jadi untuk orgtua pasien merasa lebih tenang pernah di rawat,positive
pelayanan rs kurang bagus mau control setelah tindakan endoskopi sudah di reminder h 1 di jam 13 00 tapi di hari h nya diinfo mendadak kalau di jam 13 00 dokter tidak bisa kalau memang ada kendala bisa diinfo h 1 kalau di jam 13 00 dokter tidak available sebagai seorang pekerja tidak bisa izin mendadak dan sudah jelas di h 1 nya sudah konfirmasi jadwal control jam 13 00,negative
lantai 6 rawat inap pelayanan nya bagus dokter dan perawatnya ramah ramah hanya saja jam makan nya agak lama,negative
rs nya bagus bersih lengkap pelayanannya cepat tanggap ramah dan juga di bimbing sesuai dengan pelayanan medis yang kita butuhkan pembayaran juga rinci sesuai dengan yang diberitahukan jika ada yang bingung dan tidak tahu langsung diarahkan oleh petugas rs,negative
bagian administrasinya yang kaca songong tanggal 17 juli 2023 jam 13 00 saya kesana padahal saya bayar bukan pakai bpjs enggak ada attitude pakai mengomong sama orang treak anda bernama ini saya tidak memanggil anda begitu sopan !!! saya biasa ke,negative
pelayanan yang sangat buruk suster dan kasir tidak ramah sangat tidak rekomen,negative
pelayanan sangat buruk menunggu obat sampai satu jam bingung mengapai saja padahal pasien hanya beberapa saja harga mahal tapi enggak sesuai sama pelayanan nya bikin kapok,negative
rumah sakitnya luas banget dokter perawat dan staffnya ramah2 semua padahal bapak saya pakai bpjs dokternya juga lengkap alat juga lengkap ada tamannya luas anak anak bisa main disana sambil menunggu mamanya rawat kakeknya cuma sayang belum ada loket khusus lansiakah? atau saya yang belum tau? karena kalo ada loket khusus lansia jadi lansia lebih diprioritaskan enggak perlu menunggu lama itu menurut saya semoga tambah bagus lagi terimakasih !melipat_tangan_warna_kulit_cerah!!melipat_tangan_warna_kulit_cerah!,positive
fasilitas di ruang vvip sangat mendasar perlu meremajakan ruangan microwave dan beberapa peralatan makan siap pakai akan sangat membantu jadi mereka memanfaatkan lemari dan meja dapur perawat perlu mengerti bahasa inggris sangat buruk,negative
pelayanan di ruang bersalin lantai 4 sangat baik dari irene baik bidannya juga baik bidan tria bidan monic bidan wanita dan perawat widya bidan okta sangat baik makanannya enak enak top untuk rs ukrida,positive
pengalaman melahirkan di sini nyaman dokternya lengkap ruang bidannya juga cepat banget bpjs saya kelas 1 tidak ada yang diturunkan kelas atau,negative
istighfar dulu sebelum review biar hati tenang! saya akui dari asti bidang laktasi bagus banget edukasi dan pelayanannya perawat pelayanan cukup baik ini the last step yaitu di tempat kasir pembayarannya yang cukup membuang banyak waktu karena harus menunggu lebih dari 2 jam akhirnya kami tanya ke kasir ternyata ada form yang tidak lengkap diisi oleh dokter asti lalu kenapa tidak langsung berikan formnya ke dokternya sih wahai bagian kasir jika alasannya ramai pasien kan masih bisa dititip ke asisten dari asti ya allah masa mau menunggu pasien dari asti selesai terlebih dahulu kesabaran ini benar benar setipis tisu tolong manajemen rs lebih ditingkatkan jadi percuma datang pagi mendapatkan antrian no 1 yang pada akhirnya tidak bisa juga segera selesai,positive
selalu puas dengan pelayanan rumah sakit graha kedoya pelayanan nya cepat fasilitasnya lengkap !melipat_tangan!,positive
rs sumber waras memberikan pengalaman yang menarik dan terbaik pelayanan yang excellent mulai dari administrasi perawat dan terutama dokter yang menangani istri saya proses melahirkan buah cinta kami,positive
lagi antigen di rs ini pelayanan untuk tanggal 8 maret 2021 jam 19 19 sangat tidak ramah bagian kasir nya iya saya tau antigen murah disini tapi tolong pelayanan juga lah ppantes sepi rs nya,negative
hari ini pas juhur saya dorong istri saya untuk masuk ke mobil online tepat diloby istri saya posisi tidak bisa berdiri dan kondisi hamil 6 bulan saya gotong istri saya dari kursi dorong ke dalam mobil online sambil istri meringis,negative
pertemuan saya baru baru ini dengan icu grha kedoya sungguh mengecewakan para dokter dan perawat menunjukkan kurangnya perhatian tampaknya lebih tertarik untuk memperpanjang masa perawatan di icu daripada memberikan dukungan yang tulus kepada pasien hal utama,positive
fungsinya daftar online melalui aplikasi untuk apa ya? yang dipanggil tidak sesuai dengan nomor urut !wajah_tersenyum_dengan_air_mata!!wajah_tersenyum_dengan_air_mata!,negative
rumah sakit terburuk dan pelayanannya tidak manusiawi saya memblokir rumah sakit ini karena tidak layak menjadi rumah sakit,negative
boleh bisa kirim rincian biaya rawat inap istri saya?,negative
alhamdulillah pelayanannya cukup memuaskan istri terkontrol terawat inap dengan baik suster dan dokternya cukup ramah sehingga kami senang dengan pelayanan dan ruang lingkupnya,positive
tempat bagus pelayanan bagus,negative
pelayanan sangat jelek daftar dari mobile jkn bisa tapi setelah disana sudah ful yang benar harus janjian dulu h 1 karena yang di jkn itu tidak valid yang enggak punya hp langsung datang disuruh dulu wajib daftar lewat jkn kalau tidak bisa,negative
rumah sakit ini pelayanan nya bagus dengan cinta kasih sesuai dengan nama nya tsuchi cinta kasih !oke_warna_kulit_cerah!,negative
rs nya bersih pelayanan staf nyajuga sudah bagus dan ramah tapi dokternya yang tidak on time sesuai jadwalnya saat pendaftaran pasien dapat info jam praktek dokter dari jam 13 00 17 00 pasiennya sudah on time dan menumpuk dari jam 13 00 tapi dokternya jam 15 00 saja masih belum datang waktu milik pasien jadi terbuang percuma request ganti dokter ke perawat juga tidak bisa,positive
pelayanannya bagus stafnya ramah dokternya sangat edukatif dan memudahkan pasien dengan baik,positive
kita memang pasien bpjs tapi enggak di perlakukan begitu amat sih menunggu tensi 1jam lebih habis di tensi menunggu di panggil ke ruang dokter 1jam 30 menit lama amat,negative
sangat kecewa dengan pelayanannya keponakan saya operasi disana dijadwalkan untuk kembali lepas selang dengan dokter di hari selasa tanggal 6 juni sudah datang kesana ternyata susternya salah memberikan jadwal dan harus kembali lagi hari,negative
dokter dokter obgyn dipermata saya akui top markotop yang jelek itu adalah sistem antriannya benar benar enggak jelas dan enggak transparan apakah antrian sesuai daftar pertama kali atau antrian sesuai dengan walk ini pas daftar ulang? awalnya dibilang dokter mulai praktek jam 10 pagi saya tau dokter tofan ini antriannya lama dan saya no 23 saya datang jam 5 sore biar enggak lama menunggu nya ternyata pas saya datang baru 5 orang yang masuk !wajah_menangis_keras! enggak ada info dari admin kalau dari tofan ada tindakan dan baru mulai praktek jam 2 siang akhirnya saya tinggal keluar dan saya balik lagi jam 7 malam yang masuk baru menambah 5 orang akhirnya menunggu sampai jam 10 malam better manajemen dipikirkan cara antrian yang efektif bagaimana biar enggak membuang waktu orang orang minimal pakai sistem lah ada notifikasi sms atau wa kalau sudah mau masuk pasien biar enggak usah menunggu lama enggak apa apa deh menambah 30ribu juga buat sistem antrian daripada ngabisin waktu ! jaman sekarang begitu loh rs dijakarta sudah pada menghargai waktu pasien ini kan bukan rs bpjs,negative
ini adalah rumah sakit swasta yang memiliki beberapa dokter terbaik di jakarta,positive
saya mendapatkan rujukan 3 rs untuk melahirkan akhirnya terpilih di rs ini dari paskes 1 saya di nyatakn bisa melahirkan normal ternyata sampai di sana anak saya harus di ceasar,positive
rs dengan tenaga kesehatan yang ramah dan pelayanan yang bagus !jempol_ke_atas!,negative
this hospital is very cozy people are very nice here besides the fact that this is a hopital ofc people r nice hehe this hospital also has canteens with ful of yummy cakes and cookies tapi fil our stomach this place also has an,positive
dari masuk tanggal 19 9 si di sekarang 20 9 semua pelayanan dan fasilitas rs graha kedoya sangat baik dan terus ditingkatkan,positive
selalu berobat jalan ke rs ini karena dekat dan cocok selama 2 tahun rutin kesini banyak perubahan dan semakin baik manajemen sangat memperhatikan kritik maupun saran dan pasien dan benar benar ditanggapi dengan sangat baik semoga rsia asyifa menjadi lebih baik!,positive
selama perawatan di kamala 3 lantai 4 susternya baik baik ruangan bersih suster yuni suster evita zulfa terimakasih,positive
pelayanan ke bidanan sangat tanggap dan baik serta tau kesulitan di lapangan penjelasan nya juga mudah di mengerti pokoknya mantab ! anak saya juga di menjaga di saat istri saya pendarahan tidak bisa menyusui terimakasih semua nya maaf ngerepotin,positive
kecewa dengan pelayanan di rs helsa citeureup buat apa pelayanan boking dan wa pas daftar ulang tidak bisa berobat karena kuota habis kita para pekerja itu tidak bisa asal izin tidak masuk kerja gue pikir pakai cara boking dan wa bisa,negative
saya tidak tahu kalau anda sakit lihat saja papan bertuliskan mayapada anda akan sehat terutama dokter christian tendean benar benar selalu mencari akar permasalahan penyakit bukan hanya mengobatinya,negative
pada tanggal 11 okt 2024 pukul 21 00 appointment by wa diterima nomor urut 12 praktik dokter mulai pukul 15 30 estimasi waktu konsultasi untuk 1 pasien 30 menit menurut wa dari pihak rumah sakit pukul 21 00 kami sampai di kantor polisi,negative
puji syukur kehadirat allah tuhan sekalian alam rs yang bagus pelayanan ok anak saya pindah2 rs 3 kali karena ugd penuh disini ditangani dengan sepenuh hati tanpa membedakan antara yang asuransi swasta atau bpjs yang berbayar maupun yang gratis ras,negative
pelayanan bidan rawat inap nya the best banget bidan nya baik baik dan ramah,positive
pengalaman istri saya melahirkan di ruang bersalin pelayanan bagus ruangan bersih safety nyaman dengan peralatan yang lengkap modern,negative
i sama deeply disappointed with the service at tzu chi hospital ini pantai indah kapuk jakarta due tapi the significant lack of communication regarding wait times after being assured the doctor would be present by 15 00 we were left waiting,negative
alhamdulillah mendapatkan penanganan cepat dokternya masyaallah baik suster2 di ruang anggrek ramah sekali ke depannya tarakan semakin maju jaya profesional,positive
fasilitas nya bagus pelayanan nya ramah dan cepat tanggap,negative
rumah sakit andalan keluarga saya pelayanan maksimal rumah sakit yang sangat bagus alhamdulillah pelayanan yang saya terima sangat memuaskan untuk keluarga saya !jempol_ke_atas!!jempol_ke_atas! terimakasih dokter perawat dan seluruh crew yang bertugas di rumah sakit mitra keluarga jati asih !melipat_tangan!,positive
layanan bintang 5 terbaik dari semua tim medis emc tangerang terimakasih sudah sembuhkan saya dari sakit batu empedu,positive
selama anak saya di rawat di rs mitra husada alhamdulillah ini mulai dari penangan dokter dan perawatnya baik dan profesional dalam menjalani tugas dan alhamdulillah nya setelah di rawat selma 3 hari di rs ini hari ini sudah diperbolehkan pulang,positive
pelayanan cukup baik dari scurity dokter dan recepcionis kebersihan juga bagus,positive
salam hormat kepada bapak wardoyo atas keramahtamahannya sebuah contoh standar pelayanan kesehatan yang tinggi di rumah sakit ini,negative
nice place pelayanan sangat baik sampai saya lupa bawa charger hp saja dipinjamkan oleh apoteker mashaallah dokternya luar biasa two thumbs up perawat semuanya ramah dan sigap apoteker ramah dan jelas security sampai cleaning service juga keren pertahankan yang sudah baik,positive
pasien ditetapkan 2minggu disana tbtb enggak ada panggilan diperpanjang jadi 3minggu tbtb mendadak telp suruh jmpt dan yang melayanani di telp nya mengomong nya juga terkesan menyolot,negative
pelayanan nya bagus cukup membantu cepat pemulihan penyakit yang saya derita,positive
saya ingin memastikan bahwa ugd mengatakan siap 24 jam tetapi ketika saya mengatakan ingin mengklaim menggunakan asuransi bukan bp js lho saya malah dilempar ke bagian admin dan menunggu selama 5 menit tanpa tersambung itu terjadi beberapa kali,negative
gataulagi deh ayah saya masih sakit parah disuruh plng!wajah_gembira_berurai_air_mata! rumah sakit aneh!,negative
rspad gatot soebroto pagi ini siap melayani pasien di poli fisioterapi loket pelayanan pasien buka mulai jam 06 00 huebat,negative
oke banget deh pokoknya ramah2 semua padma 4 tapi igdnya lama banget sih keburu muntah2 anak aku,negative
petugas yang mengurus pendaftaran bpjs baru sangat mengecewakan tidak sopan tidak ramah banyak orang sakit melihat pelayanannya malah makin sakit,negative
perawat igd cekatan anak saya dehidrasi langsung sat set ditangani dan langsung masuk rawat inap suster rawat inap juga baik baik dan gesit,positive
pendaftaran pasien sekarang jadi lama ya bisa setengah jam di pendaftaran depan sistemnya sudah bagus yang dulu jangan mengikuti puskesmas datang harus ambil nomor buat daftar lama lagi ke kasih ambil nomer lagi kelamaan enggak usah aneh aneh balik saja ke sistem yang dulu,negative
alhamdulilah saya sc di rs assalam dan pelayanan nya cukup baik dan sigap dokter dan perawatnya ramah²,positive
worst experience ever! staf tidak membantu sama sekali mempersulit pasien info dari setiap tenaga kesehatan juga berbeda staf juga sangat arogan,negative
rumah sakit yang ramah pelayanan nya oke maksimal dan pokoknya is the best,negative
pelayanan tidak bagus padahal bayar enggak pakai bpjs tapi dipersulit! sudah begitu perawatnya judes² ! tolong diperbaiki lagi ya!!!!,positive
hari kunjungan ke sekian kalinya ke rsud kemayoran perawatnya ramah walaupun pasien banyak saya datang telat mau spirometri tetap,negative
sepupuku dilahirkan di rumah sakit ini,positive
anak saya drawat di rs mitra pelayanan igd cepat tanggap perawat dipanggil juga cepat pelyanan bagus meskipun saya pakai bpjs,negative
pelayanan dari perawat pisotropy ramah dan baik,positive
kamar 509 perawat komala adalah yang terbaik,positive
pelayanan lama banget adik saya sudah sesak nafas ditangani di igd lama banget untuk tunggu hasil rontgen lebih dari satu jam untuk pelayanan rawat inap juga lama daftar dari jam 22 sampai jam 24 belum dapat kamar juga alasannya kamar sedang,negative
pelayanan bagus dokter ramah alhamdulillah berobat kesini cepat banget sembuhnya cuma memang harus sabar antri karena pasiennya banyaaak,negative
nama dokter dokter guntur nama suster suster winda dokter guntur dan suster winda sangat baik dokter guntur juga sangat baik,positive
mohon maaf banget sebelumnya tapi ini antrian terlama di poli yang pernah saya alami menunggu hampir 4 jam dengan dokter yang datangnya telat 1 jam dari jadwal praktek orang sakit tambah sakit menunggu antrian segitu lamanya benar benar ngabisin waktu seharian,negative
pelayanannya sangat baik kepala perawat beserta tim terutama perawat novi sangat ramah selalu tersenyum komunikatif informatif dan selalu membantu ketika pasien membutuhkan dokter hendratno juga ramah komunikatif dan,positive
dokternya sangat baik staf perawat dan bagian pendaftaran asuransi ramah dan membuat proses pra dan pasca operasi sangat mudah omong omong asuransinya dari prue peralatan medisnya baru dan canggih ruang vip super besar dan bersih direkomendasikan terima kasih,positive
beli obat di rs husada harus minum pil sabar segrobak obat racik dari jam 10 sampai jam 13 30 belum selesai luar binasa orang kalo sakit sudah pingsan duluan enggak tahu bagaimana regulasi di apotik,positive
berobat disini bikin enggak takut mulai dari petugas administrasi ners dan dokternya ramah dan komunikatif dan terpenting pakai bpjs pun perlakuannya disamaratakan dengan penjamin umum asuransi dan apalagi petugas di radiologi sangat ramah dan sabar melayani pasien rsui is the best pokoknya lah gogreen,positive
penganangan ugd enggak cepat beberapa suster ada yang enggak bisa suntik infus dengan benar sampai beberapa kali ditusuk ada pasien urgent terus suster2 nya lama banget nanganin nya malah haha hihi hoho pas tes swab kasar banget memasuki ke lobang hidungnya maaf ya mengasih rating satu sesuai realita soalnya enggak akan mau berobat ke sini lagi,negative
rumah sakitnya nyaman !hati_berputar! suka banget sama pelayanan rumah sakitnya !wajah_tersenyum_dengan_3_hati!,negative
saya benar benar sangat kecewa terhadap pelayanan disini terutama di tempat pendaftaran,negative
pelayanan kasirnya lama banget kalau kesini jangan pakai asuransi nanti dilayaninnya belakangan kalau tidak menunggu kami tanya kasirnya malas memberikan asuransi,negative
pelayanan nya bagus dan fast respon tidak mnunggu lama dan plus nya ada ahli gizi nya jadi kita ditawarkan pilihan makanannya yang mana di rs lain yang pernah saya kunjungi dan perawatan tidak ada makananya enak enak bahkan ada steak nya tidak,negative
di sini kesabaran saya di uji pelayanan yang cukup lama kalo dipikir menggunakan akal sehat petugas yang tidak komunikatif dan tidak ramah radiologi dan farmasi sungguh sangat sangat mengecewakan,negative
alhamdulilah pengalaman yang sangat mengesankan yang keluarga kami terima saat proses persalinan istri di rst dompet dhuafa meski menggunakan bpjs tidak di bedakan pelayanannya ruang perawatan sesuai dengan kelas bpjs yang kami terima proses administrasi tidak berbelit belit sukses terus untuk rst dompet dhuafa,negative
saling menghormati dan menjunjung nilai kemanusiaan tidak memandang ras dalam melayani semua pengunjung di rumah sakit cinta kasih,negative
pelayanan cepat igdnya cepat tanggap istri sayang kena gula dan sudah lemas banget alhamdulilah penanganan cepat sampai akhirnya di rawat,positive
ayah saya post tindakan pasang ring perawat di latih lagi untuk komunikasi dengan pasien maupun keluarga pasien saya juga tenaga medis etika sopan santun dalam berkomunikasi dengan pasien lebih di tingkatkan tidak dengan nada tinggi,negative
mau bikin jadwal operasi mata saja susah banget harus ngehubungin pihak rumah sakit 021 tetap saja enggak ada yang jelas sampai pulsa habis 98rb enggak ada omongan atau apapun telfon nomor yang di kasih dokternya nomornya enggak ada wa nya tidak terdaftar mau sehat di persulit maaf sebelumnya saya cuma pengguna bpjs kelas 3,negative
mau check out dari jam 4 sore sampai jam 8 30 malam belum kelar kelar juga,positive
dokternya baik sekali dan rs nya sangat membantu proses asuransi discharge dan sudah merger dengan eka hospital group,positive
alhamdulillah benar benar pelayanan prima mulai dari masuk disambut oleh security dan diarahkan keruangan yang kita tuju,positive
rsnya bersih semua stafnya ramah kalo enggak mau menunggu lama ambil antrian online kalo mau berobat ke spesialis penyakit dalam aku rekomendasikan dari yoga !jempol_ke_atas! penyampaiannya jelas enggak buru2 detail santai enggak nakut2in pokoknya mantap dari yoga !wajah_dengan_tangan_menutup_mulut!!wajah_dengan_tangan_menutup_mulut!!wajah_dengan_tangan_menutup_mulut!,negative
saya kirim rs tapi 908 keramahtamahannya oke !jempol_ke_atas_warna_kulit_cerah!!jempol_ke_atas_warna_kulit_cerah!,negative
ada 1 dokter nya telat datang sebaiknya lebih di disiplin waktu kalau telat 1 5 menit di maklumi ini telat sejam !wajah_pusing_karena_mabuk!,positive
alhamdulillah selama anak saya di opname di rs andhika pelayananya sangat memuaskan wlpn saya pasien bpjs untuk sustery masya allah sangat ramah2 banget dokternya pun detail menjelaskan alhamdulillah sukses selalu untuk rs andhika yang selalu memperbaiki setiap kritikan dan masukan ya,positive
terima kasih rsab harapan kita atas pengalaman berharga saya mengurus anak saya sakit selama kurang lebih 1 tahun begitu panjang perjalanan pengobatan anak saya hampir sebulan sekali pasti masuk igd dan harus di opname terimakasih khususnya dari syahminar sapa a atas bantuannya selama ini sudah merawat anak saya mahira dengan baik perjalanan ikhtiar kami mencari kesembuhan untuk anak kami yang pada akhirnya allah berkehendak lain anak kami harus berpulang dan selesai berjuang terimakasih dokter sudah banyak membantu dan menolong saat itu untuk pengadaan alkes yang tidak dicover bpjs tapi alhamdulillahnya bisa dibantu ajukan ke yayasan semoga allah yang membalas semua kebaikannya semoga pelayanan rsab harkit semakin baik dan bisa banyak membantu anak anak yang berjuang untuk sembuh,positive
selamat siang kami adalah salah satu pasien rsab dan ini pertama kalinya rawat inap di rsab menurut saya pribadi alur dari masuk rawat inapnya sangat memakan waktu yang lama,negative
pemberian obat terlalu lama 2 jam sebelum menunggu pemberian obat total lebih dari 4 jam untuk pemberian obat rawat inap,negative
saya pernah operasi di rs ini karena hipotiroidisme tahun 2015 alhamdulillah sampai sekarang saya sehat walafiat hari ini saya kembali lagi ke rs ini untuk mammografi dengan dari seana pelayanan ramah dari senior yang baik hati sukses dan terus berkembang untuk rs siloam,positive
saya pergi ke sana untuk tes usap pcr pada tanggal 31 agustus mereka berjanji akan memberikan hasilnya dalam waktu 3 hari saya menerima hasil tes saya pada tanggal 7 september proses tes berlangsung cepat dan dapat dilakukan dengan mobil semuanya dapat dilakukan dalam waktu,negative
ramai dan sangat sulit untuk menelepon saya pikir mereka harus meningkatkan layanan mereka,positive
bulan april 2024 mama saya herculana usia 84 tahun operasi angkat rahim dengan dokter unedo di rumah sakit tarakan jakarta sangat memuaskan penanganan nya sebelum dan sesudah operasi nya terima kasih banyak gbu !melipat_tangan!,positive
pelayanan nya jelek terutama di fisioterapi anak masa saya yang datang duluan belum di panggil juga nama anak saya malah yang baru datang sudah di panggil duluan terapi dari jam 10 sampai jam 1 siang saya menunggu akhir nya saya putusan anak saya tidak untuk di terapi lagi dan balik pulang,negative
seperti kebanyakan pelayanan yang diberikan oleh pemerintah kita tercinta dan dilakukan oleh para pejabatnya jangan berharap banyak agar tidak kecewa lambat jadi bersiaplah untuk kemungkinan terburuk agar kamu pulang tanpa kecewa atau bahagia !wajah_tersipu!!wajah_merenung!,negative
rs terjangkau dari pemukiman lumayan lah pelayanannya cuman kamar rawat inap kurang bersih begitu banyak nyamuk untuk dokternya pas rawat jalan ada beberapa kali datangnya lama banget,positive
2023 tarif pelayanan prasarana yang meningkat tidak berbanding lurus dengan pelayanan prasarana ke pasien,negative
ramah ramaah pelayanan cepat saya ke igd cek lab konsultasi dokter ramah semua terutama bagian lab di lantai 2 senang banget,negative
tindakan lama!!! orang mau lahiran malah disuruh pulang!!!! pantas saja banyak orang yang tidak mau disana sampai ponakan saya meninggal karena pulang dari rs ini dan terlebih juga dokternya bilang kalau kakak saya cuman kontraksi biasa dokter palsu,negative
kami ucapkan banyak terima kasih kepada bidan elliana amd keb dan bidan veronica telah membantu persalinan istri saya untuk putri kami yang ke 4 gustiana ariani semoga lelahnya para perawat bidan dan dokternya tenaga kesehatan rsud,positive
tindakan yang dilakukan oleh dokter bedah umum dari daniel dan dibantu oleh suster hilma sangat baik apa adanya dan tindakan yang dilakukan sangat hati hati dan bersih serta tidak terasa sakit terima kasih doktet dan sus saya,positive
kamar anak daffodil pelayanannya bagus tidak membedakan bpjs atau swasta semua ramah dokter dan perawatnya terkmakash ukrida terus pertahankan kualitasnya,positive
siang tadi saya bawa bpk saya datang ke igd karena kecelakaan dan langsung di tngani dengan cepat perawat nya benar benar sangat ramah terutama saya tadi ingat perawat atas nama mas farhan dari segi skil nya sangat profesional banget terimakasih banyak buat mas nya sudah menangani bpk saya,positive
ini review jujur untuk yang pertama dan terakhir saya berobat di rs harapan sehati saya kira akan bagus pelayanan nya ternyata sangat amat buruk,negative
dari ridho sebagai dokter kandungan tidak pantas untuk membuat mental pasien ibu hamil down karena obesitas b bayi dalam kandungan normal tensi dan gula ibunya normal hanya karena b ibunya obesitas tapi dibilang enggak bisa normal padahal,negative
1 lokasi cukup strategis jika dapat diakses dari pintu yang terhubung dengan jalan raya margonda 2 petugas ramah 3 kurang nya petugas dan keterangan yang jelas di mesin pengambilan antrian antara pendaftaran dengan kasir sehingga banyak yang tertukar 4 petunjuk alur bagi pasien baru kurang banyak dan tertutup dengan banner informasi lain sehingga membingungkan 5 kurang banyak keterangan denah lokasi yang mudah terlihat sehingga pasien atau pengunjung menjadi bolak balik 6 ketika kebingungan mengenai lokasi poliklinik kurang nya petugas untuk tempat bertanya karena lokasi nya luas ketika memerlukan informasi perlu ke bagian depan kembali di security atau informasi sehingga perlu waktu untuk bolak balik 7 diperlukan papan informasi jadwal dokter saat ini dapat diakses melalui perangkat layar yang sering terganggu dengan akses internet 8 waktu antrian pendaftaran di mcu dari mengambil nomor sampai dilayani kurang lebih 30 45 menit sangat lama 9 waktu antrian pembayaran dari mengambil antrian sampai dipanggi menuju kasir antara 30 60 menit sangat lama 10 pengambilan pencetakan nomor antrian beberapa kali terganggu jaringannya sehingga menunggu sekitar 5 menit 11 total waktu mengantri untuk pendaftaran dan kasir setidaknya paling cepat 30 menit jika ditotal lebih dari satu jam,negative
lahiran di hermina di usia kandungan 36 wig yang berakhir adik bayi harus di rawat di kamar perina susternya telaten dan ramah ramah adek bayi juga terlihat nyaman alhamdulillah sekarang sudah boleh pulang banyak ilmu yang didapat saat adik,negative
persalinan disini beberapa kali rawat jalan dan inap ke rs ini sangat baik pelayanannya ramah dan responsif urusan administrasinya pun mudah perawat dan dokter komunikatif dan peduli dengan pasien lanjutkan rs andhika jangan kendor pelayanannya terima kasih,positive
baik pelayanan saya lahiran disini sangat baik,positive
tes mcu disini cepat dan sangat baik tes ekg sama bidan tari sangat ramah dan telaten!wajah_tersenyum!!jempol_ke_atas_warna_kulit_cerah!,positive
pelayanan lumayan fasilitas kurang kantin dan playground kurang ramah anak,negative
dulu itu kurang etis waktu saya di ugd waktu saya bawa adik saya ke ugd kami bertiga 1 sakit 2 ditemani tapi pas saya sampai di ugd dia suruh saya menemaninya saya disuruh pulang dan,negative
ke sini rujukan bpjs akses jalan kayak jalaan perum atau kampung kali ya jadi di sarankan kalo ke sini naik motor saja karena mobil sempit aksesnya,positive
saya kasih rating 1 dulu untuk pelayanan radiologi panoramic informasi hasil print nya menunggu besok itu yang perlu ditingkatkan,negative
dokter menyepelekan pasien saya datang pakai ambulan semua petugas pun tau kondisi saya saya cuma meminta di uap karena sesak nafas tapi 3jam saya enggak di perhatikan banyak kali prosedur yang enggak bisa toleransi keadaan pasien mungkin tunggu pasien mati baru di tindak jahat semua nya,negative
pelayanannya sangat bagus ruangan bersih !jempol_ke_atas!!jempol_ke_atas!,positive
yaallah menunggu dari jam 9 30 13 00 enggak diperiksa juga menunggu 3 jam setengah pas bertanya ke perawat nya malah dibilang cengeng karena sudah menahan menangis gara gara kelamaan padahal orang orang sesudah saya sudah duluan di bilang mau bagaimana lagi kamu kan bjps kalo mau cepat ya bayar biar duluan yaallah demi allah bu bpjs saya juga bayar saya merasa enggak adil menunggu lama di duluin orang enggak dapat tempat duduk 1 jam pas ditanya kapan mulai nya ya? tapi malah dibilang cengeng disuru bayar saya meminta maaf karena pakai bpjs bukan uang pribadi umum ya bu,negative
saya baru kali ini merasa konsultasi ke halodoc jauh lebih baik dibanding tatap muka konsultasi sama salah 1 dokter senior di rs brawijaya setelah melewati tanda tanya besar kenapa anak saya harus tes tb waktu pulang saya pikir dapat obat,positive
alhamdulillah dari pertama di igd saya di tangani cepat dan di kamar rawat semua perawat nya ramah baik dari nya juga selalu visit alhamdulillah terimakasih banyak atas pelayanan nya,positive
cukup puas dengan pelayanan di rspi puri indah selama mendapat perawatan disini dan dapat room 815 yang sudah direnov jadi lebih modern nyaman dan juga kamar mandi lebih baru bersih suster2 semua staf juga helping banget pasien pendamping merasa dibantu sekali,positive
suami saya pasien dari sama adek satia putra sapa pada dokternya baik sekali tapi suster2nya super super jutek! di aplikasi jkn kami dapat jadwal sore dan datang sesuai jadwal yang tertera di aplikasi sampai sana sih suster marah marah katanya kenapa baru datang,positive
terimakasih untuk pelayanannya securitynya ramah sopan serta cepat tanggap keluarga saya terbantu sekali !jempol_ke_atas!!jempol_ke_atas!,positive
pelayanan nya bagus banget terimakasih untuk dokter anisa bagian staf r bersalin sehat sehat ya bu dokter beserta team nya yang bekerja di rs tersebut pasien ayuariyanti,positive
yth polisi kebidanan sebulan yang lalu saya ingin usg feto karena anjuran bidan saya ketika datang saya menunggu 1 jam ternyata tidak bisa,negative
saya pribadi sangat berterima kasih dengan rs citra insani pelayanan dan dokter sangat berpengalaman apalagi dalam memberi resep obat tidak asal2an terima kasih rs citra insani membuat saya sehat dan beraktifitas kembali,positive
ibu saya sudah bawa surat rujukan sudah menunggu dokter bedah jam 18 00 terus masih suruh daftar sana sini payah rs elit tapi untuk kaum bpjs sulit,positive
perawatnya ramah untuk yang makai kerudung bukan bermaksud sara rasis cuma untuk perawat yang tidak pakai kerudung yang agak pendek saya tidak tau namanya tata bicara untuk mengingatkan pasien sangat tidak ramah menggunakan nada yang tinggi,negative
pelayanan sangat memuaskan pelayanan terbaik dokternya juga sangat profesional saya sudah beberapa kali berobat di sini pelayanan terbaik,positive
pelayanan tidak ramah terutama bagian farmasi sudah daftar online tetap harus ambil antrian meskipun datang pagi habis subuh tetap dapat antrian yang besar percuma ada pendaftaran online kalau ada orang dalam yang mengantrikan,negative
pelayanan tidak responsif dan tidak komunikatif tadinya kalau bisa bintang 0 saya kasih bintang 0 saja suami saya tadinya ke rs lain dekat rumah dan disarankan opname demam tinggi dan pernah ada riwayat pneumonia tapi karena kamar,negative
pelayanan nya kurang nngu dari jam 10 kontrol anak sampai jm 5 juga belum di panggil di tanya sama perawat diam saja enggak ada respon kecewa untuk kontrol di rs ini,negative
dokter aldilla dokter anaknya thebest banget penangan nya super ramah baik dan ditindak cepat terimakasih dok,positive
pelayanannya disini sekarang bagus banget anak masuk igd urus administrasi di pendaftaran awalnya mau pakai biaya pribadi saja biar cepat prosesnya tapi staffnya infoin kalo bpjs anak saya terdaftar aktif jadi bisa dipakai bpjsnya syukur,positive
pelayanan nya bagus banget enggak membedakan antara pasien pribadi sama pasien asuransi bpjs semua pegawai nya juga ramah banget thanks a lot !hati_putih!!hati_putih!,negative
rs pulang saat ini baik baik saja pelayanannya bagus jam 2 siang suami saya ke ugd jam 7 malam dia dibawa tanpa ops pelayanan dari ugd admin ruang perawatan dan dr2 sangat baik peralatannya canggih,positive
putra pertama saya sudah 4 kali di rawat di sini putra kedua saya sudah 2 kali di rawat inap di sini dan kebetulan hari ini minggu 5 november masuk lagi di rawat memasuki hari ke 2,positive
pelayanan sangat amat buruk dari tingkat igd sampai perawatannya bahkan pasien belum sembuh juga sudah di suruh pulang kamar kosong bilangnya penuh,negative
pelayanannya bagus dan cepat meskipun pakai bpjs ibu saya langganan berobat disini sudah 7 kali terima kasih tim dokter dan perawat rs ciputra !,positive
pelayanan di ruang mekah sangat baik semua petugasnya ramah dan di ajarkan senam nifas oleh bidan dan perawat nya terimakasih,positive
pelayanan cepat enggak menunggu lama semua staf dan dokter ramah enggak ramai dan enggak berisik fasilitas oke mantul nyaman banget,negative
tidak recomended sangat lama dokternya perawat di pendaftaran awal pun tidak beres kerjanya datang sore dan di jadwal dokter datang jam 5 ternyata dipanggil jam 9 padahal nama sudah dari awal di catat dipanggil saat pendaftaran,positive
pelayanan igd nya sangat buruk pernah ditangani sama dari yunita puspitasari semoga anda baca pesan ini anda sebagai dokter sangat tidak punya empati!!,negative
pelayanannya ramah stafnya juga sigap rumah sakit keluarga ini sudah lama berdiri top succes selalu graha kedoya,positive
pelayanan dan staf nya baik semua saya rawat jalan dan melahirkan juga disini dokter nya baik baik pelayanan prima pokoknya sangat memuaskan poli jasmine juga sangat nyaman,positive
allhamdulillah istri dan anak saya terselamatkan dengan bantuan bidan dan dokter disini pelayanannya sangat baik walaupun saya pakai bpjs fasilitas oke banget kamar kelas 3 nya pun bagus ruangan bersih rapi ac dan perlengkapan kasurnya,positive
pelayanan super lama suster igd juga enggak ramah waktu mau pindah dari igd ke hcu,negative
untuk pendaftaraan nya cepat tapi dari pendaftaraan ke poli lama bisa sampai 2 jam menunggu daftar ulang ditambah menunggu di panggil dokter poli mending kalau mau berobat ambil waktu lama dan agak siangan jam 10 deh,negative
wah ugdnya luar biasa,positive
semua petugas di igd enggak ada yang welcome! menunggu kamar dari subuh sampai malam gadapet2 dahal sudah puasa 7 jam tapi masih enggak ada kejelasan soal kamar dl nya!,positive
pelayanan ramah dan tetap menjaga kebersihan,negative
anak saya di rawat dengan diare dan alhamdulillah diperbolehkan pulang hari ini untuk pelayanan di rawat inap anak sangat memuaskan perawatnya sangat ramah dan sigap dalam menanggapi keluhan pasien terimakasih banyak untuk tim perawat,positive
pelayanannya cukup bagus,positive
pelayanan bagus lokasi strategis dokter dan perawat nya baik semua lingkungan nyaman oke banget deh,positive
tidak ada keterbukaan soal biaya rawat inap,negative
kamar 52care di lantai 5 pelayanan susternya baik ramah ramah dokternya baik perhatian kamarnya oke cuma enggak ada kamar mandi sukses selalu rspik,positive
saya ingin memberi 2 jempol !jempol_ke_atas_warna_kulit_cerah!!jempol_ke_atas_warna_kulit_cerah! untuk staf layanan pelanggan yang melayani saya di bangsal saya pagi ini itu terjadi kurang dari 24 jam sejak saya mengunggah komentar di halaman ini,negative
pelayanan di rs pantai indah kapok selalu yang terbaik perawatnya sangat terampil yang terpenting sangat ramah dalam menangani anak saya dan yang terpenting dokternya sangat profesional di kmr 5128 kebersihannya cukup,positive
menginap di siloam kebon jeruk tadi malam harus saya akui saya sangat senang !hati_merah! dapat kamar vip,negative
atitude pekerja sangat tidak bagus resepsionis sedikit sekali antrian super lama untuk perorangnya bukanya membanyaki pekerjanya kalau sudah dari dulu kasusnya antrian super lama tidak rekomendasi !wajah_berkeringat!,negative
pelayanan rs paling buruk yang pernah saya datengin alur sop igd enggak jelas terlalu lama harus diingatkan dulu baru respon enggak di cek tanda2 vital sama sekali parah sih diperiksa tidak secara keseluruhan apalagi luka habis kalo pas sampai rumah baru ketahuan masih banyak luka yang enggak diobatin tenaga medis terlalu cuek pendaftaran kacau sistem enggak jelas lama benar obat pulang enggak dikasih padahal dokter sudah menjelaskan tolong benerin lagi sistem alur igd kasihan pasien2 yang memang urgent sakitnya saya beberapa kali ke igd pelayanan enggak berubah sama saja kalo enggak terpaksa sekali saya enggak bakal ke sini lagi,negative
mohon pihak management rs maka kalideres menyediakan pengeras suara toa kepada setiap perawat dokter yang dapat mempergunakannya untuk memanggil no antrian pasien karena ruang tunggunya terlalu berisik!,positive
rs kocak adek saya mau ketemu sama mamaknya enggak bisa karena gaboleh sama satpam tapi ada anak lain mau jenguk tetangganya naik lift didiemin,negative
ini pengalaman saya pertama kali ke rumah sakit mendapat rujukan dari bpjs karena harus mri sedangkan di rumah sakit kelas sih tidak ada mesin mri pengalaman pertama ini sangat sangat negatif pelayanannya jutek padahal ini rumah sakit,negative
pertama kali kesini dan mungkin enggak bakal balik lagi ke rs ini ketemu dokter cuma 15 menit tapi total di rs 3 jam lebih dan sebagian besar waktu tunggu ada di farmasi hampir 2 jam hamya untuk menebus obat yang tidak diracik pengalaman yang mengesalkan,negative
sangat kecewa dengan pelayanan di ugd sudah lama sekali banyak orang di depan tapi tak tahu apa yang mereka tertawa dengan tidak jelas sangat menyedihkan tidak terorganisasi dengan rapi saya tak mau datang ke sini untuk berobatan lagi tunggu mati dulu,negative
walaupun rumah sakit ini sudah cukup tua fasilitasnya masih bagus dan terawat untuk pasien balita disediakan box kasur terpisah sehingga kasur pasien bisa digunakan oleh orang tua yang menunggu terima kasih,positive
untuk pelayanannya oke securitynya sangat sigap dan membantu susternya ramah ramah dokternya juga ramah tetapi untuk pengambilan obatnya sangat buruk saya menunggu sampai 4 jam dan ditinggal datang lagi itu obat belum kelar farmasinya cukup mengecewakan selama itu untuk pengambilan obatnya,negative
pelayanan nya sudah bagus namum perlu di perhatikan ada perawat kurang sigap di panggil tidak langsung datang,negative
coba di cek lagi sistem penomoran antrian yang sudah menunggu sejak sore di salip lagi di salip lagi sama yang baru datang gegara nomor ybs lebih muda dahulukan yang registrasi ulang lebih dulu ini sih menunggu antrian bisa sambil nyuci beberes dl,positive
semua perawatnya baik komunikatif dokternya baik banget walaupun saya pakai bpjs tapi ya seperti,positive
rumah sakit yang sangat ramah sangat suka kalau ke rumah sakit ini tuh pelayanannya menyenagkan rumah sakitnya juga sangat bersih pokoknya bintang 5 untuk rumah sakit ini !wajah_memeluk!,positive
senang sekali berobat ke rs bina husada cibinong beberapa kali berobat menggunakan bpjs pelayanan nya selalu bagus mulai dari petugas pendaftaran nya ramah ramah ditambah nomor antrian yang hanya 1 memudahkan proses administrasi dan,negative
dari dokter cepat tapi pas di farmasi saya rasa sangat membuang buang waktu karena saya menunggu obat dari matahari masih muncul sampai tidak ada alias dari siang sampai tengah malam saya menunggu obat saya harap untuk di farmasi di tambah lagi,negative
terimakasih rsu bhakti yudha pelayanannya sangat bagus suster dan dokternya ramah baik langsung tanggap dan cepat dalam mengatasi masalah pasien nyaman juga di kamar di ruangan cattleya a 104,positive
cobalah untuk mempercepat pemberian obat resep karena perlu waktu lebih dari 1 jam 30 menit untuk menunggu obatnya diminum,negative
alhamdulillah karena saya pasien pengguna bpjs penanganannya cepat mulai dari pengantar kursi sampai masuk igd semua ramah dan cekatan dalam menangani pertanyaan pasien terimakasih rs siloam terus maju dan berkembang untuk masyarakat bpjs maupun non bpjs gbu,positive
pelayanan cepat dokter dan suster juga sangat ramah,negative
dokter kandungan yang recommended ada di sini dari yusfa sayang tidak ada tempat parkir nya musti pakai vallet,negative
lama banget lu dapat kamar inapnya sdngkan kelas bpjs kelas satu dari jm 12 siang belum juga sampai jam 21 30 belum juga dtempatkan juga ke kamar inap,negative
tempat istri kontrol selama kehamilan tempat anak saya kenzo lahir pada 18 juli yang lalu dan tempat kenzo di opname hampir seminggu semuanya gratis via bpjs dan pelayanan dari rs baik,positive
sangat puas dengan pelayanan di rumah sakit ini saya sempat dirawat selama 4 hari setelah laparoskopi ditangani oleh dokter yang sangat ramah dokter ruth feronika spb dan dokter indriani spog juga perawatnya yang pelayanannya top terimakasih kepada perawatnya,positive
parah banget sore ini adik saya datang ke igd dengan kondisi sudah muntah2 dan lemas masih di srh masuk lewat poli enggak bisa pakai bpjs dengan alasan kondisi tidak emergency sungguh membagongkan apa hanya kondisi yang sakratul maut yang bisa pakai bpjs di rs ini? akhirnya masuk ke poli disarankan ke igd dengan biaya pribadi saat mau meminta copy resep masih di tolak juga dengan alasan karena sudah bayar lebih lawak lagi sistem rs ini jelas jelas copy resep enggak ada kaitannya dengan pembayaran sudah lunas atau belum? bayar pakai pribadi saja masih dipersulit bagaimana pasien dengan bpjs???? kemungkinan pasien hampir mati baru di layanin kali ya sama rs ini sangat menyedihkan pelayanan rs swasta yang 1 ini,negative
pengalaman yang sangat buruk berobat di rsud ini sangat memprihatikan pelayanan nya sangat lama mulai dari awal mendaftar sampai dengan selesai setelah saya selesai daftar hampir setengah jam enggak di panggil2 dengan alasan banyak pasien,negative
program vaksinasi polio gratis di grand family semua petugasnya ramah dan cepat membantu,positive
anak saya di rawat ruang tak sama oleh dokter rini suster nya ayu suster diyah suster auriya suster suci perawatan alhamdulillah baik dan ramah terhadap pasien dan keluarga pasien,positive
bpjs nya parah nipu mulu bapak² bagian cetak nya bilangnya jam 3 baru bisa pdahl poli klinik sudah dibuka dari jam 2 hdeh biasanya pakai imerial tb² bpjs malah lama banget,negative
dokter langganan anak di sini dokter yuanita spa my favorit sih jelasin nya detail sabar cuma mohon maaf pelayanan kasir laama banget padahal saya bayar umum counter ada 4 tapi kurang sat set farmasi lama juga sejam lebih menunggu antrian bayar mengecewakan!!!,negative
pengalaman lahiran anak pertama di rsu bunda margonda dengan dokter satrio dari waktu kontrol sudah seru diajak mengobrol banyak mengedukasi juga tindakan sc pakai bpjs tapi benar benar enggak merasa dibedakan dokter2 perawat staf dl semua,positive
dokter telat 1 jam dari jadwal ambil obat lama sekali sampai 1 jam lebih tolong diperbaiki lagi,positive
pelayanan nya jelek banget bayar sendiri saja sudah kayk pakai bpjs sudah tau pendarahan bukan nya cepat di tangani malah suruh ikut antri,negative
lambat sekali datang dari pagi jam 9 sampai siang jam 11 30 belum di panggil pendaftarannya tolong di tingkatkan lagi pelayanannya buruk sekali,negative
saya mendatangi ruang gawat darurat karena asam lambung naik stafnya terutama perawat bernama ari memberikan bantuan yang sangat baik meskipun menggunakan asuransi saya merasa harga yang mereka tawarkan wajar dan tidak semahal rumah sakit lain yang pernah saya kunjungi,positive
tau chi menjadi pilihan saya untuk mendapatkan pelayanan kesehatan baik dengan bpjs atau pun tidak selain jarak dari rumah yang dekat obat yang diberikanpun cocok dokter suster dan pelayanan lainnya pun ramah saran saya cuma satu,positive
teruntuk pihak management rs trimitra untuk kasih pelayanan terbaik untuk jadwal dokter nya agar bisa datang ontime kasihan banyak pasien lansia menunggu dari pagi sampai sore dikarenakan dokter mata yang tidak kunjung datang hanya,positive
pelayanan disini sangat lama dokternya enggak komunikatif talkative sampai pelayanan mau pulang saja lama sekali pilih rs lain saja,negative
bangunannya bagus stafnya ramah dan membantu namun waktu tunggu dari satu layanan ke layanan lainnya masih agak lama,negative
dokterya ramah2 pelayananya memuaskan pokokya ajib deh apa lagi drg ratna wih cekatan dan cara kerjaya rapi dan santuy pokoknamah ajib jib jib!melipat_tangan!,positive
untuk pelayanan sangat bagus suster2 nya sat set dalam bertugas mohon dijaga dan di pertahankan tugas dan tanggung jawabnya the best !jempol_ke_atas!!jempol_ke_atas!!jempol_ke_atas!,positive
alhamdulilah pelayanan apotik pak leo mbak diah sangat ramah sangat berkesan,negative
tolong perbaiki cal centernya saya pernah dirawat disini beberapa kali dan pelayanan sangat baik tapi cal centernya tolong dibenahi jangan terlalu banyak oper mengoper,positive
pelayanan yang memuaskan di poli anak especially untuk suster dian dan team terimakasih,positive
hari ini tanggal 2 okt 2022 saya membawa istri saya kira rs asyifa depok dengan pelayanan poli dari hendra pelayanan sangat buruk dengan wajah jutek tidak mencerminkan seorang dokter alhasil obat tidak saya tebus saya mencari rs lain untuk istri saya,negative
kurang etis banget kemarin pas di igd pas antar kakak saya masuk igd kami ber 3 1sakit 2menemani tapi pas di igd disuruhnya 1 saja yang nemenin saya diusir disuruh tunggu didepan igd sementara disebelah saya ada pasien di igd yang malah ada 3 orang yang,negative
pelayanan yang bagus dokter dan para suster yang ramah sekali lingkungan yang bersih masjid nya juga bagus banget keren pokok nya,negative
pelayanan buruk banget,negative
jam 2 pagi bawa anak ke ugd karena batuknya parah tidak bisa tidur !wajah_tersenyum_dengan_air_mata! akhirnya memutuskan untuk dirawat di rs pik menginap di kamar 5118 lantai 5 khusus anak anak,negative
perawat di lantai 4 sinai kanan melayani pasien dengan baik dan dokter lusi sapa pada sangat baik dan tanggap terhadap pasien penjelasan tentang penyakitnya juga sangat jelas,positive
had a surgery with dari yuma he is the best friendliest service from al the nurses and very attentive tapi patients needs,positive
menyenangkan sekali konsultasi dan periksa hamil dengan bidan jehanara tidak hanya sekedar di periksa saja tetapi juga benar benar di persiapkan mental nya untuk kelahiran anak saya nanti terima kasih bu jehan membuatku dan suami lebih tenang,positive
kamar adalea memberikan pengalaman pelayanan terbaik,positive
lama pelayanan yang daftar belakangan di duluan yang daftar duluan di belakangin woy nglayanin orang sakit nih bukan meminta sembako,negative
pelayanan bagus kami sangat puas terima kasih banyak !melipat_tangan!!melipat_tangan!,positive
pelayanan suster di lantai 5 isolasi sangat baik ramah sangat membantu sekali terima kasih juga untuk suster yang sudah membantu merawat kakak saya semoga kalian sehat selalu !hati!!hati!!hati!,positive
pertama kali pindah ke fasilitas kesehatan rumah sakit siloam hospital kelapa dua memberikan pelayanan yang sangat baik bagi pasien baru mereka memberikan penjelasan yang mudah dipahami sangat sabar sistemnya mudah dokternya juga sangat ramah dari surya spesialis penyakit dalam dokternya sangat baik !jempol_ke_atas!,positive
semua yang bekerja disini ramah pelayanannya dan baik attitudenya semoga kalian semua diberikan kesehatan dan selalu dalam lindungan allah swt amin!melipat_tangan!,positive
sangat bagus sekali cara memberikan pelayanan pendaftaran bpjs pendaftaran komputernya juga sangat gampang pelayanan dokter suster satpam sangat sopan dokternya juga semuannya pengalaman dalam bidangnya fasilitasnya cukup bagus dl sudah bagus harus pengawasannya lebih ketat!nilai_seratus!,positive
rawat inap di ns begonia selama 5 hari pelayanannya sangat baik ditangani oleh dari vivi sangat informatif dan perawatnya juga baik sekali !warna_kulit_cerah! kamarnya sangat nyaman dan dibersihkan setiap hari terima kasih rs mitra keluarga pramata jatiasih !hati_putih!,positive
alur pendaftaran kalian sangat tidak mengedepankan kepuasan pelanggan ketika coba booking lewat wa disuruh datang langsung ketika datang langsung sudah ditutup karena penuh saya kejadian 2x untuk ini,positive
rumah sakit terburuk dan paling tidak bertanggung jawab yang pernah saya kunjungi kaki saya sekarang lebih pendek 2 cuma karena ketidak kompetenan dari franky hartono ketika saya sampaikan kekhawatiran saya mengenai panjangnya dia menepis kekhawatiran saya dan mengatakan kepada saya bahwa itu hanya,negative
pelayanannya cukup baik terutama untuk kamar anggrek lantai 17 kamar 1711 namun ac perlu diperbaiki karena anginnya tidak boleh terlalu kencang atau terlalu kecil terima kasih,positive
dari segi pelayanan rsud sudah bagus tetapi sangat disayangkan untuk parkir nya petugas nya banyak yang bohong mereka selalu mengambil 1 2 ribu dari uang parkir dikertas parkirnya tertera jam jadi saya tau berapa lama saya parkir dan berapa yang,negative
terimakasih hermina depok telah membantu proses persalinan saya dokter obgyn nya dari kamila para bidan2 di vk dan perawat bayi ramah ramah kamar nya nyaman dan makanannya enak pas untuk ibu ibu pasca melahirkan rasa nya pengin lahiran lagi di hermina depok!wajah_tersenyum_dengan_3_hati!,positive
selama menjalani perawatan di poliklinik maupun dirawat di ruang begonia pelayanan yang diberikan sangat baik dan ramah terima kasih kepada perawat dan karyawan staf lainnya,positive
bagus perawatan nya dan anak saya pun mendapatkan perawatan dengan baik sampai dengan sembuh,positive
gile parah sudah daftar sehari sebelum sudah isi form online di admin loket suruh isi form berulang² data pasien disuru menulis kronologi dilakonin juga disuru datang dari jam 3 padahal open jdwal jam 4udah dibelain datang awal menunggu lama ini menunggu dari jam 3 30 sampai jam 6 enggak bisa sholat karena orgtua enggak bisa ditinggalin dokter enggak nongol² juga bertanya admin suster bilang kty menunggu dokter di depan masih banyak pasienya elah sudah tau ada jdwal di kelas bpjs tertera jam nya masa iya dia standby di kelas pribadi teruslah terus kita disini memang bukan orang bukan manusia bukan pasien?????yang terhormat bp ibu dokter suster kry rs semua kami ini manusia pasian juga walau kami di kelas bpjs tapi hitungan kami juga dibayarkan pemerintahsekiranya r si anda tidak niat menerima pasien bpjs ya terus terang saja ke pemerintah jangan kami yang di jadikan korbab beginimasa iya sih ber jam jam begini menunggu dokter dari jadwal yang tertera enggak ada info enggak ada penjelasan dari pihak admin ir suster kami harus tunggu berapa lama nyasebegitu rendahnya kah hanya karena perbedaan ekonomi atau kasta kami jadi pasien yang tidak dianggap beginihabis waktu kami mana saya baru perdana rujukan memilih ke sinikapok paraahhhhpadahal kalian itu petugas² mulia bahkan dokter saja sudah disumpah saat akan menjabat jadi seorang dokterharusnya mulia dimata manusia dimata tuhan tapi kok hanya perbedaan ekonomi kasta kelas kalian berbeda sikap dan melayani semaunyaperdana dan bikin kapok !!!! plus nya pelayanan lainnya sudah lumayan cuma bagian pelayanan bpjs nya saja sama menunggu dokter kelas bpjs yang parah,negative
bisa pakai bpjs ada prosedurnya tinggal mengikuti saja arahan dari pegawai minimal 1jam sebelum dokter prakter harus sudah hadir kalau mau daftar telpon dulu,positive
pelayanan sangat memuaskan dari ridho masya allah penjelasan dan penanganan nya sangat detail dan membantu sekali perawat dan satpam nya ramah,positive
kalo bisa kasih bintang 0 kasih 0 pelayanan lama buruk ada saran rujuk tapi giliran mau mengurus bagian kasir supaya langsung pindah rsud malah lama orang sudah sekarat padahal tengah malam dan enggak ada antrian yang diurus bukan boneka,negative
perawat rizki perawat agung perawat sonia dan semuanyah sangat bagus akan pelayanan dari ayah saya yang masuk ke igd sampai pulang sangat puas akan pelananya terimakasih atas dedikasinya dalam hal kesehatan,positive
dirawat di kamar 7515 ditangani oleh dari glorious kamarnya luas dan bersih perawatan dokternya juga baik penjelasan dokternya jelas semuanya oke dari pelayanan kebersihan perawatnya ramah dan perhatian,positive
terima kasih saya telah di prioritaskan di bagian farmasi oleh pak leo sebagai pasien cacat semoga di bagian lain seperti kami sebagai pasien cacat di prioritas kan,positive
saya dirawat di sini 3 hari 2 malam dan beberapa kali rawat jalan di poli saya rasa saya punya cukup opini untuk disampaikan dimulai dari hal baiknya dulu pros 1 saya dirawat sendiri operasi sendiri dari awal sudah diingatkan bahwa harus ada wali yang menemani keluarga atau teman namun karena saya perantau saya sulit menemukan wali saya akhirnya harus menjelaskan berkali kali ke pihak rs bahwa saya tidak ada wali akhirnya pihak rs mengizinkan saya dioperasi dan dirawat tanpa wali dan yang bikin happy adalah perawat dan staffnya sangat ramah dan responsif! salut 2 saya dirawat di kelas 1 ruang gatot kaca sejauh ini ini ruang rs kelas 1 ternyaman yang pernah saya tinggali saya beberapa kali dirawat di rs ruangannya luas bersih dan dingin fasilitasnya juga lengkap keren! 3 apresiasi tertinggi saya untuk dokter dan para perawatnya baik perawat di ruang gatot kaca maupun di kamar operasi saya merasa sangat terbantu sekali selama dirawat di sana 5 5!baiklah itu sisi positifnya berikut ini beberapa hal yang menurut saya perlu dievaluasi dan diperbaiki cons 1 rs sitanala punya sistem pendaftaran online saya pernah coba daftar online namun ketika sampai di rs saya kaget ternyata harus daftar ulang lagi di loket dsb apakah pendaftaran online ke poli hanya gimik digitalisasi? mohon dievaluasi 2 staf satpam kurang knowledge wah ini bikin saya geleng geleng kepala mungkin tidak semua staf sih tapi beberapa yang saya temui sangat tidak informatif bertanya a dijawab saja tidak diberi tau kalau tidak bertanya sangat tidak responsif sistem pengantrean di bpjs juga sangat buruk tidak ada sistem first come first serve mungkin perlu diberi pelatihan idk 3 parkir mahal saya heran rumah sakit pemerintah tapi biaya parkirnya bahkan lebih mahal dari biaya parkir di mal seperti pungli 4 makanan catering pasien tidak disesuaikan dengan diagnosa penyakit pasien pengalaman di rs lain dengan bpjs saya ada wawancara dengan staf gizi untuk memastikan bahwa makanan yang akan saya terima sudah sesuai dengan kondisi penyakit saya saya operasi di bagian mulut susah mengunyah tapi bubur hanya diberikan saat pagi makan siang malam dengan daging ayam yang sangat keras mungkin sistem pemberian catering perlu dievaluasi juga sekian opini saya overal saya puas dirawat di rsup dari sitanala,positive
pelayanan di rumah sakit sudah baik hanya saja fasilitas parkir di rumah sakitnya kurang baik dan tarifnya juga kurang baik kadang memang karena apa ya karena sering terjadi kesalahan tolong pelayanan parkirnya ditingkatkan lagi ke yang lebih baik lagi,positive
pelayanan cukup ramah tapi kalo lu pasien bpjs menunggu antriannya selalu bikin sakit hati karena sering panggilan nomer antrian ditunda lama dan ngutamain pasien dokter akbar sama dokter angga dulu saya sebut saja biar ada tindakan,negative
unit fisio terapi mantul mantap pelayanan ok ramah suster baik lucu thx,positive
untuk pelayanan dan fasilatas sangat bagus dan memuaskan semua staf dari perawat maupun bidan juga sangat baik !melipat_tangan_warna_kulit_cerah!!melipat_tangan_warna_kulit_cerah!!melipat_tangan_warna_kulit_cerah!,positive
perlu pergi ke dokter karena masalah kesehatan dan sangat terkesan dengan layanan yang sangat cepat efisien dan ramah di igd dari staf yang ramah pasien hingga dokter yang sangat ramah dan sopan yang menangani saya pengalaman yang luar biasa! terima kasih,positive
untuk alur pendaftaran sih bagus tidak begitu mengantri karena sudah daftar via online wa,negative
dirawat di ruang begonia selama 3 hari alhamdulillah semua perawatnya ramah kompeten yang paling berkesan makanannya enak banget kaya serius banget bikin pasien cepat nya sembuh !wajah_gembira!,negative
alhamdulilah pelayanan di rumah sakit aulia sangat menyenangkan dokter staf perawat sangat ramah saya pakai bpjs kelas 3 di rawat dengan sangat baik oleh perawat suster yang sangat ramah baik dan sangat detail sekali menjelaskan segala sesuatunya terimakasih,positive
pelayanan memuaskan n baik suster dokter ramah dan sabar ruangan nyaman yang kurang cuma di penerangan lampu di lantai 2 dan 3 ruang ranap serta ruang yang mau menuju ke lab tolong sediakan lift buat keluarga pasien biar enggak capek,positive
kerja bagus!! lanjutkan! !hati_merah!,positive
selamat buat fisioterapi dirsu mma saya datang dalam keadaan sakit tapi setelah trapi luar biasa ada kesembuhan lagi goid buat rsu mma,positive
kenapa sih dokter itu pada senang banget datang nya telat padahal banyak pasien yang menunggu dari pagi berharap selesai pendaftaran ketemu dokter sesuai jadwal alasan ada operasi???,positive
pelayanannya ramah dan cepat rs tb siloam simatupang memang rumah sakit terbaik,positive
pengalaman 8 hari staycation di rs mitra keluarga cibubur sangat menyenangkan dokternya ramah asik dan super detail dalam menjelaskan perawat2nya baik² dan fast respon semua,positive
rumah sakit nya bersih pelayanan nya juga bagus fasilitas nya juga terawat,negative
hai aku mau share pengalaman saya dengan dari ghany hendra wijaya pertama kali saya konsultasi mengenai sakit yang saya rasakan beliau dapat memberikan solusinya dan saya pun langsung mempercayai dari ghany karena pembawaan pada saat bicara yang sangat membuat nyaman attitude dari ghany patut diacungi jempol!!!jempol_ke_atas_warna_kulit_cerah!,negative
salah diagnosa tanpa tanggung jawab atau akuntabilitas saya baru baru ini ke sini karena batuk saya tidak kunjung sembuh dokternya,negative
system rsud ciracas kok seperti itu ya?? pasien disuruh tunggu diluar bareng dengan tempat parkir motor dan mobil??padahal didalam kosong apalagi bagian daftar yang diluar pintu tidak ada ramah,negative
pelayanan terbaik ramah baik perawat maupun dokternya semoga makin banyak gedung rawat inap dan semakin memudahkan masyarakat yang membutuhkan pertolongan pertama di dunia medis,positive
maaf ya cuma mau mengasih masukan kalo ada suster perawat yang meriksa tolong ya jangan geroyokan dan tolong juga ada kata permisi sepengalaman saya di rs bun suster perawat yang langsung buka gorden tanpa ada kata permisi dan itu bikin kita yang lagi jenguk kaget buka gordennya kencang banget lagi jadi tolong ya kata permisinyadipake agar yang jenguk dan pasien juga enak,positive
ke obygn menunggu antrian masuk poli sampai 3 jam gla kali pantat deh mau copot yang menunggu itu ibu hamil harusnya bisa lebih di optimalkan apa karena bpjs kali ya jadi pelayanannya buruk bangt katanya mau istirahat sholat padahal baru jm 11 15 sholat apaan tuh dokternya !jempol_ke_bawah!!jempol_ke_bawah!!jempol_ke_bawah!,negative
pelayanan igd quick respon dokter jaga suster ramah dokter dan suster rawat juga ramah menjelaskan dengan detail trm kasih dari endarwati sapa a dan suster yang telah merawat anak saya dan karyawan administrasi juga ramah ruangan rawat,negative
pelayanan sangat bagus dan ramah² semua perawat dan dokternya semoga tambah sukses buat rs aulia,positive
selamat sore sebelumnya aaya ucapkan terima kasih kepada perawat dan dokter dokter yang sudah merawat saya di rs ini dan saya meminta maaf jika kata kata dibawah ini kurang sopan atau berkenan karena saya kecewa sekali dengan pelayanan dari,positive
pelayanan nya cepat petugas nya ramah ramah perawat nya cekatan dan care banget,negative
salah satu dari manuel lm mboeik yang mendapatkan pelayanan memuaskan terutama perawatnya yang ramah dan sangat membantu membuat saya tidak ragu sedikitpun walaupun posisi sedang ditangani sendiri tanpa pasien,positive
halo rs aulia saya salah satu pasien disini dan jujur agak kecewa dengan kehadiran dokternya saya ada mengunjungi spesialis paru dengan dokter jerry di jadwal jam 16 00 18 00 tapi sampai jam 18 30 dokternya belum juga datang,negative
pelayanan rumah sakitnya sangat bagus tolong tetap pertahankan,negative
baca ulasannya jadi mikir mau periksa istri saya yang sedang hamil takut kecewa,negative
pelayanannya bagus areanya bersih orang orangnya baik tempatnya luar biasa,positive
kerabat saya ikut serta acara khitanan massal dalam rangka hut rsia assalam alhamdulillah sangat membantu sekali petugasnya ramah dan sabar mulai dari khitan sampai dengan kontrol di tangani dengan baik,positive
terlalu lama menunggu proses obatnya padahal resep sudah masuk dari 2 jam yang lalu,negative
pengalaman saya melahirkan yang tidak ingin saya ulangi lagi adalah awalnya sebelum ke ruang operasi untuk operasi caesar saya ke ruang bersalin dulu kalau pasien mau ke toilet tidak ada toilet yang,negative
ruangan 712 lantai 7 gorden nya enggak ada 1 kalo siang jadi panas banget pasien susah untuk istirahat pas baru masuk ruangan nya kotor sekali seperti tidak di bersih kan banyak,negative
mohon ditunggu dokternya lama ya dari pagi sampai siang belum datang juga kayaknya dia juga tidak lapar dan tidak ngantuk deh,negative
alhamdulillah saya semakin yakin berobat di rsijcp dari dulu sampai sekarang saya tetap yakin berobat di sini saya juga berterima kasih kepada ibu ida farida dari bagian kerohanian yang telah mendoakan anak saya agar cepat sembuh dan mengingatkan untuk selalu beribadah terutama sholat 5 waktu,positive
saya mengalami nyeri lutut kanan sebelumnya pernah disarankan operasi saat berobat di tempat lain puji tuhan bisa berobat di klinik penyakit dalam dari guntur saya,negative
5105 saya berperan sebagai bagus,negative
masyaallah anak ke 2 lahiran di rs budi kemuliaan faktor harus dirujuk jauh memang dari tempat sebelum dirujuk tapi enggak kalah masyaallah nya untuk pelayanan dan tempat nya dokter dan susternya semua alhamdulillah ramah segi kamar segi makanan aplagi enggak kalah enak makanan terenak yang enggak bikin trauma makan makanan rumah sakit kayak nya disini doang sukses dan berkembang terus untuk rs budi kemuliaan saya lahiran di sana tanggal 16 maret 2023 semoga pelayanan dl tetap yang terbaik dan harus bisa upgrade menjadi lebih baik lagi walaupun mnurut saya sudah baik banget trimakasih,positive
dokternya ramah fasilitasnya baik ruang rawat inap bersih,positive
waktu beberapa minggu lalu saya datang pagi jam 7an untuk priksa anak menunggu lama karena hari jumat baru dipanggil sekitar jam 10 kurang lebih naik ke lantai 2 informasi suruh menunggu dokter jam 2siang dan kitanya otomatis pulang dulu pas kita jam 2 datang lagi lha ternyata kenapa dokter anak datang jam 10 sudah begitu di meminta no hp harusnya untuk saat manggil enggak ada nama tersebut telfon lha tau tau nya jam 2kesitu sudah enggak ada doktet,negative
ramah anak bersih,negative
jadi sabtu lalu saya collapse dan saya meminta dibawa ke sini karena kebetulan ini rs paling dekat dari tempat kerja saya sesampainya di sana dengan sigap nakes yang ada di sana ks tindakan n enggak lama dokter nya datang top banget pelayanan,negative
ya ampuuuuun pelayan di farmasi lama sekali masa saya cuma mengantri 5 pasien untuk ambil obat harus menunggu 1 jam lebih katanya sedang pembaruan sistem ganti sistem bukannya lebih baik malah buruk,positive
ini rumah sakit enggak recommended banget deh!! bapak saya kepalanya bocor dan tulang bahu kiri patah karena jatuh dari atas rumah ketika slesai semua pengobatan datang lah kwitansi pembayaran total kurang lebih,negative
saya merasa nyaman dengan pelayanannya yang bagus diingatkan untuk jadwal kontrol dan berkas yang mesti dibawa,positive
dokter ramah tapi harus menunggu dokter menunggu pembayaran menunggu ambil obat mengantri kayak ambil sembako ngambil obat harus menunggu berjam2 padahal itu obat yang kemarin kontrol manajemen benar benar kurang bagus itu pasien yang mau ambil obat kemarin itu sudah menunggu rata rata lebih dari 2 jam,negative
rumah sakit dengan pelayanan kelengkapan alat serta biaya dokter yang terjangkau menurut pandangan saya di sekitar jakarta utara walau awal masuk rawat ada sedikit salah paham dengan bagian admision kebetulan putri saya meminta di foto jepitan rambutnya dan berada didepan saya kebetulan mbak dengan inisial si berada didepan saya yang seolah2 ikut terfoto dan kemudian menegur saya tidak boleh foto kaget juga tapi saya jelaskan tujuan saya foto baru ybs mengerti sayang tidak disertai permintaan maaf dari ybs hanya kejadian ini terbayar dengan keramah tamahan para suster yang dengan sabar bermain dan menghibur putri saya serta pelayanan dari anak dari sisca mardani yang sangat baik komunikatif dan sabar untuk menjelaskan keberhasilan layanan di lantai 19 sesuai moto cinta kasih sampai anak saya tidak ingin pulang kasih ingin bersama suster terima kasih,positive
tempat yang bagus untuk bertemu teman,positive
saya pasien klinik obs gyn yang terpisah dari klinik spesialis lainnya mereka memiliki meja pendaftaran sendiri dan proses administrasi selalu lancar untuk pasien asuransi anda tidak perlu mengisi formulir asuransi,negative
selama dirawat disini perawat sama dokternya ramah ramah banget alhamdulillah semua karyawan di rs nih ramah2 kalau pencet bel pun enggak lama langsung datang perawatnya awalnya sempat takut mau di rawat di rs nih karena baca ulasannya tapi ternyata,negative
selama kakak saya di rawat penanganan baik dari dokter paru dan perawat perawat yang betugas sangat sigap rs permata depok semakin sukses dan rawat inap di paramarcy lantai 3a makin maju thanks you nurse firna dan nurse amel,positive
rumah sakit kelas b jelas di bawah rumah sakit lain seperti mrc siloam dan rspi puri yang keterlaluan adalah tingkat kebersihan dan urgensinya dokter perempuan bukan perawat di icu batuk batuk para perawat masuk ke ruang vip tanpa,positive
sangat tidak layak kenapa? 1 kamar kenanga 2 tidak di lengkapi ac yang dingin pasien anak kecil jadi rewel sudah komplain tidak ada tindak lanjut,negative
baru pertama kali ke rs ini alhamdullilah dari awal diigd sampai slsi operasi dan bisa plng kermh petugas nya ramah semua bidan diigd suster mbak yang bawain makanan suster anak terutama team yang operasi padahal pakai bpjs hehe rada degdegan,negative
pelayanan rawat jalan cukup baik pendaftaran online melalui aplikasi jkn mempercepat waktu menunggu jika pendaftaran manual butuh waktu lebih lama untuk menunggu dan menunggu obat waktunya lumayan lama pada akhirnya saya tinggal dan di,positive
pengalaman saya untuk istri melahirkan di rsud pademangan ternyata sangat memuaskan sudah enggak dikenakan biaya terus bidan dan dokternya baik dan sabar banget terima kasih atas pelayanan terbaiknya,positive
pelayanan lama berisik lalu di rs masa ada perayaan ultah pakai nyanyi di sound system mengganggu pelayanan brisik dan bikin enggak kedengaran petugas nya jutek! alur tidak jelas!,negative
i recently had the pleasure of experiencing warm hospitality and excellent service the vip room was very nice offering comfort and privacy i highly recommend dari christian wijaya woen and dari ria puspitasari for their exceptional care and professionalism,negative
staffs nurses nya tidak ramah semua tidak ada panggil kak pak bu service kurang bagus mineral water pun tidak di sedia di kamar untuk pendamping tidak di prepare di sofa bed cleaning service tidak standby atau beberes tiap hari mohon di bantu untuk training staffs nurses nya,negative
dokter sering sekali terlambat jadwal praktik jam 4 7 sore tapi sampai jam 6 sore dokter belum juga datang saya tanya ke ners station jawabannya dokternya biasanya datang jam 6 kalau sesekali tidak masalah tapi ini sudah sering terjadi hargai waktu pasien juga dong! menunggu sampai ber jam jam,negative
saya pernah berobat jalan di rs tzu chi bersih sekalirs nya perawatnya ramah dan waktu itu saya berobat nya gratis,negative
cara pengambilan obat setelah kunjungan dokter ampuuun harus pulg dulu kerumah baru disuruh balik lagi sekitar jm 7 malam aneh kaaan dan baru rumah sakit ini yang seperti itu bayangkan untuk saya yang rumahnya jauh harus bilak2ik hanya untuk sekedar ambil obat !wajah_berpikir!!wajah_dengan_mata_ke_atas!!wajah_dengan_mata_ke_atas!!wajah_bosan!!wajah_tersenyum_sombong!,positive
alhamdulillah sangat dibantu sekali dengan dokter dan suster di rsud kemayoran anak saya cek kesehatan di bantu dengan suster nih sampai selesai walaupun sampai malam dan sudah diluar jam kerja terima kasih dokter dan suster rsud kemayoran!jempol_ke_atas!!melipat_tangan!,positive
jujur saya tidak tau harus kasih penilaian bintang berapa mau satu bintang tapi perawat cleaning service ahli gizi sangat baik ramah dan cekatan satpam juga baik,positive
puas sekali dengan pelayanan nya suster dan dokter yang ramah ramah,positive
saya dan kelurga selalu berbobat disini pelayanannya bagus dokternya juga tidak keberatan jika kami banyak bertanya kamarnya bersih tidak begitu lama menunggu kamar inap,negative
pelyanan cepat terutama penangan ugd nya saya lama di jakarta pas kebenaran dapat musibah luka bakar langsung meluncur ke rs ini alhamdulliah cepat tertangani pelayana perawat ramah securitinya pun ramah murah senyum,negative
untuk dokter anak dokter debora tolong kalau ada visit konfirmasi ke pasien anak yang di bawah kasihan yang pada punya anak apalagi anak saya bayi hampir 2 jam kami menunggu dari jadwal praktek yang di sebutkan perawat di jam 11 siang tapi tidak kunjung datang jangan mengabaikan pasien anak lainnya kecewa dengan pelayanan nya dan tidak ada konfirmasi juga dari perawat kalo kami tidak tanya tanya terus keberadaan dokter ada di mana !!! jangan mengabaikan juga pasien bpjs !,positive
terima kasih dari jo johanes b di rs lain pilihannya amputasi tapi ketika ketemu dari jo enggak perlu di amputasi hanya perlu dibedah cabut kukunya walopun belum terlaksana tindakan operasinya karena terkendala biaya coba pakai asuransi,positive
ibu bidan novita orangnya sangat baik perhatian selalu tanya kabar saya pelayanannya sangat bagus terima kasih banyak ibu bidan novita untuk perhatian dan waktunya yang sempet2nya meluangkan waktu untuk saya walaupun ibu bidan novita lagi sibuk semoga allah yang akan membalas kebaikan ibu novita amin,positive
saya sudah 2x di rawat disini 2x masuk igd di rs sumber waras sungguh luar biasa pelayanan nya terbaik banget dokter spesialis nya pun memberikan pelayanan nya sangat baik dan dapat memberikan solusi sehingga tindakan yang diambil pun benar benar terbaik terkhusus dari reinaldo dokter bedah memberikan pelayanan dan pemeriksaan yang luar biasa membuat saya lebih tenang dan juga petugas medis lainnya di bagian administrasi dan di ruang rawat inap terharu saya melihat ketulusan hati mereka melayani pasien terima kasih rs sumber waras atas dedikasi terbaik nya terus berkembang agar menjadi rs percontohan terbaik di indonesia amin,positive
saya dari kranggan jatirangga selalu memilih buat ke sini karena selain jaraknya enggak begitu jauh pelayanannya bagus banget dan fasilitasnya juga bersih,positive
pelayanan nya baik dan bagus susternya ramah ramah,positive
terima kasih atas pelayanan terbaik di rs emc pulomas perawat dan staf yang ramah dokter yang berpengalaman dan mendidik kamar yang bersih dan nyaman lokasi yang strategis dan mudah dijangkau di pusat kota akses ke mana mana juga mudah,positive
pelayanan buruk mau daftar saja diover sana sini padahal pasien igd,negative
hari ini aku bawa ibu aku berobat ke rs pena beliau kedeteksi kena virus cacar ular herpes jenis apa begitu ? yang jadi catatan aku di sisi respek banget sama bunda ani dari kader ipsm desa yang dari kemensos gercep ramah,negative
pengalaman pas nganter pacar saya susternya jutek pas konsultasi ribet proses administrasinya suruh bolak2 ik ttd yang parahnya bukan petugas medis yang melakukan eh malah pasiennya sendiri magabut petugas medisnya lama,negative
terimakasih untuk rs aulia terutama dokter adi anak saya nomor 1 2 3 lancar semua lahiran pelayanan sangat baik semua perawat petugas nya terimakasih kasih saya ucapkan lagi !melipat_tangan!!melipat_tangan!!melipat_tangan!!melipat_tangan!!melipat_tangan!!melipat_tangan!!melipat_tangan!,positive
1 pasien turun kelas ranap bpjs enggak diinfokan 2 kurang transparansi info ketersediaan darah sebaiknya diinfokan kepada pihak keluarga misal darah sudah masuk proses steril sudah diambil atau belum karena,positive
sekalinya berobat pakai bpjs lalu dirujuk kesini untuk mri padahal pakai bpjs tapi pelayanan disini seperti pelayanan pasien vip keren banget petugasnya semua ramah dan yang paling saya suka disini enggak mengantri karena,negative
kurang ramah bagian pendaftaranya,negative
terimakasih rumah sakit mitra karena pelayanannya sangat bagus dan memuaskan apalagi bisa fre upgrade kamar karena kamar yang seharusnya di tempati ful,positive
saya 2x kecewa dengan pelayanan serta pengetahuan dari dokter igd di rs duta indah 1 waktu itu saya datang ke rs duta indah bagian igd membawa kko saya atas nama andi antoh bertemu dengan dokter naldo beliau menanyakan sakit apa kebetulan kko,negative
saya sudah mau 3 bulan berurusan rs mitra keluarga kalideres bawa orang tua rawat jalan sakit stroke sejauh ini ada masalah pelayanan yang bikin saya kesal tapi masih bisa ditoleransi tapi parahnya hari ini 7 juni 2024 a n pasien nya remina simare mare habis dari poli saraf dokter ferrdy mau ambil obat dari sekitar jam 7 malam sampai jam 10 malam dan jadi orang terakhir baru dilayanin padahal sudah 3 kali orang tua saya bolak balik bertanya perawat yang non hijab selalu dijawab nanti dipanggil tunggu dipanggil sampai ada ibu ibu saya tanya dari jam berapa dia bilang dari jam 2 siang poli penyakit dalam dan jam 3 sore selesai loket 12 jam 10 kurang baru keluar obatnya dan lucunya selama tunggu obat layar farmasi status token masih disiapkan obatnya sampai hampir pukul 10 baru ter update dan terakhir kalinya ibu saya bertanya ke apoteker non hijab lalu sih apoteker meminta tolong ke apoteker laki laki dan ditanya oleh sih apoteker laki laki ke ibu saya dan dicarikan obatnya dan ketemu obat ditumpukan di meja sisi sebelah kiri dari depan sisi ruang bank darah sebenarnya gunanya layar untuk apa? tapi ditanya pun perawatnya jawabannya auto message tanpa effort cari dulu dan di cek setelah apoteker laki laki keluar baru layar farmasi di update antrian berkurang banyak saya tau semua serba antri tapi mengingat kejadiannya malam dimana pasien bpjs tidak terlalu banyak harusnya antrian obat tidak sampai 3 jam tolong next diberi estimasi menyiapkan obat max berapa jam kalo melebihi solusi bagaimana jadi saya bisa tau obat mau ditinggal atau tetap ditunggu karena kalo ada pedamping pasien rawat jalan yang bawa anak atau orang tua bisa ambil keputusan kenapa saya tidak gunakan layanan delivery karena radius jaraknya sudah melebihi batas yang ditentukan,negative
aturannya enggak jelas prokesnya kurang sok mengikuti prokes wastafelnya enggak berfungsi jadi kayak cuman yang penting kelihatan ada!wajah_bosan! enggak ada jam bezuk gantian juga enggak boleh mau nganter makanan saja enggak boleh sekuriti,negative
rumah sakit jiwa dengan pendaftaran ter the best pegawainya ramah ramah sabar top markotop!jempol_ke_atas!!jempol_ke_atas!!jempol_ke_atas!!jempol_ke_atas!!jempol_ke_atas!,negative
pelayanan tidak bagus dari yang saya perhatikan perawat di rawat inap hanya peduli ramah dan sigap membantu kalau ada dokter atau orang yang kelihatannya dari manajemen berkunjung disekitar tapi kalau tidak ada saat pasien butuh bantuan lama sekali ditindaknya acuh tak acuh entah lupa atau pura pura lupa tidak mau berobat kesini lagi kapok namanya bagus tapi pelayanan nya kacau apalagi bisa dibilang tidak murah juga berobat disini mohon diperhatikan oleh manajemen,negative
antri disini jarang lama dokternya juga komunikatif,positive
alhamdulilah persalinan di rs citra medika depok pelayanannya bagus makanan cukup enak,positive
saudara saya melahirkan di rs ini pelayanan nya sangat memuaskan dokter obgyn sangat ramah,positive
finally ada rs yang cakep dekat rumah dan bisa pakai bpjs kids friendly karena ada mini playground buat anak biar enggak bete menunggu pelayanan ramah benar sok far ini rs ternyaman di depok,negative
pelayanan yang sangat baik ramah dan sopan terhadap pasien juga keluarga penanganan yang profesional oleh para dokter spesialis serta perawat dan didukung oleh alat yang sangat modern dan sesuai dengan fungsinya,positive
pengalaman yang menyenangkan layanan yang sangat baik dan staf yang ramah terutama kak elsa monika purba bantuan anda sangat berarti dua jempol untuk anda terima kasih !melipat_tangan!,positive
mau bertanya apa rsud taman sari bisa rotgen gigi ??,positive
rumah sakit terbaik di kota,positive
kamar 7609 saya menginap selama 4 malam dan para perawatnya luar biasa mereka menjaga semuanya tetap bersih profesional baik selalu tepat waktu dan sangat teliti dengan perawatan rutin,positive
kata orang di sini pelayanan nya jelek !! tapi saya merasai di rawat di sini 2 hari bagus pelayanan nya mulai dari masuk igd perawat ramah masuk rawat inap sesuai kelas di bpjs obat nya juga manjur bagus deh,negative
sering banget bolak balik kesini karena anak harus rawat inap pernah pakai asuransi dan bpjs,positive
ruang gawat darurat berisik ada renovasi yang sedang berlangsung ketukan dan ketukan tanpa peduli saat ruang gawat darurat penuh dengan pasien,positive
pelayanan terburuk awal mula berkunjung diberi pengobatan namun tidak diedukasi dampak setelah pengobatan alhasil besoknya makin sakit gigiku setelah di komplain baru di sarankan minum obat panadol berobatan kedua pihak administrasi,negative
saya ingin mengucapkan terima kasih kepada dari titos ahimsa sapa pada dan tim atas dukungan yang baik dan ramah selama perawatan ibu saya di rs pik pada 07 09 11 22,positive
pertama kali mencoba rs di tangerang pertama kali juga lahiran di rs mitra pakai metode eracs dokter diruang op nya ramah jadi tegangnya hilang pelayanan satsetsatset awal di kamar umum terus pindah ke kamar vip semua kamar rapi bersih gabau obat,negative
this hospital is very nice you know nice ? nice is good !jempol_ke_atas!,positive
pelayanannya memuaskan tetap tingkat kan pelayanannya semangat rsktm,positive
ramah banget bidannya,negative
rumah sakit asa fasilitasnya bagus lengkap,positive
saya sangat kecewa sama pelayanan susternya sangat buruk anak saya kan kena muntaber kurang lebih jm 12 malam infusannya itu enggak jalan saya meminta tlng dong sama suster jaganya katanya enggak apa apa itu hanya salah posisi jelasga jalan enggak mau pusing sampai,negative
good bagus banget di tingkat kan pelayanan suster nya !wajah_agak_tersenyum!,negative
dokter sama perawatnya terutama yang di igd enggak ada ramahnya sama sekali untuk pasien bpjs bahkan judes banget sering disuruh ke rumah sakit lain dibilang penuh padahal banyak yang pulang saat itu juga berharap kepeda pemerintah setempat tolong diperbaiki kasihan kepada orang yang sakit kalo diperlakukan seperti itu,positive
rumah sakit yang buruk pelayanan dan kualitas manajemennya jika bukan karena rekomendasi teman kami juga enggak akan ke sini,negative
sangat bagus pelayanan semuanya rs bersih ok,negative
pelayanannya lama sudah pemeriksaan tensi b tinggi dl tapi jam 8 pagi tapi sampai jam 11 siang belum juga diperiksa oleh dokternya,positive
ibu dina ayu dirawat di rs begonia lantai 3 dari ira baik pelayanan perawatnya baik informatif dan ramah dari handito juga baik penjelasannya sangat membantu,positive
dokter tht sebenarnya mulai praktik jam berapa?!!! di jadwal tulisnya dari jam 10 12 tapi ini sudah lewat jam 12 enggak dipanggil2 juga woy saya bawa pasien anak mau cek telinga pasien umum bukan bpjs menunggu antrian lama sama saja bareng2,negative
melakukan pemeriksaan kesehatan di sini pengalamannya baik baik saja tetapi waktu tunggunya terlalu lama banyak sekali inefisiensi yang akan menghabiskan waktu anda 6 7 jam,positive
sangat puas dengan shtb pelayanannya sangat cepat dan tanggap untuk kondisi darurat stafnya sangat membantu dan peduli terutama bu triana terima kasih atas pelayanan yang sangat baik rumah sakit yang direkomendasikan !jempol_ke_atas!!jempol_ke_atas!!jempol_ke_atas!!jempol_ke_atas!,positive
trimakasih pak sekurty amir atas bantuan ya saya sudah di aftarin onine sekurity ya pak amir ramah sopan baik saya senang berobat di rsud kembangan petugas ya ramah2 peduli sama pasien,positive
ruangan anak daffodil pelayanan nya bagus tidak membedakan bpjs atau pribadi ramah2 smuanya dokter maupun susternya terkmakash ukrida pertahankan terus kualitasnya,negative
tidak manusiawi memperlakukan calon pasien tidak memberikan informasi terkait antrian harus menunggu berbulan2 untuk dapat antrian dan tiba tiba dibatalkan meminta,negative
mohon pelayanan untuk di igd ditingkatkan lagi dikarenakan banyak pasien yang mengantri hingga menumpuk namun nakes nya kurang,negative
departemen radiologi harus ditutup tidak ada etika dan tanggung jawab,negative
pelayanannya bagus namun perlu diperhatikan kamar mandi sedikit bau terimakasih,positive
dok anaknya dari boris baik ramah banget pelayanan rumah sakitnya juga luar biasa baik cepat terima kasih semoga kedepannya bisa jauh lebih baik lagi,positive
terimakasih emc pulomas atas pelayanannya kepada keponakan saya terutama perawat igd nya yang ramah dan dari yulchair beberapa waktu lalu keponakan saya sempat di rawat di rs emc pulomas terkena dbd dan saat itu kondisinya sedang shock dan,positive
rumah sakit andalan sejak hamil anak pertama dan sampai sekarang jika anak ingin berobat ia selalu ke rs grha kedoya selain dekat dengan rumah staf perawat dan dokternya ramah dan baik hati dokter anak favorit kami adalah dari vimaladewi lukito spa,positive
nelp ke operator mau tanya soal lab ada kali 30 kali nelp sama sekali enggak diangkat skalinya diangkat dimatiin ini rumah sakit apa apa sih bagaimana kalo keadaan darurat slow respon begitu kecewa parah sih tolong di tingkatan lagi pelayanannya enggak mungkin enggak ada operator sama sekali,negative
ayah saya sakit di dada dan merintih kesakitan didepan ugd tapi karena hasil test oksigen bagus 90 maka diwajibkan ikut antrian tanpa penanganan sama sekali di ruang tunggu walau ayah saya merintih rintih saya lihat beberapa ranjang,negative
jangan ke rs ini kecuali kamu harus masalahnya dengan rs ini dokterny bagus bagusrs nya bobrok bobrrok habis mulai dari sistem ke mesin ke tempat ke cafe ke semua hal bobrok,negative
pelayanan oke gercep perawat lantai 6 ramah !wajah_tersenyum_dengan_3_hati!,negative
pengalaman di rs aulia secara keseluruhan mulai dari melakukan pendaftaran mengurus berkas pakai bpjs kis perawat suster fasilitas semuanya baik baik bagus enggak mengecewakan puas worth itu dapat bintang 5,positive
saat kami mendaftar di rumah sakit ini pukul 9 30 malam sejauh ini keamanan di area gawat darurat baik dan membantu hanya perawatnya kebanyakan dari mereka tidak ramah,positive
rs grha kedoya sudah jadi andalan keluarga kami dokter sangat baik dan ramah sering berobatnya untuk dokter anak dengan dari cynthia utami anak juga senang kalau vaksin atau berobat disini enggak takut,positive
perawat ruang bima dan dokter ya baik ruangan ya bersih respon cepat saya meminta tolong pasien infus macet cepat di respon semoga rsup ke depan ya lebih maju,positive
pengalaman saya dirawat di rs meilia di ruang ilythia 524 pelayanannya bagus dokternya ramah susternya cepat tanggap pelayanan kebersihannya juga oke tetap pertahankan ya,negative
1 pelayanan a petugas keamanan ramah dan sangat membantu b petugas di lobi utama juga cukup membantu walaupun mereka agak,positive
pengalaman 1x mengantarkan tetangga dalam kondisi tidak sadarkan diri di igd kondisi demam tinggi dan sudah tidak sadar saat dipanggil2 akhirnya kami putuskan antar ke igd kebetulan saya bersama adik saya seorang petugas medis di rs,negative
parah banget mau kontrol tunggu dokter belum datang juga sudah 4 jam menunggu saya kasih an sama bidan nya harus berbohong mulu kagak ada rasa kasih an pada pasien dokter rs mary khusus dokter kandungan lama menunggu datang,negative
pelayanan nya sangat bagus semua staf rs budi kemuliaan ramah dan baik,positive
pelayanan sudah baik terutama dokter yonzi malik dia sangat tepat waktu dan cepat menangani pasien top sekali dokter yonzi malik !warna_kulit_cerah! yang tau tau saja kenapa bintang 1 !wajah_dengan_tangan_menutup_mulut!,positive
pelayanannya bagus baik susternya ramah sangat baik menjaga bayi kami juga ruangan yang sangat bersih rs atma jaya is the best,positive
bingung muter muter baru pertamakali kesini papan penunjuk kurang jelas parkiran motor lantai 2 masih tergenang air agak bahaya karena licin pas diturunan,negative
talkshow kesehatannya bagus teruskan ya dan update terakhirnya radioterapi bisa pakai bpjs,positive
ini salah salah satu rumah sakit swasta terbaik di daerah kami sejak awal berdiri sebagai rsia pada 2003 kami menjadi pelanggan setia setelah anak kami lahir di sini pada oktober 2004 seluruh keluarga kami rutin berkunjung untuk berbagai layanan dari dokter umum hingga spesialis ketika ibu kami harus menjalani pemasangan ring jantung di tengah kepanikan lebaran kemarin dan musim dbd mereka memberikan diskon yang sangat membantu jika bisa kami akan memberikan bintang sampai 10! terima kasih rs permata cibubur atas pelayanannya yang luar biasa selamat ulang tahun yang ke 21! semoga layanan bpjs juga segera hadir untuk semakin meningkatkan kualitas layanan yang sudah sangat baik ini dan menyempurnakan kebaikan dan pengabdian rspc buat masyarakat,positive
anak di rawat di sini alhamdulillah pelayanan igd cepat dan suster juga cepat tanggap diruang tapi keberhasilan semoga bisa ditingkatkan lagi,negative
perawatnya ramah kamarnya bersih rumah sakitnya bagus semoga sakit saya segera sembuh seperti sedia kala amin,negative
ruangan medical check upnya sekarang makin bagus,positive
beberapa kali ikut dalam webinar gratis dari rspc ilmu jadi makin diasah terima kasih rspc,positive
lama sekali pelayananya padahal hanya mau meminta surat rujukan antrinya lama sekali saya hanya mau meminta surat rujukan bukan mau berobat disini tapi malah disamakan antrianya seperti yang mau berobat org2nya juga kurang pada sopan kalo di tanya pada jutek2 dan kurang sopan ini mau meminta surat rujukan sudah kaya mau meminta sembako tolong lah dari pemerintah di perhatikan rsud ini,negative
pelayanannya dari rumah sakit bagus cuman yang kurang lebih kebersihan ya lagi yang harus lebih teliti,positive
lumayan kecewa karena segelintir dokternya agak komersil memberikan opsi pengobatan yang harusnya bukan itu yang di lakukan sakit yang tidak terlalu besar terkesan besar,negative
terima kasih buat rs sentra medika cibinong atas pelayanannya menurut saya sangat memuaskan setiap saya mau kontrol ke poli umum yaitu poli rose penangannannya cepat apalagi kalo mau nginfus cepat terlebih yang laki laki cepat sekali,positive
sudah beberapa kali kesini tetap saja pelayanannya buruk padahal saya bukan bpjs bayar mandiri disini enggak pakai asuransi apapun,negative
suplay makanan sering telat sampai suster bingung sendiri kok pasiennya belum makan saat mau pemberian obat di siang hari pelayanan suster jaga saat ranap juga kurang senyum muka apes,negative
alhamdulillah walaupun dengan bpjs saya dirawat dengan sangat manusiawi dari igd sampai dirawat inap di ruang anggrek lantai 17 saya dirawat di kamar 1702 operasinya cepat jika ada keluhan langsung ditindak dan direspon cepat ruangan bersih dokternya dokter andre dan dokter bagus top banget susternya ramah suster anny suster dian suster dewi suster rina terima kasih banyak semoga rsud tarakan semakin baik lagi kedepannya !wajah_tersenyum_dengan_mata_bahagia!,positive
pada kunjungan tanggal 9 sept 18 dari beberapa kunjungan2 sebelumnya berikut penilaian saya 1 menjadi referensi keluarga saya karena bisa pakai asuransi karena rs lain,negative
selama dirawat alhamdulillah baik perawat nya baik tindakan yang dilakukan juga selalu menginfikan untuk sarana prasarana tolong diperhatikan terutama dikamar mandi terimakasih,positive
pelayanan buruk di lantai 3 ruang operasi tidak ada komunikasi dan transparansi yang paling fatal dokter tidak ada komunikasi ke pasien sama sekali !,negative
rs dengan pelayanan yang bagus dan cukup memuaskan saya pertama kali periksa hamil dan lahiran secara sc di rs ini dokter dan semua susternya sangan menyenangkan dan membantu pasiennya dengan baik terima kasih semuanya semoga kita semua dalam keadaan sehat selalu !wajah_gembira!,positive
saya mau share pengalaman saya saja seberapa bad attitude dokter igd di sini sorry tapi sayang dokter igd nya senyolot itu mengomong sama keluarga pasien kaya mengajak berantem!wajah_agak_tersenyum! wkwkwkwk dah boleh enggak akan pernah untuk datang ke sini lagi pintar doang enggak cukup dok attitude juga penting!wajah_tersenyum_dengan_3_hati! untuk suster dan orang admin nya sih baik baik tapi untuk dokter nya enggak dulu dah!melipat_tangan_warna_kulit_cerah sedang! wkwkwkwkwk,positive
johnson anwar room 416 rawat dbd selama seminggu semua staf yang terkait pelayanannya cepat dan memuaskan terima kasih untuk kepada dokter albert beserta slrh dok jaga dan suster dan staf di lantai 4 !melipat_tangan!!jempol_ke_atas!!jempol_ke_atas!!jempol_ke_atas!,positive
ruang nusa indah 5 suster² nya baik² dan ramah² jadi aman meninggalkan yang sakit nya,positive
sempurna,positive
menunggu tes antigen drive thru hampir 2 jam bukan karena ramai tetapi sistemnya tidak terhubung dengan tiket com,negative
pelayanan diruang kamar operasi rsud sawah besar sangat mengutamakan pasien,negative
pelayanan poli obgyn nya ramah penjelasan nya juga jelas dan cepat juga enggak perlu menunggu lama,negative
1 tidak sebesar mayapada di jakarta selatan tetapi tetap rapi dan bersih 2 pemesanan mudah karena melalui situs web kemudian staf administrasi akan menindaklanjutinya biasanya melalui telepon atau email yang kami daftarkan,negative
pelayanan poli bedah rsud tanah abang bagus,negative
secara umum semua ok tapi mohon untuk pendaftaran dengan pemanggilan nomor sudah ketinggalan zaman rumah sakit lain sudah menggunakan mesin anjungan sehingga tidak terlalu lama menunggu nomor antrian di panggilan untuk poli anak harap di tambah lagi mainannya agar anak betah saat menunggu dokter,negative
yang cepat kenapa kerjanya ????? enggak dokternya enggak staf nya lambat banget kerjanya !wajah_dengan_simbol_pada_mulut!!wajah_dengan_simbol_pada_mulut!!wajah_dengan_simbol_pada_mulut!!wajah_dengan_simbol_pada_mulut!!wajah_dengan_simbol_pada_mulut!!jempol_ke_bawah!!jempol_ke_bawah!!jempol_ke_bawah!!jempol_ke_bawah!!jempol_ke_bawah!!jempol_ke_bawah! ketemu dokter matanya cuma 5 menit nunggunya 1 5 jam pasien cuma gue doang itu dokter mengapai??? belum stafnya bengang bengong!wajah_tersenyum_bertanduk!!wajah_tersenyum_bertanduk!!wajah_tersenyum_bertanduk!!wajah_tersenyum_bertanduk!!wajah_tersenyum_bertanduk!,positive
pelayanannya sangat buruk untuk pengguna bpjs sudah menunggu dari pagi periksa kandungan sampai malam jam 19 00 belum juga di tangani,negative
alhamdulillah lahiran sc disini pelayanannya menggunakan bpjs sangat sangat baik !wajah_tersenyum_dengan_3_hati!!wajah_tersenyum_dengan_3_hati!!wajah_tersenyum_dengan_3_hati! dari susternya dan dokternya semuanya sangat baik pelayanannya,positive
baru pertama rawat inap di alia sejauh ini dari pertama di idg pelayanan nya cepat ditangani sampai dapat kamar lumayan enggak menunggu lama kamar nya bagus fasilitas oke kebersihan juga oke suster dan dokter nya ramah serta informatif dan,negative
alhamdulilah dapat kesempatan mcu di rs ini dari pihak perusahaan pelayanan perawat yang membantu proses mcu sangat baik dan ramah proses nya tidak memakan waktu lama semuanya dikerjakan dengan singkat namun penuh dengan ketelitian dan tanggungjawab poli jasmine nyaman untuk ruang tunggu nya dan disediakan air putih cukup banyak jadi tidak khawatir merasa haus selama menunggu sukses dan sehat selalu untuk kita semua amin,positive
pelayanan ramah dokter baik booking melalui browser web one bunda sangat membantu untuk pasien rawat jalan terima kasih tim rs bunda margonda rekomended pelayanan nya!jempol_ke_atas!!jempol_ke_atas!!jempol_ke_atas!,positive
overal service excellent perawatnya ramah2 dokternya baik terutama dari beauty sapa n slain baik therapinya juga bagus ruangannya bersih good lah rsud ciracas,positive
pelayanan dokter dan staf sudah sangat baik namun pelayanan administrasi masih perlu ditingkatkan lagi agar bisa lebih cepat dan akurat terima kasih,positive
pelayanan yang ramah dari perawat2nya dan pelayanan yang fastrespon rs grand family terbhaiiiik!jempol_ke_atas_warna_kulit_cerah!!jempol_ke_atas_warna_kulit_cerah!,negative
pelayanan di bagian verifikasi asuransi kurang profesional kurang memahami persyaratan2 apa yang harus dipenuhi dilengkapi untuk dikirimkan ke pihak asuransi shg penanganan jadi lama tertunda,positive
pelayanan di rs ini bagus walaupun saya pakai bpjs keren sih enggak ada yang jutek semuanya ful senyum,negative
dari masuk dari tanggal 19 9 sampai tanggal 20 9 semua pelayanan dan fasilitas rs graha kedoya sangat bagus dan terus ditingkatkan,positive
profesional,positive
pelayanan dokter dan susternya baik ramah dan menjelaskannya cukup jelas terimakasih ruang gaeahestia nyaman dan bersih,positive
pelayanan bagus suasananya bagus respon sangat cepat,negative
kalo kata bu irma suryani mah rumah sakit nakal pasien belum sembuh 3 hari sudah dipulangin disuruh rawat jalan alasannya sudah bisa rawat jalan sampai rumah ya ngedrop pengalaman banget nih terjadi sama ibu saya karena pakai bpjs kalo mau,negative
alhamdulillah tepat hari ini tanggal 13 8 24 suami saya sudah boleh pulang dengan keluhan infeksi di kaki pasca operasi dan di rawat inap di ruang lavender 616 untuk pelayanan nya sangat memuaskan hanya saja suami terlalu lama di igd karena harus menunggu ruangan yang kosong jadi merasai dikmr lavender hanya semalaman saja wkwkwk tapi enggak apa apa sukses terus untuk rsud tarakan !jempol_ke_atas!!wajah_memeluk!!wajah_tersenyum_dengan_3_hati!!melipat_tangan!,positive
kalo enggak pernah ngalamin enggak kan tau deh rasa nya pasien butuh suster pasien ksakitaan tapi suster sudah dipanggil brkali² enggak datang kalo pasien enggak ketahanan tahan rasa sakit bisa meninggoy kali orang ditambah suster² nya banyak yang bad attitude !jempol_ke_bawah!,negative
perawatannya enak semua stafnya ramah toiletnya bersih,negative
baru saja kerabat teman saya meninggal dan mendapatkan cerita seperti ini pasien masih lemas di suruh pulang katanya sudah membaik pas pulang besok nya malah kejang2 terus bawa lagi kers masuk icu dan akhirnya meninggal itu baru satu cerita keanehan dirs ini semoga pelayanan diperbaiki menterikesehatan rsudcengkareng,positive
rumah sakit besar parkirnya saja kurang luas agak sulit parkir mungkin pas saya kesana lagi kebetulan banyak yang sakit kali ya,negative
menunggu obat terlalu sangat lama banget padahal kita pasien asuransi tolong dong di speed up team farmasi nya kalo berobat selalu saja lama menunggu antrian obat nya,negative
hari ini ada bsuk teman di lt17 jam 2an siang walaupun tidak ada jam bsuk di jam tersebut tapi mbak satpam nurul sngat baik dalam menyampaikan dan juga ramah sekali orgnya untuk prwat nya juga ramah pokoknya top markotop deh rsud tarakan tapi ada 1 hal yang bikin bete yaitu liftnya agak lama tapi enggak apa apa yang penting sampai pada tjuan!bintang_medium_putih! !bintang_medium_putih! !bintang_medium_putih! !bintang_medium_putih! !bintang_medium_putih! !bintang_medium_putih! !warna_kulit_cerah! !warna_kulit_cerah! !warna_kulit_cerah!,positive
tempatnya sih bagus dan bersih tapi tidak dengan pelayanannya padahal datang saat sepi tapi prosesnya bisa lama banget pas kebetulan dapat dokter yang enggak meyakinkan juga jadi berasa rugi dengan biaya yang lumayan mahal,negative
alhamdulillah sesar anak 1 dan 2 di rs bun dengan menggunakan bpjs menurut saya sangat memuaskan dari segi pelayan dan lainnya terimakasih,positive
sebenarnya saya langganan di rs ini cuma baru merasakan pelayanan di kasir sangat tidak bagus saya memakai asuransi dan karena saya selalu berobat mandiri tidak ada pendamping pasien jadi selalu antri apapun sendiri dan ada moment saya,negative
lokasi strategis fasilitas baik pelayanan oke semoga rs gpi semakin maju dan terus berkembang amin,positive
unit dafoddil kamar bayi thank you buat pelayanan kalian untuk dokter yuma dokter obgyn dari martini dokter anak dari sugeng dokter anestesi suster aan semua team suster yang sudah sangat helpful dalam melayani kami bersyukur bisa lahiran disini dengan pelayanan kalian yang ful heart !jempol_ke_atas_warna_kulit_cerah!,negative
opname dbd perawat petugas gizi cleaning service security ramah screeningnya ketat pasien dan penunggu harus pcr bisa rawat inap setelah screening rontgen paru tidak diperbolehkan kunjungan selama rawat inap tapi boleh ditunggui 1,negative
daftar untuk membuat janji temu pukul 11 45 lalu telepon tidak tepat waktu harus ada konfirmasi terlebih dahulu,negative
rumah sakit nyaman lokasi strategis staf rumah sakit membantu dan sabar,positive
saya mengunjungi rs pik hari ini sebagai ekspatriat saya sangat terbantu dengan semua staf di departemen mulai dari staf yang berusaha berbicara dengan saya dalam bahasa inggris hingga menemani saya ke berbagai departemen,negative
pelayanan yang diberikan sangat baik saya puas untuk berobat disini terimakasih banyak untuk dari riska perawat igd perawat rawat inap ruang krisan perawat ok nya semua pelayanannya mantap dan sangat baik perawat perawat dan dokter nya sangat ramah dan cekatan!melipat_tangan!,positive
seminar yang bagus dari raka sangat ramah,negative
dari poli parunya lama banget ditunggu katanya jam 9 datang ini sudah 10 20 wib masih enggak datang juga _,negative
pelayanan sangat memuaskan di rs family baik n ramah pokok nya rekomen banget,positive
petugas gawat daruratnya lama sekali! berjalan seperti kungkang! orang orang bisa saja mati perawat yang memasukkan jarum suntik tampak seperti lulusan baru dia membuat tunangan saya menderita karena ketidakmampuannya! benar benar butuh pelatihan! pelayanan yang sangat mengecewakan di rumah sakit baru ini,negative
admin rumah sakitnya terupdate selalu ada info yang disampaikan pelayanannya ramah dan cepat dokter huthia sabar dan profesional dalam menangani pasiennya terimakasih rsu bunda margonda,positive
perawat dan pelayanan grand fam eka hospital sangat baik dan ramah jika anda menelepon dan meminta layanan anda selalu cepat tanggap dokter anak pertama hingga kedua di sini bersama dari edward dia sangat membantu dan baik hati tidak peduli seberapa sibuknya anda selalu,positive
tak menyangka menginap seminggu lebih menunggu checkout hampir 7 jam proses wah sama saja dengan delay pesawat ada yang jujur berbelit belit kasih resep obat ada yang harus resep 3 hari refil ada yang 4 hari refil untuk jangka panjang ya kali bolak balik kontrol ambil resep begitu makan cost tapi soalnya aku nyaman karena tim perawat yang menjagaku 24 jam di depan tempat tidur di hcu for seminggu telah menjadi seperti keluargaku yang dengan bijak memenuhi kebutuhanku setiap hari dan mendengarkanku mengeluh hingga aku tidak bisa tidur terima kasih perawat tim bu candy hcu lantai 6 dan dokter jantung purmonolog kocak yang sangat suka bercanda sehat selalu kalian semua!!!!,positive
saya sudah berkunjung dan melihat tempatnya bersih baik dari luar maupun dalam rumah sakit tempat parkir mobil dan motor juga cukup luas selain itu petugas di rumah sakit cukup ramah dan memberikan instruksi yang cukup jelas saat menjawab pertanyaan saya,positive
pelayanan ugd yang buruk obat seadanya dokter jarang ada admin yang tidak open dengan pengguna pemilik kartu bpjs padahal saya bpjs kesehatan ketenaga pekerjaan kelas 1 bilang nya bpjs pembayaran bpjs sulit di klaim kalo untuk pengguna,negative
pelayanan buruk enggak jelas orang sudah daftar online di mobile jkn sampai rumah sakit harus daftar lagi manual terus gunanya daftar online buat apa kalau memang belum bisa nerapin sistem enggak usah pakai online,negative
pelayanan farmasi nya kerjanya lama sekali hampir 3 jam lebih belum selesai selesai benar benar parah sampai bulak balik tanya berkali kali masih belum selesai dijanjikan selesai kurang lebih 1 jam makanya saya tunggu ini dari jam 2 sampai hampir jam 5 sore belum selesai obat nya enggak tau bagaimana cara kerjanya lupa atau bagaimana ini sampai kayak begini antrian juga enggak banyak,negative
terima kasih yang sebesar besarnya atas pelayanan terbaik dari para dokter dan perawat rs pik yang telah merawat putri saya di kamar 5118 pada tanggal 19 si di 21 februari 2024 kalian memang yang terbaik,positive
pelayanan ramah makanan enak bukan seperti makanan rumah sakit,negative
dirawat via asuransi tidak ada konfirmasi mengenai selisih biaya yang tidak ditanggung asuransi padahal sudah request tidak ditagih deposit tiba tiba pas mau pulang disuruh bayar nilai yang cukup besar apa seperti itu prosedurnya? pas diminta penjelasan kasir hanya menyalahkan ke salah satu staf karena tidak konfirmasi ke pasien keluarga dan staf tersebut tidak masuk,negative
musim gugur,positive
pelayanannya sangat baik namun sayang sulit untuk meminta surat keterangan rawat inap yang asli untuk kepentingan administrasi absensi,positive
pelayanan nya sangat bagus dokternya suster pokok nya semuanya ramah² puas banget !wajah_tersenyum! rumah sakitnya juga bersih dan nyaman !wajah_tersenyum_dengan_mata_bahagia!,positive
untuk rs andika dari pelayanan igd sok far bikin nyaman dan puas dokter igd dari sondang baik banget ngejelasin kbtuln udh beberapa kali ranap di sana adik dan suami juga anak perawatnya juga baik meskipun sikonnya menunggu lama di igd tapi wajar karena,positive
pengalaman pemasangan implan dan pencabutan implan di rs pik berjalan sangat lancar atas rekomendasi dari dokter spesialis tulang dokter yohannes agustinus spot seluruh perawat dan staf sangat ramah terima kasih atas pelayanan dokter dan staf medis 5132,positive
pelayanya kurang bagus apa lagi sama scurity dan cleaning servis sama pegawai tidak sapa sama pengunjung yang di sapa pegawai rs sakit saja dan tidak rama harus pengunjung yang sapa,negative
saya pernah bawa anak saya berobat kerumah ini pelayanan baik anak saya andani bisa sembuh setahun yang lalu andani ikut bekerja di kawasan cengkareng pas begitu selama tiga bulan andani bekerja obat enggak di minum mungkin merasa sehat ahir nya obat nya enggak di minum kondisi andani sekarang kumat lagi gi mana menurut yang baca saya ingin bwa andani berobat lagi tapi ke adaan saya yang tak memungkin karena enggak punya uang utuk bawa andani kerumah sakit terima kasih saya ibu nya andani dari serang banten,positive
tempat yang bagus untuk masalah kesehatan anda! pelayanannya bagus semangatnya juga bagus!,negative
pelayanan bagus interior klinik perlu ditingkatkan terlihat sudah berumur 10 tahun tidak segar,negative
rs royal taruma mantap keren pelayanan oke pakai banget khususnya ruang perawatan sapphire lantai 6!melipat_tangan!!melipat_tangan!!melipat_tangan!,negative
jelek banget pelayanannya awalnya okelah mengasih info bahwa ada perubahan jadwal menjadi jam 11 datang ke rs jam 10 lewat biar cepat administrasinya dokter telat datengnya jam 12 jam set 1 kurang baru dipanggil dan jam 12 40 naro resep,positive
rumah sakit jiwa soeharto herdian terletak di jelambar grogol jakarta barat dibangun waktu jaman kolonial belanda tahun 1865 kerap menjadi tujuan warga jakarta yang mengalami tekanan hidup mereka kebanyakan stres ringan karena kehidupan jakarta,negative
terima kasih dari albert yang baik semoga beruntung,positive
hari ini tanggal 25 mei 2024 saya ingin melakukan test kolestrol lengkap di rumah sakit pena 98 saya rutin melakukan test ini setiap paling lambat 3 bulan sekali,negative
enggak lagi lagi deh nanti kalo dapat rujukan kesana sudah pelayanannya jauh dari kata ramah khsusunya di lantai 5 dan satpamnya kayak macam preman pas ditanya seperti enggak ada attitudenya pasien masih sakit malah uda disuruh pulang padahal,negative
menyesal datang ke rs ini hanya karena dekat rumah saja pelayanan nya lama banget kurang kordinasi antar bagian periksa lab hasilnya lama tanya langsung ke orang yang ambil sample katanya 30 menit pas di tanya ke counter suster belum jadi malah bilang biasa nya hasil lab 1 jam mungkin rs baru kurang pengalaman jadi nya,negative
tunggu obatnya lama untuk antrian dokternya cepat!jempol_ke_atas!,negative
saya dalam situasi darurat dokternya bahkan tidak memakai seragamnya sikapnya buruk dan pelayanannya sangat buruk saya memutuskan untuk pindah rumah sakit,negative
sedikit kecewa dengan tidak adanya pemberitahuan bahwa dokter ternyata tidak praktek di hari yang saya sudah buat appointmentnya via aplikasi di aplikasi dokter tersedia buat appointment beberapa hari sebelumnya tiba tiba setelah datang,negative
pranatal yoga di rsu bhakti asih sangat menyenangkan pengajarnya sangat ramah dan helpful dengan ibu hamil gerakannya juga mudah diikuti untuk pemula semoga kegiatan seperti ini bisa rutin dilakukan dan semakin banyak ibu hamil yang dapat mengikuti program ini,positive
alhamdulilah respon nya cepat tanggap waktu anak saya masuk igd kondisi demam kejang2 pelayanan nya cukup baik pun suster nya juga ramah dan banyak kasih masukan,positive
aku sangat mengagumi pelajanan ibu derma bagian pip sangat sangat ramah menghadapi pasien2 seperti kita dengan ramah senjuman,negative
kecewa sih dari rs bhakti mulya disuruh kesini sudah kesini tapi dioper lagi disuruh ke rs lain dengan alasan dokter nya enggak ada samasekali padahal sebelum datang kesini saya browsing cari info tapi tetap kekeh sama sekali enggak ada dokter urologi masa iya dokter urologi sekelas rs besar hanya 1? padahal pasien sudah darurat apa karena bpjs???,negative
sistem administrasi pembayaran dan pengambilan obat di igd sangat lambat padahal kondisinya tidak ramai pasien obat yang sudah saya bayar tidak tersedia di apotek sehingga akhirnya saya harus membatalkan pembayaran dan menunggu lagi dalam waktu yang sangat lama,negative
baru ketemu disini rs pemerintah dengan petugas ruang rawat inap yang sangat tidak ramah,negative
pelayanan buruk suster pendaftaran enggak sop banget coba deh di perketat kalo menurut gua management enggak bisa ngelolahnya,negative
layanan fisioterapinya oke banget petugasnya ramah ramah semua,negative
tempat favorit kami untuk memeriksa,positive
rumah sakitnya dekat dengan kantor walaupun agak jauh dari rumah tapi nyaman di rumah sakit ini pelayanannya memuaskan semua stafnya ramah dan cepat sangat direkomendasikan,positive
pelayanan igd nya sangat tidak baik !jempol_ke_bawah!!jempol_ke_bawah!!jempol_ke_bawah!!jempol_ke_bawah!!jempol_ke_bawah!sore tadi bapak saya masuk igd dengan keluhan sesak nafas perut terasa sangat ful dan keras serta kaki yang bengkak tidak ada alur yang dijelaskan entah harus rawat jalan atau rawat inap bahkan belum disuruh daftar sudah dibilang harus bayar karena pasien tidak emergency sisi komunikasi efektifnya sangat buruk! bahkan saya sebagai keluarga pasien seharusnya punya hak untuk dijelaskan dengan detail alurnya namun nihil!tidak ada pemeriksaan penunjang seperti pemeriksaan darah rontgen thorax atau ekg padahal pasien sudah termasuk lansia dan dokter langsung mendiagnosa asam lambung!jempol_ke_bawah!!jempol_ke_bawah!!jempol_ke_bawah!!jempol_ke_bawah!!jempol_ke_bawah! akhirnya bapak saya dibawa ke rs lain dan langsung mendapatkan pemeriksaan fisik vital dan penunjang lainnya lalu hasil ekg menyatakan ada indikasi jantung dan hasil lab menyatakan kadar gulanya tinggi lalu akhirnya bapak saya memang harus rawat inap bukannya nakes punya kewajiban menolong pasien? kalo kayak begini sisi menolongnya dimana?!wajah_tersenyum!!melipat_tangan!,positive
ini racik obat nya lama sekali 1 jam lebih 06 17 sampai jam 07 18 belum juga selesai obat nya !orang_tepuk_jidat!!orang_tepuk_jidat!!orang_tepuk_jidat!!orang_tepuk_jidat!,negative
pastinya saya tidak merekomendasikan anda untuk datang ke sini dengan bpjs saya bawa teman saya ke sini dan diberi pilihan untuk membayar jika dokter mengatakan itu bukan keadaan darurat !wajah_dengan_mata_ke_atas! bagaimana anda bisa tahu keadaan darurat seperti apa yang mereka butuhkan,negative
alhamdulillah penanganan igd nya gercep pelayanannya juga ramah tidak membeda²kan walau pun kami pasien bpjs semoga rs helsa lebih maju dan lebih baik lagi sukses terus,positive
tolong parkir mobil diperluas agar orang bisa parkir dengan nyaman dan tidak perlu sampai parkir di hypermart,negative
baru kemarin pulang rawat inap di rs bunda margonda pelayanannya dari security yang sigap mengambil kursi roda dan mengantar sampai ke igd karena suami harus parkir dokter dan suster igd pun sama baiknya bagian pendaftaran juga cepat dan,positive
bagus pelayanan nya,negative
pelayanan untuk bpjs bagus lahiran disini semua bidan dan ners sangat cepat dan tanggap menu makanan untuk ranap beragam dan enak dokter menjelaskan dengan detail,positive
kasirnya cuma satu menghadapi pasien rawat jalan dan rawat inap untuk pembayaran yang rawat inap selalu kesalip sama rawat jalan super super lelet untuk kasir bedakan kasir rawat inap dan rawat jalan harusnya,positive
pelayanan baik kamar bersih fasilitas oke tidak iur biaya cepat dan tanggap,positive
pelayanan dan tindakan lama bahkan di igd stafnya kasar,negative
pelayanan igd cepat tanggap dalam menangani pasien terima kasih rs trimitra,positive
alhamdulillah pelayanan di rsud tarakan jakarta pusat sangat baik mulai dari staf perawat dokter dl semuanya sangat baik fasilitasnya sangat baik kamar rawat inap bersih dan nyaman makanannya juga enak,positive
pertama saya datang ke bagian layanan konsumen rumah sakit di bagian depan dia bilang kalau enggak mau menunggu jangan sakit,negative
pelayanan administrasi memakan waktu lama,negative
pelayanan sangat memuaskan,positive
pelayanan nya top dan bidan nya juga baik semua,positive
pelayanan nya bagus selama di rawat disini suster dan dokter nya ramah ramah semua,negative
banyak di medsos yang memiliki dokter dari chilafat dalimunthe yang bekerja di rumah sakit ini dia memposting di fb nya kata kata yang mengandung sara menyebarkan kebencian terhadap seseorang! jika benar apa yang dibicarakan di media,positive
nikmat sehat itu mahal dan tidak bisa dilihat oleh orang orang sehat semoga allah sembuhkan orang orang yang sakit !tangan_diangkat_dan_dirapatkan_bersama!,negative
saya dan istri sudah usg di mayapada dengan dokter spesialis kandungan sebanyak 5 kali tidak perlu saya sebutkan namanya yang ke 5 kali responnya ramah baik kompak dan mengajak mengobrol layaknya melayani pasien yang baik tapi kemarin yang ke 6,positive
pelayanannya sangat ramah,positive
pelayanan baik dokter dan perawat ramah terima kasih mayapada hospital kuningan,positive
pelayanan di bagian pendaftaran masih minus pasien harus mengantri bisa 1jam lebih baru di panggil saya kira semakin ke sini semakin bagus tapi hasilnya diluar harapan beda dengan sebelumnya tidak terbayang kalo lagi sakit menunggu daftar yang lama,negative
sayang dokter bagus rs bagus pelayanan obat lama benar nyata!!,negative
anak saya alfredo dirawat dikamar 5114 sejak tanggal 20 sampai 24 september 2024 semua pelayanan garcep ramah² para suster yang sangat mengerti mood nya anak alfredo jadi enggak berasa lagi dirawat,negative
untuk pelayanan bersalin sangat bagus suster dan dokter juga ramah rumah sakit bersih jadi enggak bakal ragu lagi kalo ber obat disini!!wajah_tersenyum_dengan_3_hati!!wajah_tersenyum_lebar_bermata_hati!,negative
dokter nya ramah fasilitas bersih dan memadai parkiran rs luas,positive
pelayanan rs nya cukup baik sangat membantu pasien yang akan berobat dokter spesialis jantung sangat komunikatif dan membantu parkir mobil agak sulit dan cukup jauh dari lobby,positive
rumah sakit nya tidak rekomen saya ke dokter gigi dokter jadwal jam 10 datang jam 11 habis begitu malah mengobrol lama dan saya dapat antrian no 2 malah di panggilnya belakangan padahal sudah daftar dari jam 7 pagi,negative
pelayanan baik dan bagus petugasnya ramah fasilitasnya cukup lengkap,positive
rumah sakitnya bersih staf juga helpful banget selalu balik ke gf karena dok junita elvira and dok erik sutandi thank you for taking care of us and our baby,positive
pelayanan sangat kurang bagus ! orangtua saya berobat dan di opname menggunakan fasilitas bpjs hanya di perkenankan 3 hari di rumahsakit sampai pasien belum pulih dan keadaan masih lemas dan,negative
suster nya ramah semua diruangan saya ada nyamuk nya jadi saya inisiatif sendiri untuk menyemprot ruangan dan tidak ada orang lain,negative
saya sangat kecewa dengan pelayanan rumah sakit ini ada apa dengan petugas kebersihannya tidak ada sikap sama sekali atau sopan santun yang digunakan tadi saya meminta bantuan petugas kebersihan untuk pel yang tumpah dan petugas kebersihan malah mengobrol di belakang saya balik dan saya tegur bahkan menyemangatinya kacaw tolong bantu pegawai cleaning service lebih mengedukasi sikap dan sopan santunnya apa lagi yang ada pada petugas cleaning service bernama hoviva yang berdebat dengan saya tadi,negative
untuk antriannya mungkin butuh tambahan pelayanan loket dari pendaftaran dl karena antrianya lama namanya orang sakit mana bisa tggu lama tapi untuk pelayanan sangat ramah2 semuanya dari petugas dan perawat semua ramah2 saya ambil kelas 1,negative
pertama kali ikutan acara hari anak nasional di mayapada hospital tangerang yang bekerja sama dengan novotel seru banget!bintang_medium_putih! !bintang_medium_putih! !bintang_medium_putih! !bintang_medium_putih! !bintang_medium_putih! anakku ikutan lomba masak yang seru!wajah_tersenyum_dengan_3_hati!!wajah_tersenyum_dengan_3_hati! dan yang ditunggu tunggu ternyata,negative
seluruh staf sangat dihargai!,positive
rumah sakit dengan pelayanan terburuk yang pernah saya kunjungi securitynya apatis lagi kerja malah main game kok bisa ya?,negative
selalu ada baik dan buruk tapi saya ingin mengucapkan terima kasih kepada semua perawat dan dokter karena telah memberikan yang terbaik yang dapat mereka lakukan apoteker adalah bagian yang paling membosankan anda harus menunggu satu abad untuk mendapatkan obat anda,positive
terimakasih owner para manajerial dan staf nya juga para petugas medis khusus nya dari jody dan asistennya yang telah membantu saya dalam penanganan operasi batu kemih yang pertama dan yang kedua operasi prostat alhmduliah selesai dengan baik semoga kedepan rs duta indah melayani dengan lebih baik dan obat yang paling mujarab lagi adalah senyum pada dutanya terimakasih,positive
mulai dari kelahiran anak pertama selalu cek kontrol dan lahira di rspi puri indah kali ini untuk anak ke 2 juga cek kontrol serta lahiran disini pelayanannya selalu bagus dan profesional terima kasih untuk dokter kandungan dari eric kasmara yang sudah membantu proses persalinan sejak anak pertama terima kasih untuk dokter anak dari asri yang telah membantu proses persalinan juga di tengah malam terima kasih juga untuk bidan fira bidan fina bidan elis atas bantuannya selama persalinan istri akhir kata sangat recommended untuk persalinan di rspi puri indah terima kasih,positive
rs permata depok cukup baik dari pelayanan admin suster dan dokternya sangat memuaskan dan ramah kondisi rumah sakit yang baik rapi dan bersih juga jadi point utama kenyamanan di sini,positive
dari prakteknya khususnya nefrologi jadwal praktek dari irwan jadwal praktek senin 7 oktober 2021 sangat buruk saya daftar dari jam 8 30 urutan dibawah 10 sampai jam 11 30 belum datang di ruang praktik menunggu begitu lama tolong hargai pasien telat 1jam wajar tapi ini sudah 3 jam belum ada pelayanan pasien bagian farmasi nya pun lama sekali proses obat2annya,negative
benar benar kapok ke rumah sakit ini dokter anak nya ngaret berjam jam sudah menunggu sesuai sama jadwal dari jam 3 sore eeeeeh sampai jam 8 malam juga belum di panggil panggil juga pasilitas untuk ruang tunggu pasien sangan tidak bagus,negative
pelayanan nya baik suster nya ramah2 dan dokter nya juga sangat baik terima kasih rumah sakit famili sudah membantu merawat anak kamu dengan tulus!melipat_tangan_warna_kulit_cerah!,positive
ini adalah pertama kalinya saya menjalani mcu di rs pik dan saya mendapatkan pengalaman yang sangat menyenangkan selama proses yang memakan waktu sedikit lebih dari setengah hari,negative
halo awalnya berobat ke sini karena rujukan sih terus mau enggak mau ya wajib mengikuti prosedur dan kesan di awal bagus nih rs dari mulai info bisa masuk ke ranap cempaka lantai 6 sudah ada kamar terus besoknya di operasi lancar operasi dan oke lah semua kru ok nya mpe di ruang observasi di jelaskan kondisi nya walaupun inisiatif bertanya tb lah post operasi di ruang ranap 1 perawat tidak ada ya 5s 2 perawat memberikan obat tidak ada info ini obat nya untuk ini 3 ketika nge bel ke perawat dtng nya lama kudu di datangin 4 dan terjadilah salah stiker pasien di tempel stiker pasien lain di infusan dan itu keluarga pasien yang melihat di tanya sama perawat menyalahkan ok dan farmasi terang pasang infus di lantai 6 ruang cempaka dan lihat resume medis harus nya infus rl tapi di kasih ring as info dari perawat rl kosong lah pasien enggak di kasih tau 5 sudah di rencanakan pulang h 1 tapi adminsitrasi sampai jam 4 sore sudah close adm menunggu obat pulang magrib huft dahnah waktu tunggu pasien cekout nya mhn di perhatikan dong bapa ibuterima kasih,positive
lelet pegawai administrasi nya tidak teliti dan ceroboh cukup sekali ini saja berurusan dengan rumah sakit ini,negative
pelayanan di rsud semakin kengkap dengan bertambah nya doktwr sapa bedah mulut yang ada di hari senin dan sabtu,positive
hari rabu 12 juni 2024 lalu ayah saya melakukan ct scan dengan biaya umum pribadi bukan bpjs supaya bisa mendapatkan hasil ct scan cepat tetapi tetap diinfo hasil akan keluar 14 20 hari kerja tanggal merah weekend tidak dihitung hingga hari,negative
tadi pagi dapat rujukan ke rs sawah besar pagi di suruh jam 1 katanya baru ada dokter kandungan giliran kesana siang jam 1 securiti bilang enggak bisa periksa karena dokter lagi ada orang operasi 5 orang kenapa enggak bilang pas tadi pagi ya allah capek bolak balik mlhan perut sudah gede merasai sakit katanya masa aktif nya kan 3bulan bu saya mah bukan bertanya masa aktif nya surat rujukan masalah nya perut sudah merasa enggak enak karena sudah hamil 41 minggu besok datang lagi saja katanya pagi jam 7 sama securiti kalo sampai besok jam 7 datang terus dsruh balik lagi jam 1 bener² ngerjain orang saya menahan sakit sampai sekarang,negative
tolong banget ya kalau saya melanggar aturan di rumah sakit ini tolong kasih saya peringatan yang tegas saya sering berobat di siloam simatupang tapi suatu hari pas saya lagi berobat dan parkir di sini ban saya dikempesin sama satpam dan,negative
berbagi pengalaman selama dirawat di rs mary pelayanan dokter ramah dan informatif kepada pasien,negative
hari ini tanggal 14 september 2024 saya antri di apotek lama banget dari jam 12 45 14 37 baru selesai,negative
tolong kepada pihak terkait rsud cibinong untuk memperbaiki pelayanan !! para keluarga pasien jangan dijadikan bola yang dioper kesana kesini menanyakan,positive
bidannya ramah tempatnya juga nyaman,negative
saya merujuk pasien ke poliklinik ortopedi dengan bpjs dan mendapatkan pengalaman yang mengharukan !wajah_tersenyum_dengan_mata_bahagia! dari hendra sapa ot sangat ramah dan benar benar memeriksa pasien tidak terburu buru sama sekali dan sangat baik dalam berkomunikasi diedit dari nindya sapa kj juga sangat,positive
dokternya oke pelayanan bagus ramah lalu tempat juga fasilitas bagus tapi antrian dan proses administrasinya itu loh aduh !wajah_memelas! berkali kali ke sini enggak nyaman di masalah antrian yang lama sekali,negative
07 00 antri pendaftaran 07 21 selasai pendaftaran 08 00 antri tensi 08 24 antri dokter 11 34 baru masuk ruang dokter dapat antrian 33 !wajah_gembira_berurai_air_mata! 12 00 lab 12 24 antri obat 13 05 ke bag informasi untuj ambil antrian online di mobile jkn 03 21 sudah selesai ambil obatoveral oke sih cuma kurang di fasilitas duduk dan ac saja panas banget di bagian farmasi kursinya juga kayak bunyi takut patah dan kurang jelas penanda arah nya karena pakai nama cosmos dl untuk orang yang baru pertama kali datang harus banyak tanya tapi satpam nya sangat membantu karena menjawab dengan jelas perawatnya juga enggak judes ini bikin jadi enggak degan takut !wajah_gembira_berurai_air_mata!!wajah_gembira_berurai_air_mata!,positive
terima kasih rs ukrida anak saya bisa sehat kembali biarpun pakai bpjs di perlakukan baik suster yang baik dokternya baik obatnya pun mantap good rs ukrida terima kasih tuhan serta selalu kalian yang luar biasa,positive
pelayanan ramah dari mulai awal masuk sampai ke bagian perawatan pelayanan cepat dan dokter pelayanan dan disini suasananya tidak ramai dan nyaman untuk anak untuk obat juga pelayanan cepat worth itu for 5 stars,negative
tanggal 26 desember hari ini saya lagi di rawat kebetulan saya mengeluhkan untung pindah ruangan karena yang satu ruangan dengan saya muntah² terus dan membuat saya mual dan susah istirahat dan keluhan kita tidak pernah di tanggapi bukan,negative
di ruang icu rsud kalideres dokter raisa dan perawatnya semua sangat baik bagus sabar ramah best semua pelayanannya,positive
ruang tunggu hcu seharusnya memiliki 1 pasien yang dijaga oleh 1 orang di sini 1 pasien dijaga oleh 2 orang pada akhirnya saya hanya mendapat kursi ada petugas yang bertugas tetapi percuma saja jika tidak berani mengambil tindakan terhadap 1 orang,negative
alhamdulillah pelayanan dan petugasnya sangat memuaskan bagian bpjs cepat tidak menunggu lama sangat direkomendasikan! terima kasih kepada semua pihak yang terlibat !dua_hati!,positive
saya di rawat di lantai 6 kamala rs hermina daan mogot saya di rawat dengan suster darliana yang sangat ramah dan sopan saya senang ketemu dengan suster dan senang di rawat dengan suster terima kasih suster darliana,positive
pelayanan hcu nya sangat baik dan memuaskan terimakasih,positive
hrga terjangkau pelayanan bagus dokter nya ramah,negative
anak saya dirawat dan penangan ugd cepat hanya menunggu ruangan agak lama karena penuh selebihnya puas,positive
dari anak lahiran sampai berobat disini terus pelayanan nya bagus banget suster dan dokter ramah2,negative
rumah sakit paling aneh namanya ugd itu menjadi prioritas pernah ngalamin mau masuk igd menunggu 3 jam diluar belum lagi menunggu kamar 2 jam ketika didalam ugd keburu meninggal kalo ada yang benar benar urgent,positive
alhamdulillah baik pelayanannya alhamdulillah semua tim nya baik menjalankan tugasnya dengan baik bagus sigap dari nya juga baik bagus semuanya alhamdulillah terimakasih sudah melayani dengan sepenuh hati!wajah_tersenyum_lebar_bermata_hati!!melipat_tangan_warna_kulit_cerah!!melipat_tangan_warna_kulit_cerah!,positive
sangat baik sekali saya mengantarkan ibu ketika ibu lagi sakit dan alhamdulillah sangat baik untuk pelayanan dan kecepatan menangani pasien untuk ruangan nya di ruangan hestia 01 untuk suster dan dokter nya sangat ramah sekali sukses selalu buat rumah sakit meilia terimakasih banyak !melipat_tangan_warna_kulit_cerah sedang!,positive
tidak direkomendasikan kami keluarga pasien kecewa dengan tindak tanduk yang dilakukan oleh pihak rumah,negative
pelayanan poli mata dan kamar operasi baik dan memuaskan,positive
perawatnya ramah banget!wajah_tersenyum_dengan_3_hati! igd nya juga cepat banget,negative
seminggu yang lalu saya baru keluar rawat inap dari rsj dari soeharto heerdjan kamar nuri alhamdulillah setelah dirawat disini kondisi menjadi lebih baik dan tenang dokter psikiater dan psikolognya sangat andal dalam menangani kasus saya perawatnya memiliki beragam karakter ketika merawat pasien kamar bersih dan nyaman makanannya awal terasa hambar anyep namun lama kelamaan menjadi terbiasa sangat rekomen untuk teman teman yang sudah memiliki keluhan gangguan kejiwaan sehat sehat untuk dari safyuni dari hernita dan para perawat serta sehat pula yang baca review ini !melipat_tangan!!tangan_diangkat_dan_dirapatkan_bersama_warna_kulit_cerah!!wajah_tersenyum_dengan_mata_bahagia!!wajah_malaikat!,positive
pengalaman yang sangat buruk istri habis operasi sc masih di ruang pemulihan ruang operasi sudah disuruh belajar duduk dan berdiri untuk memakai pakaian dalam bahkan pindah dari ruang operasi ke ruang perawatan pakai kursi roda,negative
di ruangan igd pasien sudah tidak berdaya belum tentu dapat kamar sambl tersenyum jawabnya tapi tidak boleh pulang dan harus rawat hai dokter suster kalian ini hmn tidak ada penganan sudah seharian tak ada tindakan ingat kalian suatu,negative
dear pihak rs sentra medika cibinong ada masukan terkait fasilitas di rsm cibinong sorry tapi sayang untuk fasilitas,positive
rs ukrida bagus pelayanan nya staf dari lobby sampai satpam ramah2 sayang nya di lantai 2 admin yang bernama felix tidak iklas banget pelayanan nya memanggil nama saya dengan di singkat dengan masker di mulut saya di lewati pasien2 lain,negative
pelayanan satpam di ruang icu anak di lantai 3 sebelah kanan tidak ada sopan dan santun nya dalam berbicara perilaku nya dan layanan sangat buruk terhadap para keluarga pasientolong agar satpam seperti ini tidak usah di perkejaan lagi karena tidak ada sopan dalam berbicaraciri ciri satpam perempuan tomboy rambut pendek badan gemuk tidak sopan dalam berbicara berbicara kasar dan tidak enak di hati,negative
kelebihan rumah sakit mewah ruang tunggu nyaman dikasih hampers sebagai member dokter baik kekurangan bagian pendaftaran kurang tanggap perawat kasar harga mahal tidak sesuai dengan pelayanan,positive
selama istri saya dirawat di sini semua staf dan perawatnya ramah kebetulan istri saya di kamar vip dan ruangannya bagus dan bersih makanannya enak enak tidak seperti kebanyakan rumah sakit lain yang biasanya hambar,negative
kalo memang mau op dan rawat inap plis cari rumah sakit yang lebih bagus dari ini dan lebih layak dari ini dari segi pelayanan sampai perawatnya enggak ada yang becus dan enggak pantas dipanggil perawat datang sehat sehat habis op malah,positive
program vaksin polio gratis di grand family semua petugasnya ramah dan cepat membantu,positive
saya berobat di mayapada hospital tangerang pelayanannya sangat cepat mulai ditangani di ugd dengan dokter dan perawat yang sangat profesional penanganannya super cepat ramah sopan registrasi dan,positive
saya mengantar orang tua saya untuk operasi katarak dengan biaya pribadi padahal saya dijadwalkan untuk mendaftar pukul 7 pagi ambil saja nomor antriannya padahal di koran tertulis antrian prioritas pagi dan yang lebih parah lagi pendaftarannya,negative
pelayanan lambat dokter datang terlambat menunggu antrian sampai 4jam lebih hanya untuk periksa mata ketika dipanggil cuma cek mata lalu disuruh menunggu lagi entah sampai jam berapa,negative
tata letak seperti labirin,positive
customer service atas nama al zahra dan dokter tht agus sangat poor saya dirujuk ke rs tetapi ditanya mau di rs mana? saya jawab yang ada kamarnya tapi jawaban customer service ini malah di bilang tidak bisa cek kamar padahal jelas jelas,negative
dokter obgyn pelayanan nya the best banget apalagi dengan dari cristian wijaya sapa og enak banget kalau konsultasi sama beliau admin nya juga pelayanan nya lumayan sangat cekatan fasilitas nya juga memadai,negative
pelayanan rumah sakitnya baik dokternya hebat2 fasilitasnya semakin bagus dan di upgrade terus sukses untuk rsab harapan kita,positive
rumah sakit yang sangat nyaman pelayanannya ramah dan cepat ruang tunggunya bagus dan wangi,positive
saran saya harusnya semua rumah sakit mengikuti sistem pelayanan pendekatan seperti rumah sakit sari asih cipondoh begitu tenang walau dalam keadaan sakit dari pelayanan dokter dan perawat operhandle staf dan pengenalan ke pasien bahkan saya pun yang sendirian tanpa ada keluarga yang jaga selama sakit saat infuse habis mereka langsung handle sendiri tanpa pencet bel dan lebih terjamin lagi setiap hidangan obat yang mau di minum tetap diingatkan untuk selalu berdoa dan ingat kepada yang maha esa staf setiap kali masuk selalu mengucapkan salam dan membaca bismillah saat bertindak ustadnya setiap pagi juga selalu memimpin doa buat kesembuha pasien tidak ada perbedaan juga antara pasien pelayanan kelas 1 2 dan 3 karena saat saya dirawat dikelas 1 ada juga pasien yang kelas 3 orang tua gabung diruangan sama karena tidak mendapatkan ruangan kelas 3 dan pelayanannya sangat baik seperti merawat orang tua sendiri,positive
staf dan perawat ramah dokter ramah dan komunikatif ruang tunggu nyaman satu hal yang kurang harusnya kalo pasien baru dikirimin link pendaftaran bersamaan dengan konfirmasi booking dari customer care sebelum dtng ke rs sehingga pas dtng ke,negative
pelayanan ramah susternya ramah ramah dokter ramah makanan nya enak enggak bikin malas makan makanan rumah sakit jadinya kamar bersih kamar mandi bersih sepertinya tidak ada ob soalnya perawatnya yang sapu2 ruangan dan agak telat sama administrasi klaim asuransi mungkin karena perawat terlalu sibuk overal puas,positive
setiap pelayanan umum pasti plus minus yang dialami masyarakat juga rs ini bagi saya terutama orang tua saya yang mungkin sudah 8tahunan selalu berobat jalan atau inap disini bisa dibilang amat sangat terbantu dengan pelayanan staf medis juga dokter2 yang ramah,negative
pelayanannya bagus tim rekam medisnya bagus responnya cepat selama kami ada kontak dan komunikasi dengan tim rekam medis itu,positive
9 hari yang lalu lahiran di grand family bintang 100 buat dari hendrik sutopo benar benar obgyn yang ok banget enggak perlu bertanya langsung dijelasin semua dari a saja setiap sakit bisa langsung kontak dan langsung direspon dengan baik cuma sayang banget sempat merasai kontrol di poli specialist obgyn sebelum lahiran untuk administrasinya bertele2 ditanya perkiraan biaya sc pun enggak dijelaskan dengan baik dan dilempar sanasini pada saat proses melahirkan juga sangat disayangkan ya dianggurin enggak jelas sampai jam 1 malam enggak dikasih tau aapa2 cuma dibilang harus ready jam berapa untuk operasi waktu mau operasi saya yang harus telfon ingatkan susternya kalo saya sc harus ke ruangan operasi itu pun jalan kaki ke ruang operasinya setelah operasi dari specialis anaknya sangat tidak simpatik sekali tidak edukatif tidak perduli anak saya kena hipoglikemik kuning begitu ditanya sebabnya malah menyalahkan saya yang pasien padahal sebelumnya sudah di brief oleh obgyn terbaikku dengan background kesehatan janin tidak diedukasi atau ditawarin untuk langsung sufor atau coba dbf saya newborn benar benar dianggurin sampai anak saya hipoglikemik udhannya susternya panik depan saya dan pergi tanpa penjelasan pas ditanya kenapa malah menyalahkan saya karena mencoba bdf tidak langsung memberikan sufor ketika anak saya lahir pada saat pada saya bengkak pun suster disana tidak melakukan apapun hanya suruh kompres saja tanpa memberikan peralatan kompres atau dirawat pada saat anak saya dinyatakan kuning hipoglikemik pun saya yang insiatif cari tau cara pumping sendiri memberikan asi ke susternya suster disana diem2 saja enggak mengomong apa apa asi 2 jam sekali saya yang harus anter enggak ada suster yang mengingatkan pumping atau gimana2 tuh kadang suster anaknya pun suka lempar2an tugas sama suster bangsal suster anaknya pun suka jutek kalo malem2 saya anter asi untuk anak saya _ saya tidak diajarkan pelekatan dengan baik saya yang harus aktif bertanya itupun dijawab seadanya tidak diajarkan juga pumping atau sekedar cara menggendong bayi untuk menyusui menyendawakan anak setelah menyusui benar benar dianggurin dan pulang dengan pengetahuan terbatas seputar dbf perawatan anak termasuk menejemen asi serasa kemarin lahiran cuma dari hendrik sutopo doang yang perduli merawat kalau enggak ada beliau saya seperti tidak melahirkan di rumah sakit ternama beda sama rumah sakit satunya waktu dirawat inap begitu tau hamil saja langsung diedukasi iniitu ditunjukan alat2nya diberi semangat padahal rs yang satunya bukan ibu dan anak tapi bisa lebih perhatian edukatif next lahiran fixed enggak akan balik ke grand family! tapi dokternya tetap dari hendrik sutopo !wajah_tersenyum_dengan_3_hati!,positive
suasana yang baik keramahtamahan yang hangat dokter yang hebat,positive
seminggu lalu anak dirawat diruangan anggrek 1 dokter sama suster nya ramah2 cuman tolong anak anak magangnya lebih dikasih belajar lagi kasihan anak saya harus menahan sakit gara gara anak magang enggak bisa nangangin infusan yang macet itu saja sih !melipat_tangan!,negative
terimakasih untuk rsud kembangan pelayananya sangat bagus dokter igd nya sopan sangat jelas untuk kasih penjelasan petugas apotiknya baik ramah untuk pak muhamad haris securitynya sopan dan ramah saya sangat puas pelayanan di rsud kembangan,positive
pelayanan nya cepat dan ramah,negative
rezeki bertemu dengan bidan yang hebat terima kasih bu jehan yang sudah mencerahkan dan menenangkan saya karena sangat cems menghadapi kelahiran anak kami yang pertama ini,positive
rumah sakit terbaik di jakarta sangat bersih pelayanannya bagus dokternya juga bagus dan harganya juga terjangkau,positive
keren mantul kamar nyaman ac dingin cuma kamar tunggunya dan lobbi channel tvnya iklan dokter semua coba channel agama lebih berpahala hehe jadi yang menunggu pada ngantuk mau buru2 pulang,positive
setelah dirawat rs permata yang ke tiga kali nya di ruangan nicu hcu perawat nya ramah2 dan dokter firman nya cekatan,positive
rs yang direkomendasikan belum mendapat bpjs dan masuk kategori menengah atas,positive
rumah sakit ini memiliki dokter anak yang sangat baik dan saya cukup sering datang ke sini namun bagian farmasi sangat arogan ketika kami ingin mengambil obat kami menunggu cukup lama hingga akhirnya meminta atas nama pasien mereka,positive
berobat ke mitra keluarga sangat rekomendasi dengan dokter yang profesional dan petugas yang ramah alurnya juga enggak ribet,positive
alhmdlillah rsud sawah besar gercep banget penanganannya masuk ke igd karena anak demam langsung dtindak enggak pakai lama dari mulai cek darah infus langsung rawat alhmdlillah dapat ruangan di cemara ruang rawat khusus untuk anak di sini juga perawatnya sangat cepat tanggal dalam memberikan perawatan pokoknya dbest terima kasih banyak rsud sawah besar ruang cemara,negative
bintang 1 ini untuk proses administrasi yang berantakan tapi bintang 5 untuk tim dokter dan suster yang professional dan ramah tolong diperbaiki sistem antriannya datang di hari senin kacau sekali banyak ibu ibu yang menyalip dan dibiarkan saja,positive
hari ini ke dokter gigi dokter giginya ramah tempatnya bersih dan pelayanan nya memuaskan!jempol_ke_atas!,positive
buruk banget! dikira pelayanannya oke karena pasien di igd pun enggak terlalu banyak ternyata dari jam 2 sampai jam 8 pagi enggak digubris juga dokter perawat pada songong,negative
saya meminta surat sakit untuk izin kerja dari check up tanggal 5 enggak di kasih sama dokter nya sampai sekarang dan yes saya kena potong gajih 5 hari dan hari ini saya di kasih surat peringatan 1 dokter dan suster yang sedang jaga hari ini dan suster nya tolong yang niat,positive
lucu nih rs dari awal berobat di hga di suruh pindah rs alasan tidak ada kamar dan tidak ada alat di meminta surat rujukan buat pindah rs lain enggak di kasih hanya bilang coba saja dulu bu woy mau berobat nih bukan di suruh coba2 sudah pindah ke rs lain jawaban dari rs lain kebiasan nih hga tidak mengasih surat!! kayak lepaas tangan !,negative
dokter obgyn an dari eka sama sekali tidak membuat pasien nyaman kami bayar untuk umum bukan untuk bpjs tapi pelayananannya tidak membuat pasien merasa aman dan nyaman padahal tidak ada salahnya untuk ramah terhadap pasien toh itu yang membuat orang kembali lagi priksa ke dia semoga dengan kritik ini bisa membantu yang lain untuk punya pilihan dengan dokter yang lain terlebih yang bayar sendiri karena kita punya pilihan untuk dokter yang lebih baik salam sehat,positive
rumah sakit dengan antrian terburuk! antrian poliklinik maupun igd sama saja semua diacak sesuka hati suster dan brudernya bukan tergantung antrian kedatangan apalagi tingkat urgensi pasien jika anda mengenal suster atau brudernya maka anda akan dipanggil pertama tidak perduli sepenuh apa kondisinya!,negative
saya pernah bersalin di rs duta indah dan anak saya juga pernah masuk igd dirawat di rumah sakit ini semua petugas nya ramah terutama dokter igd nya juga ramah sekali pokoknya semua pelayanan yang saya dapatkan sangat baik mskipun saya pasien bpjs pertahankan untuk pelayanannya yang baik ya kekurangannya adlah toilet di ruang rawat inap bau dan kotor sekali mohon lebih ditingkatkan lagi untuk kebersihan toilet ruang rawat inap terimakasih,positive
tidak ada yang salah dengan rs sari asih dari single sampai punya dua anak sekarang sudah lahir anak kedua di kamar 3010 pelayanan dari perawat dokter hasni dan yang lainnya bagus semua untuk konsultasi bpjs dan masalah bpjs juga terbantu,negative
rumah sakit yang care,positive
rs melia sudah langganan sejak anak² kecil dulu hari ini ke igd bawa anak yang sudah remaja pelayanannya cepat tanggap dokter dan perawat ramah terimakasih,positive
pelayanan ramah dan memuaskan terima kasih untuk suster yang bertugas suster ranis putri april dan eva di lantai 8,positive
dokter nya baik dan ramah pelayanannya bagus,positive
pelayanan nya buruk istri saya hamil anak ke dua mengalami eklamsi kejang kejang karena darah tinggi di usia kandungan 7 bulan saya bawa ke rumah sakit ini tidak di tangani dengan baik hanya di cek tensi tidak langsung di beri obat untuk meredakan darah tinggi nya padahal istri saya sudah antara hidup dan mati saking kesalnya pada saat itu saya langsung panggil taxi dan bawa istri saya pindah ke rs budi kemuliaan,positive
tempatnya rapi petugasnya juga ramah ramah,negative
pelayanannya sangat baik terutama di klinik rehabilitasi medis pelayanannya sangat baik anak saya yang menjalani terapi di sini mengalami kemajuan yang cukup baik bahkan di sekolah dia dapat mengikuti arahan pelajaran dengan baik terima kasih dokter mega dan tim rehabilitasi medis,positive
1 minggu menunggu mau di operasi pas hari h nye malah di jadwalkan ulang dengan alasan stock barang buat operasinye kosong padahal pagi2 perwakilan sudah ada yang datang buat nanyain sudah tinggal berjalannye operasi pas yang sakitnye datang malam,positive
parkir gedung yang lewatin parikiran motor yang motornya parkir enggak beraturan sampai harus di pindahin 2 motor sama tukang parkirnya begt masuk mengira salah tempat karena motornya sampai tengah tengah begitu ternyata benar!!!!!!!!! omg !wajah_stres!!wajah_stres!!wajah_tersenyum_lebar_bermata_hati!,positive
jam 10 saya kayak sana buat ambil nomer kata staf nya datang lagi kayak sana jam 4 yaudah saya sempatkan untuk sekolah dulu pas saya mau ambil motor saya di cegat sama satpam nya kata nya suruh bayar parkir yaudah saya bayar kan ters saya,negative
semenjak ada komplen pelayanan semakin baik dan sekarang waktunya aku kasih bintang 5 karena pelayanan operasinya sangat memuaskan dan profesional ditambah perawat bedah sangat ramah dan menyenangkan trimakasih untuk dari yonatan yang sudah menangani dan semua kru rs mitra keluarga,positive
area bermain anak bersih dan mainannya banyak sehingga anak tidak bosan menunggu,negative
alhamdulillah acara ini sangat bermanfaat bagi kita yang suka memiliki keluhan kesehatan terutama di bagian pinggang yang mana menimbulkan stigma ketika yang kita rasakan adalah gejala penyakit ginjal padahal itu tidak benar,negative
bersih perawatnya sangat baik dan sangat membantu,positive
datang periksa kerumah sakit ini menunggu antrian tapi kalah dengan daftar online mohon terkait nomor antrian dahulukan yang datang lebih awal,negative
menunggu dapat kamar lama banget prosesnya ampun di igd bisa 3 5 jam tolong diperhatiin dong bayar saja lama apalagi bpjs dl,negative
pelayanannya sangat baik lingkungannya nyaman perawatnya baik baik petugas2 lainnya juga ramah,positive
rumah di tanggerang karena ambil kpr subsidi disana cuma kalo urusan lahiran mitra keluarga sudah paling benar pelayana nya bintang 7 walaupun bpjs kelas 3 cuma ini top banget lahiran sesar kamar luas dingin toilet bersih bidan suster ramah senyum teros pokoknya responsif juga dok nya sama dokter ricky the best maju terus mitra keluarga semoga cepat buka di tanggerang terima kasih banyak,negative
mentang2 saya pakai bpjs selalu diomelin sama suster nya sombongnya pelayanan nya enggak benar kebanyakan marah marah,negative
waduuh sorry banget nih rs fmc saya kasih bintang 1 tolong dong itu petugas radiologinya dibilangin suruh sopan serame apapun pasien ya harus tetap respect lah saya pasien bayar pribadi saja di perlakukan kayak begitu bagaimana sama pasien bpjs,negative
selalu ke rs puri ini case emergency team dokter suster2 radiology sampai satpam di ugd sangat cepat dalam melayani kami sehingga kami sangat terbantu sekali ketika rawat inap pun semua sangat membantu anak saya dirawat di kamar 608 karena patah tulang dan semua sangat perhatian dan bekerja dengan hati thankyou rs puri untuk semua personelnya,positive
igd belum siap untuk jadi igd tenaga medis kurang tanggap di igd kurang tenaga medis dan pelayanan mereka sangat lambat khusus tenaga medis yang standby di igd pada hari kamis 16 mei 2024 sift pagi saya sebagai anggota kelurga pasien yang karena kekurang tanggapan di igd menyebabkan nyawa kelurga kami tidak tertolong sangat kecewa sekali karena seharusnya begitu ada pasien yang di bawa ke idg harus langsung di tindak lnjuti bukan cuma di terima tapi tidak langsung dilakukan tidakan sedangakan kondisi psien sudah hampir tidak sadar seharusnya jika melarang anggota keluarga berjaga di ruang igd lebih di lihat dulu pasien dalam keadan gawat atau tidak dan butuh pendamping atau tidak bukan asal usir keluarga pasien padahal pasien membutuhkan pendampingan juga dari pihak keluarga sedangkan di igd dokter atau suster tidak selalu menemani pasien setiap menit menurut saya igd sari asih tidak di rkomendasikan untuk pasien khusus urgent karena memang menurut saya tidak layak,negative
akar permasalahannya adalah apa yang membuat darah naik dokter sudah mengizinkan saya pulang jam 10 saya sudah cek ke admin jam 13 45 baru saya mau klaim ke asuransi !wajah_gembira_berurai_air_mata!!wajah_gembira_berurai_air_mata!,negative
pelayanan sangat bagus dan ramah para nakes,positive
pelayanan di rs hermina podomoro sangat menyenangkan dokternya sangat ramah2 suster dan perawat bayi nya juga informatif makanan di rs pun enak terima kasih,positive
pelayanan sangat buruuk,negative
pelayanan bagus dokter dan bidan cekatan,positive
salah satu rumah sakit paling lambat yang pernah saya alami!! maaf,negative
pelayanan bagus dari rumah sakit modern seperti hotel mewah customer service hari ini sangat ramah sukses terus untuk columbia asia pulomas,negative
untuk rs pena yang baru berdiri 3 tahun saya akui sudah sangat banyak perkembangan positif yang dicapai mulai dari petugas kebersihan yang bekerja 24 jam sampai semua pasien diterima,positive
i never experienced the hospital but i often experience their canteen its right beside the building near the motorcycle parking area their canteen is pretty clean and i love the menu such as soto betawi ayam penyet sate ayam and,positive
pas ibu saya sakit dibeberapa rumahsakit penuh dan ditolak alhamdulillah meskipun igd nya ramai tapi tetap dilayani dengan pelayanan yang baik dan fasilitasnya pun lengkap,positive
mantaap !jempol_ke_atas!!jempol_ke_atas!!jempol_ke_atas!,positive
saya pasien rawat jalan hga perawatnya ramah sesuai dengan value hga anak dan swami juga pernah dirawat dokternya juga baik dan ramah saya pasien dari endi orthopedi dari dina sapa jantung swami dan anak pasien dari herly tht barokallah hga,positive
sure! heres the translation i highly recommend rs permata depok! from the registration proces and medical procedures tapi the care provided everything went very smoothly and professionally the service from the staf and medical personnel was extremely satisfying i want tapi give special recognition tapi nurse sinta who assisted during my wifes cesarean delivery for our first and second children she was very friendly responsive and informative providing comfort care and calm throughout the proces additionally i also underwent surgery for diabetes related issues ini my left leg and the experience was excellent thanks tapi the support from the medical team especially nurse sinta from the operating room who provided care calm and high spirits they truly gave attention and support tapi me throughout the entire surgical proces thank you rs permata depok for this outstanding service!,positive
pengguna pasien baru dan menggunakan bpjs mending mundur deh disini kalian tidak dianggap!,negative
pengalaman saya berobat ke rs ini petugasnya baik dan enggak lama penangananya untuk petugas yang bernama mas bayu surya p terimakasih atas bantuanya dan edukasinya rsud sawah besar ini recommended pelayanan sangat memuaskan !melipat_tangan!,positive
enggak pernah kapok kesini selalu konsultasi sama prof sandra mengenai kulit puji tuhan dapat pelayanan yang tidak mengecewakan!hati_merah!!wajah_tersenyum_dengan_3_hati!,negative
bagus pelayananya ramah dan terima kasih hadiahnya semoga next lebih bagus lagi programnya dan yang umum juga gratis hehehe,positive
aneh katanya ruang tunggu icu tapi enggak di kasih di tempati pagi siang sore malam terus di usir sama security suruh diam di luar terus apa gunanya ruang icu ini,negative
minggu kemarin saya operasi kiret di rumah sakit citra arafik yang di rtm depok pelayanan cukup memuaskan suster ya baik dan ramah2 kebersihan ya di bersihkan sehari 2 kali pagi dan sore masakan ya juga enak2 tapi saya enggak dapat makin malam ya!wajah_tersenyum_lebar!!wajah_tersenyum_lebar! ac ya juga,positive
pelayanan dalam pendaftaran poliklinik lambat sangat menjenuhkan baru mau bayar buat obatnya saja lama banget anak keburu pingsan mungkin pasien tambah parah belum minum obatnya pelayanan kalau memang enggak bisa melayani lagi tambahan,negative
masyaallah happy sekali melahirkan di rsud kembangan pakai sc eracs ful cover bpjs dapat rujukan ke rsud kembangan semua alurnya jelas dan langsung mendapat jadwal untuk op di hari hari sebelumnya sangat salut dengan pelayanan dari suster di ruang maternal sangat mengedukasi dan sabar membantu pasien baik bpjs dan non bpjs semoga selalu memberikan yang terbaik kedepannya,positive
hasil lab lama banget ambil darah jam 8 di suruh tunggu sampai jam 11 jam 11 belum keluar juga hasilnya padahal cuma cek gula dan asam urat,negative
secara keseluruhan pelayanannya oke,positive
ikut seminar tentang cacar monyet di rs mitra jadi menambah pengetahuan dan pengalaman baru fasilitas ok ramah dan menyenangkan,negative
rumah sakitnya lambat administrasi asuransinya juga lambat bisa 4 jam dokternya juga lumayan jangan kesini kalau tidak terlalu perlu,negative
baru kali ini ke rs pakai bpjs tapi semuanya di permudah daftar via jkn sampai sana enggak ribed sama antrian bagian pendaftarannya juga melayani dengan cepat menunggu di poli kebidanan kandungan juga di layanin dengan ramah apalagi dari enricko yang super baik,positive
pelayanan yang disediakan mulai dari penanganan pasien pemberian obat infus pelayanan makan pasien tempat perawatan terbilang baik dan nyaman terima kasih atas pelayanannya semoga kedepan semakin ditingkatkan kamar lily 303 kelas 1,positive
pelayanan cepat dengan pasien mengenai hasil rontgen nya agak lama diinformasikan mohon diberikan lebih cepat bila dibutuhkan proses segera untuk mengetahui hasilnya rontgen,negative
lokasi strategis di jalur alternatif cibubur dekat dengan fasilitas publik lainya pelayanan ramah sekses terus rs permata cibubur,negative
pelayanan yang bagus,negative
juli kemarin aku sama anakku gantian masuk igd anakku gara gara step alhamdulillah aman jadi bisa pulang dan seminggu kemudian aku masuk igd gara gara dbd pelayanan di igd cepat tanggap semua staffnya baik dan ramah,positive
seperti biasa tiap bulan rutin kontrol ke poli jiwa di tanganin oleh dari azizah yang sangat informatif perawatnya ramah terbaik pokoknya,positive
terima kasih kepada seluruh tim rumah sakit permata depok atas pelayanan yang luar biasa pengalaman anak saya di operasi di rs ini pelayanan di rs permata depok sangat memuaskan semua perawat tim admin dokter sangat cekatan dan membantu sekali terima kasih juga kepada dari lidya yang sudah membantu dari awal perawatan sd operasi suster sinta yang sangat cekatan dan responsif di kamar operasi sangat direkomendasikan bagi siapa saja yang membutuhkan layanan kesehatan berkualitas!,positive
tanggal 8 hari jumat jam 10an sangat kecewa dan enggak bakal kesini lagi kalo sakit 1 di igd kayak pasar berisik banget entah dari perawat maupun dokternya kalo,negative
baru 2 minggu yang lalu saya operasi sc tapi pas mau dioperasi masih sakit padahal bekas sayatannya masih terasa,negative
tempat !jempol_ke_atas!dokter dan susternya!jempol_ke_atas!!jempol_ke_atas!pokoknya semua orang yang terlibat di dalam nya tidak terkecuali semuanya super ramah!jempol_ke_atas!!jempol_ke_atas!!melipat_tangan_warna_kulit_gelap!!melipat_tangan_warna_kulit_gelap!,negative
pelayan rumah sakitnya ramah2 dari dokter sampai perawat dan adminitrasinya serta pelayanan bpjs nya mudah dan baik,positive
sukses dan jaya terus sukses untuk klinik kita salam sehat untuk semua nya amin,positive
pelayanan sangat buruk mulai dari suster dipoli bagian radiologi sampai pengambilan obat datang jam 2 sudah tensi darah di polinya lalu menunggu dipanggil di poli dokternya setelah 3 jam enggak ada panggilan padahal no awal ternyata berkas yang,negative
terima kasih rs pluit beserta team dokter atas perawatan dan bantuannya untuk kesembuhan putri kami mutiara suci kamilah dari penyakit dbd selama 8 hari di rs pluit semoga dari novi dan team dokter seluruh suster perawat serta rs pluit,positive
kapok berobat disini menunggu obat saja lama banget lebih dari 1 jam semua pelayanany lama padahal enggak rame pasiennya malah termasuk sepih saya biasa brobat di rs borromeus bandung jauh lebih rame sampai kursi penuh tapi pelayanany enggak selama ini ini capek menunggu,negative
untuk penanganan pasien cukup baik dan respon cepat hanya saya di bagaian administrasi harap di memperbaiki cara mengingatkan untuk pembayaran denda bpjs bahasanya seperti kolektor pinjol ada bahasa pengancaman dan pemberitahuan hanya melalui pesan whatsap tidak melalui telpon jadi tidak bisa di respon langsung,positive
buat mba2 staf rsti yang nyerobot antrean saya memakai sure dulu mbak ada pasien lain apa enggak gaenak loh lagi sakit diselak orang yang enggak sakit pasti mbaknya enggak sakit kan cuma disuruh cekup buat keperluan adm? diluar sakit enggak tetap duluin antre lah,negative
sangat memuaskan perawat dan susternya baik banget walaupun pakai bpjs pelayanannya baik banget ramah semua orgnya,positive
pelayanan buruk lambat ketika dimintain tolong perawat berisik terlalu banyak bercanda dan tertawanya terlalu kuat seperti tidak mempedulikan pasien dan keluarga pasien tolong saling menghargai,negative
kecewa dengan panjangnya prosedur asuransi swasta dan diawal tidak ada kepastian tercover berapanya sehingga saya bolak balik ke bagian inap dan pendaftaran suami saya memutuskan keluar dari rs tanpa tindakan operasi dokter saya sudah telpon,negative
dokternya bagus oprasiny juga cepat pelayanan nya juga cepat suster ramah ruangannya bersih dapat bonus hampers juga over al ok,negative
alhamdulillah baik dari pelayanan ramah tamah susternya baik dan memuaskan dalam segi pengobatan memberikan informasi tentang pasien sangatlah jelas semoga kedepannya rs makiyah tambah sukses dan maju amin !tangan_diangkat_dan_dirapatkan_bersama!!tangan_diangkat_dan_dirapatkan_bersama!!melipat_tangan!!melipat_tangan!,positive
salah satu pilihan rumah sakit terbaik di daerah tangerang banten dan sekitarnya pelayanan cepat fasilitas cukup lengkap penanganan tenaga medis di sini sangat cepat dan profesional,positive
sangat berterimakasih kepada dari yuli achmad spog bidan dan suster karena pelayanan yang memuaskan selama saya berada dirumah sakit ini orangnya sangat ramah dan pelayanannya sangat cepat tanggap,positive
kehamilan pertama saya dan suami memilih rs columbia karena alasan pertama karena dekat dengan rumah namun dari awal kontrol kehamilan hingga akhirnya melahirkan di rs ini saya sangat puas dengan,positive
pelayanan loket lama sekali!! terlihat cuma 1 orang yang jaga loket membuat antrian menjadi membludak antrian sudah sampai 100 tapi no panggil di layar baru sampai 60an membuat saya hampir 4 jam hanya menunggu giliran tolong pelayanannya lebih di gesitkan lagi,negative
barusan banget dari sentra saya sama adek saya posisinya di motor saya yang bawa dan berenti di halte buat drop saya doang adek saya mau saya suruh puter balik biar menunggu di sebrang karena saya cuma ambil berkas doang sebentar saya tau di,negative
rumah sakit ini dalam kondisi baik dengan staf spesialis yang hebat dan kebersihannya sangat baik,positive
alhamdulillah!wajah_malaikat! pelayananya bpjs nya oke banget ramah rsnya nyaman dokternya baik,positive
pelayanan bagus ramah2 staf dan perawatnya sangat amat membantu dan komunikatif sekali dokter2nya terimakasih rsu tangsel,positive
rumah sakit ini baru buka dari tahun 2022 sudah terima pasien bpjs rumah sakitnya bersih area parkir luas dokter dan perawat ramah semua dan sudah pakai sistem antrian via whatsap jadi lebih mudah dan cepat semoga rumah sakit lain bisa mencontoh rumah sakit ini terutama yang dimiliki pemerintah,positive
pasien bpjs gratis pelayanan baik setiap toilet ada tempat sholat yang paling saya suka scurity nya ramah² alhamdullilah memuaskan cuma kantinnya sedikit banget !wajah_gembira_dengan_mata_bahagia!,positive
untuk pelayanan perawat dan dokter memuaskan untuk ruangan dan fasilitas dan makanan sangat memuaskan dokter nya ramah suster nya baik sangat puas dirawat di lantai 1 1402,positive
pelayanan bagus hanya di pendaftaran jika pasien baru isi scan barcode tapi masih ditanyakan indentitas yang berobat namanya siapa masih kurang maximal pengunaan website scan barcode pendaftaran,negative
pelayanan yang sangat buruk perawat sibuk main hp pasien di suruh menunggu di luar berjam2,negative
kecewa banget sama rs dan dokternya why? 1 tertera mulai praktek dari shanaz jam 18 00 tapi sd jam 19 30 an dokternya belum ada,negative
selama di rawat inap di ruangan krystal alhamdulillah pelayanan perawat nya ramah dan baik semua dibantuin sampai selesai pas pulang dikasih gift susu terimakasih untuk perawat angel lilis sudah mau direpotin saya btw aku sudah 2x di rawat di rs bina husada !wajah_gembira_dengan_mata_bahagia!!jempol_ke_atas!!jempol_ke_atas!,positive
pelayanan bagus namun perlu di perhatikan ada sedikit perawat nya di lantai 1 yang kurang ramah ace ruangan kurang kerasa,negative
masya allah terimakasih banyak rsud kembangan sangat puas dengan pelayanan dokter nya dari adi suryadinata spesialis dokter anak terbaik menurut saya baik ramah enggak jutek sama sekali bicara nya sangat lembut love deh buat dari adi suryadinata semoga enggak pindah pindah ya dok jadi kalau anak ku batuk pilek bisa langsung ke dokter adi saja sudah sangat cocok sekali,positive
pelayanan buruk!!! pasien riwayat pembengkakan jantung disuruh bawa barang sendiri sampai tidak bisa atur napas!! padahal pasien kelas 1 bpjs dan mendapat pelayanan buruk seperti ini!,negative
enggak usah terima umum bpjs kalo sangat bangga sama rs militernya banyak swasta lain yang lebih kecil pelayanan lebih ramah dan memanusiakan manusia semua perlu bolak balik semua serba fotocopy cs nya enggak tau apa apa enggak ada usaha buat cari tau juga sikap cs nya teriak loh mengucapkan terima kasih bisa lulus akre yang begini ya,negative
pelayanan nya lumayan padahal tapi tempat dan fasilitas nya minus sekali ruangan tmpat tunggu dokter sempit tapi pasien nya bejibun toilet nya kayak di terminal bau sampai ke ruang tunggu dokter,negative
punya faskes klinik abdul radjak cengkareng jam 4 subuh suami merasai perut kayak di tusuk sampai ke pinggang klinik di pencet bel 3 kali enggak ada yang keluar dari klinik akhir nya buat memutuskan ke rs abdul radjak nya yang ada di sebelah langsung ke ruang igd baru sampai depan di sambut sama sekurity yang begitu cuek nya suami saya jalan ke igd sampai bongkok² merasai sakit sekurity masih cuek masuk di ruang igd cuma di tensi di tanyakan faskes nya dimana malah di sruh meminta surat rujukan dari klinik abdul radjak sedangkan klinik abdul radjak nya di bel 3 kali enggak ada orang suami saya masih merasai ngerintih kesakitan di rs abdul radjak enggak dapat penanganan padahal pasien sudah ngerintih kesakitan malah di sruh meminta surat rujukan a enggak bisa meminta surat rujukan nya jam 6 jam 7 pagian ??? kenapa enggak di tanganin dulu di kasih infus di kasih obat anti nyeri kecewa kecewa kecewa datang ke situ apalagi ke igd karena sudah enggak bisa menahan sakit tapi orang yang tugas jaga di igd enggak mau gerak cepat sama sekali tolong jangan mainin nyawa seseorang kalian manusia kalian punya ke ahlian tapi kenapa enggak punya hati sama sekali,negative
cukup 1 kali saya bawa keluarga saya atau kerabat kalo bisa untuk pelayanan administrasi sih oke tapi untuk perawatan pasien yang kondisinya urgent amat sangat menguras emosi karena dokternya lebih mementingkan kepentingan pribadi di,positive
tidak ada komentar,negative
ruang tunggu luas dan nyaman pelayanan super ramah dari admin perawat sampai satpam,negative
terkesan asal asalan dalam penanganan bedah bahkan mereka bercanda saat melakukan operasi,negative
pelayanannya baik selama rawat inap terimakasih mitra keluarga cibubur,positive
dalam 3 minggu di bulan september 2024 3x daftar ke dokter apesialis 3x cancel praktek 2x tanpa kabar 1x ada kabar kalo enggak praktek,positive
rumah sakit bersih staf responsif pelayanan bagus,negative
pelayanan nya bagus dan harga terjangkau bisa bpjs enggak ada perbedaan antrian bbpjs dan pasien umum nyaman berobat di andhika perawatnya baik baik dan cekatan!jempol_ke_atas!,positive
no comment ajalah,positive
rumah sakit dengan igd terburuk yang pernah saya temukan malam hari dokter cuma 1 perawat enggak ada antri dulu macam klinik 24 jam harus di periksa dokter dulu,negative
dito al bachry setiawan di rawat sakura alhamdulillah sudah membaik terimakasih perawat yang menangani anak saya tetap semangat bekerja,positive
selama saya kontrol istri kebetulan jantung alhamdullilah pelayanan security nya semua ramah dan koperatif pelayanan dokter dan perawatnya baik semua semoga selalu dipertahankan,positive
untuk yang jaga ruang igd mbak mbak rambut pendek bob saya berobat di rs pena bayar pakai uang ya mbak bukan geratisan tapi muka you jutek banget sumpah perlakuan lu ke gua sama ke suami benar benar enggak ada,negative
kesini untuk ke obgyn pelayanan bagus ramah cuma untuk menunggu dokter sejam baru datang tapi alhamdulillah dokter nya memuaskan kasih tau secara detail dan untuk bagian farmasi juga agak lama ya,positive
sentra the best dari mulai igd poli tenaga medis nya dokter suster semua ramah dan gercep bpjs pun dilayani dengan baik semua area bersih,positive
hari ini kesini lagi lu tes bebas narkoba ok pelayanannya sempat koreksi sedikit di data tapi enggak prinsip overal memuaskan!wajah_memeluk!,positive
hari ini mau tes pcr di rs husada tapi karena bisa register online saya pakai register online dan jam 3 30 sore saya datang ke rs pas saya ke jnformasi saya tanyakan kata suster yeni bisa kalau register untuk hari yang sama yang register online di prioritaskan tapi security yang jaga bilang maksud dari bu yeni itu sama saja tidak ada yang di prioritaskan jadi sama saja dong ya register online atau datang langsungz tidak ada perbedaannya meminta tolong kordinasi nya saja karena ini sangat membuang waktu,negative
alhamdulillah pelayanan nya sangat ramah dokter nya juga baik pasilitasnya juga baik yang terpenting itu sih sunster2 baik baik,positive
pelayanan bagus !jabat_tangan! camelia 315,negative
selama rawat inap di rsud kembangan pelayanan baik kamar rawat kamar mandi terjaga kebersihannya makanan nya bergizi baik perawatnya telaten dan ramah terutama perawat hamka trm kah,positive
pelayanannya bagus meskipun antri biaya lebih murah dibanding rs swasta bisa pakai bpjs lumayan lengkap fasilitasnya tmptnya di dekat pasar jadi agak macet kalo mau ke sana,positive
saya bawa anak saya kesini untuk terapi sih dan tau tapi ada yang bilang dari terapisnya kalau misalnya anak saya harus masuk preschool dulu baru bisa terapi di sini kondisi anak saya terlambat bicara dan kurang,negative
sangat kecewa dengan pelayanan disini sudah bberapa bulan yang lalu saya dirawat tapi baru bisa lasih ulasan sangat disayangkan dengan pelayana salah 1 dari spog kurang informatif enggak ada omongan sama sekali kalo enggak dtanya saya dirujuk puskesmas dengan diagnosa polip dokter tersebut menyarankan untuk kuret saya meminta waktu 1 bulan tapi tiap minggu saya disuruh kontrol dan di usg rutin dokter enggak ada bilang apa apa sbulan saya bolak balik mengurus operasi 1 minggu pasca operasi saya perdarahan hebat perut melilit saya pergi ke rs terdekat namun ditolak dsuruh balik ke rs duta indah karena ada riw op disana akhirnya dengan perdarahan dan perut melilit saya ke rs duta indah disana saya ke igd langsung disuruh testpack dan hasilnya positif sangat disayangkan sekali padahal 1 bulan saya rutin usg kok enggak dikasih omong apa apa posisinya memang haid saya enggak nentu jadi saya enggak ada inisiatif buat testpack saya memang salah mana pas di igd saya disuruh ke poli buat menunggu dokternya dokternya telat berjam2 pula akhirnya saya disuruh rawat giliran dirawat memang perdarahan enggak berhenti2 saya disarankan kuret lagi namun kali ini harus bayar pribadi karena 1 minggu yl saya habis kuret jadi bpjs enggak bisa cover dan yang lebih herannya lagi rawat pertama saya tidak dikasih resume medis katanya itu buat ke bpjs saja setau rs manapun kalo pulang dikasih resume medis dan itu hak pasien saya pikir yasudahlah malas debat sama perawatnya laaah saya opersi yang ke 2 pakai pribadi tidak dikasih resume medis lagi yang jadi poinnya sih 1 selama 1 bulan saya bolak balik usg tiap mggu masa iya enggak ada tanda2 saya hamil? sampai akhirnya dilakukan kuret polip? 2 resume medis itu setau saya hak pasien kenapa tidak dikasih ya? 3 2 kali saya dirawat disana menggunakan bpjs maupun pribadi saya ditempatkan diruang maternity oke enggak apa apa serius tapi yang zonknya lagi mbokya bednya minimal dikasih laken masa kosongan tanpa sprei trimakasih mohon ditingkatkan lagi pelayanannya,negative
staf tidak ramah sama sekali not recomended,negative
selamat malam saya sekali lagi mengaku puas berobat dihermina yang berobat bukan saya sih tapi ibu saya kemarin selasa 15 oktober ibu saya brobat ke dari yohan untuk kritik ada sedikit ya ternyata saya lihat sendiri yang bikin pasien marah marah pas tensi dan pasien numpuk ditempat tensi itu bukan 100 perawat dulu aku tuh ngiranya perawat yang bikin pasien numpuk ditempat tensi sampai semrawut dan yang bikin pasien marah marah dan numpuk ditempat tensi itu sebenarnya kesalahan dari petugas pendaftaran contoh 4 bulan lalu saya antar bapak saya ke dari imanue hendro dan sipetugas pendaftaran cewek malaj bilamg silakan kesuster untuk tensi padahal kebedah kan bapak saya enggak usah tensi lagi juga nyatanya memang dari enggak ditanya tensi karena enggak ada hubunhan pemyakit ganglion dileher sama tensi petugas pendaftaran masih enggak bisa membedakan mana pasien yang harus ditensi mana yang enggak pasien mau kebedah jiwa urologi ortoped malah ditensi yang alhasil asiwn sembarwut enggak beraturan dan ada yang marah marah terus kemarin ibu saya berobat ke dari cesilia kulit petugas pendaftaran malah arahin ke tenpat tensi padahal enggak perlu terus dengan konyolnya orang pendaftaran enggak tau kalo poli kulit di lantai 1 gdung 2 malah yang mengasih tau suster cewek kalo kulit di gd 2 lantai 1 petugas pendaftaran belum tau itu itu saja sih intinya petugas bagian pendaftaran masih belum bisa membedakan mana pasien yang perlu ditensi mana yang enggak terus poli kulit masih dianggap digdung 3 lantai 2 sudah menunggu lama malah dikasih tau suster poli kulit adanya di gd 2 lantai 1 hu selebihmya bagus oelayanan suster bpjs,positive
subhanallah kamar mandinya kotor banget ruangannya juga kotor saya meminta sapu atau di bersihkan tapi cs nya tidak kunjung datang kami di biarkan menikmati lantai yang kotor dan banyak tisu di kolong tempat tidur masuk kmr mandi sampai enggak,negative
kamar inap nyaman dokter dan nakes lain nya ramah dan sigap makanan juga enak2 dapat bingkisan juga pas pulang nya tengkyu tim poli kebidanan edelweis rs simpangan depok sukses selalu!mengangkat_tangan_warna_kulit_cerah!!mengangkat_tangan_warna_kulit_cerah!,positive
rs yang bagus menurut saya semua petugasnya ramah dan tanpa bertele2 semoga tetap seperti ini,negative
rumah sakit langganan terbaik !hati_merah! daftar bisa online by whatsap respon cepat semua staf sangat ramah dari mulai igd lab berbagai poli,positive
awalnya ngira kalau di rs pendidikan enggak akan komersil ternyata mahalnya sama saja kayak klinik gigi terkenal di jakarta masih mending klinik terkenal di jakarta ada garansi 7 hari kalau ada isu sama servisnya bisa gratis dibenerin,positive
mohon diperbaiki pelayanan pendaftaran online nya! balas chat sangat lambat sampai berjam jam dengan alasan chat yang menumpuk bahkan dokter sedang ijin cuti saja baru diinfo tepat saat saya datang padahal saya sudah chat terlebih dahulu sangat mengecewakan dan merugikan! semoga diperbaiki,positive
sistem pelayanan sangat bagus kebersihan juga terjaga baik setiap berkala cleaning service membersihkan lantai hanya kursi untuk menunggu perlu ditambah karena banyak yang harus menunggu smbl berdiri duduk di lantai,positive
untuk pelayanan sangat memuas kan dan untuk respon dokter sangat episien rekomendasi pokona mah salut buat para suster selalu siaga dalam menjlan kan jugas nya sekali lagi trimakasih banyak dari dika anak saya lahir dalam keadaan sehat,positive
mengurus tiket parkir untuk rawat inap lama enggak becus susternya pun enggak informatif enggak tau kebutuhan untuk mengurusi tiket parkir rawat inap penjaga untuk member parkir pelayanannya jelek enggak informatif juga akhirnya bolak balik parkir gedung,negative
untuk pertama dan terakhir deh di rawat disini karena cuma rs yang dekat sama rumah dan masih kosong kamarnya cuma ini berhubung saya urgent khususnya untuk para suster pelayanan sangat amat buruk saya manggil sampai 2x,negative
terimakasih untuk pelayanannya semuanya baik cepat,positive
bulan april 2018 saya op caesar di rs ini dan ada satu perawat bilang kasur saya berantakan padahal cuma kain 2 doang dan pada kepo sama urusan pribadi sampai berani bertanya ke suami saya diruang bayi huhuhu sangat tidak nyaman,positive
rs nya super bersih harga affordable pelayanan super ramah dengan dokter anak yang super komunikatif dan tidak terburu buru staf sangat ramah dari dokter suster admin lab,negative
rumah sakit yang ramai tapi tetap teratur walaupun rumah sakit lama n tua itu gannya tapi bangunannya tetap masih bagus n beraih ada juga beberapa bagian kayaknya habis direnov masih bagus,negative
pengalaman ini sangat bermanfaat bagi kesehatan kita semua khususnya tema hari ini mengenai kesehatan ginjal sehingga kita dapat mengetahui bagaimana cara menjaga pola hidup kita salam sehat,negative
alhamdulillah selama dirawat disini pelayanan nya cukup baik semua susternya cepat tanggap juga,positive
memang paling bagus ini rsud asa depok terutama untuk persalinan!hati_biru! tim medis nya satset semua pelayanan untuk pasien bpjs dilayani dengan baik ruangan semua lantai bersih,positive
pelayanan di instalasi farmasi nya sangat kurang cepat dan saya ingin mengambil menebus obat dan antrian saya terlewat ketika ditanya ini bagaimana hanya dijawab tunggu tanpa ada solusi apapun dan dari setelah petugasnya menjawab seperti itu 2 3jam pun tidak ada informasi kembali,negative
rumah sakit yang nyaman staf yang bersih dan ramah parkir motor yang luas lokasi yang strategis dan mudah dijangkau,positive
