id,original_id,text,label,is_augmented
1_bt,1,"Hari ini, layanan online tidak berfungsi. Merasa buruk.",negative,True
5_bt,5,"Bagus. Anda berada di nun-- jika Anda ingin bertanya ""tentang akte kelahiran"".",negative,True
10_bt,10,Mereka yang menunggu pasien harus dikondisikan. Karena pintu masuk idd seharusnya tidak digunakan sebagai ruang tunggu.,negative,True
14_bt,14,"Layanan buruk, petugas yang tidak ramah, peraturan lambat, toilet lebih buruk dari toilet umum. Ruang tunggu panas, kursi kecil begitu banyak pasien berdiri atau duduk di lantai dan eskalator tidak berfungsi. Ini sangat tidak menyenangkan.",negative,True
18_bt,18,Layanan cepat.. Stafs yang ramah.. hanya fasilitasnya yang kurang dirawat dari kamar mandi dan ac,negative,True
35_bt,35,"Layanan rumah sakitnya sangat ramah, bersih. sangat direkomendasikan untuk pengobatan di sini.",negative,True
48_bt,48,"Jika itu untuk pendaftaran baru dari pasien nomor satu ke nomor satu. Lama, 15 sampai 20 menit untuk berbicara dengan banyak petugas.",negative,True
50_bt,50,Pengalaman saya sangat buruk. Operasi bru. Sehari telah diberitahu untuk pulang.,negative,True
59_bt,59,"Rumah sakit bersih, ruang tunggu di klinik juga nyaman. Ada restoran jika kau lapar, ada makanan ringan.",negative,True
62_bt,62,Pengalaman rumah sakit yang buruk. Tidak ada sirkulasi udara di dalam gedung. Harganya terlalu tinggi untuk fasilitas minimum. Dokter tidak berpengalaman dan staf sangat lambat. Anda harus mengejar mereka sepanjang waktu jika Anda ingin layanan.,negative,True
66_bt,66,"Keamanan begitu ketat, tidak masuk akal bagi pasien. Pengalaman Thomas adalah membawanya ke ruang operasi. Anak-anak tidak bisa melihat keluar dari ruangan. Kami ingin menyampaikan. Pertanyaannya hanya menunggu. Kami meminta dokter sekitar satu jam sebelum operasi. Sudah enam jam. Setelah operasi sengatan, keamanan yang sama. Ini sedikit berantakan, pengalaman ingin disuap sama seperti tidak. Resep masuk ke ruangan yang penuh sesak dengan saudara yang mengunjungi. Jika hujan, tempat tidur adalah tempat tidur membawa pasien dari ambulans. Dia bilang itu tempat tidurnya yang sebenarnya. Jika Anda ingin mengubah, Anda harus pindah ke vvip.
Tidak ada tisu toilet. Nama keamanan yang Toniz beli, bagian tubuh tidak terlalu tinggi di tahun 170an hitam, rambut sedikit dikenal sebagai botak. Harap menerima suap jika saya tidak salah untuk pengunjung pasien pada tahun 2022. Ini sangat tidak nyaman.",negative,True
73_bt,73,Layanan yang bagus. Cepat,negative,True
83_bt,83,Layanan sangat jelek... Tidak pernah berubah berapa kali kau berada di sini... Tolong tingkatkan.,negative,True
95_bt,95,"Sekedar mengingatkan, jika kontak berhenti di lt 2 adalah pada, itu akan membuat lebih mudah bagi keluarga pasien untuk menunggu di rumah sakit ini (tidak bisa pulang), dan lain kamar kosong atau tempat tidur saja, karena tidak dapat ditinggalkan di lantai karena itu sangat dilarang oleh keamanan.",negative,True
124_bt,124,"RS daerah di pusat kota depok tapi perasaan dari hotel bintang lima, anak-anak dan tidak trauma anak-anak, tidak seseram tua RS-timey-maju.",negative,True
131_bt,131,"Dokter terlambat, tidak sesuai jadwal. Di garis serobot, perawat 2 di telepon",negative,True
132_bt,132,Gunakan jasanya juga. Kurang dokter juga.,negative,True
141_bt,141,Aku sedang dirawat di ruang pernikahan. Perawat yang cantik dan ramah. Kamarnya bersih dalam cinta.,negative,True
146_bt,146,Dokter meremehkan pasien. Aku punya ambulans. Semua petugas tahu tentang kondisiku. Aku hanya memintanya dalam uap sesak napas.,negative,True
167_bt,167,"Layanan di Aulia baik, tapi ada lebih sedikit obat / farmasi yang berhubungan dengan lebih banyak saham.",negative,True
177_bt,177,"Aku mengantar anak itu ke rumah dekat rumah. Tidak pernah dirawat di sini kemudian daftar pertama. Ternyata anggaran idd dengan bpjs tidak diterima oleh rumah sakit emik. Ketika Anda meminta penjelasan, Anda tidak menjelaskan alasan yang jelas.",negative,True
179_bt,179,Dokter khusus Jerry apos; s paru-paru isn apos; t tepat waktu untuk jadwal di website. Kita harus menunggu 2-3 jam di website,negative,True
182_bt,182,Layanan buruk!,negative,True
183_bt,183,"Nah, untuk perawat dan dokter, itu agak ramah, tapi layanan pengobatan adalah waktu yang lama... Ketika panggilan perawat memang datang untuk pertanyaan, tapi solusinya sering lama sejak perawat tidak bisa dan harus menunggu perawat lain. Respon lama harus diulang dan ketika diminta untuk sesuatu tidak melakukannya segera. I.V. datang tapi itu tetap sekitar satu jam setelah laporan. Dan kemudian ketika kondisi pasien dalam rasa sakit dan anti- penghilang rasa sakit yang infusing, kita harus menunggu sampai lima jam untuk mendapatkannya kembali. Katanya dia sedang menunggu apotek di lantai bawah. That 's how long it takes ♪
Perawat mengatakan itu tidak disediakan oleh R, tapi itu tidak diberikan solusi lain. Jadi kau harus menyediakan untuk dirimu sendiri. Pasti dari pasien yang menyiapkan semua kebutuhan dari hal semacam ini. Jika tidak ada solusi lain setidaknya jangan hanya diam. Itu saja terima kasih.",negative,True
191_bt,191,"Tempat ini bersih, petugas ramah. Ini tidak akan lama, mudah-mudahan akan. Sukses",negative,True
193_bt,193,"RSpad jika Anda ingin pergi ke klinik polisi / Baik pengobatan jalan diparkir di depan jalan di dekatnya, jika Anda ingin pergi ke panti jompo yang lebih baik",negative,True
197_bt,197,"Maaf untuk datang jauh-jauh ke sini, tidak ramah. Penjaga keamanan pagi-pagi sekali tidak benar-benar ditolak. Setelah saya meminta untuk memeriksa dengan kotak sign- up, di kotak, itu menjawab, tapi itu dikonfirmasi itu terbuka. Belum ada konfirmasi. Ini hanya 12: 00 ditulis di papan sampai 13: 00 dan pasien publik, terutama ketika datang untuk menunggu dalam gelap, aku pindah ke tempat lain. Prosedur kurang halus, lebih ramah, lebih peduli dengan pasien.",negative,True
205_bt,205,"Ruang tunggu panas, tidak ada ac, tapi hanya ada satu penggemar di depan stasiun perawat. Lumayan. Tapi sudut ruangan arrohim panas. Tidak ada gordyn.",negative,True
211_bt,211,"Layanan ini sangat buruk, itu adalah daftar baris online tapi masih harus menunggu dalam antrean untuk administrasi, dokter sering terlambat dari latihan jam dan mengambil waktu lama obat, aku dari 12 jam di rumah sakit sampai pukul 7 hanya untuk mengontrol dan mendapatkan obat",negative,True
217_bt,217,Tolong lakukan untuk rumah sakit. Untuk perawat di lantai.,negative,True
218_bt,218,"Dari awal, Idd masuk ke ruangan, semuanya. Ok. Nah, itu responden pertama.",negative,True
225_bt,225,Rumah sakit. Tolong perhatikan dokter ini. Tolong perhatikan!,negative,True
248_bt,248,"Untuk waktu yang lama, hanya ada dua orang menunggu selama dua jam, polling rehabilitasi medis.",negative,True
282_bt,282,Sangat lambat layanan di stasiun perawat semua sibuk dengan urusan samar-samar nya,negative,True
283_bt,283,"Layanan sangat lambat. Menunggu berjam-jam... untuk operasi yang dijadwalkan! Mereka selalu memberikan alasan yang berbeda setiap kali kita bertanya, sebelum akhirnya mengakui bahwa mereka telah mengacaukannya. Singkat cerita, kami harus menjadwal ulang keesokan paginya. Sangat kecewa.",negative,True
285_bt,285,Tidak lama. Tapi di ruang tenang pasien tiba banyak pasien belum dipanggil belum,negative,True
290_bt,290,"Pengalaman saya mengerikan, dengan grid penuh dan tidak cepat ditangani, dan saya datang ke keadaan ketidaksadaran setelah saya menyadari bahwa gid baru saja melakukan apa-apa ketika saya mengeluh sesak napas, tapi idd terkesan tidak peduli. Aku masuk dari jam 1 sampai 9 malam. Aku masih dalam Ipd tanpa tindakan tetapi oksigen dan hanya mengambil darah.
Aku mengambil perusahaan asuransi. Ini tidak seperti kita mengambil lagi.",negative,True
304_bt,304,"Ada banyak pasien menunggu, layanan lambat",negative,True
317_bt,317,"Layanan ini sangat lambat dan tidak ramah, terutama staf farmasi di lantai 2. Anda ditempatkan sebagai penjaga depan di rumah sakit, Anda harus menjual 3, bukan wajah masam.",negative,True
334_bt,334,Tolong lepaskan kateter ketika tidak lembut dan melepaskan infeksi. Apakah karena bpjs atau gmna?,negative,True
337_bt,337,Aku benar-benar sangat kecewa dalam pelayanan di sini. Terutama di pusat pendaftaran.,negative,True
346_bt,346,"Layanan yang baik, suasana yang baik, respon yang sangat cepat",negative,True
349_bt,349,"Suami saya dirawat di sini dengan hasil laboratorium tifus di idd. Dia bilang dia memeriksa lab lagi. Tapi ketika ia meminta perawat untuk pengobatan, kenapa dia tidak memeriksanya? Silakan, itu adalah pasien sampai rumah demam naik karena tidak tahu bagaimana hal itu terjadi karena itu tidak diperiksa ulang.",negative,True
354_bt,354,"Maaf, layanan administrasi terburuk yang pernah saya miliki. Menunggu orang asuransi selama satu jam hanya untuk mendapatkan diagnosis dan resep. Pasien? Ada kurang dari 10 dari mereka.",negative,True
356_bt,356,Ini pertama kalinya ke rumah sakit. Aku lambat untuk mengontrol. Jadi itu saja.,negative,True
357_bt,357,Masuk. Pelayanannya cepat. Di apotek.,negative,True
359_bt,359,"Rumah sakit terburuk di perusahaan, tapi layanan itu mengerikan. Tidak ada perawat yang ramah. Ruang isolasi.",negative,True
367_bt,367,"rekan kerja dirawat untuk dbd dan masalah lambung sebelum ada bpjs
Akses strategis, parkir mudah, dokter dan perawat baik dan responsif. Tks rs Royal Warma",negative,True
372_bt,372,"Ahli kandungan sangat tua, latihan dimulai jam 8: 00. Ibu hamil yang malang",negative,True
385_bt,385,Layanan yang bagus. Rumah sakit. Nyaman.,negative,True
388_bt,388,Pertama kali ke rumah sakit ini untuk pemeriksaan kehamilan.. Karena itu Fktp. Kebetulan bidan tidak ada di klinik. Saya akhirnya disarankan untuk pergi ke rumah sakit untuk memeriksa di sana.,negative,True
390_bt,390,Ini adalah nasib buruk untuk melihat dokter. Sulit untuk melihat. Kenapa kau dalam posisi sakit?,negative,True
399_bt,399,Layanan yang baik untuk tia & amsel.,negative,True
400_bt,400,"Proses registrasinya terlalu lama... kembali terkendali, tapi karena proses pendaftaran yang lama, jadi dokter selalu pulang duluan. Catatan dokter tidak cocok.",negative,True
405_bt,405,"Kantor depan tidak sopan, dan untuk mendapatkan kamar harus menunggu lebih dari 2 jam. tidak disarankan untuk pengguna bpjs",negative,True
410_bt,410,"Tidak ada plus sama sekali. Ini rumah sakit. Pengalaman pertama dari sistem antrian poly Bobby tidak jelas, dan pada pukul 7: 00 itu akan berakhir dengan 11: 30. Untuk uang dokter.",negative,True
418_bt,418,Maafkan aku. Aku membayarnya secara pribadi. Katakanlah saya membayar bpjs mungkin lebih di jutekin. haha adalah pekerjaan gila di klinik tapi brengsek. Tidak ingin ada rasa hormat atau apa. Setidaknya tersenyum. Saya harap Anda membaca tentang bayi Anda terus pendaftaran sekitar 02024.!,negative,True
425_bt,425,"perawat, dokter, dan staf lain yang ramah. Hanya menunggu yang lama",negative,True
431_bt,431,"Layanan, fasilitas. Bagus.
Kamar mandi bisa lebih diperhatikan menjadi bersih.",negative,True
439_bt,439,"Sabtu malam lalu aku pergi ke RS untuk pengobatan, datang pada pukul 8: 00 p.m. langsung ke registrasi, dari mana tidak ada pengobatan langsung, harus menunggu berjam-jam di 9: 15 karena aku mengeluh bahwa aku akan berakhir di kamar idd, oke? Uh. Ternyata jam 3 pagi. Kenapa kau tak bilang kamarnya penuh? Ini jam 3 pagi mobilnya pulang. ah ah Apa karena aku pasien kanker? Kumohon. Dia harus menjadi manusia. Kuharap ini evaluasi.",negative,True
444_bt,444,layanan baik,negative,True
446_bt,446,Saya pikir apotek perlu mempercepat untuk waktu yang lama dalam penanganan.,negative,True
454_bt,454,"Layanan buruk, keamanan di ruang pengiriman.",negative,True
458_bt,458,"Dari saat aku sampai ke rumah sakit, rasanya seperti itu bukan RS biasa, eh... Itu adalah memenin sakit.",negative,True
460_bt,460,"Ambil 6: 48 baris, mendapatkan panggilan untuk pendaftaran, 7.58. Tidak lebih dari melakukan alis.",negative,True
468_bt,468,"Seminggu yang lalu, anak itu dirawat di dalam anggrek. Satu dokter dengan saudarinya. Bagaimana kau bisa membantu mereka?",negative,True
479_bt,479,"Layanan itu begitu lama... bahwa selama itu membawa saya untuk melanjutkan, saya pikir saya akan mengurus apa yang ingin saya lakukan.",negative,True
482_bt,482,"Terima kasih Tuhan, layanan hermina terbaik. Tiga anak saya bisa disewa untuk bergabung dengan kamar eksekutif karena penyakit muntah dari keracunan. Fasilitas. Oke, layanan gid. Bagus padma.",negative,True
485_bt,485,"Saya pribadi tidak akan merekomendasikan rumah sakit ini. Ayahku pergi ke sini dan akhirnya dua operasi dalam beberapa hari. Apakah lebih baik setelah itu? Berbicara tentang harga tidak murah sama sekali. Setelah ulasan ini, tim akan mengutip Anda ""memperlakukan seperti keluarga Anda sendiri"" yang hanya teori. Beberapa dokter sangat bangga pada diri mereka sendiri dan hanya peduli uang. Mari saya jelaskan situasi berdasarkan fakta nyata. Ayah dioperasi setelah itu. Adikku bertanya pada dokter ""bagaimana?"" Tebak apa kata dokter. ""Jangan tanya, tapi kau tidak akan mengerti jika aku menjelaskan"" dan ini yang mereka sebut layanan. Kurangnya empati saya pikir, hanya peduli
Di rumah sakit, daging tidak diperbolehkan hanya vegetarian. Jadi mereka mendukung untuk tidak membunuh atau menyakiti hewan, tetapi terhadap manusia mereka sembrono. Uang adalah hal yang paling penting, kesehatan Anda adalah kedua",negative,True
488_bt,488,"Ini adalah fungsi idd d. Layanan buruk. Tidak harus lama. Nah, bintang telah menunjukkan rap dan kualitas layanan sangat mengecewakan.",negative,True
500_bt,500,"Dokter yang menanganinya, adalah Dr. Yuddi Utara, sangat rinci dalam penjelasannya dan sistematis ketika dijelaskan. Tidak terburu-buru. Jadi kita benar-benar dapat memahami sehingga kita dapat mengambil keputusan yang menentukan. Selain itu,",negative,True
516_bt,516,"Layanan. Oke, ramah. Bagus.",negative,True
519_bt,519,Hampir setiap hari ada kunjungan dari bos petugas kebersihan untuk memastikan bahwa kamarku bersih. Jadi kurasa karena kamarmu bersih.,negative,True
521_bt,521,"Para dokter dan perawat yang baik, fasilitas yang baik. Admin perlu diperbaiki. Dapat memberikan lebih banyak bintang jika Anda tidak karena itu hanya dua untuk pasien rawat jalan. Tunggu lebih dari satu jam untuk membayar, satu jam untuk memberikan obatnya.",negative,True
526_bt,526,Ibu saya mengambil obat pada sup cytanala dari pendaftaran pagi dan langsung ke fisio poli.... segera layanan nya belum terlalu lama... jadi aku bisa langsung pulang karena aku meninggalkan anak-anak di rumah.,negative,True
527_bt,527,Ibuku hanya mengandalkan infus. Tidak obat sama sekali. Kumohon.,negative,True
539_bt,539,bintang tidak seharusnya menjadi rumah sakit ini!,negative,True
541_bt,541,"Layanan rawat jalan nya bersih, tidak tertata - tidak banyak persyaratan rekomendasi.",negative,True
544_bt,544,"Semakin lama layanan lebih baik. Tidak perlu menunggu dokter, minum obat terlalu cepat. Tidak perlu menunggu lama di rumah sakit.",negative,True
548_bt,548,"Jadwalnya tidak jelas dan saya tidak tahu mengapa bagian pendaftaran tidak ramah dan pelit informasi, untuk perawat untuk menjadi baik. Sabar, rumah sakit.",negative,True
556_bt,556,"Hari ini anak saya memasuki idd pada 23.15. Pada intinya saya berharap di sini mendapatkan pegangan pada kekecewaan. Mulailah dengan infus yang tidak tepat di idd. Sampai 23x. Suntikan jarum, ruang kelas pertama dialihkan.",negative,True
557_bt,557,Layanan darurat sangat lama! Berjalan seperti kemalasan! Orang bisa mati. Perawat yang memasukkan jarum suntik tampak seperti lulusan baru. Dia membuat tunanganku menderita karena ketidakmampuannya!,negative,True
567_bt,567,"Layanan itu begitu buruk, adik bayi saya disimpan dalam kontrol tapi setiap kali datang ditolak untuk alasan kuota penuh. Datang di pagi hari mungkin terus kuota penuh. Adikku masih bayi, bolak-balik. Penjaga keamanan wanita juga sangat buruk, tapi mereka sudah mendaftar untuk kuota besok dan hari berikutnya mereka ditolak karena penuh.",negative,True
572_bt,572,"Aku menelepon R untuk daftar perawatan jalan. Tidak, tidak. Ada lebih dari 10 kali. Jika kau tidak percaya padaku, maka cobalah sendiri.",negative,True
600_bt,600,"Layanan keamanannya tidak memiliki keramahan dalam berbicara, berbicara kasar dan tidak memiliki pendidikan apapun.",negative,True
604_bt,604,Ini sangat mengecewakan. Dia tidak bertanggung jawab atas tugas dan kewajibannya. Klinik ini masih dalam gelap 24 jam.,negative,True
608_bt,608,Layanan sangat rendah. Anakku sedang dirawat. Ada diare baru.,negative,True
612_bt,612,"Jadwal dokter tidak update, link mengatakan 12.30 - 14.00, kau tahu. Jam 0900.",negative,True
614_bt,614,"Bagian layanan mencair tua, pendaftaran pada tidak mendapatkan diminta Orthodentic bagian tidak tahu... ketika sedang mengintip dari lantai bawah ke lantai 3. Benar, dbtnu. Tak ada yang mengantri. Akhir baris-up d pulang.",negative,True
618_bt,618,Untuk pendaftaran untuk gigi poli. Tidak ada yang ramah.,negative,True
621_bt,621,"informasi dan layanan pendaftaran tidak tangkas, respon lambat ke daftar on line. Pasien harus bolak-balik.",negative,True
625_bt,625,"Saya minta maaf jika kita bisa, untuk mesin online, membuatnya terlihat seperti itu 0800 karena untuk pasien kulit di ruang bawah tanah 25 orang. Jadi kita akan mengejarnya.",negative,True
629_bt,629,"Mengapa harus menunggu kartu tunggu pasien harus diganti dengan klise nyata? Kami jauh lebih berharga daripada menunggu kartu pasien. Manajemen harus mengubah aturan ini, karena tidak sepenting kartu tunggu pasien. Jika kita kehilangan tanggung jawab apa yang akan dilakukan manajemen?",negative,True
638_bt,638,Aku sangat kecewa dengan gigi poly,negative,True
641_bt,641,Pengalaman terburuk yang pernah ada.,negative,True
651_bt,651,"Layanan ini cukup baik juga, tempat parkir yang luas, menerima layanan bpjs, ada fasilitas atm, ada roda indomistik juga.",negative,True
666_bt,666,"Pertama kali ke sana. Tanyakan di mana lobi atau informasi atau pendaftaran pasien. Ini akan sulit untuk menemukan keamanan. Beberapa petugas dengan nama tag diminta untuk kurang. Katakan padanya untuk menemukan keamanan. Ketika saya bertemu dengan penjaga keamanan, ia lari dengan lobi lantai atas. Bertanya di mana lift hanya dikatakan di dalam. Itu membuatku marah. untuk layanan pendaftaran dan yang berikutnya cukup cepat dan ramah. Ketika petugas tag nama tidak tahu lobi atau pusat informasi.",negative,True
678_bt,678,"Baca review di sini, review rata-rata dari bpjs jelek, oke bulan depan saya berencana untuk melahirkan di sini menggunakan bpjs langsung ke idd, mari kita lihat apakah itu buruk atau tidak. Saya kebetulan melakukan peninjauan konten pada tiktok, terutama ini rs kamera saya meninjau",negative,True
680_bt,680,"Tidak ada pemberitahuan bahwa klinik ditutup lebih awal meskipun itu adalah konsultasi langsung dengan dokter anak, itu parah bahwa anak saya alergi dengan resep, tidak ada rasa tanggung jawab, jauh dari tempat suci, waktu limbah, meskipun darurat.",negative,True
687_bt,687,Hanya ingin memberimu beberapa saran.,negative,True
706_bt,706,"Jika alasannya tidak memadai harus mengatakan dari awal biarkan pasien tetap dalam keadaan yang mudah kesadaran untuk tujuan mereka,",negative,True
708_bt,708,Keep up the good service & friendly like this,negative,True
735_bt,735,"Rumah sakit yang bagus, tingkat tinggi.",negative,True
749_bt,749,"Layanan itu lambat dan tidak ramah dalam menangani, jadi aku membuang banyak waktu menunggu.",negative,True
755_bt,755,"Terlalu lama untuk menunggu proses obat, tapi resep sudah di selama dua jam terakhir.",negative,True
761_bt,761,Layanan sangat buruk!!!!!!,negative,True
773_bt,773,"Apakah benar bahwa di rumah sakit ini ada dokter bernama Ayuskalubis yang berkomentar pada tiktok, yang komentar tidak mencerminkan komentar dari dokter etis,",negative,True
788_bt,788,"Gedung RS bagus, tapi dokternya buruk. Tunggu 2 jam, 08: 00 Tapi baru tiba di rumah sakit jam 10!",negative,True
806_bt,806,R tempat parkir. Husada luas dan rapi. Park mudah.,negative,True
824_bt,824,Bagus sekali.,negative,True
841_bt,841,"Layanan radiologi Viko dapat dengan mudah melalui wa sehingga tidak butuh waktu untuk bolak-balik ke R. Dan ketika proses ini cepat, pertahankan layanannya.",negative,True
853_bt,853,"Baca naskahnya jadi kupikir aku akan memeriksa istriku yang hamil, takut akan kecewa.",negative,True
856_bt,856,"Nona trauma kerajaan.. Aku trauma di rumah sakit ini.
Ayah saya meninggal di ruang pemicu, dokter internis tidak siaga, datang seperti dia, dan tidak fokus untuk merawat pasien. Mereka memiliki dua internis yang tidak fokus. biasanya 1 internis 1 pasien menjadi fokus menangani pasien ini. Ini adalah hal yang sama sebagai cepat, jadi ayah saya adalah dua hari di pelatuk tidak bisa ditangani waktu yang sama, dan ayah saya masih dalam keadaan baik daripada tahun lalu pemicu di Rs.siliam, dalam sebuah silaloam bahwa superdrop parah bisa benar-benar sembuh. Ini trauma kerajaan. Sebaliknya, itu mengejutkan ayahku dan meninggal. Apakah saya menekan biaya atau tidak, aku tidak bisa kembali. Benar-benar membuatku trauma di rumah sakit ini. Aku berjanji untuk tidak pernah menginjak rumah sakit ini lagi.",negative,True
872_bt,872,"Pelayan yang ramah, untuk pendaftaran pertama tidak perlu menggunakan matre, jauh dari Tn. Tempat ini bersih. Bangunan yang bagus. Peralatan penuh.",negative,True
874_bt,874,Layanan yang bagus. Staf saya adalah mendengus. Rumah sakit keluarga sudah lama berada di sini. Sukses atas selalu graha kedoya.,negative,True
875_bt,875,Pendaftaran lama. off baris lebih cepat dari online,negative,True
882_bt,882,"Layanan ini ramah, paten yang baik, rumah sakit yang bagus dan bersih.",negative,True
895_bt,895,"Rumah sakit itu besar, beberapa hari yang lalu. Sangat menyenangkan bisa menikmati ruangan ini juga.",negative,True
899_bt,899,"Layanan yang bagus, dokter. Perawat yang ramah, kamar yang bersih.",negative,True
905_bt,905,"Pengalaman buruk, masuk. Jantungku berdebar dan panik. Tidak ada yang menyambut keamanan.
Di dokter tidak membantu dengan baik. Mungkin memilih pasien yang baik.
Sampai aku pulang setelah administrasi, tidak ada orang di sana.",negative,True
915_bt,915,Pengalaman yang bagus. Perawat keren. Jawab.,negative,True
917_bt,917,"Rumah sakit bersih tapi sup tidak jelas:
Satu. Pemutaran awal perawat cukup tua untuk menutupi garis. Ini adalah garis bulan.",negative,True
924_bt,924,"Layanan sangat, sangat buruk. Aku dibawa ke Upd karena luka kulit. Ada satu dokter di Upd.",negative,True
941_bt,941,"Ya. Aku kecewa dengan petugas di masjid, mengapa masih di 1930 wib. Masjid belum digunakan di ruangan, pintu terkunci dan toilet terkunci.",negative,True
955_bt,955,Layanan layanan nya ramah. Aq suka kritikus rambut mk. Lebih dari 2. .slu meminta keluhan.,negative,True
963_bt,963,Layanan tidak baik. Tidak cepat. Terutama di departemen dokter. Orang-orang yang mengelola rumah sakit tidak dapat memberikan layanan yang sempurna. Lama dan panjang tidak akan aku kembali ke rumah sakit ini,negative,True
967_bt,967,"Selama 13 tahun menjalani perawatan kesehatan, rumah sakit ini terasa seperti rumah kedua kita. dokter berpengalaman, profesional, dan ramah. yang perlu ditingkatkan:",negative,True
970_bt,970,Dokter bernama Novi tidak bisa dipanggil dokter... selalu menolak pasien.,negative,True
973_bt,973,Bagus. Semua bagian dari layanan. Aku suka kau keluar dari kelas. Sisanya baik.,negative,True
975_bt,975,"Layanan dokter sangat buruk! Departemen pendaftaran buruk juga! Dokter gemuk bernama Melly Mulu. Meskipun murah di sini! Satu-satunya lab yang bersahabat dan petugas farmasi, sisanya adalah bintang!",negative,True
992_bt,992,Layanan perawat rumah sakit. Apakah mungkin bahwa ketika orang sakit disebut ketika istri saya lahir? cocok dengan R.s baru,negative,True
994_bt,994,"Aku kecewa dengan Ny. Hermina podomoro, orang tuaku baru tiba pada hari Minggu pagi jam 6 sore.",negative,True
1017_bt,1017,"Dokter terlambat, perawat dan dokter tidak ramah, antrian pasien rusak, jadi aku menunggu lebih dari satu jam sampai aku melewati pasien lain, harus protes segera, apa jenis rumah sakit ini? Jika bukan karena referensi dokter saya, saya tidak akan datang ke sini. Layanan itu mengerikan dan mengecewakan.",negative,True
1027_bt,1027,"Bidan yang bagus, tempat ini juga nyaman.",negative,True
1034_bt,1034,"Sangat mengesankan dengan pengalaman pertama melahirkan di rumah sakit keluarga. Dokter gahransgt detail dalam menjelaskan, hati-hati dari setiap tindakan yang diambil, ingin menjawab salah satu pertanyaan saya. Untuk anak kedua, saya akan menggunakan layanan Dr Gahrani lagi.",negative,True
1046_bt,1046,"Layanan rumah sakit untuk pasien masuk ke ggsg dari ggsg, dan proses mendapatkan kamar juga cukup intens. Dokter, Tuan-tuan, semua staf juga ramah.",negative,True
1051_bt,1051,"Aku takut aku tidak mendapatkan kesempatan untuk mengajukan pertanyaan. Tapi, uh, seperti biasa,",negative,True
1054_bt,1054,Selamat siang. Saya ingin mengajukan pertanyaan. Bisakah diktator ini melayani mantan sc? Tolong jawab. Terima kasih.,negative,True
1066_bt,1066,"Saya pertama kali diterima di sini karena saya ingin pergi ke penuh kasih sayang. Mengapa kotor, kotor kamar seperti itu pernah pel?",negative,True
1087_bt,1087,"dokter anak yang tidak kompeten, bayi saya memberi saya obat.. Sementara bayi saya sehat dan tidak ada keluhan. Silakan memiliki pergeseran pagi untuk staf dan disiplin staf, yang banyak obrolan di bilik antrian sementara banyak pasien menunggu.",negative,True
1089_bt,1089,Tidak pernah kecewa dengan dokter. Dan terutama layanan perawatan di sini. Para perawat juga memiliki banyak pilihan.,negative,True
1100_bt,1100,"Dari awal, saya & child ke klinik kami, tapi rumah di pasir putih adalah layanan top.",negative,True
1113_bt,1113,Layanan rumah sakit sangat baik. Tolong teruskan.,negative,True
1114_bt,1114,"Tidak ada yang pernah kecewa, karena perawat dokter begitu ramah. ""Kau tahu, bahkan jika pasien sejalan untuk teh, kopi, kue dan itu semua gratis.",negative,True
1117_bt,1117,"Saya membuat lima bintang karena di rumah sakit ini ia menyediakan paket lengkap untuk mengurus sks, scbn dan mpi (untuk cpns berkat). Jadi kita bisa mengurus semuanya di sini. Staf saya bertemu juga kooperatif dan bos. Jika Anda datang, jangan mengambil mobil karena tidak ada parkir. Dan tidak ada atm ketika waktu mengambil uang tiba-tiba. (Sebenarnya ada di bank dki, tetapi mesin telah dihapus).",negative,True
1134_bt,1134,"Layanan registrasinya lambat, salurannya panjang, belum lagi petugas pendaftaran. Hanya dua yang terbuka, jadi aku menunggu hampir dua jam untuk daftar. Jika ada yang sakit parah, matilah di tempat. Apa yang salah dengan kali ini, tidak apa-apa, manajemen begitu bodoh.",negative,True
1137_bt,1137,Kelas satu. Tapi belum direnovasi. Bagaimana menurutmu?,negative,True
1143_bt,1143,"Layanan itu tidak baik. Perawat itu tidak norak seperti aku. Sementara aku membayar uang,",negative,True
1145_bt,1145,"Kasur tidak nyaman, menunggu dokter terlalu lama. Pengawas menunggu tiga hari bagi dokter untuk berlatih.",negative,True
1147_bt,1147,Rumah sakit terburuk yang pernah kutemui. Berbicara tidak terlalu bagus. Jika itu adalah malam air mati. Sulit untuk membuatnya ke kamar mandi. Aku tak mau berdoa saat fajar. Aku tidak bisa. Dan ada banyak yang buruk. Lebih baik cari keluarga lain.,negative,True
1152_bt,1152,Hanya kemarin Senin dirawat di sini.. Pelayanannya sangat baik. Perawat dokter itu ramah untuk pertama kalinya dalam hidupku.,negative,True
1163_bt,1163,"Sambutlah pemilik atau manajer staf pada briefing. Terutama departemen pendaftaran, tidak ada pertemuan dengan pasien layanan begitu lama, lebih baik tidak pergi ke rumah sakit ini.",negative,True
1168_bt,1168,"Benar-benar datang ke rumah sakit ini, dokter anak telah menunggu selama berjam-jam, menunggu jadwal yang sama dari 3: 00",negative,True
1172_bt,1172,"Sulit untuk menemukan kamar ketika Anda memakainya. Kesimpulan pelayanan publik lebih cepat dan ada sebuah tempat, jika Anda menggunakannya.",negative,True
1175_bt,1175,"Layanan Ok, petugas sangat bagus, bersih.. Hanya tip kedua-kelas di lantai lima lebih baik daripada kelas satu di lantai empat. Ini bisa menjadi evaluasi kami berikutnya. atas",negative,True
1178_bt,1178,"Layanan cepat, dan seorang petugas yang ramah untuk ketersediaan produk obat selesai sehingga tidak perlu untuk membeli di apotek luar rumah sakit",negative,True
1181_bt,1181,"Biaya parkir terlalu mahal, perawat yang bekerja di lantai dua mengunjungi kamar 201 pada hari Rabu, 22 nov 2023 juga sangat tidak bersahabat.",negative,True
1183_bt,1183,Harus ada karbol khusus.,negative,True
1195_bt,1195,"Pasien yang tidak ramah, administrasi lama, pasien tua yang tidak ramah, pasien yang ditinggalkan menunggu untuk waktu yang lama sementara perawat mereka sedang dalam mood untuk musik dan tawa sementara mereka menunggu. By the way, itu tidak membayar setiap bulan gratis, tapi di sini terlihat seperti diskriminasi antara pasien dengan non-bpjs.",negative,True
1205_bt,1205,layanan buruk,negative,True
1206_bt,1206,Pergi untuk pemeriksaan medis. proses administrasi membutuhkan waktu yang sangat lama,negative,True
1210_bt,1210,"Agak kecewa dalam aturan rumah sakit. Waktu saya dari kamar pergi ke tempat parkir hanya untuk mendapatkan perubahan pakaian. Tetapi di RS harus mewajibkan saya untuk antigen lebih dan membayar lebih untuk antigen. Aku masih di RS dan aku sudah menjadi vaksin penguat. Mengapa tenaga kerja kembali bekerja? Mereka jauh lebih mungkin covid untuk tenaga kerja dari keluarga samping pasien. Mereka bekerja seolah-olah mereka selalu pulang setiap hari. Tapi mengapa tidak ada antigen untuk tenaga kerja?
Silakan pergi melalui aturan logika.
Pengalaman pertama di Rar tzu chi tapi uda meninggalkan kesan pertama yang buruk.",negative,True
1218_bt,1218,"Bangunan besar, dua kali pengalaman orang tua di idd. Pertama tempat tidur robek basah dan basah pada pasien. Saat ini tidak ada tempat tidur, hanya ada tempat tidur. Sebuah rumah sakit sebesar ini memiliki anggaran tambahan dan tambahan kasur, tetapi ketika Anda bangun, Anda tidak dapat membeli kasur.",negative,True
1221_bt,1221,"Rm Ktm, dokter dan perawatnya ramah, pelayanan yang bagus.",negative,True
1246_bt,1246,"oknum dari layanan awal iud dari c * nd * tidak baik. Saudaraku jauh dari serangan di Idd. Membawa antigen positif, keluhan pincang, dan ada demam. Coba lihat. Tanpa obat. Ketika ditanya,",negative,True
1249_bt,1249,"Pelayan cepat dan tempatnya bagus.
!
Terutama perawat di ruang zamrud.
Sr. mayde, nerli, lania juwita, isla, lina, puja dll",negative,True
1273_bt,1273,"Layanan dokter dan perawat bagus..
Tapi aku seorang karyawan. Tidak ada yang ramah.
Semuanya...
Apa yang aneh adalah bahwa sementara menunggu obat...
Menunggu dari 1: 00 sampai 4 pm untuk belum dipanggil ketika obat di belakangnya semua siap.. .enta ingin diajarkan obatnya.
Aku yakin kau masih akan kalah ke rumah sakit lain.
Ini adalah obat menunggu selama empat jam untuk dipanggil keluar..
Terima kasih atas waktunya.
Aku lelah menunggu.",negative,True
1280_bt,1280,"Layanan cukup bagus, tapi tempat dan fasilitas minus sekali, jadi tunggu dokter. Tapi pasien penuh, toilet kaya dalam terminal bau.",negative,True
1288_bt,1288,"Sudah lama. Sudah menunggu lebih dari 1,5 jam.",negative,True
1291_bt,1291,Pelayanannya sudah lama dan garisnya telephoto. Seorang pasien diwajibkan untuk mengikuti prosedur yang rumit.,negative,True
1292_bt,1292,Aku sangat kecewa dengan gigi poly,negative,True
1297_bt,1297,"Informasi konfigurasi seperti janji dengan dokter diberikan ke nomor whatsapp teman saya (bukan nomor saya) sebagai pengingat. Itu tidak pernah terjadi sebelumnya. Ketika saya menelepon RS, mereka menganggap itu sepele untuk menyalahkan saya dengan mengatakan bahwa nomor itu nomor utama saya dan tidak ada permintaan maaf.
Tidak masuk akal mengapa nomor temanku adalah nomor yang terdaftar.
Satu. Siapa yang mendaftarkan nomor utama? Sudah berkali-kali dalam 10 tahun terakhir bahwa saya telah membuat janji, dan saya selalu mendaftar nomor saya. Teman saya hanya sekali menemaniku ke rumah sakit sekitar 8 tahun yang lalu dan hanya kali ini rs mengirim pengingat kepada teman saya tidak.
Mengapa RS tidak pernah mengkonfirmasi kepada saya karena jelas nomor telepon yang mereka katakan adalah nomor utama saya berbeda dari yang saya masukkan ke dalam setiap pendaftaran rawat jalan.
Sup rs berantakan, tidak pernah datang ke sini lagi.",negative,True
1303_bt,1303,"Ayah saya darurat pendarahan di mana-mana, tapi dia tidak mengurusnya. Ini adalah masalah dari dua jam pertama.",negative,True
1306_bt,1306,The elite service building was difficult weeks ago. Kami dirawat di sini sampai seminggu yang lalu. Itu tidak mengontrol hasilnya.,negative,True
1310_bt,1310,"Jenis rumah sakit c. Referensi dari mimbar. Departemen layanan bpjd-nya sangat ramah dan rinci. Jika ada masalah, bantuan dan aktif. Kasir itu tidak cukup tersenyum. Bagian perawat poli ramah. Dokter sangat ramah.",negative,True
1316_bt,1316,"Di sini untuk menghapus gigi termuda. Bpjs, syukurlah. Ini sangat nyaman. Garis gigi masih oke. Ini tidak akan lama. Garis pendaftaran juga menjaga pasien tetap di cek atau tidak. Bagus.",negative,True
1320_bt,1320,"Layanan pengobatannya buruk.
Sudah seminggu, menunggu konfirmasi. Tapi setiap hari di dunia tidak memiliki tanggapan. Meskipun sudah dikunjungi oleh lobi farmasi.
Kasihan.",negative,True
1328_bt,1328,10: 00 saya adalah untuk mendapatkan nomor mengatakan. Staf kembali.,negative,True
1330_bt,1330,"Fasilitas ini bagus. Staf membantu. Para dokter dan perawat sangat sopan. Namun, sistem sangat buruk. Aku membuat janji jam 11: 40 dan akhirnya bertemu dokter jam 3: 30. Aku harus menunggu hampir 4 jam hanya untuk melakukan pemeriksaan 10 menit.",negative,True
1335_bt,1335,Aku sedang dirawat di ruang tulip. Layanan yang bagus. Bagus.,negative,True
1356_bt,1356,"Penebusan obat lama...
.. lambat, yang sehat pusing Apa lagi yang sakit?",negative,True
1376_bt,1376,"Layanan tidak apa-apa, tapi penjaga keamanan adalah sikap buruk. Ingin diberikan uang, di mana Anda ingin main-main dengan kekerasan. Tolong evaluasi kembali.",negative,True
1386_bt,1386,"Bidan menipu suami hanya istri terbuka, nyaman adalah tempat, bidan yang ramah juga.",negative,True
1390_bt,1390,"Layanan gid terburuk yang pernah ada. Pendaftaran kami diberitahu untuk memasuki triase saja. Tidak diarahkan. Staf D triase bingung. Penjelasan dokter tidak masuk akal. Ditolak untuk pengobatan, tapi kita masih harus membayar. Ini luar biasa. Terima kasih tzu chi rumah sakit untuk layanan miskin nya",negative,True
1396_bt,1396,"The R berantakan. Layanan yang mengerikan. Dalam hal apapun, hanya menunggu pasien untuk mati. Jangan sampai tujuh derivatif dalam hal ini rs. Tidak ada yang baik. Bagus.",negative,True
1402_bt,1402,"Saya hanya ingin memberikan sedikit saran kepada apoteker high-end, dan saya hanya ingin meminta ruang operasi di mana mereka memanggil pembicara, dan itu sedikit kurang mendengarkan, dan orang-orang di sebelah saya tidak terlalu jelas.",negative,True
1403_bt,1403,"Pertama datang melalui idd tersebut, memutuskan untuk diperlakukan tapi menunggu untuk ruangan. Sudah enam jam. Saranku jangan dirawat di rumah sakit.",negative,True
1408_bt,1408,"Keponakan saya lahir Caesar di sini, pasien belum pulih, kencing masih pada alat bantu selang tapi telah diminta untuk pulang dan tidak memberinya solusi. Mungkin karena kau memakai bpjs!",negative,True
1423_bt,1423,"Jika Anda ingin memberi saya waktu kontrol,
Ini adalah jadwal kontrol, tapi dokter belum sekitar untuk sementara waktu.
Kesan adalah kaya! Akhir tidak membuang-buang waktu!
Lalu mengapa berbeda antara pasien?",negative,True
1427_bt,1427,"Layanan farmasi harus diperbaiki.
mengambil obat untuk waktu yang lama dan hanya memberikan ""maaf"" kepada pasien. Apoteker harus ditambahkan untuk membuat obatnya sedikit lebih lama.",negative,True
1436_bt,1436,"Ini nyaman, istri asrama dari Skk masih memiliki sangat mengesankan, kuliner waktu di lt. 2",negative,True
1442_bt,1442,Aku memesan pemeriksaan kesehatan pada hari Sabtu pagi. Tiba pukul 7: 45. Mereka mengumumkan lima sampai enam jam untuk pemeriksaan medis.... Saya pikir akan lebih dari 7 jam. Seluruh harimu akan penuh. Ini jauh di luar kapasitas dan sangat terpengaruh oleh periode tunggu. Tolong pikirkan dua kali sebelum memesan!,negative,True
1451_bt,1451,"R yang dekat dengan rumah, layanan cepat ditangani ketika mendesak.. Ada lagi untuk kesehatan. Jika seorang pasien datang ke idd dalam mobil, ada terburu-buru untuk mendapatkan bantuan.",negative,True
1459_bt,1459,"Layanan lama, perawat.",negative,True
1475_bt,1475,Keren sekali.,negative,True
1502_bt,1502,"Kurang layanan, ayah saya di idd, sejak pukul 11 telah sesak napas, menunggu untuk waktu yang lama, sementara perawat ada di sana, hanya berdiri di sana dan berkata, ""Tunggu sebentar, Bu"".
Di tangannya panjang, ketika diperiksa oleh jenuh rendah ayah saya, paru-parunya terinfeksi dan ia diberitahu untuk pulang hanya untuk obat-obatan ketika ia berada di 3: 00 dalam posisinya, tapi ia dikirim pulang di 10: 00 pagi.",negative,True
1514_bt,1514,Daftar untuk pertemuan jam 11: 45 dan kemudian panggilan telepon. Tidak tepat waktu. Harus ada konfirmasi dulu.,negative,True
1522_bt,1522,"Rumah sakit terburuk. Jika itu terjadi, aku akan menuntutmu. Itu uang asli. Ini penanganan jam. Jika aku tidak panik, aku akan pindah.",negative,True
1528_bt,1528,"Aku sedikit kecewa dalam pelayanan keperawatan, tapi aku baru saja mengaku tinggal pada 7 Februari. Tapi mengapa waktu dirawat terdaftar di kelas tiga?",negative,True
1540_bt,1540,"Anak saya sakit dengan batuk parah, ternyata akan didiagnosis oleh dsa. Ada pneumonia, lalu diminta untuk dibawa masuk, pada awalnya. Saya sangat medicinal di rumah sakit, karena layanan dimulai dari poly, igd, ruang sekarang.",negative,True
1541_bt,1541,Rumah sakit Royal Warmaa menyediakan layanan yang sangat ramah dan menanggapi layanan keperawatan.,negative,True
1561_bt,1561,"Layanan sangat buruk, daftar ponsel tidak bekerja. Tapi begitu terisi penuh, kau harus membuat janji.",negative,True
1563_bt,1563,"Staf ramah, layanan cepat, dan fasilitas selesai. Hanya yang terbaik.",negative,True
1566_bt,1566,Sebuah rumah sakit cepat dan ramah. May it always be rs sentra medika,negative,True
1575_bt,1575,"Seharusnya untuk bagian farmasi dari pasien asuransi, bpjs atau pasien publik terpisah sepanjang jalan bersama-sama seperti ini. Karena perbandingan tidak seimbang. Sayang sekali.",negative,True
1578_bt,1578,Pengalaman yang bagus.,negative,True
1581_bt,1581,"Rumah sakit terburuk. Orang-orang demam, sakit hati, hanya terus berjalan. Bahkan jika Anda tidak mengerti, Anda harus ditegur segera. Dengan perawat susu dan tidak ramah... terburuk dari layanan.",negative,True
1582_bt,1582,Ini sebenarnya bintang. Tidak. Bukan bintang untuk cinta.,negative,True
1584_bt,1584,"Aku sangat kecewa padamu. Aku memintamu untuk tinggal di sini. Dan sekarang aku akan mendapatkan beberapa obat..
Abiz isya aku langsung ke taman sari RS karena aku tidak ingin tinggal selama pendaftaran.
Aku memberimu tip. Hei, hei, hei.",negative,True
1593_bt,1593,"Kelas RS A tetapi layanan lambat jelek mana kita menjawab, ma divisi, tidak ada Hub ketika satu rumah sakit mint resep tidak masuk akal. Kau bahkan tak tahu cara pulang. Itu menyakitkan tes lab. Ada banyak kualitas layanan di sini. Nah, jika ada apos; koneksi s seorang pria di ruangan dan tidak perlu berbaris di gang di igd sehari-hari. Gila. Ya. Hmm. Satu perawat dapat membawa pasien dari dua, empat, dan juga seorang juru masak untuk membantu dengan dorongan. Angkat cm 2 dengan pasien pengunjung dll jika karyawan memiliki lift yang parah. Ruangan kotor penuh kecoak lagi. Aku tak mau kecoa. Oh, Tuhan.",negative,True
1597_bt,1597,Rumah sakit yang bagus. Perawat itu ramah. Tapi kenapa harapanku begitu tinggi? Ini berbeda dengan RS lainnya.,negative,True
1598_bt,1598,Sangat ramah cs.,negative,True
1602_bt,1602,"Seorang pasien dari 1 kls tetapi diberikan kls ruang 2. Masuk ke ruangan. Setelah Anda memasuki toilet, perubahan pakaian akan mual, karena ada begitu banyak bintik-bintik kuning terjebak di lemari yang tidak menyiram. Oh, Tuhan. Bye.",negative,True
1603_bt,1603,"Keraguan awal yang mampu untuk merujuk ke itu, eh pdh, sampai perawat ramah. Dokternya juga ramah. Semua pelayanannya.",negative,True
1616_bt,1616,"Tidak menurut cinta. Tidak ada keramahan dan sopan santun. Lebih murah daripada Rs lainnya tapi tidak seharusnya kasar, kasar, tidak peduli dengan pasien. Apa layanan yang mengerikan.",negative,True
1624_bt,1624,"Layanan buruk. Punya antrian, punya jadwal, bahkan nama dokter di atasnya. Setelah rumah sakit, dokter tidak datang. Bagaimana cerita mendapatkan nama dokter yang menangani dokternya sendiri?",negative,True
1625_bt,1625,"Kecewa oleh panjang prosedur asuransi swasta, dan pada awalnya, tidak ada konfirmasi yang ditutupi jadi aku bolak-balik ke entri dan pendaftaran. Suamiku memutuskan untuk keluar dari rumah sakit tanpa operasi apapun.",negative,True
1629_bt,1629,"Layanan sangat lambat, perawat dan petugas rumah sakit kurang ramah. Banyak di luar pembelian obat-obatan + infus tidak bertanggung jawab. Klinik polisi datang lebih dulu untuk orang-orang yang menarik.",negative,True
1631_bt,1631,"Dalam kesakitan. Ingin menjadi lebih baik. Uh, katakan padanya untuk kembali besok.",negative,True
1634_bt,1634,Selalu di sini. Setiap hari sakit dalam pelayanan poli. Bagus.,negative,True
1639_bt,1639,ke titik ya! Sudah 3 jam! Dimana tanggung jawabmu!,negative,True
1643_bt,1643,Layanan keamanan tidak ramah ketika datang ke kesan pertama.,negative,True
1647_bt,1647,"Layanan tidak ramah,",negative,True
1663_bt,1663,Layanan radiologi.,negative,True
1664_bt,1664,Ini rumah sakit terpanjang yang pernah kudatangi. Sejak awal aku membeli koleksi urine. Ini akan memakan waktu satu jam dan 10 menit untuk mendapatkannya kembali.,negative,True
1668_bt,1668,"Dari semua Rs yang saya kunjungi, sutra alami adalah rumah sakit terburuk!! Super parah! Sudah begitu banyak kali. Panggil perawat dan bantu dia basah.",negative,True
1678_bt,1678,Layanan buruk.,negative,True
1681_bt,1681,"Layanan ini atas, tidak membedakan pasien umum dengan bpjs. Untuk dilahirkan di sini juga foto gratis untuk dede bayi, tidak buruk untuk peringatan hehe",negative,True
1685_bt,1685,"Layanan sangat, sangat buruk! Aku bahkan tidak diperiksa ketika sudah ada referensi dari rumah sakit lain. Sudah lama.",negative,True
1686_bt,1686,"Pengobatan yang baik, semua staf ramah.. Toilet bersih.",negative,True
1704_bt,1704,"Sudah lama sejak aku punya keponakan yang sakit, helm kakakku di tempat parkir tidak bertanggung jawab, bahkan tidak sedikit pun bantuan dalam menemukan banyak parkir tidak berguna!",negative,True
1705_bt,1705,"Pertama kali di sini dan sudah kecewa. Ke klinik polisi anak itu. Dr Handoko lowis adalah satu jam terlambat. Perawat diminta untuk menjawab ""uda"". Saya tidak tahu apakah itu di rumah sakit seperti ini. Jangan khawatir. Tapi untuk dokter, oke?",negative,True
1707_bt,1707,"Trek bersih, semua staf ramah, jika Anda tidak ingin menunggu, mengambil antrian online, jika Anda ingin memperlakukan saya untuk spesialis penyakit. Saya sarankan Dr yoga untuk memastikan itu jelas, tidak cepat, detail, santai, tidak takut, hanya stabil.",negative,True
1710_bt,1710,"Seorang dokter yang tidak memiliki pantest untuk menjadi dokter. Hari ini ibu saya masuk ke dalam poli yang dalam tapi disajikan sangat tidak menyenangkan, ketika ada seorang pasien makan dengan perawat di depan pasien, di mana manajer dokter yang hari ini (Kamis,)",negative,True
1713_bt,1713,"Layanan Edelwis sangat, sangat ramah. Para perawat sangat sabar dan jelas menjelaskan obat yang diberikan.",negative,True
1721_bt,1721,"Sudah lama sejak mereka mengatur garis. Mereka mengatakan untuk datang sebelum 03: 00.. Tapi ketika aku sampai di sana tepat waktu, aku harus menunggu selama setengah jam. Oh, Tuhan.",negative,True
1732_bt,1732,"Hari ini, 27-07-24, sekitar 08.30, saya mendapat layanan yang sangat buruk, saya dibuat dan menunggu selama 30 menit tapi tidak ada, dan file untuk kontrol anak saya hilang oleh staf di 12, dan ketika saya pergi ke 12 staf hilang dan saya bertanya 13 staf loker, tapi dia berkata, ""Tidak mungkin!",negative,True
1750_bt,1750,Hasil tes antigen tidak bisa masuk. Jadi mari kita uji lagi di tempat lain yang bisa kita masuki.,negative,True
1762_bt,1762,"Yang baru, nilai rendah. akses jarak jauh dari jalan raya.",negative,True
1771_bt,1771,Dokter ingin mengendalikan kehamilan. hilang desain ulang,negative,True
1774_bt,1774,Rumah sakit yang bagus.,negative,True
1801_bt,1801,Dengan orang-orang yang sakit jiwa meninggalkan saham mereka sendiri.,negative,True
1805_bt,1805,"Terlalu ramai, tidak cukup ruang",negative,True
1825_bt,1825,"Sebenarnya aku suka rumah sakit ini, itu bersih, staf bersih, itu hanya masalah line- up, saya tidak mengerti, tapi orang yang telah antri sepanjang pagi sudah pada daftar online.",negative,True
1853_bt,1853,"Bangunan yang bagus, layanan yang buruk. Terutama dengan penjaga keamanan di Ipd tersebut. Oktober tahun lalu 2023 tepatnya pada tanggal 20, aku sebagus adikku dan membawa ibuku yang sakit. Dengan pasien tidak sadar, itu kondisi mendesak dan mendesak yang diminta untuk menunggu di kursi roda ketika pasien membutuhkan penanganan segera. Alasan mengapa penjaga keamanannya mengatakan ""di tempat tidur penuh, jika Anda ingin menunggu di kursi roda"" adalah bahwa saudara saya pergi ke perawat dan saya memberinya sikap ketika saya mengatakan kepada ibu saya. Mereka seharusnya lebih tahu dan memahami kondisi untuk menjadi yang pertama. Saya telah belajar, membawa keluarga saya untuk memeriksa di sini. Tolong perhatikan perhatian medisnya terutama sikap keamanannya. Ini rumah sakit pemerintah, itulah cara kerjanya.",negative,True
1855_bt,1855,"Perawat dan dokter baik-baik saja. Um, masalah di bawah biaya parkir. Mungkin juga biaya per jam. Jam 6: 00 sore jam 8: 00. Sudah tiga jam. Bukan apa-apa kita pergi ke rumah sakit untuk sekali tidak sebulan sekali. Sering kali karena ada fisioterapi dan sudah ada dua dokter lainnya. Jam berapa itu?",negative,True
1865_bt,1865,"Terlalu banyak win- win service, jadi buang-buang waktu.",negative,True
1867_bt,1867,"Terima kasih Tuhan. Sudah diperiksa dengan fasilitas yang lebih lengkap. Satu-satunya hasil yang saya punya adalah mulut yang berbeda & pengobatan untuk dadanya... Sangat mudah untuk menyembuhkan dengan obat tanpa harus memiliki dokter bedah dada.. kelemahan layanan di sini hanya satu
Itu idd. Seperti kau tidak mengerti arti.
Dari idd saja... sedih",negative,True
1872_bt,1872,"Petugasnya semua ramah, terutama orang-orang di ruang operasi.",negative,True
1896_bt,1896,admin tidak tahu,negative,True
1901_bt,1901,"Layanan yang baik, semua dokter, perawat dan staf.",negative,True
1910_bt,1910,Ruang tunggu memicu jam-jam spesifik terbuka untuk pasien menunggu vvap?,negative,True
1911_bt,1911,"Tunggu selama setengah jam dan menyadari operasi dokter hampir selesai, ketika saya meminta perawat, mereka hanya mengatakan dokter sedang berkunjung. Tanpa minta maaf, mereka bahkan tidak memberitahuku sebelumnya. Layanan sangat buruk!",negative,True
1933_bt,1933,"Hari ini aku membawa ibuku ke rumah sakit pena, dia mendeteksi virus cacar ular.",negative,True
1938_bt,1938,"Ketika di upd rsumkisa layanan cepat, asumsi jelas, perawat ramah. Lebih nyaman dengan pasien.",negative,True
1950_bt,1950,"Rumah sakit terburuk untuk pelayanannya. Aku kritis. Aku butuh oksigen. Ketika ayah saya meninggal, saya meminta legallisir, rumah sakit diminta untuk lain Rs.200rb sepotong uang. Rumah sakit ini adalah rumah sakit.",negative,True
1964_bt,1964,"Hususon dari apotek dan pendaftaran poly silakan lebih dikontrol secara emosional, tidak dalam pelayanan pasien yang kebanyakan orang tua yang pasti mampu menangkap informasi untuk waktu yang lama.",negative,True
1969_bt,1969,"Tidak ada lagi obat di sini, super-duper dokter. Itu saja. Lima jam lagi. Bagi kalian yang ingin tinggal di sini, pikirkanlah.",negative,True
1975_bt,1975,"Sistemnya tidak jelas, aku sudah di sini beberapa kali tapi sudah berubah. Pendaftaran dimulai jam 7 tapi setengah 8 masih sibuk. Ini tidak jelas, masih ada sarapan.",negative,True
1980_bt,1980,Layanan yang bagus. Layanan yang bagus.,negative,True
1982_bt,1982,Daftar 7: 00 sampai 9: 00 lewat 12: 00 masih belum jelas. Lama pelayan telah membawa bayi.,negative,True
1985_bt,1985,"Suatu kali aku sedang dalam perjalanan narkoba ke Dr. Orthopedi, turun. Tidak bisa menahan rasa sakit.",negative,True
1988_bt,1988,"Rumah sakit terkemuka di Jakarta Timur, tapi agak mahal, banyak layanan kesehatan",negative,True
1991_bt,1991,"Perawat, kumohon. Ya. Ya, silakan. Apakah Anda ingin saya menelepon Anda kembali?",negative,True
1993_bt,1993,"Dia berada di kamar perawat dengan dokter tanpa informasi apapun. Jika Anda tidak meminta pasien lain, mungkin Anda tidak tahu apa yang harus dilakukan dari pagi ke makan malam di 8: 00 Buatlah fasilitas. Ok. Ruang tunggu juga nyaman.",negative,True
1998_bt,1998,"Keren. Kau periksa lab di rapat umum.
Layanan cepat, petugas ramah ramah.
Para perawat yang menyenangkan, ruangan yang bersih dan nyaman dan harum",negative,True
2000_bt,2000,Syukurlah ibuku adalah pasien Dr. Sokari.,negative,True
2002_bt,2002,"Dalam radiologi, katanya tidak bisa dilakukan tapi sudah lama, tapi tidak bisa lama, tidak bisa pusing. Jadi itu adalah kesenangan saya untuk memiliki hobi di sini. Kosong.",negative,True
2004_bt,2004,"Pengobatannya yang menyedihkan tidak memiliki empati jahat berpura-pura sakit dan tidak berani bunuh diri. Layanan sangat buruk. Perawat berbicara banyak omong kosong, berbicara omong kosong, tidak percaya keluhan pasien, mengatakan itu sakit sekali dan membuatnya turun ke perawatan kesehatan mental.",negative,True
2005_bt,2005,Sudah menunggu di sini untuk sementara waktu. Sudah hampir 12 jam. IDnya juga kurang dijaga kebersihan. Itu bisa ditingkatkan.,negative,True
2026_bt,2026,"Layanan buruk, banyak kali pengalaman tidak nyaman, terutama untuk fasilitas hidup. Ruangan di kasir ransum, tiba-tiba masuk. Masuk.",negative,True
2029_bt,2029,"Pelayanannya buruk, sikapnya buruk, waktunya bicara sambil makan. Berantakan sekali!",negative,True
2034_bt,2034,"Rumah sakit itu lucu! Bagi kalian yang ingin datang ke sini, itu sangat buruk. Pikirkanlah.",negative,True
2042_bt,2042,"Pelayanannya panjang, Ny. Konsep igdny bagaimana? Dalam keadaan darurat, ibuku menggigil tapi tidak di tangan. Tunggu satu jam atau lebih, dan lihat apakah Anda tidak dapat berbicara dengan Aysha.",negative,True
2051_bt,2051,"Penjaga keamanan asli di rumah sakit ingin memastikan itu benar-benar sopan saya untuk memasukkannya ke dalam posisi saya. Maksudku, ini tidak akan pergi ke ruang dansa, tapi kita tidak diizinkan untuk membiarkan perawat masuk",negative,True
2052_bt,2052,Tempat ini tetap tapi penuh sesak... obat tidak semua tersedia... hanya berbicara indonesia,negative,True
2054_bt,2054,Tunggu kamar lama. Proses ini tinggi. Ayo pergi.,negative,True
2057_bt,2057,"Layanan apotek sudah lama sekali, meskipun hanya sedikit pasien. Sudah diminta bahwa mereka tidak tahu perbedaan karena mereka menggunakan bpjs tapi kami juga membayar woy. Terutama orang-orang yang menjaga 9 Agustus pukul 11: 00 jika Anda tidak bisa bekerja!",negative,True
2063_bt,2063,"Layanan yang baik, staf yang ramah dan rumah sakit bersih karena baru.",negative,True
2076_bt,2076,"Antriannya tidak jelas, penjaganya hilang di suatu tempat.",negative,True
2078_bt,2078,Sebuah layanan igd kurang karena takut tidak mampu byr.,negative,True
2083_bt,2083,"Ini bukan pengalaman pribadi, tapi pengalaman seorang teman yang saya dapatkan di media sosial bahwa rumah sakit sangat penting untuk uang daripada pasien tidak manusiawi.",negative,True
2085_bt,2085,Layanan yang bagus. Perawat adalah tuan rumah yang ramah.,negative,True
2093_bt,2093,"Layanan buruk. Pasien pada aplikasi. Tidak ada jawaban yang menunggu jawaban. A turn in the court says that the full moon is not for patients and not on schedule. ♪ wait till the turn comes in an hour ♪ ""Is this how the government works?"" Seberapa buruk negara ini akan mendapatkan ketika layanan semakin hancur? Nomor hubungan masyarakat tidak dijawab. Katakan padanya untuk meneleponnya. Mana bukti dia tidak menjawab? Pasien bayaran sudah menunggu hampir tiga jam untuk Dr. Shelly Fransisca. Dia bilang masih di jalan.",negative,True
2095_bt,2095,"Perawat sangat tidak ramah. Terutama perawat di Idd. Penggantungan disebut dibuat.
Perawat lantai kedua sangat lucu, terutama yang tidak memiliki tudung.
Tolong lebih memperhatikan perawatnya.",negative,True
2098_bt,2098,"Dari dokter cepat, tapi tepat di apotek. Saya pikir itu buang-buang waktu. Karena aku menunggu obat dari matahari untuk tidak memiliki alias dari siang sampai tengah malam.",negative,True
2099_bt,2099,"Layanan yang bagus. Ruangan ini bersih juga. Itu hanya di lantai dua. Ini cukup tenang, jadi sedikit kasar. Fasilitas ini juga memiliki biji kopi di depan gedung.",negative,True
2105_bt,2105,"Aku akan pergi ke fisioterapi hari ini. Sayang sekali dokter tidak sesuai jadwal, tapi kami ingin kematian fisik. Dokter tepat waktu. Tidak apa-apa. Ini jam 10: 00. Biaya dokter.",negative,True
2106_bt,2106,"Pelayanan standar, respon medis lambat untuk pasien.",negative,True
2108_bt,2108,Layanan tidak nyaman dengan rumah sakit. Bagus tapi tidak ada isolasi. Apa yang kupikirkan?,negative,True
2120_bt,2120,"Layanan keperawatan terburuk yang pernah ada! Tolong beri terapi 5 s, ucapkan halo dengan senyum sopan sehingga pasien tidak merasa tertekan ketika nakes tiba, merasa seperti mereka dalam tes semprot, sehingga mereka sedang dirawat di sini sementara rumah sakit bagus dan mahal.",negative,True
2123_bt,2123,"Layanannya bagus, ramah & cepat ditangani",negative,True
2125_bt,2125,"Layanan nya sangat kurang, terutama untuk perawat menjaga di idd dengan kacamata, kulit sayuran matang, agak tua adalah sikap yang sangat minus.",negative,True
2131_bt,2131,Waktu pendaftaran panjang. Satu pasien butuh waktu satu jam. Lima adalah tiga petugas tapi untuk menangani pasien. Saya pikir mungkin sup harus diaudit kembali.,negative,True
2132_bt,2132,"Aku demam, tubuhku panas. Tapi menunggu begitu lama, layanan itu mengecewakan. Ini adalah pendanaan swasta, tapi itu adalah sakit tua di pantat sebagai pasien. masukan antrian serotot d: (",negative,True
2138_bt,2138,Staf pendaftaran berbohong.,negative,True
2140_bt,2140,"Rumah sakit seperti play2nan!! Ini adalah kehidupan orang gila... tapi tenang. Orang tua saya dari hari pertama ingin melihat tiga hari lagi rasa sakit, diberikan obat-obatan dan masih terluka dan masih mendapatkan lebih buruk!",negative,True
2141_bt,2141,"Layanan obat panjang, menunggu satu jam, untuk meningkatkan layanan menunggu lebih cepat.",negative,True
2142_bt,2142,"Layanan yang sangat baik. Dari awal keamanan yang menerima tamu atau penjaga di depan, terutama yang ramah. Baiklah. Semoga itu terus meningkatkan kenyamanan, fasilitas dan solusi kesehatan.",negative,True
2144_bt,2144,"Sangat bagus, kerja bagus.",negative,True
2151_bt,2151,"Tindakan dalam Idd begitu lama, itu umum ketika itu hanya obat tapi menunggu dua jam lagi!",negative,True
2158_bt,2158,"Di sini untuk terapi anak. Ada sensori terapi integrasi, terapi bicara, fisioterapi untuk masalah pertumbuhan anak. Dokter baik, peduli, dan tegas. Terapis itu baik dan sabar. Anakku ada banyak kemajuan di sini. Terima kasih, Dr. Charming. Dan tim.",negative,True
2169_bt,2169,"Ini buruk untuk layanan pemicu. Jika kau tidak bisa mengatasinya, katakan padaku untuk tidak tutup mulut. Kondisi anakku memburuk.",negative,True
2175_bt,2175,"Wife- pengalaman ginekolog, tidak akan mengambil risiko atau tidak berani mengambil tindakan sehingga itu disebut ke rumah sakit Fatmawati, yang tidak lengkap.",negative,True
2177_bt,2177,"Layanan yang baik, staf yang baik, rumah sakit bersih, nyaman, menunggu anak juga nyaman.",negative,True
2181_bt,2181,"Permisi, periksa rahim. Tidak bisa mengeluh. Aku hampir menikah dalam cinta.",negative,True
2184_bt,2184,"Layanan buruk, karena pendaftaran lengkap pasien dalam kehidupan semua orang ini ketika mereka mati, tangan dipegang tangan mengatakan untuk mengambil obat tablet tanpa memberi mereka air. Perawat nya mengatakan ""membelinya sendiri"".",negative,True
2190_bt,2190,"Aku berada di rumah sakit karena aku sakit infeksi paru2 / tbc dan ditutupi dengan bpjs. Tapi apa yang saya ingin tahu adalah bahwa saya diminta untuk pulang karena saya tidak suka rumah sakit tapi aku mengancam akan datang kembali. Tapi jika aku pulang atas kemauanku sendiri, dokter mengatakan bahwa bagian adminitrase dibayar atau tidak ke sampul oleh bpjs, jelas dari awal aku masuk Sudah kubilang aku bisa pulang tanpa prosedur dokter. Tapi aku meminta 2jt dari RS karena aku tak menyetujui prosedurnya.",negative,True
2193_bt,2193,"Layanan yang baik, rutinitas tenainyq di cek, snack adalah 2 kali sehari juga sangat bagus.",negative,True
2198_bt,2198,"Ini tidak terlalu banyak recombed sekali. 1,bpjs kls 1 d taro d chassis 2. Penuh dengan kelas satu.",negative,True
2201_bt,2201,"Kecewa, menunggu hampir dua jam lebih dokter.",negative,True
2205_bt,2205,"Layanan perlu ditingkatkan. .tigen cepat menunggu selama 10 jam. Tidak beruntung... saran untuk kontak pelanggan juga dapat ditingkatkan, panggilan telepon. Teknologi telah maju,",negative,True
2213_bt,2213,"Semua saudari benar-benar ramah.
Layanan bintang 5
Sungguh.",negative,True
2224_bt,2224,"Aku anak dari salah satu pasien di RS. Husada partner, senang dengan jasanya, aturan yang tidak sulit, dan para pekerja kesehatan ramah.",negative,True
2229_bt,2229,"Pengobatannya sangat gercep. Sebagai soal fakta, perawat ramah.",negative,True
2238_bt,2238,"Aku minta maaf harus memberikan bintang pertama karena begitu buruk bagi Anda. Ibu saya dijadwalkan untuk konsul 13.OCT kemarin, tapi ternyata bahwa dokter pada 13 okt tidak berlatih. Aku akhirnya bertanya lagi. Kapan aku bisa menjadwal ulang?",negative,True
2257_bt,2257,"Bagus. Layanan ramah. Mulailah dengan layanan pembersihan, perawat, adm.",negative,True
2261_bt,2261,"Tempatnya nyaman bersin dengan tenang, pelayanannya baik-baik saja. Simpanlah",negative,True
2262_bt,2262,"Untuk klinik pelayanan, itu kurang penting untuk menunggu sampai Selasa.",negative,True
2279_bt,2279,"Pelayanannya lambat, Dr. malming. Ketika tidak ada yang berpikir mereka akan bisa pulang, itu hari Minggu. Dia meminta saya untuk menunggu oleh dokter cek pada Senin malam. Perawat meminta saya pada hari Senin, tapi dia mengatakan bahwa itu adalah seorang perawat, Dischedured Selasa pagi, sampai Selasa sore, ketika ia menerima perawatnya. Aku masih menunggu sampai Selasa sore. Mereka mengatakan mereka ingin diberitahu, tapi tidak ada yang mengatakan apa-apa. IV saya telah dikonfirmasi kepada perawat bahwa tidak ada yang bisa berubah untuk IV selama empat jam. Tidak berarti layanan yang sama dalam roti ini bagaimana jelek itu. Tidak lagi.",negative,True
2281_bt,2281,"Saya tidak tahu mengapa ada rumah sakit yang melayani begitu lama seperti ini, bahkan teman saya yang kakinya terkilir bolak-balik ke ruang pendaftaran, di lulus ke idd, semua jalan ke idd.",negative,True
2286_bt,2286,"Betapa kecewanya Anda di rumah sakit ini ketika orang tidak mengatakan bahwa perut mereka tidak medis, apa yang mereka katakan? """,negative,True
2290_bt,2290,"Aku adalah vaksin dari 27 September 2021, sampai 2023 belum muncul. Aku mengobrol dengan nomor yang terjebak pada kartu vaksinasi, tapi itu hilang, silakan menjawab polis, atau mengkonfirmasi bagaimana sertifikat saya akan muncul.",negative,True
2303_bt,2303,Pengalaman medis yang bagus dengan dokter anak yang baik.,negative,True
2305_bt,2305,"Gedung RS bagus, tapi dokternya buruk. Tunggu 2 jam, 08: 00 Tapi baru tiba di rumah sakit jam 10!",negative,True
2316_bt,2316,"Tempat ini bersih, petugas ramah.",negative,True
2329_bt,2329,Datanglah jam 12 siang ke poly disebut Dr Adm. sampai 03: 00 Tidak datang juga. Alasan dia beristirahat adalah tidak diberitahu kapan dia. Aku kecewa begitu lama.,negative,True
2338_bt,2338,"Untuk keamanan di lantai lima, mungkin pelatihannya diajarkan dengan senyum atau pengiriman lembut. Rabu pagi layanan di 03: 18 Harap dididik untuk membuat keluarga pasien nyaman. Tidak seperti penjaga penjara, tidak juga. Semoga Tuhan menyediakan untuk pelayan, amin.",negative,True
2356_bt,2356,"Ibuku tidak memiliki kamar dalam tiga hari, tapi dia masih dalam Ipd, jadi jika tidak ada ruang, mengapa dia masih menerima referensi, itu harus berhenti sampai dia ingin transfusi darah, sampai sekarang tidak memiliki transfusi, tidak ada antibiotik belum diganti.",negative,True
2357_bt,2357,"Jika keadaan darurat, jangan bawa ke rumah sakit pelayanan dari tingkat keamanan sampai itu diurus.",negative,True
2366_bt,2366,"Setelah maret bulan, mereka ditransfer ke rsui, sampai akhirnya mereka mendapat odontektomi slot, hanya kemarin sangat marah dengan layanan pendaftaran. Pertama-tama, teman-teman, dan dokter baik-baik saja.",negative,True
2370_bt,2370,"Rumah sakit terburuk yang saya miliki, saya telah ke dokter anak kemarin berharap untuk mendapatkan dokter dijadwalkan untuk 08: 30 di pagi hari, dan hal pertama di 10: 00 adalah bahwa dokter di 9: 00 akan datang, dan mereka memanggil keluar setelah hantu.",negative,True
2372_bt,2372,"Perhotelan seharusnya tidak hanya untuk pekerja kesehatan. Keamanan-Nya benar-benar tidak responsif. Sampai mereka memberikan nomor yang salah, meskipun mereka mengatakan itu online. Jadi sudah menunggu sepanjang pagi. Pengalaman buruk. 20 September pagi kunjungan",negative,True
2375_bt,2375,"Halo admin rs dhuafa, di rumah sakit. Penjaga penginapan yang bagus. Dan, perawat.",negative,True
2376_bt,2376,layanan utama,negative,True
2379_bt,2379,"Kelas Rs A tapi pelayanannya buruk, lambat dan lambat, berpura-pura tidak tahu. Kami menjawab di mana, divisi ada yang berbeda, tidak ada kontak, ketika ada satu rumah sakit yang memiliki resep yang belum diresepkan selama berhari-hari,",negative,True
2380_bt,2380,"Jam di dalam ruangan sudah mati.
Perawat tidak ramah.
Ini mengatakan X-ray, tetapi menunggu di ruang perawat, jika belum siap, mengapa harus disebut?
Empat. Penjaga keamanan di ruangan waktu tidak selalu sama, sekali pada pukul 10.00 ketika pasien sudah tidur dan dalam nama.
Pendaftaran radiologi ditulis jam 7: 30, tapi sampai jam 8: 00, petugas sibuk mencari kuncinya.
Enam. Keamanan tidak punya waktu untuk beralih kartu dengan ktp.",negative,True
2386_bt,2386,Layanan buruk. Ini tidak jelas. Tiga kali bolak-balik.,negative,True
2398_bt,2398,"Fasilitas yang bagus, dokter dan perawat. ♪ ♪",negative,True
2399_bt,2399,"Tolong jaga citra Arafiq. Tolong periksa lagi dengan lebih mahal masalah parkir. Ini tidak seperti ini di kota "".",negative,True
2409_bt,2409,"1,related perpindahan dari igd ke range terlalu panjang proses, untuk ditingkatkan dalam pelayanan pasien agar nyaman dan santai.",negative,True
2437_bt,2437,Tempat yang bagus untuk masalah kesehatanmu!,negative,True
2441_bt,2441,"kenapa ya ada rumah sakit dengan pelayanan tidak apatis masih berdiri diam
Dimana di negara tua
Prosedur ini tidak jelas, tapi rumah sakit tidak kaya di Barat, cepat dan jelas.
Ini adalah pelayanan. Tidak perlu tinggal di sini. Kita kehabisan dua bintang gila.",negative,True
2443_bt,2443,"Pengobatan medis pertama ada di sini karena aku tidak bermaksud. Itu akan melewati gunung. Putri, aku berencana mengambil gambar paru-paru temanku.",negative,True
2451_bt,2451,"Mengambil obat di apotek untuk waktu yang lama, pusing.",negative,True
2476_bt,2476,"Terima kasih Tuhan. Layanan yang bagus. Saya mengalami menggunakan bpjs tetapi layanan ekstra yang baik. Ini sangat berbeda. Segala puji bagi Allah Yang telah menciptakan langit dan bumi dan mengadakan gelap dan terang,",negative,True
2477_bt,2477,memiliki menyenangkan melahirkan di rspic (kamar 6310),negative,True
2487_bt,2487,Apa yang kau lakukan?,negative,True
2488_bt,2488,"Layanan fisioterapi sangat tidak manusiawi, datang di pagi hari. Tidak ada nomor, tidak ada nomor, tidak ada siang hari, tidak ada nomor, tidak ada pasien. bahkan daftar online tidak pernah dapat antrian",negative,True
2499_bt,2499,"Rumah sakit milik di mangga besar, tempat yang bagus, pelayanan ramah, cepat dan benar",negative,True
2512_bt,2512,"Di RS saree welas asih dengan bpjs kelas 1 dari Prushaan, dokternya berulang kali menyarankan agar dia mengendalikannya dengan uang pribadinya berikutnya. Maaf mengecewakanmu, tapi kondisinya menurun. Dan apa hubungannya gaji dipotong dengan obat pribadi?",negative,True
2516_bt,2516,"Terima kasih Tuhan. Layanan Upd cepat, layanan ruang kristal perawatan cepat. Ruangan ini nyaman. Dokter harus sangat jelas. Saya memilih ini rs setiap kali seseorang sakit.",negative,True
2519_bt,2519,Layanan dalam rsu adalah gambar kelapa arachic. Dua sangat bagus. Semua petugasnya sangat baik dalam menyediakan layanan.,negative,True
2527_bt,2527,"Maaf untuk penjaga keamanan pada jam kerja siang, harap tenang karena ini adalah rumah sakit bukan hutan. Rrs Siloam sendiri baik, tetapi untuk individu silakan membantu",negative,True
2529_bt,2529,"Kecewa oleh pelayanannya, dari pagi untuk diproses rumah. Dia mengatakan untuk menunggu dokter, pada jam 11 malam untuk ditanya apakah dia masih menunggu untuk mendengar dari dokter. Jam 2 siang, apa dokter masih menunggu.",negative,True
2531_bt,2531,"Pengalaman buruk, datang bersama dengan seorang anak dengan demam tinggi dan menangis, tetapi dalam keadaan darurat, kita masih harus pergi ke stan,",negative,True
2541_bt,2541,"Sistem pembayaran lumpuh, tidak teratur dan harus menunggu lama. Tampak modern, tapi sayangnya sistem sudah tua dan lambat.",negative,True
2549_bt,2549,"Dokter terlambat, karena aku mengemudi ke poly.",negative,True
2561_bt,2561,"Demi Tuhan, aku benar-benar terluka. Xaveria arlin a, sebuah spa baru memasuki ruangan telah didorong sekitar dengan kata-kata yang membuatnya mental turun!",negative,True
2564_bt,2564,"Kakakku melahirkan di rumah sakit ini. Pelayanannya sangat baik dari idd ke ruang kelahiran. Aktingnya cepat sc memakai eracs, tidak ada rasa sakit sama sekali. Punya bonus foto bayi yang lucu, jadi tidak perlu membawa bayi ke studio, menyimpan lebih banyak uang. Tingkatkan jasanya untuk dokter dan bidan rsktm",negative,True
2571_bt,2571,Sudah lama.,negative,True
2578_bt,2578,Tolong buka mobilnya agar orang-orang bisa parkir dengan nyaman dan tidak perlu.,negative,True
2583_bt,2583,Sudah dua kali. Pelayanannya panjang. Pelayanannya panjang.,negative,True
2598_bt,2598,"Nyaman, kamar bersih, layanan. Oke, ramah, selalu memberikan instruksi yang jelas untuk Sqya bahwa aku sedang bingung.",negative,True
2599_bt,2599,"Hadirin sekalian, lingkungan di sekitar klinik juga nyaman dan bersih. Semoga layanan membaik.",negative,True
2603_bt,2603,"Tidak akan kembali ke rumah sakit ini lagi, obat yang cukup untuk sampai ke sini. Aku datang hari Kamis. Dokter di Ipd memeriksa coas dokter, dokter bingung untuk diagnosa, penanganan lambat.
Infusing IV telah dihapus segera diberitahu untuk menunggu sekitar 15 menit. Pelayanannya mengerikan.",negative,True
2614_bt,2614,"Layanan farmasi terlalu pendek, sudah terlambat untuk judes2 untuk mengambil obat, analisis buruk.",negative,True
2625_bt,2625,"Sangat ramah, aku menyukainya",negative,True
2626_bt,2626,Sehat nikmat yang mahal dan tidak dapat dilihat oleh orang sehat. Semoga Tuhan menyembuhkan yang sakit.,negative,True
2633_bt,2633,"Pengantin wanita tidak cepat, beberapa perawat tidak bisa mendapatkan IV dengan benar, sampai mereka ditusuk, beberapa pasien mendesak telah menunggu untuk waktu yang lama. Ketika tes itu kasar, ia pergi melalui lubang hidungnya. Saya minta maaf saya diberi satu, ternyata. Tidak ingin datang ke sini lagi.",negative,True
2638_bt,2638,"Rumah sakit terbaik di Bogor! kemarin anak saya baru saja dirawat di Rar Aysha cibingong. Pilih RS Aysha,",negative,True
2649_bt,2649,Syukurlah kau pulang. 3hr dalam perawatan repodis ini. rs.,negative,True
2655_bt,2655,"Bye, pengalaman saya di sini empat tahun yang lalu. Istri pemilik penginapan untuk tifoid, menurut sejarah gmap. 9hr, waktu itu, adalah setara dari bintang 3 / 5. Tapi membaca ulasan orang sekarang 1 / 5.",negative,True
2658_bt,2658,"Antrian masih secara manual menggunakan papan angka, yang sering habis oleh petugas. Nomor pada tampilan dan panggilan tidak dalam rangka. Pasien yang datang pertama kali menelepon dan sebaliknya.",negative,True
2672_bt,2672,"Layanan lama, itu sudah online tetapi harus daftar lagi, menunggu dari 13: 30-5 belum disebut",negative,True
2681_bt,2681,"Ada 5.125 bayi lahir di rumah sakit ini, semua dokter dan perawat yang besar, tapi aku tidak ingin sakit lagi... Aku akan menemuimu setelah vaksin. Ha ha.",negative,True
2685_bt,2685,"Pertama pengalaman di sini, ternyata itu nyaman dengan layanan. Perawat dokter itu ramah.",negative,True
2695_bt,2695,Ruang pelayanan utama Camelia,negative,True
2702_bt,2702,"Aku kecewa. Istri saya ingin menjadi lebih baik, tapi di sini dia berbicara tentang kurangnya saya istri ""dan saudara perempuan sampai dia mendengar saya dan menjadi lebih kekerasan.",negative,True
2732_bt,2732,"Yang paling nyaman Rs yang bertitik untuk kontrol anak dan dewasa. Ruang tunggu nyaman, banyak colokan, kursi dengan sofa, admin tidak sulit dan cepat",negative,True
2736_bt,2736,Ini baru empat jam sejak sistem online hari ini bahwa daftar ini online.,negative,True
2745_bt,2745,"Sangat baik dari pelayannya. Fasilitas nya akses nya, seluruh staf nya ramah dari dokter nya bidan untuk keamanan.
Saya sangat merekomendasikan ini rs.",negative,True
2748_bt,2748,Rumah sakit yang sangat buruk. Layanan.,negative,True
2754_bt,2754,"Aku tidak merasa sakit di rumah, aku merasa sakit di hotel. Ini seperti staycation.",negative,True
2757_bt,2757,"Layanan untuk katedral baik, semua karyawannya sangat ramah.
Baru kemarin di reli kabarees, dirawat di ruang gawat darurat lt adalah 4.
Perawat adalah host & informatif.",negative,True
2763_bt,2763,Layanan yang bagus.,negative,True
2768_bt,2768,"Dari pendaftaran ke persediaan medis, semua petugasnya adalah satset task force.
Setiap kali sekarang, itu akan murah, tapi itu mendapat layanan terbaik.
Super duper sangat direkomendasikan",negative,True
2771_bt,2771,"Layanan administrasi lambat. Sepertinya staf masih belajar. Saat melakukan pemeriksaan radiologi, ada kesalahan besar, seperti mengacaukan nama pasien yang tidak pantas, hasil radiologi yang salah. Hasil radiologi menunjukkan pendarahan intrakranial, seperti yang kita minta, dan bagian terkait, tampaknya mereka mengakui kesalahan ketik. Hasil pemindaian ct tidak dicetak dengan alasan mereka tidak memiliki pencetak ct scan. Itu salah ketik yang membuat kami takut. Saran saya adalah bahwa seluruh admin atau mesin tik harus lebih berhati-hati sebelum memberikan resume review.",negative,True
2780_bt,2780,Pengalaman yang bagus.,negative,True
2783_bt,2783,"Itu pengalaman yang sangat buruk. Setelah dokter membayar, tunggu satu jam. Ingin mendapatkan obat dalam satu jam. Tidak ada yang disebut untuk antigen tua atau pcr. Ruangam, tunggu sebentar. Ini rumah sakit besar, tapi layanan buruk.",negative,True
2792_bt,2792,"Pusat panggilan terburuk yang pernah ada! Setelah terhubung mereka hanya diteruskan panggilan ke saluran lain tapi tidak ada yang dijemput di akhir sana. Buang-buang waktu dan detak jantungku. Saya pikir saya akan memiliki operasi pada hari Senin, tapi aku mempertimbangkan kembali pindah ke rumah sakit lain.",negative,True
2799_bt,2799,"Suamiku, 29 Agustus 2024. Firmanto pergi ke ahli saraf. Hermina podomoro.",negative,True
2805_bt,2805,wah wah sangat buruk! jadi sudah waktunya disini ibuku sangat tidak bersahabat jangan menyesal untuk kesalahan atau keterbatasan!,negative,True
2807_bt,2807,"Untuk penyakit dalam, tunggu tiga jam dari awal pendaftaran sampai dokter tiba. Jam latihannya harus jam 10, dan perawat di 11 ternyata baru dan mulai antrian di 12. Tunggu sampai itu disebut 1 lwt kurleb 4 jam jauhnya. Tetap menunggu antrian tunggu. Jangan panggil perawat. Perawat berada di depan dan orang-orang jika ada kebutuhan untuk mendapatkan sakit memberitahu mereka untuk masuk untuk panggilan pagi. Dan pakaian perawat berbeda dari pasien.",negative,True
2814_bt,2814,Layanan poli operasi yang dimaksudkan untuk lahan saudara.,negative,True
2821_bt,2821,"Peringkat 1 untuk Dr. Ivoly... Biasanya dengan Dr Ardy, karena pada saat itu mendesak ingin gaw satu sama lain. Dan dia mendapat pagi hari dari ivo, dari awal penjelasan buruk, dan kemudian itu tidak normal.",negative,True
2841_bt,2841,"Kurang layanan, terlalu lama menunggu pasien",negative,True
2852_bt,2852,"Meskipun rumah sakit sudah tua, suasana hati yang baik. Tidak terlalu ramai. Dan lokasi strategis dapat berjalan ke stasiun kereta api terdekat.",negative,True
2854_bt,2854,"Keamanan di depan, silakan. Pasti ada lebih banyak keamanan seperti bank, tidak terlalu bijaksana.",negative,True
2856_bt,2856,"Staf ramah, untuk pendaftaran pertama tidak perlu menggunakan matre, jadi berbeda dari rss. Tempat ini bersih. Bangunan yang bagus. Sudah lengkap.",negative,True
2879_bt,2879,Sebenarnya aku pelanggan di rumah sakit. Itu hanya tidak merasa sangat baik. Aku punya asuransi.,negative,True
2890_bt,2890,Layanan yang bagus. Dokter baik. Perawat yang baik.,negative,True
2901_bt,2901,Rumah sakit besar. Tempat parkir sedikit rendah. Agak sulit untuk parkir. Mungkin ketika aku pergi ke sana lagi itu hanya terjadi ada banyak rasa sakit.,negative,True
2903_bt,2903,"Poly service sangat baik, admin poli, dokter poly dll. Sangat bagus. Tapi layanan igd zonk sekali
Aku mengambil anak saya ke idd di RS Radjak di 230an
Kondisi anak saya malam itu adalah setelah kejang, sampai rumah sakit panas 40 koma, bukannya mengirimnya ke rumah sakit lain tanpa mengatakan itu tangan putri saya, karena alasan tidak ada catatan medis anak saya? Hanya ada satu pasien, dan untuk data saya tidak meminta catatan medis di rumah sakit, saya memiliki catatan medis di rumah sakit, dan saya punya beberapa kali sebelum saya harus mencapai rumah sakit.
Hanya ada satu pasien bayi dalam dua minggu.",negative,True
2910_bt,2910,"Apa ceritanya? Tapi jika aku duduk, ada pasien tua berdiri. Aku harus tetap garansi demi antrian.",negative,True
2912_bt,2912,Selalu merasa ramah ketika aku ada,negative,True
2921_bt,2921,"Kembali dan sebagainya. Rekan yang baik, tapi tolong, itu penjaga kafetaria di bawah.
Ini tidak begitu banyak. Aku bersumpah setiap kali aku membeli sesuatu, selalu tidak ada perubahan.
Wajahnya penuh dengan nada.",negative,True
2922_bt,2922,"Pelayan sangat baik, dari dalam ke luar sangat bagus. Di kamar Daffodil, sangat nyaman dan nyaman.",negative,True
2928_bt,2928,"6316
Bayi perawat dan ruang perawat review.",negative,True
2929_bt,2929,"Bad WiFi selama hampir seminggu. Tidak ada Internet, selalu ada masalah, dan semua orang harus menunggu lebih dari satu jam dan interkom tidak dapat digunakan. Komunikasi dari tingkat pemula ke tingkat tinggi.",negative,True
2930_bt,2930,Untuk petugas radiologi yang memakai kacamata.,negative,True
2931_bt,2931,Layanan di sini cepat. Kasir tidak menunggu lama. Layanan dokter juga sangat baik. thx,negative,True
2940_bt,2940,"Rumah sakit yang paling nyaman, dengan pelayanan yang baik.",negative,True
2950_bt,2950,"Layanan yang baik, ada layanan untuk membantu kita mencari tahu apakah ada daftar lainnya kesulitan atau jasa.",negative,True
2958_bt,2958,"darurat
Kakak Senita
Dr. Sherry.",negative,True
2971_bt,2971,Tapi kenapa aku masih tidak nyaman dengan layanan pendaftaran? Aku sangat menyukainya karena dokter. Saya tidak berpikir itu sangat menyakitkan untuk berbicara. Dan saya tidak ingin pergi ke sana lagi karena saya sangat terluka oleh suara dokter yang begitu sederhana tentang orang lain.,negative,True
2977_bt,2977,"Tidak ada pemberitahuan masuk, sk / slop ditulis. Tidak ada yang menjelaskan mengapa tidak dapat memberikan surat perintah penggeledahan.",negative,True
2986_bt,2986,"Sulit untuk mengangkat telepon, mengatakan ada nomor, ia terus nomor, tapi tidak. Apakah Anda berniat untuk melayani masyarakat?",negative,True
2987_bt,2987,"Dari tahun 2008 anakku lahir di sini, dia diberi nama opname, dan saudaranya ada di sini, dan adiknya, sampai aku belajar bagaimana melakukannya.",negative,True
2988_bt,2988,"Kebanyakan prosedur Rievan, tunggu kursi roda.",negative,True
2990_bt,2990,"Staf super ramah, layanan cepat dan fasilitas lengkap. yang terbaik pula",negative,True
3002_bt,3002,"Anak pertama lahir di sini, dan anak-anak ada di sini. Layanan medis sudah selesai.",negative,True
3013_bt,3013,Layanan perawat tidak baik dan tidak baik. Pelan-pelan. Aku tidak ingin menyakitimu.,negative,True
3020_bt,3020,Layanan yang bagus. Anakku lahir di sini.,negative,True
3022_bt,3022,Saya sangat kecewa bahwa obat untuk gula tidak bertanggung jawab atas Mrs Perawatan Atma.,negative,True
3024_bt,3024,"Aku sangat mengagumi pelayanan Ibu. Bagian Pipp, sangat ramah dengan orang-orang, seperti kita, ramah.",negative,True
3030_bt,3030,"Sudah lama, mungkin karena itu.
Jadwal dokter jam 2: 00, tapi tidak sampai jam 4: 00.
Ada banyak kamar perawat, tapi sudah lama sekali.
Aku tidak tahu. Aku bersumpah.",negative,True
3034_bt,3034,"Bangunan yang bagus, layanan yang buruk. Terutama dengan penjaga keamanan di Ipd tersebut. Oktober tahun lalu 2023 tepatnya pada tanggal 20, aku sebagus adikku dan membawa ibuku yang sakit. Dengan pasien tidak sadar, itu kondisi mendesak dan mendesak yang diminta untuk menunggu di kursi roda ketika pasien membutuhkan penanganan segera. Alasan mengapa penjaga keamanannya mengatakan ""di tempat tidur penuh, jika Anda ingin menunggu di kursi roda"" adalah bahwa saudara saya pergi ke perawat dan saya memberinya sikap ketika saya mengatakan kepada ibu saya. Mereka seharusnya lebih tahu dan memahami kondisi untuk menjadi yang pertama. Saya telah belajar, membawa keluarga saya untuk memeriksa di sini. Tolong perhatikan perhatian medisnya terutama sikap keamanannya. Ini rumah sakit pemerintah, itulah cara kerjanya.",negative,True
3051_bt,3051,"Perawat di lt 2 yang tidak memakai tudung, Aku tidak tahu apa namanya.",negative,True
3065_bt,3065,Layanan buruk (perawat),negative,True
3070_bt,3070,"Para dokter baik, tapi tidak untuk admin dan perawat yang tidak berhati-hati.",negative,True
3077_bt,3077,bpjs kls 1 tidak diberitahu di awal ruangan penuh. tiba-tiba diberi kamarnya kls 2. Kami mendapat informasi setelah pasien dirawat. Seharusnya di awal. Karena juga terkait dengan hak-hak pasien. Karena kita membayar lebih dari sekedar itu.,negative,True
3102_bt,3102,"Layanan untuk poli umumnya lama, ia memprioritaskan olahraga. harus sesuai antrian. Sudah lama.",negative,True
3103_bt,3103,Cukup waktu yang dibutuhkan untuk prosedur. Tidak ada komplikasi.,negative,True
3118_bt,3118,"Secara umum, itu baik.
Penghalang parkir sepeda motor. Jika Anda tidak memiliki kartu flazz, membayar tunai.",negative,True
3135_bt,3135,"Tidak pernah pindah ke rumah sakit, tapi sekarang aku mempertimbangkannya. Dokter gigi deliana, Anda begitu buruk! Jika ada pasien lain yang mengantri, aku bisa mengerti. Aku harus menunggu 57 menit untuk alasan pribadimu! Saya memiliki sakit gigi, pada hari bekerja di 7: 00 Menyerahlah. Itu pengalaman yang buruk.",negative,True
3144_bt,3144,"spa Dr. Elvie Caroline memberitahuku bahwa anakku tidak akan pernah seperti dia hanya karena kami tidak menyuntikkan apapun ke dalam tubuhnya sekitar tiga tahun yang lalu. Ibu tersayang, kau pikir kau siapa?",negative,True
3157_bt,3157,"Selasa 21 Nov pada 1 3wib pertama kali x saya berada di sini karena saya ingin menghabiskan waktu dengan spesialis anak, karena bayi saya batuk dengan dingin, tapi aku begitu kecewa bahwa dokternya berada di keyakinan anak saya.",negative,True
3178_bt,3178,Rumah sakit sangat baik. Layanan perawat semua sangat ramah.,negative,True
3182_bt,3182,"Layanan telah menunggu selama 9 sampai 2 dan 12 menit. Sudah panas, itu tidak menyenangkan!",negative,True
3183_bt,3183,"Ini bagus dan bersih. Tapi tidak dengan layanan. Ini datang pada waktu keheningan, tetapi proses dapat panjang. Ketika itu terjadi untuk mendapatkan dokter yang tidak meyakinkan dia untuk melakukannya, biaya mahal.",negative,True
3193_bt,3193,Selalu di sini. Setiap hari sakit dalam pelayanan poli. Bagus.,negative,True
3199_bt,3199,"Terlalu lama untuk penebusan obat, tidak sesuai dengan urutan nomor antrian.
Banyak petugas. Tapi prosesnya sudah lama.
Harap tegas lagi untuk petugas.",negative,True
3201_bt,3201,"Sepanjang waktu di ruang topaz. Sangat bagus. Dari ruang Upd ke ruang perawatan. Untuk ruang pemeriksaan radiologi, itu sangat baik, dan perangkat itu begitu canggih bahwa saya dengan cepat pulih.
Untuk perawat untuk memulai di kepala ruangan, perawat pagi sr reni layanan, sr rosita, sr nurr, sr nurr, jadi tolong jaga aku dari awal dari langkah-langkah dr martin visiite sampai aku pulang ketika Anda bangun",negative,True
3204_bt,3204,Terlalu lama.,negative,True
3214_bt,3214,"Layanan di Rumah Sakit Tangsel bagus, perawat sedang dalam perjalanan.",negative,True
3215_bt,3215,"Parkers bukannya ramah adalah emosional tentang ""otomatis salib""",negative,True
3216_bt,3216,"Penampilan stafnya sangat baik. Semua fasilitas selesai. Saranku, seharusnya tidak ada antrian. Jadi, jangan berkelahi di depan layanan.",negative,True
3220_bt,3220,"Layanan yang baik, rumah sakit bersih.",negative,True
3227_bt,3227,"Kemarin aku dirawat di sini, pelayanannya bagus, tepat pada waktunya. Perawat, keamanan dokter dan yang lainnya juga ramah. Aku mencintaimu.",negative,True
3231_bt,3231,"Layanan lambat, dibutuhkan berjam-jam bagi pasien yang ingin pulang, mengurus administrasi dan medis perlu dibawa pulang.",negative,True
3251_bt,3251,Pasien kehabisan darah karena perawat saya tidak mengambil pelanggaran setelah mengganti obat keluarga.,negative,True
3265_bt,3265,"Aku menderita usus buntu, cepat tangani.",negative,True
3272_bt,3272,Layanannya bagus. Tapi kita harus memperhatikan. Ada perawat.,negative,True
3279_bt,3279,"Ipd pelayan lambat. Benar, rumah sakit elit.",negative,True
3284_bt,3284,Jumlah antrian seharusnya dibuat dalam urutan yang kurang acak dan diprioritaskan untuk tujuan pagi juga. Setiap orang memiliki kebutuhan mereka sendiri.,negative,True
3293_bt,3293,Layanan rumah sakit paling jelek!!!!,negative,True
3295_bt,3295,"Pasien yang lahir tidak diberi makan siang, alasan untuk pulang belum selesai sampai jam 2 sore, tetapi juga menyelesaikan dokumen untuk kembalinya. Dan pasien ditinggalkan sendirian tanpa makan. Ini semua tentang memiliki bayi dan memberinya makan, selalu lapar. Setelah di campakkan oleh keluarga pasien, dan sedikit marah, ibu dari bayi mendapatkan makan siangnya.
Sangat kecewa dalam pelayanannya.",negative,True
3297_bt,3297,Perawat pin I.V. pasti ahli. Aku gagal dua kali. Dia masih belajar.,negative,True
3306_bt,3306,"Orang ini orang pendaftaran. Kurus, kacamata tidak ramah, nada tinggi bernada, dia tidak tahu dia sedang berbicara dengan seseorang yang sakit. Mohon saran dengan bijak.",negative,True
3311_bt,3311,Saya ingin bertanya apakah saya bisa melihat make- up atau jika saya bisa kembali dari Pukesmas.,negative,True
3321_bt,3321,"TV tidak menyala, internet lambat",negative,True
3328_bt,3328,"Tiga kali melakukan residensi di ruang VIP, jadi. Menimbulkan menara, selalu kekurangan layanan pemeliharaan asuransi. Menyusup dari pagi sampai jam 5 masih tidak bisa pulang.",negative,True
3331_bt,3331,"Aku bersumpah ini adalah rumah sakit terjelek yang pernah aku datangi, anakku telah mengendalikan 13 Oktober. Sinar x- nya disuruh menunggu seminggu lagi sementara anak itu demam.",negative,True
3338_bt,3338,"informasi dan layanan pendaftaran tidak tangkas, respon lambat ke daftar on line. Pasien harus bolak-balik.",negative,True
3339_bt,3339,Tolong minta klarifikasi dan tanggung jawab dari penyakit kelamin saya. Suami pasien.,negative,True
3340_bt,3340,"Jangan seperti itu. Ruang tunggu juga nyaman. Nah, dokter dan perawat ramah.",negative,True
3347_bt,3347,"Ini sangat buruk dalam proses kecepatan melayani pasien dari awal ke rumah. Proses administrasi berlangsung sangat lama. Untuk cukup membantu, itu hanya bahwa beberapa dari mereka masih tidak cocok di lapangan, seperti beberapa sepotong ramah informasi.",negative,True
3354_bt,3354,Administrasi menyebalkan. Daftar hari ketika catatan medis belum siap. Ini adalah fughed- up line. Apa-apaan ini. Tidak ada peningkatan layanan. Tidak ada mesin untuk antrian. menyebalkan!,negative,True
3355_bt,3355,"Klinik saya, terima kasih Tuhan. Layanan maksimum. Tiga kali.",negative,True
3366_bt,3366,"rekan kerja dirawat untuk dbd dan masalah lambung sebelum ada bpjs
Akses strategis, parkir mudah, dokter dan perawat baik dan responsif. Tks rs Royal Warma",negative,True
3376_bt,3376,"Aku berada di ruang VIP. 206. Layanan yang baik, perawat.",negative,True
3382_bt,3382,"Selama kita di sini, dokter sangat baik. Terima kasih Tuhan, semua karyawan di rumah sakit.",negative,True
3383_bt,3383,"Sepertinya kebanyakan dokter masih sangat muda. Apakah ini magang? Ketika saya mengambil darah ke 4x, saya tidak bisa mendapatkannya ke 5 berikutnya, tangan saya semua bengkak.",negative,True
3386_bt,3386,"Baik layanan, ugd ramah",negative,True
3391_bt,3391,"Untuk semua nakes. Baiklah. Tapi sayangnya, itu hanya sebuah ruangan dan pasien menunggunya. Complain untuk nakes yang waspada, tapi misfits semua salah untuk negro tersebut. Sebagai pasien, saya merasa bersalah karena saya tidak bisa tidur dan waktu sekarang menunjukkan 3: 05 am. Aku di sini juga sakit dan tidak piknik. Tolong toleransi satu sama lain. Istri kakaknya sakit, aku di tempat tidur sebelah juga. Maafkan aku. Maafkan aku.",negative,True
3409_bt,3409,Layanan perawat tidak terlalu bangga!!! Sikapnya kurang!,negative,True
3413_bt,3413,Layanan. Oke. Tolong beri aku tempat parkir.,negative,True
3423_bt,3423,"Ruang tunggu telah direnovasi lebih nyaman, pelayanan maksimum dan perawat dan dokter ramah. """,negative,True
3428_bt,3428,"Aku menyesal mendengarnya. Sebanyak kami ingin pasien untuk mendaftar, jangan bersemangat. Kita akan ke rumah sakit.",negative,True
3441_bt,3441,"Benar-benar kecewa berada di sini untuk dilahirkan. Untuk trauma, takut, takut. Aku telah belajar banyak tentang kelahiran bidan yang masih tidak ingin kupimpin.",negative,True
3443_bt,3443,Staf ramah. Rumah sakit bersih. Mereka suka Ohlala.,negative,True
3455_bt,3455,"Aku masih muda, 11 minggu. Terima kasih Tuhan aku pada awalnya. Aku merasa nyaman. Tuhan, aku ingin dilahirkan normal di sini.",negative,True
3458_bt,3458,"Rumah sakit baik sekarang. Ya, benar. Ada di rumah sakit.",negative,True
3466_bt,3466,"Penjaga keamanan bernama Ismail, kepala botak sedikit gemuk, tapi bukannya menjadi penjaga keamanan, Pak, apakah Anda mencoba untuk menjadi penjaga? Tidak ada etika. Orang-orang bertanya. Alih-alih meminjamkan spidol mereka, mereka membuangnya.",negative,True
3482_bt,3482,"Itu sangat ramah, tapi operator layanan di telepon. lebih baik datang langsung ke rumah sakit untuk bertanya """,negative,True
3487_bt,3487,Membuat napza- surat gratis di sini. Ada dua paket standar. 135k adalah 205k lengkap. Proses ini cukup cepat dan tidak membingungkan,negative,True
3496_bt,3496,"Untuk waktu yang lama, aku khawatir tentang ibuku. Aku hanya ingin memeriksa dengan dia di pagi hari, tapi itu belum berakhir.
Sejauh ini saya belum melihat port pengisian. Butuh waktu setengah hari untuk sampai ke sini. Dan beberapa kali aku melihat pengunjung lain mencari pelabuhan pengisian.",negative,True
3502_bt,3502,"Layanan buruk dari dokternya. Dua kali ibuku masuk ke spesialis, dr. Dengan pertanyaan yang menurutku tidak sesuai, mana cek gulanya? Apa kau tidak punya surat-surat di rumah? Tidak dapat membuat tanda, dan tidak akan menjawab lagi. Ini cukup merendahkan bagi saya. Aku tahu dia seorang dokter. Tapi bisakah kau bersikap ramah? Jika ada yang ingin diobati, lebih baik dengan kata-kata.",negative,True
3506_bt,3506,Dia sudah lama bertugas.,negative,True
3509_bt,3509,"Saya berharap perawat tidak ramah mendapatkan apa yang dia layak. diremehkan, diremehkan, diremehkan. Mungkin masa mudanya berhasil. Saat dia tua, rasa sakitnya akan membuat pasiennya sakit dan menderita parah.",negative,True
3512_bt,3512,"Sejauh pengalaman pribadi saya tentang RS dan RS, saya pikir anugerah kemuliaan ini adalah penjelasan yang paling responsif, ramah, tidak dapat dipertahankan.
Karunia kemuliaan, itu dibagi menjadi ibu dan anak.",negative,True
3516_bt,3516,"Berapa biayanya, untuk mendapatkan serfitt. Tanpa lisensi.",negative,True
3531_bt,3531,Kapasitas konsumen kurang lengkap daripada TV. Kamar mandi terlalu jauh untuk konsumen. Kamar mandi kotor di setiap sudut kamar pasien selama aku masuk.,negative,True
3543_bt,3543,"Setiap obat yang berlangsung paling lama di bagian obat, selama satu jam lebih banyak dari yang disebut, itu harus jika ada banyak obat-obat personil ditambah personil apoteker mereka. Jangan berikan pada dirimu sendiri. Untuk pos lain, tidak ada masalah.",negative,True
3556_bt,3556,"Ini RS. Bagus. Tapi paling banyak, pengobatannya sudah tua.",negative,True
3578_bt,3578,Sangat mudah untuk membantu pasien yang tidak mampu biaya medis terutama online vokal seperti saya. Sukses selalu dan lebih maju rumah sakit tzu chi,negative,True
3582_bt,3582,"Layanan buruk di lantai tiga ruang operasi. Tidak ada komunikasi, tidak ada transparansi, yang paling fatal, tidak ada komunikasi dokter dengan pasien sama sekali!",negative,True
3592_bt,3592,"Hasil lab lama, darah 08: 00, diberitahu untuk menunggu sampai 11. 11: 00 keluar. Ini hanya gula cek dan aorta asam.",negative,True
3602_bt,3602,"Sulit untuk pusat, memiliki untuk chatting hanya berapa lama itu berada di belakang. Jika itu penting, sulit untuk menunggu percakapan.",negative,True
3612_bt,3612,layanan buruk dari ugd kasir pendaftaran semua jutek2lleet pengalaman l bw pasien kecelakaan karena posisi R terdekat untuk penggunaan umum,negative,True
3622_bt,3622,"Layanan ini lambat dan tidak ramah, Anda datang ke klinik gigi dari 7: 00 di pagi hari dan kemudian pulang di 3: 00 sore, Anda pulang dengan staf rumah sakit, ayolah, lebih efisien daripada pada waktunya, pasien rumah sakit mengambil sampai 7 jam, itu waktu yang sama.",negative,True
3630_bt,3630,"Ini buruk untuk layanan daftar. Yang lama bisa berbaris sebagai gantinya.
tidak ada prioritas",negative,True
3641_bt,3641,"Aku pergi ke poli mcu tgl 16, hasil diperintahkan untuk mengambil 17 lebih pada 10. Aku datang untuk mengambil hasilnya. Ini belum ada.",negative,True
3652_bt,3652,"Aku tahu kamar yang steril, tapi perwakilan keluarga tidak diperbolehkan masuk setidaknya berikan ruang spesialnya tunggu pasiennya ah! sudah lelah, akan menunggu pasien sakit karena tidak ada tempat untuk menunggu pasien! Tidak perlu membawa tempat tidur. Tidak ada manusia yang manusiawi. Itu namanya!",negative,True
3655_bt,3655,"Untuk kelahiran anak pertama yang belum memiliki begitu banyak pengalaman seperti yang saya miliki, adik, layanan di RS.",negative,True
3659_bt,3659,Penyesalan terbesarku adalah tidak membaca semua ulasan buruk sebelum datang ke sini. Itu benar dan benar.,negative,True
3663_bt,3663,"Layanan buruk, tidak ada informasi pada hari itu bahwa tidak ada dokter, apalagi pasien orang tua yang berubah terbalik. Jika dokter ortho memiliki operasi dijadwalkan, tidak akan ada pengganti?",negative,True
3671_bt,3671,"Aku kecewa. Maafkan aku.
Kembali ke rumah sakit. Ini cukup jauh dari rumah. Apa gunanya?",negative,True
3672_bt,3672,"Jasanya sangat baik selama perawatan di sini, para perawat dan dokter yang ramah.",negative,True
3674_bt,3674,"Salah satu yang terburuk - menuntut cek di Jakarta. Layanan buruk, saraf buruk, sup tidak jelas, itu lengkap. Untuk kondisi perbaikan darurat. Jangan kemari.",negative,True
3678_bt,3678,Layanan yang bagus.,negative,True
3679_bt,3679,Rumah sakit. Anak ramah.,negative,True
3680_bt,3680,"Harap meningkatkan layanan, terutama departemen farmasi, berbaris selama lebih dari satu jam hanya untuk mengantri untuk obat, tempat duduk yang tersedia juga sangat terbatas.",negative,True
3690_bt,3690,"Sangat bagus. Ketika saya ingin mengunjungi anak saya, karena saya masih memiliki tongkat, dia dibawa ke kamar pasien dan ia memiliki kursi roda.",negative,True
3698_bt,3698,"Layanan yang baik, hasil tepat waktu, mengambil paket tes pcr selama 3 hari. Tes pada hari Senin dan mendapatkan email pagi.",negative,True
3704_bt,3704,"Tidak profesional, menunggu lebih dari 6-7 jam untuk asuransi karena dokter tidak bisa lewat. Akhirnya memilih untuk membayar deposit. Ketika Anda akan membayar deposit dalam 10- 15 menit 'senilai asuransi. Ini belum selesai.",negative,True
3705_bt,3705,Layanan membutuhkan banyak waktu dan tidak ada tata krama.,negative,True
3707_bt,3707,"Perlahan-lahan, petugas administrasi tidak bermoral dan ceroboh. Sudah cukup bisnis rumah sakit ini.",negative,True
3712_bt,3712,"Layanan sangat buruk, aku sudah menunggu selama satu jam untuk dokter. Dimana dan dimana?",negative,True
3732_bt,3732,"Dokter dan perawat baik-baik saja, tidak ada masalah. Aku tidak tahu mengapa sistem garis tampaknya tidak bekerja pula, tapi itu baru saja dipanggil dan berdiri. Di apotek juga, nomor sedang menunggu.",negative,True
3739_bt,3739,"Nama ""siloam"" bagus tapi kualitas layanan tidak baik dan sangat buruk,",negative,True
3747_bt,3747,"Ingin mengendalikan orang tua, diarahkan ke pendaftaran prioritas. Tapi lebih lama. Itu saja. Prioritas itu harus lebih cepat. Tidak lagi untuk menunggu untuk hari tua.",negative,True
3756_bt,3756,"Layanan tidak jelas dari siang sampai Anda tidak dapat menemukan kamar untuk tinggal, itu karena itu adalah penggunaan yang baik? Apakah ada hal lain dalam bentuk uang tunai, jadi semudah itu dan aku telah dijauhi mereka?",negative,True
3757_bt,3757,"kecewa datang ke sini, langsung ke poly kulit pertama datang pertama. Yang baru datang di baris no. Sedangkan aku dari pagi bisa menjadi nomor 6!!!! Itu untuk nomor 17!",negative,True
3772_bt,3772,"Rumah sakit terburuk yang pernah kutemui. Harus berada di sini karena gambar penuh rs. Berapa kali seorang perawat telah diabaikan untuk memberikan putriku obatnya, perawatnya tidak tahu apa pekerjaan itu. Beritahu rumah sakit lagi.",negative,True
3780_bt,3780,Antigen test 150.000. Perawat adalah ramah dan hasilnya dapat dikirim melalui email atau membantu dirinya sendiri ke rumah sakit.,negative,True
3796_bt,3796,Aku di sini dengan Master Limbad.,negative,True
3802_bt,3802,"Ini harus berat. Anda bisa mendapatkan lisensi dokter, jika Anda sakit.",negative,True
3809_bt,3809,Layanan cepat.. Stafs yang ramah.. hanya fasilitasnya yang kurang dirawat dari kamar mandi dan ac,negative,True
3817_bt,3817,"Ayahku mampu mengalihkan perhatian dari pukeso untuk melakukan operasi benjolan di leher di R. Harapan mendalam, pemeriksaan yang sangat singkat. Tidak ada penyakit poli- poli, saraf dan anestesi.",negative,True
3820_bt,3820,"Ini adalah pertama kalinya saya berada di RS hermina, keamanan, bagus, kamar bersih, dan aku mengunjungi saudara sakit, dan ternyata benar. Kerja bagus untuk semua staf dan jasa. ♪ ♪",negative,True
3853_bt,3853,Layanan utama!,negative,True
3857_bt,3857,"Layanan ini mengerikan.
Sudah lama sejak karyawannya banyak bicara. Tidak peduli berapa banyak mereka membayar, mereka tidak dapat menggunakan kartu debit. Mereka rusak.",negative,True
3862_bt,3862,"Izin untuk bertanya. mendapat referensi ke .drgst Jam berapa aku harus datang ke bagian nomor, mengingat jarak rumah ke RR cukup jauh. Tolong bantu karena aku sudah mencoba menanyakan nomor whatsapp tapi tidak ada jawaban.",negative,True
3870_bt,3870,Perawatan kesehatan yang bagus dan tak bisa dibedakan antara pasien dan pasien lainnya.,negative,True
3874_bt,3874,"Pengalaman yang sangat buruk, anakku ingin cek darah tapi tidak ditikam 12 kali. Darahnya tidak melewati apapun tempo hari. Analisis tidak kompeten. Tolong perhatikan pasien.",negative,True
3878_bt,3878,Syukurlah keluarga HD di RS Arafiq Sawangan. Ini berjalan dengan baik. Selalu sama. Sodiq sudah selesai.,negative,True
3882_bt,3882,"Layanan yang baik, fasilitas yang baik. Jaga salam dari rumah sakit.",negative,True
3883_bt,3883,"Jangan pernah perbedaan antara pasien, umum, asuransi semua layanan yang sama. Bagus, petugas yang sopan, sehat. Selalu ya.",negative,True
3888_bt,3888,"Bagus, ramah.",negative,True
3904_bt,3904,Anakku uwais al qorny lahir di RS Trimitra pada 2 Juli 2015 pada 14.10,negative,True
3909_bt,3909,"Ini aneh. Ruang tunggu kosong, tapi tidak ada tempat untuk meletakkannya. Pagi, siang, siang, malam terus didorong oleh pasukan keamanan, jadi apa gunanya ruang pemicu ini?",negative,True
3911_bt,3911,"Layanan lama... menunggu 30 menit ketegangan. Ini bahkan tidak punya perawat menunggu di dalam ruangan. Perawat tidak ramah.
Pasien lain telah menunggu keluhan. & akhirnya untuk ketegangan & daripada membantu karyawan berpakaian biru (bukan perawat dengan setelan hijau)",negative,True
3929_bt,3929,"Untuk kelas kelompok siloam, kualitas layanan apoteker sangat buruk, menunggu obat selama 3 jam dikatakan tidak akan diambil sehingga obat yang telah menunggu selama 3 jam tidak dapat diambil.",negative,True
3941_bt,3941,"Manners, sopan santun, tempat yang nyaman, perwira gesit.",negative,True
3960_bt,3960,"Layanan sangat baik, dokter. Perawat itu ramah. Makanannya lezat.",negative,True
3993_bt,3993,Layanan yang sangat buruk. Para perawat dan kasir tidak ramah. Ini bukan catatan.,negative,True
4023_bt,4023,"Ini aneh RS, mengajukan pertanyaan sederhana untuk layanan pelanggan!!!! Saya hanya meminta obat ketika saya meminta surat pencarian anonim.",negative,True
4037_bt,4037,"Layanan buruk. Dokter di ngarai tidak sesuai jadwal, jadi tunggu satu jam. Masih belum datang, orang sakit aneh untuk menunggu. Karena Anda mengatakan kepada kasir untuk pergi ke kasir, pergi ke apotek, dan obat-obatan kosong, obatnya adalah harga yang berbeda, sehingga Anda harus kembali ke kasir dan membayar harga. Mengapa kau tidak memeriksa dengan obat-obatan sebelum pembayaran?",negative,True
4038_bt,4038,"Gedungnya bagus, bersih, ramah, tapi alat nebulizer hanya 1 se idd, pasien tua berbaris lebih dari 2 jam.",negative,True
4042_bt,4042,Terima kasih,negative,True
4059_bt,4059,"Rumah sakit terburuk di perusahaan, tapi layanan itu mengerikan. Tidak ada perawat yang ramah. Ruang isolasi.",negative,True
4067_bt,4067,"Tidak ada dokter tapi harus membayar konsul, yang aneh. Tidak ada pekerjaan tapi ingin uang. Makan uang sakit. Dokter juga berubah. Bagaimana dengan catatan medis? Buruk. Buruk.",negative,True
4083_bt,4083,Awalnya aku melihat penjaga keamanan. Jaga respon keamanan. Sudah larut malam.,negative,True
4087_bt,4087,Layanan yang bagus.,negative,True
4093_bt,4093,"Saya datang dari Jakarta Barat Layanan Kesehatan, layanan di rujurkreda gid sangat mengecewakan dalam rasa kompetitif dari a.n dr.",negative,True
4135_bt,4135,"Layanan buruk, RS seperti ini meminta cetak ulang. Tidak ada permintaan maaf juga. Hilang ke toko ritel.",negative,True
4137_bt,4137,"Aku baru saja melahirkan di bangsal ibuku untuk referensi mode pertama saya, dan anak saya perlu dirawat di Perina Room. Apa anakku juga diurus? Tolong jawab.",negative,True
4144_bt,4144,"Aku tidak mengerti bagaimana cara kerja sistem farmasi, apa yang salah. Harap manajemen perlu dianggap serius, karena menunggu obat masuk akal menjadi up selama harus menunggu. Harap diperhatikan karena ada banyak masalah farmasi di sini.",negative,True
4149_bt,4149,"Rumah sakit yang besar. Layanannya bagus. Pelayan, anakku telah diobati. Ruang tamu yang baik, makanan yang baik bahkan vegetarian, anakku dirawat tapi tidak trauma. Sukses tzu chi",negative,True
4151_bt,4151,"Pertama kali di sini dan mungkin tidak akan kembali ke rumah sakit ini. Temui dokter. Hanya 15 menit, tapi total di rumah sakit dalam 3 jam. Dan sebagian besar waktu yang kita tunggu adalah di apotek. Hampir dua jam hamil untuk membayar obat yang belum dimasak. Apa pengalaman menjengkelkan.",negative,True
4156_bt,4156,"Kemarin orang tua saya, saya mengatakan kepada mereka untuk pergi ke fmc untuk sesuatu yang dekat dengan rumah. Saya tidak akan meminta orang tua saya untuk datang langsung ke tipe b lain, jika ada indikasi bahwa setelah nilai saya adalah rumah, saya tidak akan mengirim orang tua saya ke idd tersebut. Jika saya tidak bisa membawa mereka ke rumah, saya minta maaf bahwa saya tidak bisa mendapatkan banyak stres, kondisi pasien lemah, kondisi pasien lemah, pasien tidak memiliki keberuntungan untuk makan dan minum. Aku bersumpah.",negative,True
4169_bt,4169,"Pertama kali itu disebut di sini dari fashion ke poly obgyn, dokter sangat mampu dan informatif. Pasien harus mengajukan pertanyaan yang mereka tidak tahu. Mereka perlahan-lahan menjelaskan karena itulah mengapa kita pada pengobatan. Aku tanya dokter apa aku minum. Jika saya minum, jika saya masih minum vitamin dari mode, atau jika saya berhenti vitamin? Kenapa aku pasien? Ini juga layak dibayar. Tidak gratis.",negative,True
4170_bt,4170,"Layanan uang sangat baik untuk daftar layanan poli. Banyak mesin jembatan, tapi tidak berguna untuk mati dan tidak bekerja.",negative,True
4174_bt,4174,Semangat layanan pembersihan,negative,True
4176_bt,4176,"Sangat kecewa oleh pelayan neuropoly, karena dia sudah mengantri sejak jam 9 pagi sampai sekarang. Ibuku tidak memiliki layanan pemeriksaan, dan dokternya telah datang dan akhirnya menunggu dokter!",negative,True
4179_bt,4179,"Syukurlah, aku pertama kali dirawat di sini. Benar-benar nyaman, perawat. Dokter ramah.",negative,True
4181_bt,4181,"Ada salah satu penjaga di pusat medis. Sikap buruk Melon. Aku duduk di luar.
Aku anak sakit. Tapi aku merasa seperti aku membantu orang. Kumohon.",negative,True
4200_bt,4200,"6316
Bayi perawat dan ruang perawat review.",negative,True
4215_bt,4215,"Pengalaman istriku lahir di sini. Anak pertama tidak berpendidikan. Tapi sebaliknya, dia mengalami trauma.",negative,True
4224_bt,4224,"Bangunan bersih, cepat dan ramah layanan, terus maju",negative,True
4225_bt,4225,"Dokter di gid adalah keras, sendok berisik. Perawat tidak bisa mendapatkannya masuk Sayang sekali anak saya tidak bisa mendapatkannya masuk Aku tidak bisa mendapatkan obat untuk apa-apa. Aku sangat kecewa.",negative,True
4226_bt,4226,"Istri memasuki gid dari 12: 00 pm, 1: 00 untuk mendapatkan darah.? Sudah 2x juta igd kamar kaca. Jawabannya belum ada.",negative,True
4231_bt,4231,"Oke, igd terbuka 24 jam. Tes darah juga bisa pagi 6: 30, tapi pendaftaran di dekat idd tidak di lobi. Layanan cukup cepat, meskipun.",negative,True
4254_bt,4254,"Hanya deposit modal dari rumah, layanan adalah najis! Sang ibu disebut oleh rumah sakit ini... pertama mendapat jadwal operasi pada hari Sabtu pukul 1: 00 p.m., ternyata menjadi 09: 00. Tidak apa-apa, aku berpikir positif. Kondisi pernikahan ada sejak siang di IV. Tapi, pada saat itu, pukul sembilan adalah kembali sampai sepuluh. Ini jam 10: 00 sampai jam 11: 00, dan akhirnya ibuku marah dan menyuruhnya melepas IV karena tangannya sakit, ditambah semakin jenuh dari hari ke malam. Malam ia tidur di sana, dan itu segera setelah pagi ibuku pulang kecewa dalam pelayanannya. Jika Anda tidak percaya pada layanan yang buruk, itu adalah rumah sakit. Meminta orang-orang untuk pasir. Orang-orang di sini adalah yang paling menyadari rumah sakit layanan ini, karena banyak yang disebut dengan rumah sakit ini.",negative,True
4265_bt,4265,Para dokter sedang cuti!,negative,True
4269_bt,4269,"Aku punya antigen di sini. Ia mengatakan itu hanya telah keluar dalam sekitar tiga atau empat jam, dan itu sudah e-mail, dan itu terlalu lama ketika antigen keluar hanya 20 menit, dan kemudian aku menunggu.",negative,True
4271_bt,4271,"Tempat nyaman, tidak terlalu ramai dan penuh sesak,
Fasilitas penuh,
Itu cukup parkir,
Layanan utama,
Bagian farmasi sekarang penuh orang, layanan cukup cepat.
Layanan dokter, bidan, dan perawat adalah luar biasa.
Saya pikir itu lebih baik daripada ibu dari anak di gambar lain",negative,True
4273_bt,4273,"Kesepian, kecil, tidak lengkap. Cek extropy dan tidak ditutupi tepat ke idd tersebut.",negative,True
4280_bt,4280,Waktu respon yang buruk.,negative,True
4283_bt,4283,"Untuk stafnya. Nice, ramah dokter,
Hanya ada satu staf yang wajahnya putih. Ibuku lupa nama mereka. Judes, mendengarkan keluhan.",negative,True
4284_bt,4284,"Sangat bagus, semua orang ramah.",negative,True
4287_bt,4287,Terima Tuhan layanan di sini adalah responsif dan cepat. Aku pelanggan setia dari Aulia rs. Dari saat aku melahirkan anak pertamaku sampai sekarang.,negative,True
4290_bt,4290,Rumah sakit. Layanan. Bagus dan cepat.,negative,True
4314_bt,4314,Tindakan lama!!!!,negative,True
4316_bt,4316,"Rumah sakit ini cukup bersih, layanan ipd sangat cepat, hanya saja toilet fasilitas kurang bersih, perawat kurang ramah, tapi dokter pada permintaan virus hanya makanan ini, tidak, memeriksa, dari penyakit internal.",negative,True
4325_bt,4325,Staf tua kakak.,negative,True
4333_bt,4333,"Seperti terkejut seperti itu, rs. Sampai hampir 80% dari rating semua kecewa, termasuk aku. Ini tidak berubah. Dan hasilnya adalah bahwa bahkan setelah hampir dua minggu. Jika pelayananmu tidak berubah, banyak dari kalian yang mati bukan penyembuhan! Dan jika kau tidak sembuh, aku dan ibuku pergi ke Udd dan keluhannya sudah diperiksa, mereka sudah dikirim ke Pukemas, dan aku sudah kehilangan kesadaran. Hanya logis jika tidak sakit lama "".",negative,True
4343_bt,4343,"Dari semua layanan. Oke, hanya dari apotek pada pasokan panjang ketergantungan obat - tujuh jam sejalan. akhirnya kembali karena antrian yang berat",negative,True
4344_bt,4344,"Layanan terburuk, bagian gila bitchy tidak tersenyum sama sekali. Silakan kembali karyawan pertama mari kita melayani konsumen atau pasien dengan hati. Ganti karyawan bagian farmasi yang menjaganya sore ini.",negative,True
4352_bt,4352,"Layanan Igd buruk, perawat dan menonton dokter. Lama tidak ada aksi, ayah saya ingin pergi ke idd tersebut. Karena sejarah gula tinggi > 600.",negative,True
4355_bt,4355,"Jasanya baik dari mega gizi. Bagus, lucu.",negative,True
4359_bt,4359,"Rumah sakit terburuk yang saya miliki, saya telah ke dokter anak kemarin berharap untuk mendapatkan dokter dijadwalkan untuk 08: 30 di pagi hari, dan hal pertama di 10: 00 adalah bahwa dokter di 9: 00 akan datang, dan mereka memanggil keluar setelah hantu.",negative,True
4389_bt,4389,Penanganan yang buruk. Orang sakit ingin minum obat dulu. Ini pertama kali diurus.,negative,True
4396_bt,4396,Layanan yang baik untuk asuransi pasien / bpjs. disarankan,negative,True
4400_bt,4400,Rumah sakit terburuk yang pernah saya kunjungi,negative,True
4405_bt,4405,"Layanan buruk, admin tidak membantu. Ini terlalu mahal untuk layanan semacam ini.",negative,True
4414_bt,4414,Layanan yang baik hanya jangka panjang proses farmasi ketika tidak ada banyak pasien. Satu orang bisa menunggu satu jam untuk obat.,negative,True
4433_bt,4433,Sudah lama aku tak kemari. Ini ramai. Saya menemukan layanan agak kurang.,negative,True
4437_bt,4437,Layanannya cepat dan ramah.,negative,True
4440_bt,4440,"Perawat dan dokter shift malam pada hari Minggu 18 / 11 / 23 sangat buruk, kecewa sangat sangat sangat sangat kecewa!!!! Mengapa ya ada perawat dan dokter tidak kompeten seperti itu di RS!",negative,True
4442_bt,4442,"Baik layanan, saya telah melahirkan dua kali dalam rasa kasihan rsu bhurti. Para dokter dan perawat semua ramah, gesit, kelincahan, kelincahan.",negative,True
4443_bt,4443,"Dokter itu baik, tapi dia sedikit marah hari ini karena butuh waktu lama untuk mendapatkan konsul dari telepon ketika membawanya..... karena itu malam terakhir untuk memutuskan untuk pulang: '(",negative,True
4449_bt,4449,Itu gila. Berapa kali kau minum obat selama dua jam? Ini tidak begitu ramai.,negative,True
4451_bt,4451,"Pelayan sangat baik bahkan jika bpjs tidak kehilangan layanan penuh yang sama dengan non- bpjs
Kamar 101 sangat ramah. ""Pelayan ini sangat responsif. Sangat bagus.",negative,True
4458_bt,4458,"Melati layanan poli di atas harapan. Teruskan,",negative,True
4459_bt,4459,"Rumah sakit yang bagus dan besar, tapi mobil pelanggan sulit untuk mencapai dan murah untuk memberikan informasi... Aku kecewa dengan pelayanan almarhum RS pada lebasaurus.",negative,True
4461_bt,4461,"Departemen pendaftaran pasien yang sudah lama disebut, ibu dan wanita tua yang miskin yang menunggu terlalu lama ketika mereka sudah diakui tiga, tapi masih pasien membayar tunai. Yang aku tahu adalah bahwa ia membayar iuran, juga. Tolong evaluasi RS trimitra.",negative,True
4465_bt,4465,"Rumah sakit ini aneh, parkir hanya untuk valet.. Lalu dimana fasilitas parkir rumah sakit, ya? Kita harus parkir di pinggir jalan. Kita tidak bisa parkir di jalan.",negative,True
4467_bt,4467,Jumat malam di 20.30. Tolong untuk petugas keamanan di Msk / igd. Bukan tidak hormat.,negative,True
4473_bt,4473,"Layanan buruk, terutama jika Anda menggunakan asuransi, mereka akan lupa dan membuat Anda menunggu lebih dari 3 jam pada hari kerja dan jam kantor.",negative,True
4480_bt,4480,"Janji pukul 1: 00, tapi pertemuan berikutnya juga sama!! Silakan, bukan hanya waktu doker yang berharga, tapi waktu kita juga. Kami di sini untuk mendapatkan lebih baik tapi itu lebih menyakitkan.",negative,True
4491_bt,4491,Di kamar 511. sejauh ini layanan semua kamar bersih ok dan pasien makanan juga bervariasi. Semua staf ramah. baik,negative,True
4494_bt,4494,Layanan perawatan cepat.,negative,True
4502_bt,4502,"Perawatan anak, staf yang ramah, fasilitas yang bagus.",negative,True
4510_bt,4510,Sangat mengecewakan. Layanan tidak jelas. Aku datang ke idd.,negative,True
4515_bt,4515,"Anakku hari Jumat, karena perawatnya ramah. Agar plot mudah, aku pergi ke bagian kasir di lantai dua dan kemudian untuk pil. Saya memberi Anda bukti tanda terima dari lantai dua dan kemudian aku duduk untuk menunggu, tapi aku dipanggil segera, karena obat itu jelas dan penjelasan cukup jelas.",negative,True
4526_bt,4526,Departemen radiologi harus ditutup. Tak ada etika dan tanggung jawab.,negative,True
4535_bt,4535,"Maaf, saya harus bertanya, untuk C-section 3 di rumah sakit. Berapa harganya? Tolong beritahu aku, karena jika aku bisa mendapatkan referensi untuk operasi Caesar, aku bisa datang ke program permata perawat.",negative,True
4536_bt,4536,"Keamanan kasar dalam teguran, sampai istri saya terluka
Jangan lupa tersenyum. Katakan halo.",negative,True
4549_bt,4549,"Layanan sangat buruk untuk dr. Dan perawat, dokter. Dan kadang-kadang tidak ada standar ketika mendesak.",negative,True
4550_bt,4550,"Dari saat aku sampai ke rumah sakit, rasanya seperti itu bukan RS biasa, eh... Itu adalah memenin sakit.",negative,True
4565_bt,4565,"Rumah sakit bersih, layanan yang benar dan cepat, mudah-mudahan anak saya akan ditangani dengan cepat dan tidak perlu menunggu lagi.",negative,True
4571_bt,4571,"Dokter terlambat. Dulu, ada satu jam sebelum dia dipanggil keluar.",negative,True
4572_bt,4572,"harga paket sangat miring untuk kelas RS. Ya... tidak pernah melewatkan rutinitas tahunan di sini. Tips adalah pandingin sering dalam sosmetics mereka.
Sepertinya perlombaan sedang merenovasi fasilitas, jadi mudah-mudahan akan segera berakhir. Kami akan menunggumu.",negative,True
4577_bt,4577,"Layanan baik-baik saja, dokter anak. Jika pendidikan bisa dimengerti, perawat ramah, yang terbaik dehhh. Ya.",negative,True
4601_bt,4601,"Layanan buruk, meskipun rumah sakit itu baik, tapi layanan perawat masih sangat buruk pada saat itu!
Dari pagi sampai malam. Tidak ada penanganan sama sekali, meminta transfer. Tidak ada alasan untuk masih menanganinya? Tapi fakta bahwa tidak ada yang harus ditangani, katanya bahwa tindakannya besok sedang menunggu kunjungan dokter. Tidak akan mati?
turnerpayinperson allove perkenankan untuk ove Demi waktu yang tersisa untuk itu!
Jika Anda tidak menyukainya, pergi ke sekolah.
Akhirnya kami pindah ke RS Tzu Chi Kakarta, pasien baru segera masuk, tidak perlu menunggu untuk besok seperti besok di sitanala
Manusia!",negative,True
4607_bt,4607,"Layanan lambat.
Jika kita pergi ke Upd kita harus menggunakan bpjs. Tidak perlu tinggal. Ini layanan yang mengerikan.",negative,True
4611_bt,4611,"Kamar Ajalea.
Perawat ramah, layanan yang baik, pasangan geckep, komunikatif, bersih, bahkan di kelas tiga, tapi ruangan bersih, dingin.",negative,True
4616_bt,4616,Mengapa kau tidak bisa memberitahu saya di awal pendaftaran?,negative,True
4630_bt,4630,"Layanan poly lambat, layanan kasir lambat, tidak ada sup standar, sering berubah.",negative,True
4633_bt,4633,"Hanya kali ini ke rumah sakit rasanya seperti aku benar-benar diperlakukan sebagai pasien. Dari keamanan, petugas, kasir, dokter semua ramah. itu super bersih & besar, tidak ada bau busuk, semua tanda-tanda jelas.",negative,True
4637_bt,4637,Layanan ini mengerikan.,negative,True
4643_bt,4643,"Emccc rumah sakit. Nah, karyawan sangat ramah. Aku bersumpah, mereka bisa menjadi keluarga.",negative,True
4646_bt,4646,Sangat cepat. Line up online. Datang langsung untuk membuat memotong baris Anda. Hanya menunggu apotek. Kantin penuh dengan makanan. Sustwr gercet. Dokter ramah. Sarannya adalah bahwa mesin pendaftaran online pasti.,negative,True
4654_bt,4654,Semangat donor darah... pelayanan cepat... terima kasih Tuhan kali ini lulus donor karena biasanya tinggi... Baiklah.,negative,True
4661_bt,4661,"Layanan ini ramah, hanya ekor tua. Huhuh. tapi tidak apa-apa dan itu sangat alami karena rumah sakit.",negative,True
4662_bt,4662,Periksa masalah medis di rumah sakit. Dokter itu ramah. Dan penjelasannya sangat rinci.,negative,True
4668_bt,4668,"Layanan cepat, bahkan petugas ramah.",negative,True
4685_bt,4685,"Layanan itu baik, aku senang, karena meskipun saya memakai bpjs untuk pengobatan, tapi itu dilayani dengan baik.",negative,True
4696_bt,4696,"Melati layanan poli di atas harapan. Teruskan,",negative,True
4700_bt,4700,"Di tengah malam saya pergi ke Ipd untuk mengirim saudara dengan usus buntu, saya mengatakan kepada perawat igd, tapi tidak ada tindakan, ""hanya memberikan suntikan perut, tidak menjelaskan posisi farmasi di mana kami bingung,",negative,True
4701_bt,4701,"Layanan bagus dari rumah sakit modern seperti hotel mewah. layanan pelanggan hari ini sangat ramah, terus sukses untuk Columbia pulomas",negative,True
4702_bt,4702,"Layanan yang baik, tapi aku harus mengatakan, ya, jika pasien datang pertama, ya, aku takut bahwa pasien tidak kuat.",negative,True
4704_bt,4704,Aku kecewa. Bawa orang tua itu ke rumah sakit segera setelah dia sakit. Orang tuaku sakit.,negative,True
4708_bt,4708,Lobi awal menemukan jalannya ke ruang makam. Saranku adalah makam di dekat jendela depan harus dipikirkan.,negative,True
4709_bt,4709,"Ini dia. Istriku dirawat di paviliun annisa karena komplikasi kehamilan. Ini adalah fasilitas yang bagus, tapi sayangnya, mandi air panas tidak bekerja. Makanan melebihi harapan kita, terus terang.",negative,True
4713_bt,4713,"Dokter tidak tepat waktu. Mungkin mereka tidak menyadarinya. Ya, pasien itu masih bayi. Itu menyebalkan.",negative,True
4723_bt,4723,"Kembali ke sana sebelum pandemi, kemarin kembali ke sana. Sangat bagus layanan, hanya perbedaan sekarang masih lebih ketat. Konsep rumah sakit hijau lezat, kanan kiri banyak pohon hijau jadi adem ga bosen menunggu di luar juga",negative,True
4737_bt,4737,Dokter tidak ada waktu disiplin. Manajemen garis buruk. Ada banyak orang berbaris dalam satu poly tapi hanya ditangani oleh satu dokter. Dan itu ngarai.,negative,True
4739_bt,4739,"Aku punya tes PCR, satu perak minggu lalu. Laporannya harus selesai dalam sehari. Sekarang, setelah 3 hari aku belum menerima apapun. Aku sudah menghubungi pusat panggilan, tapi masih belum ada petunjuk dari rumah sakit. Sangat kecewa dengan pelayanan mereka.",negative,True
4752_bt,4752,"Betapa kasarnya itu? Anakku membeli minuman di kedai, terus duduk di sudut kursi, aku hanya harus melakukan sesuatu yang lain. Ketika saya kembali ke sana tidak 15 menit, anak saya ditendang keluar dengan keamanan Semua orang duduk-duduk di kursi mereka adalah setengah kapasitas, membuat ass lengkap keluar dari keamanan.",negative,True
4756_bt,4756,"Layanan kurang untuk bpjs, sering menolak pasien kemarin referensi anak-anak. Kau tahu, aku harus kembali ke masa lalu.",negative,True
4759_bt,4759,"Aku mengontrol rahim dengan dokter ruang bawah tanah. Waktu kelahiran maju dari waktu yang ditetapkan, terima kasih Tuhan bayi sehat. Hal ini dapat ditingkatkan untuk pelayanannya. Bidan di kamar anak itu ramah.",negative,True
4760_bt,4760,"Baru saja mendapat dari telepon dengan R, pilih nomor 0 s / d 12, panggilan 2 kali tidak menjawab, setelah operator dijemput dan terhubung ke cs tidak ada yang mengangkat. Sedih tentang layanan.",negative,True
4761_bt,4761,Ada masalah yang sama dua kali. Petugas administrasi salah informasi. Dokter mengambil cuti.,negative,True
4763_bt,4763,"Layanan Bpjs sangat lambat dan awal. Garis tidak jelas berdasarkan apa, fasilitas bangunan juga buruk",negative,True
4766_bt,4766,Anak saya tidak berjalan sekitar dengan Feby securty dengan catatan tinggi anak saya sementara aku dalam keadaan sakit kepala.,negative,True
4782_bt,4782,"Layanan utama dimulai dari keamanan ke dokter. tidak membedakan bpjs atau pasien umum. Meskipun menunggu untuk tidur untuk sementara waktu, tidak apa-apa.",negative,True
4788_bt,4788,"Layanan ini ramah dan tidak terlalu lama menunggu, yang mahal. Ya, karena aku tidak benar-benar mengerti. Hal ini juga mudah, untuk pembayaran tunai dapat dilakukan melalui transfer dan bukti transfer dikirim melalui email. Untuk pemeriksaan darah juga, selama satu setengah jam untuk menunggu hasilnya keluar. Satu-satunya hal yang terlalu buruk adalah tidak ada air minum tersedia untuk pasien pengangguran atau untuk orang yang bersangkutan. Jadi jika ada jadwal medis dan Anda berada di rumah sakit, tidak apa-apa untuk tidak keluar dan membeli air Anda sendiri. Atau siap untuk minum dari rumah. Aku tak kenal orang lain. Ya, saya pikir itu saja.",negative,True
4804_bt,4804,"Sepertinya kebanyakan dokter masih sangat muda. Apakah ini magang? Ketika saya mengambil darah ke 4x, saya tidak bisa mendapatkannya ke 5 berikutnya, tangan saya semua bengkak.",negative,True
4812_bt,4812,"Ruang tunggu tidak cukup, ada di area kantin tapi penuh. Menunggu di teras ditendang keluar oleh keamanan. The Schuilla sangat jauh di belakang sangat mengecewakan.",negative,True
4813_bt,4813,"Sudah lama sejak aku menjelaskan kepada Anda bahwa jika Anda diminta untuk mendaftar, mengambil nomor setelah Anda mengatakan, ""Ambil nomor pada 1: 00"". Apa gunanya orang awam yang tidak mengerti?",negative,True
4821_bt,4821,pengalaman buruk & layanan buruk,negative,True
4829_bt,4829,"Boleh aku bertanya, Bisakah psikolog anak di rumah sakit menggunakan bpjs? Anakku melakukan evaluasi psikologi dengan anak-anak di rumah sakit. Itu hanya waktu itu. Bayar.",negative,True
4834_bt,4834,"Ipd pelayan lambat. Benar, rumah sakit elit.",negative,True
4847_bt,4847,"Perawat di bagian tht tidak kooperatif dan tidak akan membantu untuk meminta dokter untuk mengisi formulir sebelum-asuransi penggantian dan posting - tetap jujur, tidak akan dirawat ke rumah sakit ini lagi.",negative,True
4856_bt,4856,Aku harus mengubah review saya menjadi satu bintang. Karena layanan sangat buruk sekarang. Anak saya dalam keadaan darurat dan harus menunggu dari 02: 00 dan sampai 11: 00 dokter tidak datang mengunjungi kami di ruang gawat darurat.,negative,True
4862_bt,4862,"Layanan rawat jalan nya bersih, tidak tertata - tidak banyak persyaratan rekomendasi.",negative,True
4882_bt,4882,"Proses terburuk. Karena wabah kovid19, semua pasien dengan sejarah demam harus menjalani thorax CT scan. Kami memiliki lebih dari enam jam dengan pasien ditempatkan di luar gedung. Bayangkan saat kau demam dan harus menunggu di luar.",negative,True
4891_bt,4891,Ayahku akan memiliki cincin vena.,negative,True
4893_bt,4893,"Bagian atas layanan, sudah 3 kali. Kau selalu baik.",negative,True
4904_bt,4904,"Jika Anda berada di sini untuk memantau garis, Anda tidak akan dapat menemukan orang dalam. Tidak ada sistem tunggu. Ini harus menjadi penjaga keamanan dikondisikan oleh nomor antrian seperti bank.",negative,True
4921_bt,4921,Layanan radiologi.,negative,True
4922_bt,4922,"Peristiwa 2016 masih tertinggal.
Ada ahli kandungan bernama Fransisca Mochtar, Kettlefish lebih buruk dari dokter. Tapi layanan dokter lebih buruk daripada dokter.
Lalu aku pergi ke Husada.",negative,True
4932_bt,4932,Melayani bintang untuk berbicara.. Ya.,negative,True
4941_bt,4941,"Obat-obat yang mengambil layanan sangat buruk, Ojol parkir jauh di belakang, hanya menempatkan sepeda pada panggilan chatting. Rumah sakit akan diambil atau tidak ada obat.",negative,True
4950_bt,4950,Maaf untuk bertanya apakah kontrol pasien harus menunggu berjam-jam? Apa yang terjadi pagi ini? Aku sudah dijadwalkan untuk kontrol pukul 7 pagi. Tapi lihat sekitar jam 11: 30.,negative,True
4966_bt,4966,Ini baru empat jam sejak sistem online hari ini bahwa daftar ini online.,negative,True
4968_bt,4968,Pelayanannya bagus. Responnya cepat. Pertunjukannya ramah.,negative,True
4971_bt,4971,Silakan mengambil mba untuk ibu perawat di salah satu ruang dekat taman. Ada sebuah albuola. Ketika saya mengatakan nama ruangan.,negative,True
4980_bt,4980,"Proses menunggu obat begitu lama, pasien hanya tiga",negative,True
4983_bt,4983,"Cukup kecewa bahwa beberapa dokter sedikit komersial. Memberikan pilihan ""pengobatan tidak boleh dilakukan"". Ini tidak terlalu banyak rasa sakit. Ini terlalu banyak.",negative,True
4987_bt,4987,"Untuk pasien yang ingin pergi ke onkologi, saranku adalah aku mendapat referensi pertama ke rumah sakit.
Hanya ada satu orang di sini jadi kita harus berbaris.",negative,True
4988_bt,4988,"Halo sentra medika, sedikit nasihat dan kritik untuk petugas layanan atau petugas keamanan mungkin lebih diperlukan. ramah, untuk seorang perwira di lt adalah 4 bagian bedah dalam catatan untuk tidak memiliki banyak percakapan.",negative,True
4993_bt,4993,"Dokter senior tidak akan menjelaskan pendapat mereka atau menjawab pertanyaan pasien dengan cara yang jelas dan hormat. Selalu mendorong untuk operasi, memperlakukanmu seperti kelinci percobaan. Menghindarinya di semua biaya jika Anda menghargai hidup Anda",negative,True
5001_bt,5001,"Old layanan, berisik, kemudian di rumah sakit, ada perayaan ulang tahun, bernyanyi pada sistem suara. Layanan gangguan, brilian dan membuat kebisingan.
Petugas adalah brengsek!",negative,True
5013_bt,5013,"Dia. Jasanya penuh dan ribet.
pke bpjs dalam rumit
Trz juga kurang layanan.
Rumah sakit lainnya berbeda. Mereka sangat kecewa dan lantai dan toilet yang kotor.",negative,True
5029_bt,5029,Terima Allah layanan di sini begitu baik dan ramah.,negative,True
5050_bt,5050,Layanan hidup baik untuk anak. Tolong perhatikan kamar mandi untuk keamanan.,negative,True
5069_bt,5069,"Plotnya membuat trauma anakku, karena obat-obatan di IV terlalu ketat sampai tangan anakku bengkak.",negative,True
5077_bt,5077,"Sebuah bangunan yang lebih modern. Lebih bersih, lokasi strategis daripada lokasi RS lama. Di lobi RS ada minimarket indomitopoli. Saya tidak mengerti karena saya datang ke sini untuk sementara waktu untuk menemukan teman sakit.",negative,True
5083_bt,5083,"Layanan baik, tetapi menu lebih baik. Tidak ada bau amis, dan jam kunjungan tidak terlalu keras. Ini cukup untuk mengganggu situasi dan jam berkunjung yang dari grafik.",negative,True
5090_bt,5090,"Layanan itu begitu baik bahwa perawat tinggal di indah nusa begitu ramah, ketika saya dirawat di sana bahwa bel berdering segera setelah pasien, mudah-mudahan kasih sayang akan bergerak maju.",negative,True
5105_bt,5105,Silakan posting keamanan Anda. Jangan tinggalkan itu. Saya sebagai keluarga pasien terjebak di karena pintu terkunci. Kasar sekali.,negative,True
5112_bt,5112,"Aku membawa seorang konsultan ke rumah sakit. Semua dokter, perawat, pendaftaran sangat ramah.",negative,True
5115_bt,5115,"Aku tidak terbiasa mendapatkan peringkat jika tidak terlalu buruk, jadi aku memberikannya padamu karena itu benar-benar canggung. Pokoknya, ketika anak-anak berusia lima hari, mereka mendapatkan kejang.",negative,True
5117_bt,5117,"Layanan rs tidak baik. Ingin kontrol setelah tindakan endoskopi telah diremanded H-1 pada 1300 jam, tetapi pada hari itu, dokter telah diberitahu bahwa pada 13: 00 dokter tidak bisa. Jika ada masalah, itu adalah H-1 jika pada 13: 00 dokter tidak tersedia. Sebagai pekerja tidak bisa mendapatkan izin tiba-tiba, dan jelas di H-1 nya telah mengkonfirmasi jadwal kontrol di 13: 00",negative,True
5118_bt,5118,"Rumah sakit bersih, tempat tunggu di poli juga nyaman.
Ada tempat tinggal, ada makanan.",negative,True
5119_bt,5119,"Harap tambahkan seorang karyawan ke & kasir, agar tidak menunggu terlalu lama. Dan tolong perhatikan kebersihan toilet! Kelas RS Brawijaya. Toilet sangat kotor.",negative,True
5126_bt,5126,"fisioterapi di sini sangat service- ramah, dan ada musik, sehingga tidak terlalu tegang selama terapi. Ini pasti terbaik untuk fisioterapi di sini.",negative,True
5130_bt,5130,Parkir tidak nyaman,negative,True
5146_bt,5146,"Itu buruk, kurang layanan! Dokter tidak begitu baik!",negative,True
5147_bt,5147,"Tolong pastikan kasir & admin ditambahkan, setiap kali pasien rawat jalan dan tinggal di sini, itu selalu waktu yang lama. Banyak obat yang ada di sana, tapi kasir masih belum selesai.",negative,True
5150_bt,5150,"Layanannya bagus. Para petugas tidak memiliki tempat parkir, mereka tidak memiliki kartu uang, flazz tersebut.",negative,True
5155_bt,5155,Layanan bebas atas.,negative,True
5164_bt,5164,"Layanan buruk, wanita.... selama itu berlangsung.",negative,True
5173_bt,5173,Pembantu baik-baik saja. Rs bersih. Polisi menunggu ruangan polling panas. Itu hanya kipas angin.,negative,True
5175_bt,5175,"Penjaga gerbang ingin masuk ke ruang Bugenville seperti orang kampung. Dr Perawat mengatakan kepada saya untuk membawa darah dari laboratorium sendiri. Tapi saat keamanan lwat berhenti, aku ingin kembali ke ruang medis.",negative,True
5184_bt,5184,"Layanan rumah sakit bagus, ramah dan cepat.",negative,True
5193_bt,5193,"Para dokter baik, tapi layanan buruk, menunggu dokter dan pembayaran selama berjam-jam. Harga tidak layak untuk dilayani.",negative,True
5197_bt,5197,"Tidak buruk, meskipun layanan kurang ramah tapi penanganan cukup cepat.",negative,True
5207_bt,5207,Sistem antrian buruk. Ia mengatakan itu baik. Bahkan tidak jelas informasi.,negative,True
5208_bt,5208,Aku pergi ke Upd. Untuk pelayanan yang baik kemarin. Tapi ada satu hal yang harus dilakukan.,negative,True
5214_bt,5214,"Istri saya dulu tinggal di rumah sakit, ketika check-up baru ditemukan. Sistem ini terkunci di rumah sakit ini, tidak sejalan, yang menandai perawat pertama.",negative,True
5221_bt,5221,Selamat tahun ke-8 ke tanah saudaraku.,negative,True
5224_bt,5224,"Aku sudah di kamar 309 selama dua malam, selama itu di sini. Perawat dan layanan dokter adalah ramah, terutama perawat yang menjaga dagunya pada bel, fasilitas juga lengkap dan bersih, karena saya memiliki diare. Jadi satu-satunya pilihan adalah bubur dan roti panggang.",negative,True
5227_bt,5227,"Layanan independen kesehatan sangat buruk. Setengah jam menunggu di sana, tidak ada yang bertugas.",negative,True
5228_bt,5228,"Layanan nya tidak ramah, dimulai dengan dokter sp dan kasir, dan menunggunya untuk membayar obat luamaaaaa selama satu jam.",negative,True
5233_bt,5233,"Sejak sistem berubah, periode menunggu bahkan lebih lama. Dulu sekali, itu dari pendaftaran ke obat-obatan mengambil yang hanya 30 menit. Sekarang aku hanya menunggu perawat yang tidak berdiri di tempatnya selama 30 menit.",negative,True
5234_bt,5234,"Silahkan lihat review pasien ""di sini. Kebanyakan dari mereka mengeluh sejalan. Hanya saja aku merasa begitu tua dan di luar kendali.",negative,True
5235_bt,5235,Layanan buruk. Perawat pendaftaran bukan sup. Coba rekamannya.,negative,True
5238_bt,5238,"Rumah sakit yang besar, staf ramah tapi malu beberapa hal untuk rumah sakit sama baiknya dengan satu. Dalam p1-lantai parkir akses ke jalan setapak tidak memadai, pejalan kaki harus pergi melalui akses mobil.
Untuk pemilik penginapan, parkir gratis harus pergi ke tempat parkir pertama. Tiket parkir dan voucher. Ini harus diulang.",negative,True
5241_bt,5241,"Pengingat: suami saya (Simon sutra) meninggal pada 9 Juli 2024, setelah keluar dari RS 'gd.",negative,True
5245_bt,5245,"Terima kasih Tuhan, perawat ramah, sehingga untuk berbicara.",negative,True
5247_bt,5247,"Layanan cepat dan digital, dapat memeriksa dan mendapatkan hasil dalam setengah hari bahkan melalui wa, bangunan termasuk layanan bersih, ramah, dokter menyediakan rinci, kebanggaan kesehatan kemajuan!",negative,True
5248_bt,5248,"Selamat siang, Dok. Mari kita meminta mereka jika mereka akan membayar Anda kembali.",negative,True
5254_bt,5254,Layanan satseset tidak ramah. Ini keamanan atas.,negative,True
5257_bt,5257,"Layanan bedah ortopedi adalah yang paling lama dalam pelayanan, daftar sesi pertama dilayani sesi kedua, mohon perhatikan layanan bedah ortopedi untuk pasien kasihan yang menunggu lama tapi penduduk lama datang. Layanan bedah ortopedi macam apa ini? Ya.",negative,True
5258_bt,5258,"Layanan panjang, jika ada yang ingin diperlakukan di sini Pikirkan tentang hal ini, pengalaman waktu akan berada di sini",negative,True
5270_bt,5270,Syukurlah itu lahir di rumah dengan pelayanan yang baik.,negative,True
5279_bt,5279,"Di pondok adikku. Pengobatan yang baik, penanganan cepat, air minum di Dispenser habis, sering diperiksa sehingga orang mengambilnya dan tidak kosong lagi.",negative,True
5284_bt,5284,"rs emc adik dah terbaik sinas op appendicitis dengan Dr jefry sangat ramah, dari registrasi administrasi untuk perawat penjaga keamanan.",negative,True
5286_bt,5286,"Layanan yang baik, tindakan cepat. Disarankan untuk area pil.",negative,True
5287_bt,5287,"Adikku sudah di sana selama enam hari tapi dokter tidak bisa memberinya apa-apa, sinar X dan sebagainya dan sebagainya.",negative,True
5291_bt,5291,"Hari ini saya ingin bertemu dengan Cs rs uika untuk mengurus janji dengan pasien asing keturunan di Jalan Mobole, proses yang sangat panjang dalam antrian membuat gertakan antrian dan yang bahkan lebih tidak menyenangkan.",negative,True
5294_bt,5294,"Sebuah depok igd hermina sangat bagus. Layanan, ruangan nyaman, pasien ditangani dengan segera.",negative,True
5295_bt,5295,"Ini baru pertama kalinya, tapi ini baru dua jam.",negative,True
5296_bt,5296,"Tunggu lama, untuk antrian dokter cepat",negative,True
5307_bt,5307,Layanan yang bagus. Perawat yang baik. Dokternya juga baik.,negative,True
5311_bt,5311,"Aku memakai bpjs, selalu diperlakukan dengan saudara-saudaranya bangga. Layanannya tidak benar-benar marah.",negative,True
5316_bt,5316,"Layanan baik, layanan sangat baik untuk rs anggrek.",negative,True
5326_bt,5326,Petugas Picket pada malam idd 14 Maret 2024 kurang etis. Untuk mengevaluasi etika pelayanan publik.,negative,True
5333_bt,5333,"Rumah sakit bersih, layanan ramah dan cepat.",negative,True
5336_bt,5336,"Oke, dokter perawat itu ramah, makanannya enak, enak.",negative,True
5338_bt,5338,Pelayanannya sangat ramah sejak datang ke PLG... Tidak ada bedanya bahkan jika kita pasien bpjs. Jauhkan senyum. Katakan hai!,negative,True
5340_bt,5340,"Ketika kami berada di 11: 00 di tengah hari, kami tidak memiliki banyak harapan dalam suasana hati, tapi pertama kali pasien masuk pendaftaran selama hampir dua jam lebih, kami penuh itu.",negative,True
5360_bt,5360,"Layanan di Idd mengerikan. Bahkan satu bintang pun tidak layak. Pengobatan pasien daruratnya tidak triase-way, kritis berpikir petugas medisnya dari dokternya ke perawatnya mengerikan. Dari pasien datang hanya 1x pada pengamatan nya. Itu hanya di awal, tetapi tidak terlihat sama sekali. Kondisi pasien, sampai saya meminta diri saya untuk kembali mengunjungi kondisi pasien sampai ia diatur di DC. bahkan dengan pengobatan yang sama tidak mengamati apakah obat itu halus, obat tersebut kelelahan atau respon pasien setelah obat itu diberikan. Dengan ini ia menambahkan stigma buruk tentang bpjs, sedangkan sdm tidak kompeten!!! Pasien dalam kondisi ketat dan menggunakan 15lpm, dc terpasang, dipindahkan ke ruang gerak oleh perawat igd hanya menggunakan kursi roda yang seharusnya berada di aman yang pasien kuat dan pasien sudah berat. Ini tidak layak memanggil nakes!!",negative,True
5364_bt,5364,"Nasib buruk dengan layanan, dimulai dengan waktu dan layanan perawat, juga dokter, diperlakukan tanpa kepastian. Mereka hanya disuruh menunggu dan menunggu dan menunggu.",negative,True
5372_bt,5372,Layanan pemeliharaan sangat mengecewakan. Setiap keluhan secara langsung merespon ke bilik seolah-olah kita berada di sana dalam angin.,negative,True
5375_bt,5375,"Proses ini lambat, terus-menerus menunggu setidaknya 40 menit antara tes.. Saya menduga mereka melewatkan giliran saya beberapa kali.. tidak disarankan.",negative,True
5384_bt,5384,Layanan rumah sakit ini sangat baik. Petugas sangat ramah.,negative,True
5387_bt,5387,"""kepada manajemen penyerangan selatan, dengan hormat, saya ingin menyampaikan keluhan mengenai pengalaman saya selama di rumah sakit. Saya ingin mengajukan keluhan mengenai layanan rumah sakit. Pada tanggal 25 Oktober 2025, dari pukul 12: 00 sampai 4: 30 pagi, tidak ada perawat di ruangan tempatku berada. yang terlihat seperti hanya peserta pelatihan dari sekolah yang tampaknya kurang pengalaman. Hal ini sangat mengganggu, terutama ketika ada pasien lain yang menciptakan kebisingan dan mengganggu kenyamanan pasien beristirahat. Saya harap rumah sakit dapat meninjau prosedur penempatan medis dan memastikan bahwa ada perawat profesional berdiri setiap saat, untuk kenyamanan dan keamanan pasien"". Aku berharap ada tindakan segera untuk memastikan bahwa kondisi ini tidak terulang, untuk kenyamanan dan keamanan pasien. Terima kasih atas perhatianmu.",negative,True
5390_bt,5390,"Staf / perawat tidak semua ramah, tidak ada panggilan. Suster, tidak ada layanan. Tidak bagus.",negative,True
5406_bt,5406,layanan dapat diandalkan dan tepat waktu,negative,True
5415_bt,5415,"Layanan. Oke. Nah, bagaimana dengan apotek?",negative,True
5430_bt,5430,"Aku bertanya nomor saya di baris tiga antrian. Petugas mengatakan bahwa jawaban untuk pelayan dengan hard- on akan terlalu jauh """,negative,True
5432_bt,5432,Ini sangat membantu dengan layanan bilik dalam eksekutif poli. ramah dan sangat informatif dalam memberikan layanan untuk anak-anak kita yang harus memiliki tes kesehatan untuk memenuhi persyaratan memasuki perguruan tinggi. Terima kasih Tuhan anak kita menerima pmmctive.politis kesehatan megakes.,negative,True
5438_bt,5438,"Saya divaksinasi dengan menggunakan proses asuransi vaksin setengah jam hanya menunggu untuk itu menjadi pembayaran yang serius administrasi selama dua jam terakhir benar-benar buruk. Proses baru menggunakan antrian. Gunakan gelang kirain, mempercepat proses ini. Ini jauh lebih lama daripada sebelum berantakan.",negative,True
5440_bt,5440,"Layanan keamanan di ruang pemicu anak di lantai tiga ke kanan tidak memiliki sopan santun dan sopan santun dalam berbicara, perilaku dan pelayanannya sangat buruk bagi keluarga. Tolong biarkan penjaga keamanan seperti ini berhenti bekerja lagi, karena tidak ada kesopanan dalam berbicara kepada keamanan.
* Girl (tomboy)
* Rambut pendek
♪ Fat bodies
* Tidak sopan dalam berbicara
* Berbicara kasar dan buruk di hati",negative,True
5444_bt,5444,Layanan yang bagus. Bagus.,negative,True
5446_bt,5446,"Layanan terburuk. Dan untuk peserta, kita tidak mendapatkan update. Tentu, kami membayar setiap bulan, bahkan jika kita tidak.",negative,True
5447_bt,5447,Rumah sakit terburuk yang bisa kupikirkan. Ini berhubungan dengan jadwal dokter. Masih tutup jam 2 sore sebelum jam.,negative,True
5448_bt,5448,kamar yang rapi,negative,True
5469_bt,5469,"Pengalaman buruk, pergi untuk pemeriksaan kesehatan, memesan janji online, pendaftaran dibuka pukul 8 pagi, dan aku sampai di sana pukul 7.50 pagi, dan mereka mengatakan itu penuh untuk hari. Kami tidak memiliki informasi sebelumnya bahwa tempat itu penuh dan kami mengejutkan tidak terdaftar.",negative,True
5474_bt,5474,"Pergantian hari ini adalah pemicu, penjaga keamanan di pintu yang adalah seorang pria tangguh, bertindak tangguh tapi kuat, gadis itu bertanya apakah foto koridor bukan jawaban untuk jawaban pertanyaan, saya berada di gas, catatan tinggi, harap membayar lebih banyak untuk keamanan, kita di sini",negative,True
5489_bt,5489,"Tempat ini bagus, bidan adalah informatif, makanan yang baik, layanan bidan keren.",negative,True
5514_bt,5514,"Maaf, saya harus bertanya, untuk C-section 3 di rumah sakit. Berapa harganya? Tolong beritahu aku, karena jika aku bisa mendapatkan referensi untuk operasi Caesar, aku bisa datang ke program permata perawat.",negative,True
5516_bt,5516,"Aku bukan pasien baru dari awal rumah sakit medis. Dulu itu pelayanan yang bagus, tapi tidak seperti orang tua tidak memiliki sopan santun.",negative,True
5517_bt,5517,"Penjaga gerbang ingin masuk ke ruang Bugenville seperti orang kampung. Dr Perawat mengatakan kepada saya untuk membawa darah dari laboratorium sendiri. Tapi saat keamanan lwat berhenti, aku ingin kembali ke ruang medis.",negative,True
5522_bt,5522,"Layanan buruk. Biayanya banyak uang untuk barang-barang. biaya untuk hal-hal yang pasien tidak harus membayar. Lupa untuk menyediakan makanan untuk pasien yang dirawat di rumah sakit, dan tidak ada mengikuti-melalui selama berjam-jam bahkan setelah diberitahu tentang hilang makanan.",negative,True
5526_bt,5526,"Aku akan memberikan bintang 5, karena admin, dokter, perawat, keamanan, kasir darurat, pekerjaan yang tepat. Tapi aku sangat kecewa dengan apoteker mereka!",negative,True
5527_bt,5527,"Rumah sakit yang bagus, bersih, layanan ramah, dari parkir ke keamanan, admin sistem dan farmasi cukup cepat, dokter ramah - dekat dengan rumah",negative,True
5530_bt,5530,"Ini adalah fungsi idd d. Layanan buruk. Tidak harus lama. Nah, bintang telah menunjukkan rap dan kualitas layanan sangat mengecewakan.",negative,True
5535_bt,5535,"Hal ini buruk, menunggu obat lima jam masih ada 60 antrian lebih dan seperti tidak ada solusi.",negative,True
5557_bt,5557,"Layanan ramah, rumah sakit bersih, makanan yang baik dan perawat sangat gesit",negative,True
5562_bt,5562,"Sudah lama sekali di apotek. Sudah tiga jam, tapi sisa layanan baik-baik saja.",negative,True
5564_bt,5564,"Agen servis mengajukan 5s, tapi kurang inisiatif untuk memberikan informasi pasien. Dalam tanda terima pengobatan selama beberapa hari, itu adalah pembayaran sehari-hari Konsul & kunjungan, tetapi pada kenyataannya Konsul & kunjungan hanya dilakukan sekali selama pengobatan, tampilan ipd dokter tidak akan masuk ke ruang tamu tapi pada penerimaan adalah vicyte. Ketika korban juga tidak memeriksa apa-apa, hanya bertanya apa yang mereka rasakan. Perawat datang dengan lebih dari empat orang. Tidak ada kejelasan informasi tentang apakah atau tidak untuk pulang, setelah ditanya bahwa dokter tidak tersedia sehingga Anda harus tinggal hari lain. Pada awalnya mengatakan estimasi biaya publik adalah 1jt wixmal 1.5jt tetapi tanda terima bernilai hampir 2jt / hari. Infuses hanya 6 kali. Jumlah obat bernilai 4-5x kali lebih dari harga biaya ritel di luar. Ada suatu masa ketika orang-orang bekerja dan bekerja dan bekerja & jam untuk Isoma pertama, sampai rumah sakit bukan jam berkunjung! Sebelum dirawat di sini dengan dua balita, disarankan VLP untuk diperlakukan dalam satu ruangan, karena salah satu bayi tidak ditutupi oleh anak. Tapi fakta bahwa kamar bayi dipindahkan tidak diberikan fasilitas perawatan ketika perawat mengatakan dia sedang dirawat. Namun mereka sendiri menyarankan bayi diperlakukan juga. Ketika diminta untuk fasilitas tidak ada kejelasan. Salah satunya adalah fasilitas akomodasi mobil yang membawa pasien pulang. Tidak, ketika ditanya, tidak ada yang tersedia dan aplikasi online akan dikenakan biaya dengan aplikasi online, tetapi ketika mobil datang untuk ongkos mobil! Obat-obatan juga salah, hasil kami harus membayar obat lagi. Penangan di timur Jakarta rsia menggunakan bpjs sendiri sebagai vip, tetapi dalam vips umum vips terasa seperti bpjs. Jika bukan karena RS, ini akan menjadi yang terdekat dalam sakit. Harap meningkatkan layanan!",negative,True
5572_bt,5572,Butuh lebih banyak pengalaman.,negative,True
5574_bt,5574,"Ini lokasi yang strategis. Jika dari toko saya, rumah sakit bersih, layanan ramah, informasi yang disediakan jelas.",negative,True
5578_bt,5578,"Layanan yang baik, perawat yang ramah, hanya perlu memperhatikan.",negative,True
5593_bt,5593,sistem antrian buruk & bukan transparan,negative,True
5608_bt,5608,"Layanan buruk, proses yang panjang. Hal ini di idd tetapi tidak ditangani cepat dan harus menunggu dalam antrean. Aku datang jam 8: 30, baru saja bertugas jam 11: 35. Dan aku pulang dengan kecewa karena aku butuh suntikan. Hanya berjanji ""ya"" nanti jam sampai 2: 00 pagi, aku membayar obatnya. Ternyata hanya diberi obat. Bukan suntikan. Untuk pasien yang depresi berat yang putus, tidak pernah datang ke sini. Ruangan igd tidak nyaman karena itu keras. Perawat, petugas keamanan, mereka saling bercanda. Dan kemudian di idd di mana saya menjadi pemicu sederhana, saya harus mendengarkan beberapa pasien lain sambil menunggu antrian bagi saya untuk ditangani. Sangat tidak nyaman.",negative,True
5620_bt,5620,"Anak pertama lahir di sini, dan anak-anak ada di sini. Layanan medis sudah selesai.",negative,True
5628_bt,5628,"Perawat dan dokter baik-baik saja. Um, masalah di bawah biaya parkir. Mungkin juga biaya per jam. Jam 6: 00 sore jam 8: 00. Sudah tiga jam. Bukan apa-apa kita pergi ke rumah sakit untuk sekali tidak sebulan sekali. Sering kali karena ada fisioterapi dan sudah ada dua dokter lainnya. Jam berapa itu?",negative,True
5652_bt,5652,"""Apakah Anda tidak akan menemukan orang lain untuk menempatkan di peternakannya?"" Masing-masing memakan waktu minimal 4 jam! Kendali bisa jadi 8-9 jam. Rumah sakit apa? Bawa orang tua sakit bukannya penyembuhan. Lebih sakit hari ini. Aku punya daftar untuk rutinitas fisioterapi. Wanita di konter sedang bersenang-senang menjual makanan. Nah, itu adalah neraka perubahan. Aku bertanya apakah dia tidak peduli. ""Bersabarlah!""",negative,True
5657_bt,5657,Rumah sakit Tzu chi. Sebuah rumah sakit dengan budaya humanis. Peralatan berteknologi tinggi. Lobi lebar. Layanan dengan sistem cluster sesuai dengan penyakitnya sehingga ia tidak bercampur dengan pasien lain. Toilet pasien sangat nyaman. Ada vendor yang tersedia untuk memenuhi kebutuhan. sangat nyaman,negative,True
5660_bt,5660,"msuk ugd hanya d resep obat, tidak ada cara penanganan. Tidak ada pemeriksaan darah. Ketika k 'rs sebelah ingin pemeriksaan darah positif... Aku butuh dua kli di sana.",negative,True
5692_bt,5692,Sebuah pembibitan yang ramah.,negative,True
5698_bt,5698,"Ketika Anda ingin masuk, Anda akan mendapatkan dicegat dengan keamanan. Nama saya tercatat dalam buku catatan bahwa ia memegang, maka ia telah saya duduk di kursi depan rumah sakit. Aku akan menunggu dari 8: 30-2: 40 pagi.",negative,True
5703_bt,5703,Perawat tidak terlalu baik untuk tinggal di lt 6... Menunggu obat dari 11 sampai 5 malam itu belum keluar dari pengobatan belum ketika sudah 1 hari dan sudah lebih untuk pengobatan.,negative,True
5705_bt,5705,"Untuk pelayanan di Ipd jam malam pada 18 September 2024 perawat yang melayani seperti tidak ramah dan sopan ditemukan seolah-olah duduk di bangku bermain ponsel.
Melayani pasien di telepon.
Tidak bisa menangani pasien yang membutuhkan layanan cepat.
Bagaimana jika orang yang melayani pasien dengan asuransi atau perawatan kesehatan, sementara kita menjadi diri-mandiri pasien atau membayar untuk diri mereka sendiri benar-benar tidak terkesan dan tidak siap.",negative,True
5707_bt,5707,"Layanan itu mengerikan.
Sangat lambat.
Hanya untuk memperpanjang surat referensi dari 9: 00 sampai sakit. Departemen farmasi juga sangat lambat untuk resep tangan dan obat-obatan!!",negative,True
5709_bt,5709,Pengalaman yang bagus.,negative,True
5714_bt,5714,"Keamanan bahasa tidak sangat bagus, dapat Anda katakan bahwa dengan meneleponnya, saya tidak akan mengirim anak pergi pertama. Untuk layanan keamanan. Tidak bagus.",negative,True
5730_bt,5730,"Aku sangat kecewa... dan kaya untuk dimainkan oleh rumah sakit... bahwa saya tidak tidur, bahwa hanya Tuhan yang tahu... bahwa sembilan juta tidak layak uang Anda.",negative,True
5734_bt,5734,"Berbaris. Ambil obatnya.
Sudah tiga jam.
meskipun umum",negative,True
5751_bt,5751,"Kualitas layanan keperawatan di bagian penyakit dalam sangat buruk.
minim adab",negative,True
5753_bt,5753,"Ini buruk untuk layanan pemicu. Jika kau tidak bisa mengatasinya, katakan padaku untuk tidak tutup mulut. Kondisi anakku memburuk.",negative,True
5769_bt,5769,"Lokasi yang mudah, tempat yang bersih, nyaman, staf yang ramah.",negative,True
5776_bt,5776,Jadwal dokter tidak sesuai jadwal... Toilet lt 1 bau harus dievaluasi,negative,True
5781_bt,5781,"Saya sudah dua kali berada di rumah sakit ini, dengan biaya yang mahal, tapi layanan & perawatan untuk pasien yang buruk, peraturan & penjelasan untuk lebih sedikit pasien komunikasi, & perawatan lambat bagi pasien,",negative,True
5802_bt,5802,Layanan buruk. Perawat benar-benar kasar. Masuk ke kamar dan dobrak pintunya. Ruangan ini penuh.,negative,True
5805_bt,5805,Layanan sangat buruk Anakku kritis petugas santai dan minum es!! Tolong bos di kehidupan manusia yang ketat tidak dapat ditukar untuk apa pun Tolong tunjukkan padaku staf petugasnya!!!!!!!!!!!,negative,True
5809_bt,5809,"Penjelasan obatnya jelas, menjelaskan penggunaan waktu yang tepat. Apoteker itu ramah.",negative,True
5812_bt,5812,"Layanan ini ramah, tetapi jika Anda seorang pasien menunggu untuk baris untuk selalu menyakiti hatinya, karena sering panggilan baris tertunda lama dan bermain dokter pertama, biarkan aku hanya menyebutnya masuk",negative,True
5830_bt,5830,"Tempat ini bersih, staf ramah, waktu itu pergi ke Dr Umum, aku lupa siapa yang ramah. Disarankan",negative,True
5873_bt,5873,Dokter berada di rumah sakit selama 2 jam terlambat. Aku pertama kali dirawat di rumah sakit ini. Kau seharusnya bilang kau terlambat. Buang-buang waktu,negative,True
5875_bt,5875,"Mengacaukan layanan, terutama bagian perawatan. Dua juta tidak di asuransi penutup karena suatu alasan. Dan hanya chatting dengan asuransi.",negative,True
5878_bt,5878,Terima kasih Tuhan.,negative,True
5881_bt,5881,"Rumah sakit yang dia katakan dia terima, tapi tidak ramah kepada pasien!!! payah!!!",negative,True
5886_bt,5886,"Rumah sakit bersih, petugas ramah, administrasi cepat, petugas medis dipercaya. Ini sudah berlangganan untuk keluarga saya. Sekarang tidak perlu pergi jauh-jauh ke Jakarta untuk pengobatan.",negative,True
5887_bt,5887,"Rumah sakit kotor, toilet kotor, apalagi, ruang isolasi dicintai di ruang tak berpenghuni untuk waktu yang lama, dinding kotor, jauh dari kata yang bersih. Ini adalah rumah sakit niat.",negative,True
5895_bt,5895,"Itu sangat mengecewakan, butuh waktu lama untuk pindah ke rumah sakit sebelah karena butuh waktu lama untuk menunggu, dan dibayar. Aku sudah selesai.",negative,True
5902_bt,5902,"Layanan igd secara keseluruhan lambat. Saranku adalah jika aku punya penyakit yang membutuhkan penanganan cepat, jangan lari ke rumah sakit duta besar yang cantik.
Setelah memindahkan VVIP pasien harus menunggu kamar untuk dibersihkan, sistem pengelolaan sangat buruk.
Mengambil sampel darah bayi 3 tahun harus 3 kali tusukan jarum, silahkan manajemen dalam briefing lagi perawat khusus nya mona, tidak perlu ragu karena kami pasien membutuhkan layanan tidak berkedut.
Setelah memindahkan vip pelayanannya, itu masih lambat. Hanya saja karyawan sedikit murah. Senyum.",negative,True
5907_bt,5907,"Salah satu rumah sakit anak-anak adalah recode.
dari aksi keluar masuk dan keluar dari tol ke lokasi yang mudah, respon dan layanan ipd cepat.
Untuk pelayanan dari keamanan untuk semua dokter... dua jempol untuk grandfa.",negative,True
5918_bt,5918,"Kurang layanan, dokter tua. Pasien masuk dari sore hari baru bertemu dokternya malam itu juga. Ruangan ini tidak cukup dan kuil sedikit kotor",negative,True
5927_bt,5927,Maafkan aku. Maafkan aku.,negative,True
5928_bt,5928,"Ini tidak baik di apotek. Butuh waktu begitu lama untuk itu untuk bertahan satu jam lagi, jadi tolong biarkan manajer dalam berikut-up.",negative,True
5929_bt,5929,Layanan. Oke.,negative,True
5931_bt,5931,"staf tidak ramah sama sekali, tidak diakui",negative,True
5932_bt,5932,Pekerjaan panjang. Menunggu obat dari jam 6 pagi sampai jam 8 pagi.,negative,True
5936_bt,5936,Rumah sakit yang bagus dengan staf yang ramah.,negative,True
5945_bt,5945,Bagian atasnya sangat asin. Layanan sangat menyukai wanita.,negative,True
5959_bt,5959,"Layanan lama, dokter dan perawat tidak peduli dengan pasien, sangat berbeda antara bpjs dan non-bpjs, dan saya sudah menunggu lama untuk tidak ada ruang, yang baru saja masuk.",negative,True
5968_bt,5968,"Ruang tunggu nyaman, staf ramah, dokter yang baik",negative,True
5987_bt,5987,"Seharusnya untuk bagian farmasi dari pasien asuransi, bpjs atau pasien publik terpisah sepanjang jalan bersama-sama seperti ini. Karena perbandingan tidak seimbang. Sayang sekali.",negative,True
6000_bt,6000,Untuk layanan. Semuanya baik-baik saja. Aku datang dari keamanan sebelumnya.,negative,True
6024_bt,6024,"Saya pikir semua staf benar-benar ramah, meskipun kita selalu tersenyum dan ramah. Aku nyaman dengan itu, tapi di sinilah aku.",negative,True
6026_bt,6026,"Rumah sakit yang bagus dan besar, tapi mobil pelanggan sulit untuk mencapai dan murah untuk memberikan informasi... Aku kecewa dengan pelayanan almarhum RS pada lebasaurus.",negative,True
6048_bt,6048,Layanan perawat tidak terlalu bangga!!! Sikapnya kurang!,negative,True
6073_bt,6073,"Hanya satu kata untuk RS Royal Warma, mudah-mudahan lebih banyak pasien karena saya dan keluarga mempercayai perawatan kesehatan untuk R.",negative,True
6090_bt,6090,Terlalu lama.,negative,True
6091_bt,6091,Mungkin ini terakhir kalinya aku di sini sebagai pasien. Layanan yang bagus. Kamar yang bagus.,negative,True
6096_bt,6096,"Sedikit kecewa dengan layanan di Ipd, laringitis dan demam, hanya di IV turun dengan dokter dan perawat + memberikan obat Paracetamol sebagai omaprazol untuk perut saja. Tidak ada antibiotik untuk peradangan. Ketika aku pulang dari idd, aku demam dari 41 derajat, dari sana ke dokter lain dan menyembuhkan tenggorokanku.",negative,True
6106_bt,6106,"Dokter praktek pada pukul 4: 00 dan dia kembali pukul 5: 00, ternyata 6: 00. Ini berantakan. Bagaimana jika dia punya anak yang harus cepat? Perawat juga sepupu.",negative,True
6107_bt,6107,"Sistem pendaftaran online (via whatsapp) tidak berguna. Anda masih perlu mengambil nomor sejalan! Hampir semua staf bekerja sangat lambat, dokumen benar-benar memakan waktu lama untuk memproses, langkah-langkah maju sangat tidak efisien!",negative,True
6116_bt,6116,"Awak parkir sudah mati, tempat parkir banyak. Ini disebut penuh, tidak ramah, kasar. layanan buruk",negative,True
6124_bt,6124,Antrian untuk pendaftaran bpjs berantakan dan mesin antrian tidak bekerja. Daftar online juga tidak berguna. Semua pekerjaan panjang.,negative,True
6132_bt,6132,"Layanan yang baik, ruang lytia bagus dan rapi, fasilitas. Oke, dokter ramah dan tepat waktu.",negative,True
6140_bt,6140,"Melakukan pemeriksaan kesehatan rutin di sini. Tidak ada kesulitan selama prosedur medis kecuali jadwal konsultasi dokter. Aku punya janji 5 hari sebelum jadwalku dan sudah dikonfirmasi, aku harus mengkonfirmasi ulang jika aku ingin mengubah jadwalnya. Pada hari saya mengunjungi jadwal saya, mereka mengatakan saya harus mengkonfirmasi kembali satu hari sebelumnya. Saya menunjukkan pembicaraan saya kepada staf jika jadwal saya telah dikonfirmasi dan mereka melanjutkan. Butuh waktu lebih dari 4 jam untuk menyelesaikan 4 konsultasi dengan 4 dokter. benar-benar kecewa dengan cara mereka mengatur antrian karena mereka merindukanku beberapa kali. By the way, konsultasi telah dijadwalkan ulang dua kali karena hal ini antrian.",negative,True
6151_bt,6151,Rumah sakit bersih. Layanan ini tepat. Dan cepat.,negative,True
6166_bt,6166,"Saya berasal dari suku pelayanan kesehatan Jakarta Barat, sebuah layanan di Uud rs urkrida sangat mengecewakan untuk dihubungkan dengan kompetensi.",negative,True
6177_bt,6177,"Layanan. Oke, ramah. Bagus.",negative,True
6178_bt,6178,"Anak baik, bersih",negative,True
6180_bt,6180,"Saya memiliki layanan yang sangat mengecewakan ketika ibu saya kritis karena diabetes di uud rs Atya pluit oleh Dr Stephanie, sekarang saya kritis.",negative,True
6185_bt,6185,"Layanan ini lambat dan tidak ramah, Anda datang ke klinik gigi dari 7: 00 di pagi hari dan kemudian pulang di 3: 00 sore, Anda pulang dengan staf rumah sakit, ayolah, lebih efisien daripada pada waktunya, pasien rumah sakit mengambil sampai 7 jam, itu waktu yang sama.",negative,True
6187_bt,6187,Sayang istriku adalah jahitannya lepas.,negative,True
6198_bt,6198,Pertama kalinya aku mengikuti seminar kanker dunia di rumah sakit memberiku pengalaman kanker. bagaimana kanker tumbuh dan bagaimana untuk mencegahnya. Sangat berguna,negative,True
6204_bt,6204,"Pendaftaran belum dipanggil lebih dari 2 jam.. berkas telah dipilih, diberitahu mengapa masih ada banyak baris. Sistem ini jelek, atau sumber daya manusia tidak memadai.",negative,True
6212_bt,6212,"Layanan. Oke, RS bersih. Hanya untuk terburu-buru. Mari kita berharap masa depan lebih tepat waktu.",negative,True
6226_bt,6226,"Perawatan yang baik, ""lengkap"", ruang pemicu bersih.",negative,True
6231_bt,6231,"Tidak direkomendasikan, untuk idd dikirim kembali Senin lagi Bawa referensi, pasien sakit tidak cepat obat",negative,True
6234_bt,6234,"Layanan yang baik, cepat, ramah, jelas.",negative,True
6254_bt,6254,"Pelayanannya lambat. Datang ke stasiun polipow. Sidik jari telah menunggu selama 1 jam, dan kemudian menunggu untuk menunggu untuk 4 pintu. Mereka menyuruhku untuk menunggu pemeriksaan lab. Akhirnya pulang sia-sia karena tidak ada kejelasan.",negative,True
6273_bt,6273,"Dulu itu pertunjukan yang hebat. Yang satu ini, pasien IDD, ditangani hanya dengan 2 jam. Sudah selesai.",negative,True
6283_bt,6283,Layanan cukup cepat.,negative,True
6284_bt,6284,"Sedikit kecewa dengan layanan farmasi di Rsui. Aku sudah di jalankan selama hampir dua tahun, tapi itu hanya menunggu obat untuk empat jam lagi sampai review ini dibuat, nomor saya di baris (nomor di bawah 100 bukan layar). Sementara nomor yang perbedaannya bahkan ratusan pukulan di bawah saya banyak telah selesai pengolahan. Tolong mengelola rsui untuk memperhatikan hal ini sehingga tidak terjadi lagi.",negative,True
6285_bt,6285,"Layanan dari poly obgyn bersahabat, penjelasannya jelas dan cepat. Ini tidak akan lama.",negative,True
6306_bt,6306,"Bibiku masuk rumah sakit jam 2 pagi dengan keluhan kecelakaan, sampai jam 11. Tidak ada pantangan dari rumah sakit.",negative,True
6307_bt,6307,"Layanan itu tidak ramah, perawat itu tidak sopan.",negative,True
6308_bt,6308,"Tuntutan nya baik, serta petugas nya ramah, dan tangkas seperti....)",negative,True
6314_bt,6314,Kamar anak Daffodil. bukan untuk membedakan bpjs atau pribadi.. leluhurnya. Dokter atau perawat.. kmasash ukrida. Jaga kualitas,negative,True
6324_bt,6324,Kecewa karena tidak bisa menggunakan bpjs karena itu bukan keadaan darurat.. aneh.. meskipun aku diperlakukan dengan diagnosis yang sama rasa sakit tapi penutup d di tempat lain.. ini bisa dokter mengatakan begitu,negative,True
6338_bt,6338,"Pertama, saya ingin mengucapkan terima kasih padamu dr.steven (steasthy), dia begitu baik, bijaksana, rendah hati, dia benar-benar melakukan yang terbaik untuk pasien, hormat untuk bertemu dengan Anda Pak, terima kasih banyak, i hope u sehat selalu berkat dia Aku tidak terluka lagi.. dia sangat ramah, informatif, kadang-kadang bermain-main, cara yang baik, membantu 1000 / 10, terima kasih Kakriri / ririn",negative,True
6345_bt,6345,"Layanan lambat... 1,5 jam istirahat.
Pasien tambahan.. sangat mengecewakan",negative,True
6350_bt,6350,Aku kecewa bahwa RS Andika ada di sini. Sudah lama aku tak mengantri. Apa satu jam ke depan?,negative,True
6353_bt,6353,"Sisanya terlalu panjang, janji adalah 7: 00. tetapi spune stgh 8 tidak terbuka juga",negative,True
6355_bt,6355,Kumohon. Perawat lantai enam lebih dari makhluk kelas atas. Rumah sakit adalah kelas atas.,negative,True
6356_bt,6356,"Tidak nyaman dengan pengobatan dokter di Upd. Perempuan, mulut. hadeeh",negative,True
6361_bt,6361,Rumah sakit sangat nyaman.,negative,True
6362_bt,6362,"Layanan ini sangat buruk untuk pasien rawat jalan dan aplikasi farmasi, terutama untuk pasien asuransi. Untuk pendaftaran rawat jalan, aku harus menunggu dua jam, dua jam farmasi. Sepertinya tenaga kerja kurang!",negative,True
6367_bt,6367,"Situs perawatan bersih, nyaman dan sangat ramah untuk anak-anak... membuat fasilitas perawatan tempat yang menyenangkan untuk anak-anak. Ada juga banyak kursi untuk duduk di ruang tunggu.",negative,True
6370_bt,6370,"Dokter anak nya bodoh. Nah, di sini, anak saya memiliki darah, mantook, kontrol dan sebagainya. Seharusnya negatif.",negative,True
6383_bt,6383,"Jujur kecewa. Layanan yang sama di sini, terutama dokter yang mengurusnya. Anakku masih rendah pada trombosit. Dia sudah di rumah selama dua malam. Anakku sudah diurus. Terima kasih Tuhan untuk perawat.",negative,True
6388_bt,6388,"Sejak aksi penimbunan gigi yang lebih muda, menunggu obatnya empat jam. Ini belum berakhir, sementara obat-obatan berakhir, obat-obatan hilang.",negative,True
6393_bt,6393,"Nah, untuk perawat dan dokter, itu agak ramah, tapi layanan pengobatan adalah waktu yang lama... Ketika panggilan perawat memang datang untuk pertanyaan, tapi solusinya sering lama sejak perawat tidak bisa dan harus menunggu perawat lain. Respon lama harus diulang dan ketika diminta untuk sesuatu tidak melakukannya segera. I.V. datang tapi itu tetap sekitar satu jam setelah laporan. Dan kemudian ketika kondisi pasien dalam rasa sakit dan anti- penghilang rasa sakit yang infusing, kita harus menunggu sampai lima jam untuk mendapatkannya kembali. Katanya dia sedang menunggu apotek di lantai bawah. That 's how long it takes ♪
Perawat mengatakan itu tidak disediakan oleh R, tapi itu tidak diberikan solusi lain. Jadi kau harus menyediakan untuk dirimu sendiri. Pasti dari pasien yang menyiapkan semua kebutuhan dari hal semacam ini. Jika tidak ada solusi lain setidaknya jangan hanya diam. Itu saja terima kasih.",negative,True
6394_bt,6394,Panggil layanan cepat. Tempat ini agak sulit karena dekat dengan pasar jadi sangat ramai untuk empat kendaraan roda. Selama wabah di luar gedung akan ada skenario suhu tubuh. Satu-satunya pembayaran di sini adalah tunai. Staf juga cukup ramah dan menyenangkan.,negative,True
6396_bt,6396,Layanan yang bagus. Bersikap baiklah pada orang jahat.,negative,True
6408_bt,6408,"Permintaan untuk layanan tipe d sangat buruk. Keponakanku sudah di rumah sakit selama empat hari. Tidak ada perubahan, tidak ada rasa sakit. Menunggu.",negative,True
6413_bt,6413,Layanan butuh waktu lama. Orang sakit menunggu. Tidak disuruh tidur di tempat tidur dulu. Dia mengatakan untuk menunggu di depan kasir. Hampir satu jam aku telah menunggu,negative,True
6427_bt,6427,"Ini sangat tenang layanan administrasi.... jika Anda datang ke sini dan menunggu satu jam untuk admin & asuransi... sulit untuk mencetak & kutu. ""Kapan kita punya waktu untuk mengkonfirmasi bola lingkaran?""",negative,True
6428_bt,6428,Saat ini aku masih di sini (15-05-2018) 02: 14 istri yang akan melahirkan (yang akan disampaikan bpjs). Masuk di 1405- 2018.,negative,True
6446_bt,6446,Aku menyukainya.,negative,True
6454_bt,6454,layanan lambat untuk mengambil hasil radiologi hrus tunggu 2 jam,negative,True
6455_bt,6455,Senang bertemu denganmu. Layanan cepat. Aku akan pergi ke idd.,negative,True
6459_bt,6459,"Tingkat layanan yang sangat mengkhawatirkan ketika karyawan tidak merespon dan tampaknya sibuk sendirian dengan moncong mereka sendiri dan backscrouting, tidak ada aliran / rincian selalu diberitahu untuk menunggu. Saya dari 05: 00 Saya belum mampu mendapatkan obat.",negative,True
6470_bt,6470,"Atasanku R. Jika Anda sakit, layanan tidak bertele-tele.",negative,True
6471_bt,6471,Layanan ok.,negative,True
6478_bt,6478,"Syukurlah aku berada di gedung Safa 1, pelayanan yang bagus, perawat yang ramah, aku hanya bisa menyarankan bahwa setiap ruangan disediakan dengan fasilitas seperti pembersih tangan.",negative,True
6485_bt,6485,Saya tidak tahu berapa lama dokter akan menyia-nyiakan jika dokter gigi ingin menggunakannya.,negative,True
6486_bt,6486,"Saya adalah pasien berlengan patah di sisi kiri dari kecelakaan tenaga kerja pada bulan Januari 2023 dan pada rebound dari pena pada hari Senin 27 nov 2023 saya tidak dalam rincian masalah tulang saya, yang jelas kasus tulang dislokasi karena tidak dapat ditangani dalam Tres keluarga Calderes,
Aku akhirnya disebut RS. Sutra alami di sana. Aku mengendalikan diri.
Hasilnya bengkok dan masih bengkak, dan saya akhirnya beroperasi kembali dan menempatkan pena kembali. Ini akan menjadi Januari 2024. Kecewa.
Mengapa catatan memegang operasi ketika hasil seperti ini biaya saya begitu banyak?",negative,True
6487_bt,6487,"Ambil anak-anak karena panas, tidak ada yang bisa dimasukkan ke dalam IV. Jangan mencoba dan mencoba dan menjadi kecewa. Saya tidak berpikir itu salah untuk memiliki perawat di sana.",negative,True
6490_bt,6490,"Di sini pertama, Anterin papa sy mri, meskipun jauh dari waktu yang sama. Tapi itu tidak sia-sia karena pelayanannya. Bagus dan ramah, cepat ditangani.",negative,True
6493_bt,6493,"Kompartemen merasa nyaman. Petugas yang ramah...
Tapi pointer masuk sedikit bingung. Jika aku bisa meletakkannya di samping pintu",negative,True
6498_bt,6498,Perhatikan waktu kamar. Ayo lebih cepat. Sisanya baik.,negative,True
6500_bt,6500,"Aku menyesal mendengarnya. Sebanyak kami ingin pasien untuk mendaftar, jangan bersemangat. Kita akan ke rumah sakit.",negative,True
6510_bt,6510,"Rumah sakit bersih. Layanan baik, petugas ramah.",negative,True
6520_bt,6520,"Jika mungkin untuk layanan pasien publik datang pertama dari bpjs, tetapi layanan ramah, terutama Mr Leo di kebunnya.",negative,True
6532_bt,6532,Untuk layanan di rumah sakit. Rumah sakit fmc sangat kompetitif. Petugas ramah.,negative,True
6540_bt,6540,"Awal dari pilihan op di sini karena itu yang paling dekat dengan rumah, layanan poli. Oke.",negative,True
6541_bt,6541,Mengapa saya memanggil pusat begitu banyak kali? Aku belum bisa merespon. Aku sudah menunggu telepon.,negative,True
6571_bt,6571,"Pasien itu seksi, pengobatan di rumah sakit adalah pertama, dan kontrol pasien juga sangat rendah kecuali menyerukan tidak ada kontrol pasien.",negative,True
6573_bt,6573,"Ini adalah pertama kalinya saya di rumah sakit ini, untuk rumah sakit yang cukup baik. Tapi ketika aku pertama kali masuk ke ruang gawat darurat, ada salah satu perawat yang saya tidak berpikir ramah, tangan saya tertusuk dan dengan wajah marah,",negative,True
6589_bt,6589,"Pada panggilan mendesak, segera diangkat dan ditutup. Sangat buruk.",negative,True
6591_bt,6591,"Pendaftaran pasien sekarang mengambil begitu lama. Yah, bisa setengah jam di pendaftaran depan. Itu sistem yang bagus. Jangan pergi dengan Puskesmas. Pergi mendapatkan nomor lain, Nona. Jangan aneh. Hanya kembali ke sistem.",negative,True
6597_bt,6597,Rumah sakit Royal Warmaa menyediakan layanan yang sangat ramah dan menanggapi layanan keperawatan.,negative,True
6608_bt,6608,"Paru-parunya panjang, dia diharapkan pukul 9: 00. Ini 10.20 Wib.",negative,True
6610_bt,6610,"Aku sangat kecewa, begitu kotor. Maafkan aku. Layanan buruk. Lalu bibiku mulai membuka kepala delapan bayi. Bawa dia ke sana. Dokter membawanya.",negative,True
6629_bt,6629,Layanan bidan yang keren.,negative,True
6633_bt,6633,Tolong tingkatkan. Terutama kamar utama anggrek. Biaya lantai pertama.,negative,True
6635_bt,6635,"Ingin mendapatkan tes mantoux dilakukan oleh 08: 00 Oleh 12: 00 ketika dia memasuki ruangan. Disuruh kembali? Aku bersumpah demi Tuhan, dokter dan perawatnya tidak bisa mendapatkan akar. tidak recode ini rs.",negative,True
6640_bt,6640,Sudah lama sekali sejak pasien dari kecelakaan idd. Tunggu lama. Rumah sakit sebesar ini.,negative,True
6653_bt,6653,"Dokter dan perawat, segera merespon. Ruang kosong.",negative,True
6655_bt,6655,"Layanan yang bagus, Pak Columbia.",negative,True
6658_bt,6658,"Dari kelahiran anak ke pengobatan medis di sini, theruss. Layanan yang sangat baik, perawat dan dokter.",negative,True
6660_bt,6660,"Itu adalah pengalaman yang sangat mengesankan selama kontrol kehamilan istriku, obat-obatan, dan terutama ketika kita memiliki anak pertama kita, anak yang kita tunggu-tunggu. Sebagai orang tua baru kami merasa sangat membantu karena kurangnya proses administrasi,",negative,True
6663_bt,6663,"Miris sangat Miris dengan layanan gid nya, pada tanggal 15 dari 7: 00 Ada satu dokter memakai kacamata tebal, 3 saudara perempuan, posisi saya benar-benar pusing berputar, muntah juga di depannya, dan ketegangan saya 156 / 90, oke paksaan langsung dalam cinta obat cairan,",negative,True
6671_bt,6671,Pengalaman anakku sakit di sini. Dua kali demam... Perawat itu ramah.,negative,True
6673_bt,6673,"Saya seorang pasien asuransi, ketika daftar saya meminta petugas pendaftaran ""man, untuk bpjs, umum / tidak ya split?"" Dan master dengan bijak menjawab ""tidak ada orang, kita tidak membedakan"" dari sini pada,",negative,True
6678_bt,6678,"Aku pergi ke RS dan memberitahu pelanggan aku akan tip di lobi keamanan, jadi aku tip dari penjaga keamanan. Uh, penjaga keamanan.",negative,True
6689_bt,6689,"Masa harus mengeluh sebelum administrasi pindah ke rumah. Dari 1: 00 sampai 6: 00 tidak ada kata. Kekecewaan pribadiku, aku pikir itu seperti bpjs. Ini adalah kedua kalinya saya pada obat dan tidak ada perubahan.",negative,True
6697_bt,6697,Ini sangat mengecewakan. Dia tidak bertanggung jawab atas tugas dan kewajibannya. Klinik ini masih dalam gelap 24 jam.,negative,True
6709_bt,6709,"Terima kasih Tuhan... fasilitas dan jasa benar-benar ok, apalagi memakai asr. Inside top got me better, thanks to you",negative,True
6711_bt,6711,"Layanannya sangat tua, stafnya jutaan. Ini bukan penyembuhan. Ini menurun.",negative,True
6725_bt,6725,"Sudah lama sejak aku punya beberapa. Jika Anda bisa berada di depan umum, tambahkan lebih banyak dokter.",negative,True
6738_bt,6738,"Layanan meskipun menggunakan bpjs alhamdulli cepat, nyaman dan semmanik petugas ramah",negative,True
6744_bt,6744,"Pengalaman buruk, orang telah terkena I.V. di klinik kantor kompartmental. Ini adalah penolakan dan penolakan.",negative,True
6745_bt,6745,Layanan buruk. Para dokter dan staf tidak kompeten. Para pasien sedang dikirim kembali.,negative,True
6747_bt,6747,"Kasir di tanah, tempat duduk di sudut dari pelayan bar sombong. Pekerjaan buruk.
Jika begitu lucu, oke, ini buruk.",negative,True
6750_bt,6750,"Selamat sore, pengalaman pribadi saya, saya hanya berada di sini untuk pertama kalinya.",negative,True
6752_bt,6752,"Di kelas tiga, seperti di pasar, tolong awasi anakku.",negative,True
6758_bt,6758,"Datang ke sini karena dokter telah dirawat di sini, obat harus menunggu asuransi datang pertama, dan kemudian datang dari hari ke malam, dan itu adalah kesalahan asuransi, sementara cek asuransi dari rumah sakit, bisa lebih buruk. Asuransi di rumah sakit ini sangat sulit.. Dan sudah mengajukan formulir keluhan tidak mendengar, baik, sampai ia pergi ke mejanya ketika pengobatan ditanya berapa lama: jawabannya adalah waktu yang belum ditentukan. Yang lain rs di Jakarta sejauh ini tidak seburuk ini. Terima kasih Rs Warima, sehingga tidak akan kembali.",negative,True
6769_bt,6769,"Butuh waktu lama untuk membayar tagihan. Butuh waktu tiga jam hanya untuk membayar kali ini. Dua jam terakhir, bodoh. Terakhir kali aku di sini.",negative,True
6776_bt,6776,Kapasitas konsumen kurang lengkap daripada TV. Kamar mandi terlalu jauh untuk konsumen. Kamar mandi kotor di setiap sudut kamar pasien selama aku masuk.,negative,True
6792_bt,6792,Aku datang dengan ibuku pagi ini ke ruang gawat darurat.,negative,True
6797_bt,6797,"Layanan yang bagus, dokter yang ramah dan rumah sakit yang nyaman.",negative,True
6799_bt,6799,Selama aku melakukan pengobatan dalam citra medika pelayanannya bagus. Dokter. Oke. Perawat itu baik.,negative,True
6801_bt,6801,"Ini adalah layanan yang mengerikan. Para perawat bolak-balik. Jadwalnya jam 8 pagi untuk dokter anak. Dokter datang jam 11: 00. Tunggu sebentar, buu.",negative,True
6807_bt,6807,"layanan terlalu lambat. Tolong biarkan siapapun yang memberimu informasi itu jelas. Karena pasien-pasien itu sakit, mental, mereka sudah di sana. Aku yakin akan lebih bingung. Berikutnya.",negative,True
6811_bt,6811,"Perawat di lt 2 yang tidak memakai tudung, Aku tidak tahu apa namanya.",negative,True
6819_bt,6819,"Berlangganan ke poly, karena rumah sakit memiliki pediatri yang baik. Untuk kecepatan layanan pendaftaran rawat jalan, proses admin sampai tagihan tagihan, dan apotek silakan meningkatkan. Lebih untuk permintaan klaim klaim ganda klaim klaim klaim klaim klaim, harap disarankan bahwa administrasi doesn apos; t mencapai selama berhari-hari.",negative,True
6823_bt,6823,"Layanan di instalasi farmasi sangat rendah. Dan saya ingin minum obat-obatan dan melewatkan antrian saya, saat saya ditanya bagaimana menjawab ""tunggu"" tanpa solusi apapun. Dan dari saat petugas menjawab seperti itu, tidak ada informasi kembali dalam 2-3 jam.",negative,True
6824_bt,6824,"Dalam kunjungan ke-9 September-18, dari beberapa kunjungan sebelum mengikuti penilaian saya: 1.",negative,True
6827_bt,6827,"Layanan mudah, tidak sulit bahkan dengan bpjs",negative,True
6834_bt,6834,"Prime service, efisien sistem",negative,True
6840_bt,6840,"Aku datang untuk igd.. tangan atas kk, ktp, bpjs.. dan ternyata aku dibuat oleh pasien pribadi.. Aku bertanya kenapa kau tidak bisa? Aku diberitahu petugas gid tidak darurat, Bu. Jadi itu berarti menunggu aku mati. Aku pernah mengalaminya. Ruang visual. Kau bisa memeriksanya. Saya tidak menerima deskripsi tugas igd dikatakan darurat.",negative,True
6849_bt,6849,Pengalaman buruk di gd emc.,negative,True
6879_bt,6879,"Aku mendapat referensi dari klinik dokter gigi Rsu siloam lippo desa, Senin lalu aku menelepon untuk melihat apakah aku bisa mendaftar dengan dokter gigi, jika aku punya kuota sampai 11: 20, dan kemudian aku mengatakan kepadanya aku adalah seorang pasien.",negative,True
6889_bt,6889,"RS itu bagus, bersih, nyaman, dan ramah hanya sebuah apotek menunggu obat. Mungkin karyawan departemen farmasi dapat ditambahkan sehingga layanan obat tidak menunggu selama berjam-jam.",negative,True
6895_bt,6895,"Pelayan sangat baik bahkan jika bpjs tidak kehilangan layanan penuh yang sama dengan non- bpjs
Kamar 101 sangat ramah. ""Pelayan ini sangat responsif. Sangat bagus.",negative,True
6897_bt,6897,"Sedikit kecewa dengan layanan di Ipd, laringitis dan demam, hanya di IV turun dengan dokter dan perawat + memberikan obat Paracetamol sebagai omaprazol untuk perut saja. Tidak ada antibiotik untuk peradangan. Ketika aku pulang dari idd, aku demam dari 41 derajat, dari sana ke dokter lain dan menyembuhkan tenggorokanku.",negative,True
6898_bt,6898,"Ayah saya sedang dalam pengobatan bukannya menjadi lebih baik, itu semakin buruk. Operasi gagal sepenuhnya sampai bocor, tidak ada yang bisa dilakukan kecuali menunggu untuk sembuh, rumah sakit baik, tapi belum selesai.
Dokter adalah dupe di awal h dan ahli bedah pengalaman.",negative,True
6902_bt,6902,"Kedua setelah memeriksa, ketika pembayaran lama kurang satu jam menelepon. Ternyata data tidak masuk ke register.",negative,True
6903_bt,6903,"Aku pergi ke rumah sakit ini karena itu dekat dengan tempat saya. ternyata untuk mengharapkan harapan saya. Para dokter, perawat & staf sangat membantu, merawat dan menangani sangat cepat. Dokter yang merawatku adalah dr. William, ekspansi yang rinci dan kemajuan penyembuhan saya cepat.",negative,True
6904_bt,6904,buruk,negative,True
6907_bt,6907,Proses administratif adalah waktu yang lama. Ini bisa memakan waktu 6 jam (dari daftar ke rumah. Tidak apa-apa untuk sementara. Bintang 2 membuat Nak dan penjaga keamanan yang terus dia dalam gelap.,negative,True
6913_bt,6913,"Pelayanan keluarga sangat baik. Cepat, pendaftaran sistematis. Ini tidak menunggu lama.",negative,True
6914_bt,6914,Layanan yang bagus. Bagus.,negative,True
6916_bt,6916,"Sejujurnya, rumah sakit ini sangat lambat, dan hal-hal yang tidak tepat waktu.",negative,True
6919_bt,6919,Layanan buruk tidak jelas. Orang-orang telah mendaftar online dalam mobile jkn. Jadi rumah sakit harus daftar ulang manualnya. Maka itu berguna untuk daftar online untuk apa pun.,negative,True
6941_bt,6941,"Rumah sakit bersih.
layanan pasien ramah. Aku dan keluargaku sedang dalam pengobatan di sana.",negative,True
6945_bt,6945,"Anakku selalu mengendalikan spa anak Dr. Lucyana, ruang tunggu bersih dan ada taman bermain anak-anak",negative,True
6952_bt,6952,"Menunggu dokter untuk latihan jam 12: 15. Perawat datang pada 1: 00, tapi menunggu sampai 3: 00.",negative,True
6956_bt,6956,Tidak ada keterbukaan pada biaya stay- at-home.,negative,True
6960_bt,6960,Layanan buruk. Informasi yang diberikan tidak jelas. Aku menunggu 7 jam untuk mengontrol. Berpikir lebih tentang mendapatkan dirawat di sini bukannya sekarat menunggu. Manajemen waktu dan sistem rumah sakit mengerikan!,negative,True
6975_bt,6975,Anakku sedang dirawat di rumah Catleya. Kamar 112.,negative,True
6980_bt,6980,"Untuk dokter kelahiran. kurang informatif, kurang ramah, terlalu kaku. Biayanya yang banyak, tapi layanan tidak nyaman. Hanya sekali ke Nina Spog.",negative,True
6981_bt,6981,"Dokter ramah, tapi dia harus menunggu dokter, menunggu pembayaran, menunggu pengobatan. Minum obatnya.",negative,True
6988_bt,6988,Kasir kacau dan obat mengambil di tempat anak itu. Anakku sehat. Tujuannya hanyalah mendapatkan vaksin. Sangat demam. Vagina. Tidak ada komentar untuk menunggu di sini panjang,negative,True
6990_bt,6990,"Garis tidak cocok dengan kedatangan di tempat!!!! Aku tiba di keluarga besar pada 18.52, dan seseorang masih menerimaku sampai 20: 26. Aku belum memeriksa dokternya!",negative,True
6994_bt,6994,Rumah sakit yang bagus dengan harga yang kompetitif.,negative,True
7014_bt,7014,"Layanan yang bagus, dokter. Dokter yang baik. Terima kasih Tuhan.",negative,True
7020_bt,7020,Layanan itu selama satu-satunya counter untuk digunakan adalah 2. Sangat disayangkan bahwa saya berdiri di antrean di 6: 00 dan sampai minus 7 belum selesai.,negative,True
7030_bt,7030,"Bibiku lahir di R partner. Bidan itu ramah, tapi ada satu yang kuat.",negative,True
7033_bt,7033,"Layanan nomor satu nya stabil, rumah sakit nya bersih, seprei dn Selimut nya baik",negative,True
7039_bt,7039,"Kali ini ada kesan menarik selain tindakan medis yang dilakukan oleh kami, kesan yang menarik adalah makanan bagi pasien yang sakit adalah baik. Kategori ini lezat adalah bahwa yang memiliki rasa,",negative,True
7057_bt,7057,"Penjualan disebut ronald, ketika diminta untuk memperkirakan, tidak memberikan informasi yang jelas. Jawab saja. haha maaf untuk layanan buruknya!",negative,True
7062_bt,7062,Pada hari Minggu ketika Anda ingin mengambil obat-obatan karena tidak ada apotek bisa tahu tentang obat rawat jalan meskipun perawat mereka mengambil obat-obatan di 11 / 8 / 2024 obat untuk layanan jantungnya sangat buruk!,negative,True
7065_bt,7065,"Pemeriksaan rutin saya pada anggrek massa. Bagus, bagus dan cepat.",negative,True
7067_bt,7067,"Old service, tidak jelas setelah konsul yang sama. Para dokter tidak disuruh menunggu, apotek meleleh.",negative,True
7077_bt,7077,Pengalaman anak sakit yang kubawa ke rumah sakit. Ada salah satu kamar di mana saluran pembuangan naik sehingga bau!,negative,True
7085_bt,7085,"Sumpah itu begitu parah bahwa pasien idd harus menunggu di ruang tunggu begitu lama, sejauh yang saya tahu itu akan datang langsung.",negative,True
7100_bt,7100,"Seorang hamba idd sangat buruk. Datang sejak 12 siang, 7 pm diberitahu bahwa ruangan ada di sana. Tapi sampai jam 10 sore tak ada perawat yang akan membawa pasien ke rumah sakit karena suatu alasan.",negative,True
7103_bt,7103,"RS bersih asli saya kunjungi di kabla. Bogor sampai aku melihat bagian dalam itu merasa baik. Dikelilingi oleh taman yang indah, begitu juga dengan pembersihan daerah luar. Layanan di rumah sakit juga solid. Ini hanya R. Sentosa yang terbaik.",negative,True
7121_bt,7121,"Layanan itu baik, perawat itu ramah, selama pengobatan di kamar 258 1 alamanda",negative,True
7145_bt,7145,"Saranku adalah siapapun yang menderita diabetes tidak boleh dibawa ke rumah sakit ini. Almarhum ibu saya, yang berada di operasi korup, menjatuhkan mulutnya sampai dia meninggal di rumah sakit. Layanan pengobatannya lambat. Anda tidak bisa hanya berjalan-jalan dengan 4 kali berbicara. Sangat mudah bagi ibuku untuk berburu kritau. Amin.",negative,True
7152_bt,7152,"Layanan itu mengerikan, tapi itu sama untuk kita semua. Tapi itu bukan manusia. Jika Anda masuk ke sini seperti Anda tidak memiliki gelar. Terutama jika Anda dari kerumunan biasa. Layak untuk mundur. Banyak orang lebih suka lebih modern dan lebih ramah Rs.",negative,True
7156_bt,7156,"Layanan sangat lambat... Saya telah membayar banyak uang dengan mengambil ruang vvip, dari setelah doa saya datang dan mendapat kamar di 02: 00 Kamar Vvap tapi tidak mendapatkan selimut, tikar harus diminta, peralatan mandi harus diminta, tulisan memiliki menyambut makanan atau minuman tapi itu nyata apa-apa. Ada seorang perawat yang kasar dengan jarum I.V. kakakku sehingga bengkak dia harus memindahkan IV nya.",negative,True
7157_bt,7157,Layanan farmasi buruk satu jam setengah menunggu obatnya. Rumah sakit adalah satu-satunya yang membutuhkan istirahat.,negative,True
7170_bt,7170,"Neurologist parah, pendaftaran bjps, pasien kooperatif keamanan Tunggu 3: 00",negative,True
7179_bt,7179,Layanan anakku telah dibawa ke sini. Belum ada aksi. Posisi saya masih up.,negative,True
7180_bt,7180,"Ini adalah layanan yang mengerikan untuk bpjs, serta orang-orang yang melayani itu. Tidak ada petunjuk.",negative,True
7184_bt,7184,"Pada asuransi, tidak ada konfirmasi ketidaksesuaian pada biaya asuransi. Tidak mendapatkan deposit ketika Anda pulang untuk membayar cukup besar, adalah bahwa prosedur? Ketika diminta untuk penjelasan, kasir hanya menyalahkan pada salah satu staf karena tidak mengkonfirmasinya kepada pasien / keluarga dan staf tidak masuk",negative,True
7193_bt,7193,"Perawat dikalikan untuk pembibitan, sehingga pasir dapat memiliki lebih efektif dan kualitas perawatan. Sayang perawat mencapai banyak pasien kurang mungkin untuk mempengaruhi kualitas layanan rumah sakit.",negative,True
7197_bt,7197,"Keraguan awal yang mampu untuk merujuk ke itu, eh pdh, sampai perawat ramah. Dokternya juga ramah. Semua pelayanannya.",negative,True
7220_bt,7220,"Sudah 3 kali sejak kau lahir di klinik ini.. Alhamdulli adalah tempat yang bagus, ruangan bersih, tawaran tidak mahal, mereka terjangkau. Beberapa jenis dehhh.. menargetkan anak 4.. hehehe",negative,True
7223_bt,7223,"Ini rumah sakit baru, tapi termasuk rumah sakit. Baik, orang besar. Orang kecil yang sama. Tempat parkir juga merupakan pengunjung yang ramah, yang motor tidak takut rusak karena panas hujan.. Karena tempat parkir ada di ruang bawah tanah.",negative,True
7227_bt,7227,"Tempat ini bersih, layanan sangat ramah.",negative,True
7242_bt,7242,"Petugas lab di Ipd seharusnya dalam pelatihan lagi, jadi ambil darah dan darah sampai anakku bengkak.",negative,True
7244_bt,7244,"Pertama kali aku memeriksa di sini adalah karena rumah. Saya tidak ingin datang ke sini karena saya tidak yakin, tapi ketika saya akan melahirkan teman-teman saya, survei diri saya ke lokasi, dan bisakah Anda dilahirkan di sini karena beberapa pertimbangan kecil dari rumah,",negative,True
7250_bt,7250,"Petugas ini ramah, lokasinya bersih.",negative,True
7253_bt,7253,"Bagi pasien umum / pribadi itu tidak disarankan, karena layanan di sini campur aduk dengan pasien b / s, antrian dan hal-hal lain. Ini adalah apa yang harus Anda inginkan lebih cepat tapi itu sama untuk mendapatkan penyergapan.
Kami pasien publik, tidak pernah... menjadi sama, menelepon atau berbicara sama sekali.",negative,True
7270_bt,7270,"Layanannya bagus. ""Orang"" itu ramah.",negative,True
7271_bt,7271,Layanan itu cepat dan ramah... tidak pernah kecewa dalam pelayanan perawat rumah sakit jiwa.,negative,True
7274_bt,7274,Dokter saya harnel kathin sp.a. Saya meminta anak saya untuk tidak memakannya selama dua bulan.,negative,True
7290_bt,7290,"Layanan buruk. Sangat buruk.
Membuat situasi darurat... Dokter Upd kasar tidak memiliki etika untuk melayani keluarga pasien.",negative,True
7296_bt,7296,Masuk. Igd emg secara langsung ditangani. Tapi ini sudah empat jam. Dan toilet lebih jelas.,negative,True
7307_bt,7307,"Saya mengalami kecelakaan dalam perjalanan saya untuk bekerja, kemudian ke rumah sakit ini idd, tapi dia bilang dia tidak memiliki penutup, jadi dia meminta saya untuk membayarnya secara pribadi, dan ia harus memiliki menutupi jalan pulang dan pergi untuk bekerja.",negative,True
7309_bt,7309,"Layanan yang baik selama pengobatan saya untuk rs. Husada, dokter, perawat, petugas pendaftaran yang baik, layanan cepat",negative,True
7327_bt,7327,Sebuah layanan yang ramah dari perawat dan layanan yang lebih cepat. Rm grand keluarga jatuh tertidur,negative,True
7329_bt,7329,"Ujian hari ini adalah pada rs. husada.
Tapi karena aku bisa mendaftar online, aku menggunakan register online.
Dan pada pukul 3: 30 malam saya datang ke R.s. ketika saya pergi ke jnform saya bertanya perawat jika dia bisa mengatakan bahwa register untuk hari itu on- line, yang online, tapi penjaga keamanan mengatakan itu adalah hal yang sama, sehingga hal yang sama seperti yeni Ma. register online atau dtg secara langsung tidak membuat perbedaan.
Mintalah koordinat karena ini buang-buang waktu.",negative,True
7330_bt,7330,"Kartu medis saya diselenggarakan dalam hilangnya perawat yang sama tanpa kerudung. Bertanggung jawab atas file pasien, saya tidak membantah.",negative,True
7333_bt,7333,Bagus dan bagus.,negative,True
7338_bt,7338,Ini adalah cs lama menunggu setelah istirahat. Sudah lama sekali.,negative,True
7339_bt,7339,Kesalahan dari surat kontrol sehingga saya tidak dapat mengontrol gigi saya meskipun mencoba untuk daftar online,negative,True
7343_bt,7343,Layanan buruk dan kurangnya komunikasi,negative,True
7344_bt,7344,Bersihkan lingkungan. Layanan yang bagus.,negative,True
7350_bt,7350,Pertama untuk referensi bpjs untuk daerah gede bojong.. Dimulai dengan pendaftaran tanpa antrian... Ambil nomor. Ini mesin otomatis. Ketersediaan dokter juga selesai. Senang bertemu denganmu.,negative,True
7356_bt,7356,"Perawat sangat ramah, sangat perseptif. Kamar saja juga tidak khawatir. Ruangan ini bersih sekali sehari dan dua kali sehari. Ini pemulihan.",negative,True
7357_bt,7357,"Mengapa layanan menurun untuk daftar wa h1 tidak pernah pada h hari, selalu h + 1",negative,True
7362_bt,7362,"Rumah sakit saya pluit rumah sakit. Rumah sakit keluargaku, sudah lama sekali. Ibu mertua.",negative,True
7364_bt,7364,"Layanan sangat baik, perawat sangat baik, sangat baik layanan.",negative,True
7366_bt,7366,"Kurang dari dua jam dari antrian di apotek, itu saja.",negative,True
7372_bt,7372,Rm layanan kurang. Aku sudah bolak-balik antara istri. Kadang-kadang dokter datang secara umum.,negative,True
7386_bt,7386,"Perawat sangat buruk untuk layanan, nenek saya lupa berapa banyak yang harus mengambil dan meminta saya kembali, tetapi sebaliknya tiga bersaudara menjerit.",negative,True
7396_bt,7396,Semua layanan adalah yang terbaik,negative,True
7407_bt,7407,"Tidak ada pertanyaan bahwa rumah sakit ini sangat baik, tempat yang nyaman, fasilitas yang memadai dan lokasinya adalah strategis untuk kenyamanan layanan.",negative,True
7409_bt,7409,"Layanan farmasi nya panjang, hampir empat jam menunggu dalam antrean untuk obat. Harap meningkatkan sistem farmasi. Sehingga drop-off pasien tidak mendapatkan berjamur menunggu di baris.",negative,True
7413_bt,7413,"Layanan buruk. Tidak punya sopan santun. Resepsionis, perawat, dan terutama dokter dan petugas keamanan yang bertanggung jawab atas ruangan untuk menyapa.",negative,True
7415_bt,7415,"Layanan ini panjang, dokter sering minum dari jam pada jadwal, waktu 4 sampai 9 pagi disebut 5 jam menunggu.",negative,True
7419_bt,7419,"Ulasan terakhir dihapus, dan saya telah direviewed, dan saya datang ke sini beberapa bulan yang lalu ke igd untuk seorang dokter perempuan muda. Ketika ia memanggil pasien, ia meminta dia untuk melakukannya. Di telepon, memintanya untuk dosis obat. Saya harap saya tidak pernah melihat dokter itu lagi.",negative,True
7422_bt,7422,"Dahulu kala, Baneettt sedang menuju kabin. Aku mendaftar untuk punggungku.",negative,True
7435_bt,7435,"Kasir dan staf apoteker. Mengapa begitu lucu? Ini tidak informatif, tetapi ketika ditanya, menjawab dengan nada tidak ramah dan sikap.",negative,True
7437_bt,7437,"Tidak perlu menerima umum / bpjs klo sangat bangga nya rs. Militer, banyak layanan pribadi lainnya jauh lebih ramah dan manusiawi. Semua orang pergi bolak-balik, semua fotokopi, C tidak tahu apa-apa, tidak ada upaya untuk mencari tahu pula, tindakan cs adalah berteriak. Bisa melewati akta semacam ini.",negative,True
7439_bt,7439,Fasilitas ini sangat bagus untuk kelas tiga.,negative,True
7443_bt,7443,"Sudah lebih dari setahun sejak saya bolak-balik ke rumah sakit ini, tapi yang paling saya kecewa adalah bahwa garis paru-paru kurang dari 10 sampai hampir 2: 00.",negative,True
7446_bt,7446,"Pelayanannya kurang, tidak peduli berapa banyak yang dibutuhkan, pukul 10: 00. Kontrol anak, sampai 5: 00.",negative,True
7447_bt,7447,"Ini tidak terlalu layanan, itu buruk semua layanan, itu 30 Juni, 2024 di 12.15.00, dari awal perawat ke kasir dan apotek, tidak ada rekomendasi di sini.",negative,True
7453_bt,7453,Layanan sangat buruk.,negative,True
7460_bt,7460,"Tempat ini bagus, perawat yang baik, mknan yang lezat, layanan sangat sulit, hanya 1 pendek 1 waktu tidak diperbolehkan Silakan merawatnya.",negative,True
7474_bt,7474,"Sangat mengecewakan bagi kami sebagai pasien. Ini pertama kalinya aku kecewa, nomor yang dipanggil ke universitas online. Ini disebut boneka.",negative,True
7477_bt,7477,"Brobat di sini harus ekstra waktu, semua hal lama ketika tidak ada antrian... pasien menunggu lama",negative,True
7492_bt,7492,Rumah sakit tidak memiliki cukup parkir. Layanan yang bagus. Dokter sudah menanganinya.,negative,True
7501_bt,7501,"Itu pengalaman yang sangat buruk. Setelah dokter membayar, tunggu satu jam. Ingin mendapatkan obat dalam satu jam. Tidak ada yang disebut untuk antigen tua atau pcr. Ruangam, tunggu sebentar. Ini rumah sakit besar, tapi layanan buruk.",negative,True
7511_bt,7511,"Rumah sakit pemerintah yang terkenal gemuk, tidak sangat membantu orang-orang di sekitarnya, layanan buruk, tidak ada yang dipaksa dari layanan terkait. igd sangat tidak responsif",negative,True
7514_bt,7514,"Pelayanan lama. Nenekku menghabiskan seminggu di Ipd, sampai dia meninggal. Meminta referensi tetapi diberikan jauh",negative,True
7521_bt,7521,"Dr. Inneke.
Perawat Renni.
Saudara 2
Layanan utama!",negative,True
7523_bt,7523,"Para perawat dan bidan, terima kasih kepada Allah, lahir normal, tepat di jahitan pertama, menggunakan anestesi, tetapi pas untuk jahitan lebih. Setelah dijahit, hanya dapat dipertimbangkan dan diingat. Tapi bukannya marah, itu seperti menjadi tenang. Ditambah coas pergi bolak-balik dan meminta hal yang sama bahkan ketika rasa sakit adalah rasa sakit mereka membuat Anda mencoba untuk menjahit, Anda bangsat.",negative,True
7525_bt,7525,"Mengacaukan pelayanannya, ayahku yang sudah dalam keadaan membutuhkan sesak napas, dokter menyuruhnya untuk pulang... sementara kondisinya lemah, bernapas berat, untuk berdiri sulit... Dokter di sana masih bisa mengatakan padanya untuk kembali dalam kondisi itu, itu karena pasien? Saya pikir itu akan benar-benar baik untuk memiliki seorang pelayan dengan pasien yang seharusnya bisa masuk ke igd, ditangani secara langsung. Saya akhirnya membawa ayah saya ke RS Adhiyaksa kemarin, terima kasih Tuhan sekarang bahwa ayah saya telah mendapat layanan yang tepat, untuk tinggal di sana. Tolong, tingkatkan layanannya pada pasien dalam keadaan darurat. Jangan biarkan orang lain memiliki layanan terburuk dalam keluarga saya. Ini tentang kehidupan orang yang benar-benar membutuhkan perawatan intensif. Terima kasih. ♪",negative,True
7535_bt,7535,"Maaf, tapi minggu lalu aku datang ke sini untuk tes kesehatan mental, adikku dalam banyak tekanan. Tapi sayangnya saudaraku bertemu seorang dokter yang tidak bisa berperilaku seperti pasien, bukan karena dia merasa tenang, tapi setiap dari mereka berbicara kepadaku sebagai sinis dan menghakimi. Saya bertanya kepada saudara saya, dia mengatakan kepada saya nama dokter ini yang dia ingat adalah muda pada usia 30-an. Ini sangat membantu. Dan apakah benar bahwa pasien memiliki masalah dalam hakim dan diperlakukan seperti itu? Sayang sekali pasien lain diperlakukan seperti itu.",negative,True
7540_bt,7540,"Staf sebenarnya ramah, semua hal dengan cepat. Sayang sekali, keamanan sangat tidak baik! Amit amit dengan keamanan.",negative,True
7546_bt,7546,Layanan rapi.,negative,True
7549_bt,7549,"Layanan yang bagus, ruang bersih. Catelya 118.",negative,True
7553_bt,7553,"Operasi C-section nya sangat baik, tapi ada kursi di sini untuk layanan di malam hari. Aku pernah mengeluh tentang kurang dingin ac, dan sebagainya dan sebagainya, tapi jawaban 'adalah seperti orang kurang tulus dalam pekerjaan' a",negative,True
7556_bt,7556,"Ny. Roti servis sangat buruk, bagian kasir begitu kasar, meminta departemen pendaftaran. Itu bahkan tidak mungkin.",negative,True
7560_bt,7560,"Meskipun hanya RS dihormati tetapi layanan dan fasilitas tidak hilang untuk umum rumah sakit daerah.
Semua poly adalah dari umum, kehamilan ke gigi.
Kerja bagus untuk semua orang yang bekerja di sana.",negative,True
7564_bt,7564,Bukan rumah sakit yang bagus untuk dikunjungi. Staf di departemen pendaftaran tidak memberi kami informasi yang tepat. Layanan itu mengerikan.,negative,True
7566_bt,7566,"Kamar mandi kotor.
Para perawat begitu keras ketika mereka berbicara.
Apotik Rumah Sakit juga layanan lamenaaaaaaaaaa
Tingkat layanan untuk bpjs dalam urologi poli: buruk. Terutama dokter. Ini tidak membuat nyaman bagaimana untuk memberikan dan meminta keluhan.
Intinya adalah, ini Rs tidak layak warga negara.",negative,True
7575_bt,7575,Layanan tidak baik. Istri Caesar ada di rumah sakit ini. Waktu operasi pertama.,negative,True
7577_bt,7577,"Layanan mengambil jam, ""Saya tidak berpikir saya akan dapat mengatasinya.",negative,True
7588_bt,7588,"Bibiku lahir di R partner. Bidan itu ramah, tapi ada satu yang kuat.",negative,True
7597_bt,7597,Hari ini ke lokasi pemeriksaan rahim. Dipesan melalui aplikasi alpukat. Tapi hanya ke lokasi ternyata buku itu tidak ada di RS. Kami akhirnya meletakkannya kembali di lantai gf. Kami berada di daftar 1: 00.,negative,True
7605_bt,7605,Penjaga kandangnya!!,negative,True
7608_bt,7608,"Hari ini adalah hari kedua anak saya dirawat di rumah sakit ini, dan saya tidak menyangka akan ada kamar untuk 250.000 orang per malam dengan layanan semacam ini di daerah kuningan. Semoga Tuhan memberkati usahamu.",negative,True
7614_bt,7614,"Kami siswa asrama di sini, sehingga rhors juga karena darurat ketika teman saya sakit. Saya pikir itu baik-baik saja, tapi tidak begitu banyak! Tolong, saudara-saudara, jika Anda berbicara dengan pasien.",negative,True
7625_bt,7625,"Ogd telah begitu buruk selama 2 jam, jangan biarkan perawat melakukannya juga, jika diminta. Tunggu dokter.",negative,True
7629_bt,7629,Pin polio di sini diperpanjang. bisa berjalan masuk Perawat punya banyak pekerjaan. ♪ grand family is always the best family ♪,negative,True
7641_bt,7641,Fasilitas yang bagus. Fasilitas khusus. Pembunuhnya ramah.,negative,True
7647_bt,7647,"Pengalaman lahirku di RS adalah kemuliaan anak pertama untuk anak kedua. Pertama dokter normal. Anak pertamaku memiliki .7kg.I Tapi Dr. Rifky adalah perusahaan normal. Yah, tergantung siapa kita, ruangan dimulai dengan idd, kamar bayi sampai ruang tamu semua nyaman. Ini harus bersih. Ya. Selama aku di ruang VIP. untuk kelas RS di tengah kota. Harganya sangat terjangkau. Ini bukan dua digit. Ya, untuk pengiriman normal, tapi ruangan tersedia. Jadi lega. Semua perawat, bidan, sampai petugas kebersihan dan semua jenis perhotelan. Hal ini nyaman selama pengobatan di sini. Tidak ada cerita seperti seorang perawat sengit. Semoga kualitas RS Grace of the glory terus disimpan dan ditingkatkan. Mari kita berharap bangunan semakin besar. Hanya mencoba dan membuat kantin lebih nyaman, membuat pengunjung. Tidak sulit untuk menemukan makanan ketika Anda berada di jalan.",negative,True
7658_bt,7658,"Aku punya tiga perawatan di rekening layanan perawat, dokter. Semua ramah, lebih ramah daripada Rs. lainnya",negative,True
7660_bt,7660,"Semua baik, layanan ke dokter..
Ini hanya tempat yang tampaknya tidak benar.",negative,True
7671_bt,7671,"Termasuk rumah sakit besar dengan fasilitas penuh, juga tersedia layanan untuk pasien bpjs nyaman dan modern. Obat dapat dikirim ke rumah Anda dengan layanan dari halodoc. Ini sangat membantu bagi pasien tua yang tidak bisa menunggu lama di rumah sakit.",negative,True
7721_bt,7721,"Aku memberikan lima bintang untuk ayahku, Derek, yang telah menemukan dan menyimpan dompet saya yang jatuh hari ini, 2 Desember 2022 sementara aku sedang hoisted. Mungkin dompetku jatuh saat dompetku dipermainkan anakku,",negative,True
7728_bt,7728,Tidak banyak.,negative,True
7730_bt,7730,Maafkan aku. Salah satu rumah sakit yang baik diserang. Pelayan adalah sopan santun. Aku suka dirawat di rumah sakit.,negative,True
7733_bt,7733,Tempat parkir begitu sulit. Aku berdebat melawannya. Gayanya seperti kompos. Pakai keringat orang-orangmu.. Pejabat rsu atau terkait tidak bisa kita mendirikan tempat parkir lain?,negative,True
7737_bt,7737,"Pengalaman pertama adalah dirawat di sini, ini adalah rumah sakit bertema islam tidak menakutkan seperti rumah sakit lainnya.",negative,True
7739_bt,7739,"Pasien ditetapkan selama dua minggu di sana. Tidak, tidak, tidak. Tiga minggu.",negative,True
7742_bt,7742,"Dokter tidak terlihat begitu baik. Telingaku tersumbat karena kotoran telinga. Bersih tapi masih tidak bisa mendengar. Dia diminta untuk kembali. Ini jelas bahwa kita akan setelah biaya. Lihatlah 700 rb sekali, itu mahal. Datang terlambat lagi, merampok sekitar 45 menit, sombong.: (Tidak dua kali dengan cara ini.",negative,True
7743_bt,7743,Jasa pesuruhnya panjang karena karyawannya lebih sedikit dari pasiennya... lebih banyak urusannya.,negative,True
7759_bt,7759,Toilet tidak memiliki ruang untuk selang IV. Itu membuat saya sakit dan sakit tangan saya. Akhirnya aku punya IV baru.,negative,True
7764_bt,7764,"Gedung baruku sangat keren, baunya sangat kaya di lobi hotel..
Lab juga seorang perwira yang ramah. Sangat mendidik. Ada siaga di depan.",negative,True
7772_bt,7772,"Kau baik sekali mau mencabut gigimu hari ini, tapi tidak terlalu bagus.",negative,True
7776_bt,7776,"Peresmian Rar Radjak, menjadi lebih mudah bagi publik untuk mendapatkan layanan medis.",negative,True
7784_bt,7784,"Layanan panjang, jika ada yang ingin diperlakukan di sini Pikirkan tentang hal ini, pengalaman waktu akan berada di sini",negative,True
7787_bt,7787,"Terima kasih Tuhan... acara ini sangat berguna bagi kita yang ingin memiliki keluhan kesehatan terutama di pinggang, yang menciptakan stigma ketika kita merasa penyakit ginjal. Itu tidak benar.",negative,True
7790_bt,7790,"Ketahuilah bahwa unit perawatan jalan secara keseluruhan baik-baik saja, hanya menunggu dokter untuk waktu yang lama karena pasien begitu banyak bahwa itu buang-buang waktu.",negative,True
7791_bt,7791,"Layanan yang baik, cepat dan ramah, gedung yang bagus, dokter yang baik di bidangnya.",negative,True
7795_bt,7795,"Dulu itu pertunjukan yang hebat. Yang satu ini, pasien IDD, ditangani hanya dengan 2 jam. Sudah selesai.",negative,True
7798_bt,7798,Layanan igd-nya mengerikan. Hal ini telah ditangani dengan puisi Dr Ilita itu. Semoga Anda membaca pesan ini: Anda sebagai dokter sangat empati!,negative,True
7800_bt,7800,"Aku diberitahu ada ginekolog jam 1 sore.
Jika Anda sampai di sana oleh 7: 00 besok, maka Anda dapat kembali pada 1: 00.",negative,True
7825_bt,7825,"Ada sedikit lahan yang tersedia untuk paket, jadi saya berharap untuk memperluas lebih untuk tempat parkir.",negative,True
7852_bt,7852,"Lagi dan lagi, saya kecewa bahwa ini rs dimaksudkan untuk mengambil obat. Beritahu perawat untuk tetap di bawah. Tidak ada yang menjaga dia di tengah negara.",negative,True
7858_bt,7858,Untuk pengalaman kelahiran RS.,negative,True
7864_bt,7864,"Lokasi yang mudah, tempat yang bersih, nyaman, staf yang ramah.",negative,True
7866_bt,7866,"pendaftaran bpjs terlalu lambat, hampir 3 jam kemudian bisa berubah. Mungkin ada perubahan dalam mekanisme pendaftaran, 85% pasiennya tapi hanya satu jendela. Lobby kurang luas. Ini adalah lokasi yang sangat strategis, banyak berbagai sekolah.",negative,True
7867_bt,7867,Terima kasih Tuhan untuk bisa pulang hari ini,negative,True
7868_bt,7868,"Begitu banyak catatan untuk rumah sakit ini... pelayanan ramah dan rumah sakit bersih. Juga dengan tim murahannya. Senyum.
♪ Alih Bahasa ♪ Pulpy",negative,True
7869_bt,7869,Layanan rumah sakit. Husada partner. Cepat.,negative,True
7871_bt,7871,"Jadi begini, kita harus mengembalikannya ke mata poli dan mengatakan itu katarak dan itu harus berada di ruang operasi, jadi ceritanya singkat ke dalam. Datanglah jam 4 sore... Menunggu sampai jam 9 malam belum diperiksa. Sementara kami memiliki pasien yang tahu perawat pertama, katanya ""orang mengatakan dari awal, jangan menunggu"". Bagaimana kita menunggu berjam-jam?",negative,True
7873_bt,7873,"Coba dokter paru-paru sekali. Bertemu ginekolog dengan gina dodgy r *.
Konsul hanya mengocok mesin tik. Kami mengajukan pertanyaan dan meminta mereka untuk menjelaskan masalah kita. Mereka tidak menjelaskannya. Tiga kali konsul akhirnya kelelahan. Konsul menunggu dalam satu jam tanpa alasan untuk dijawab. Saya berharap dari RS untuk melihat apa yang telah dilakukan dokter Sonon.",negative,True
7890_bt,7890,Meena kamar 211 tempat tidur 4 telah menerima pendidikan tentang b.b.for lelang yang baik Tidak masalah,negative,True
7911_bt,7911,"Prof. Lutut ibuku sakit dan belum sembuh, baru saja disuntikkan plasma trombosit, dia baru saja disuntikkan, kembali ke rumah, dan rasa sakit lututnya telah sembuh.",negative,True
7918_bt,7918,Penjaga menyebalkan. Orang tua saya tidak tahu banyak tentang ruang tamu. Bahkan jika Anda mengatakan kepadanya lantai dan nomor kamarnya disebut seorang pria tua yang tidak tahu apa yang harus dilakukan. Bagaimana dengan penjaga? Jika itu adalah perawat dan dokter gercep. Itu hanya masalah keamanan sampai dia menangis. Aku tidak tahu kamar itu datang untuk melihat ayahku.,negative,True
7925_bt,7925,"Aku mengeluh karena anakku belum diperiksa atau ditimbang sejak 4: 30. Hei, ada ayah baru datang, tapi dia sudah tegang. Tidak ada perawat di depan, jadi kita harus menghubungi departemen pendaftaran.",negative,True
7927_bt,7927,Layanan yang baik cepat,negative,True
7931_bt,7931,Layanan sangat buruk!!,negative,True
7935_bt,7935,"Aku ingin istriku memiliki batu empedu pagi ini. Kita harus menunggu 28 Juli. Dia bilang dia tidak bisa. Oke. Jika dia ada harganya, itu tidak salah.",negative,True
7938_bt,7938,Layanan itu parah. Anak itu dirawat 6 bulan lalu. Tapi gx tempat tidurnya bisa digunakan.,negative,True
7947_bt,7947,Aku akan memberikan bintang 2 untuk layanan apotek nya. Dulu sekali. Butuh 1 s / d 2 jam untuk membuang-buang waktu seseorang. Tidak menghormati waktu pasien!!,negative,True
7958_bt,7958,Layanan rumah sakit. Ini bagus.,negative,True
7960_bt,7960,"Aku sangat menghargai Suster Semillia, dia merawatku dari awal sampai akhir di lantai 16, Tuhan memberkatimu",negative,True
7965_bt,7965,"Layanan buruk!! Orang-orang berakhir dalam kecelakaan tidak langsung di tangan dan tidak dapat menggunakan bpjs. Ketika ia membayar tunai, katanya akan buruk. Aku tidak tahu lagi, kecewa. Aku tidak melakukannya. ""Tanya para staf jika mereka bahkan dilemparkan"" untuk bertanya. Jahat!!",negative,True
7972_bt,7972,"Bangunan ini bagus, staf ramah dan membantu. tapi menunggu dari satu layanan ke layanan lain masih sedikit panjang.",negative,True
7974_bt,7974,"Satu bintang. Amboonn... Lama tak jumpa. Ketika Anda berada di rumah sakit, Anda perlu perawat, Anda perlu menelepon tiga kali dan kemudian Anda memiliki gerakan. Saat kau pulang, kau harus menunggu berjam-jam. Aku tidak tahu apa yang kau tunggu. Syukurlah...!",negative,True
7983_bt,7983,"Haloooo, hanya saja hari ini aku kecewa dengan keamanan dalam anggrek emas berlemak + kulit sawit + sikap buruk pendek, aku akan mengunjungi di mana aku berada di rumah sakit tapi aku tidak diizinkan untuk masuk",negative,True
7984_bt,7984,"Jadwalnya sudah berubah! Sudah larut! Aku sudah di jalan masuk temukan perubahan jadwalnya, aku tidak tahu apa yang terjadi, sudah pasti ada yang merusak diri sendiri saat jarakku sudah 30 menit di sepeda motor itu!",negative,True
7989_bt,7989,Aku broker Sabtu malam. Jadi bantu aku dengan penjaga keamanan.,negative,True
7998_bt,7998,"Aku dua hari di ruang imc dan kemudian melanjutkan pengobatan aprodwhite. bagus tempat, membantu dokter / perawat / staf / ob / keamanan (semua orang). Makanan lezat bahkan untuk orang sakit.",negative,True
8003_bt,8003,tidak ada komentar,negative,True
8015_bt,8015,"Keamanan ruang pengiriman yang aneh. Ayahku tak bisa masuk karena permainan kecilku. Tapi sekelompok orang yang membawa anak-anak masuk, diperbolehkan untuk masuk, keluhan bahwa keamanan hanya ""ingin pergi ke kafetaria"" tahu ke mana harus pergi ke kantin.",negative,True
8030_bt,8030,Jasmine poli sangat bagus. Para dokter dan perawat ramah.,negative,True
8031_bt,8031,"Maaf, aku ingin mengungkapkan perasaanku selama aku di sana bersama suamiku. Maaf untuk mengatakan, tapi Vibes rumah sakit yang suram, dari awal staf, ular, dokter untuk pasien. Kenapa aku harus bilang begitu?",negative,True
8039_bt,8039,Untuk poly jalan bedah mulutnya telah lama mulai layanan nya. Sementara polisi lainnya telah memulai layanan satu jam tetapi untuk mengambil dalam operasi lisan serta tidak satu orang layanan. Saya mengerti bahwa dalam cara lama tindakan itu bukan pemeriksaan menyeluruh tapi bukan masalah untuk memulai layanan lama.,negative,True
8049_bt,8049,"Pelayan tidak begitu baik pada saat itu. Ya, pipissy-pants harus perusahaan dari mereka yang melakukan itu. Dorongannya tidak berubah.",negative,True
8053_bt,8053,"Rumah sakit yang bagus, bersih, rapi, tempat parkir yang cukup besar, itu adalah loker pendaftaran yang besar. Meskipun sedikit membingungkan. Tidak ada yang membantu.",negative,True
8071_bt,8071,"Assalamu alaikum.. suamiku sedang hamil pasien dari pasar baru jasarta pusat.
Maafkan keluhanku. Tolong, petugas yang berada di kantor.
Meskipun saya menggunakan bentuk kesehatan tidak gratis, saya membayar oleh kantor kesehatan kelas 1. Sisanya. Ok.",negative,True
8077_bt,8077,Aku akan memberikan satu bintang karena kemarin aku datang untuk memilih gigi saya,negative,True
8095_bt,8095,Bantu aku dan mendapatkan parkir gratis atau membayar untuk satu tiket parkir. Aku bosan membayar parkir untuk hampir 20rb. Aku harus membayar parkir.,negative,True
8097_bt,8097,♪ ♪ Aku tahu itu tidak ada cara saya bisa menarik gigi. Saya telah menyakiti selama berjam-jam. Aku belum sempat membaik.,negative,True
8115_bt,8115,Perawat di lantai dua adalah cara sopan mengantarkan ke tamunya. Ini harus dengan lebih sopan kata-kata untuk rewire tamu.,negative,True
8119_bt,8119,"Tempat itu bersih, nyaman di awal. Tapi penjaga keamanan, silakan berlatih kembali. Ya, ada insiden yang tidak menyenangkan, ketika seseorang datang ketika tidak mengunjungi jam.",negative,True
8120_bt,8120,"Aku sudah membayar tagihan, menunggu lama, memeriksa hasil coriker. Cobalah mengeluh bahwa alibinya hanya nama taipan, tapi usia lahir tidak sesuai.",negative,True
8124_bt,8124,Rumah sakit. Aku tidak bisa menunggu di lobi. Layanan tidak baik.,negative,True
8131_bt,8131,Ini awal karena hanya bisa daftar offline. Dokter bilang jam 10: 00. Tunggu sampai 11: 00. Ini bukan recombed bagi orang untuk menghargai waktu.,negative,True
8151_bt,8151,"Tidak diperintah ulang. Anak saya kebetulan berada di kelas 1, untuk alasan full- kelas kamar yang diletakkan ke kelas dua... pergi di & uap oleh 20: 30 karena batuk dan sesak, hanya disampaikan ke sebuah kamar 2: 30, 4 jam, 4 jam menunggu ruang hanya untuk alasan administrasi, menjalankan obat-obatan dll",negative,True
8154_bt,8154,"Layanan yang baik selama pengobatan di sini, dari ayah, ibu, sepupu yang sama disajikan dengan segenap hati. Ini bersih sepanjang waktu.",negative,True
8155_bt,8155,"Layanan mengecewakan, harus bolak-balik untuk mendapatkan obat, untuk berbagai alasan, apakah itu karena pasien diperlakukan seperti itu?",negative,True
8156_bt,8156,"Tempat yang baik untuk mcu, perlu meningkatkan garis untuk daftar tunggu,",negative,True
8158_bt,8158,"Sedikit kemudian di rumah sakit, kemarin kakak mengganti perban setelah melahirkan C-section seharusnya ditutupi oleh mereka.",negative,True
8165_bt,8165,"Hanya memasukkannya ke dalam untuk petugas admin yang jumlah petugas saya pikir kurang terutama untuk departemen administrasi ditambah jendela untuk berbaris tidak terlalu lama,",negative,True
8168_bt,8168,Seorang pengguna obat. Hanya tujuh hari. Sisanya hanya bisa ditebus di apotek.,negative,True
8188_bt,8188,layanan lambat sangat tidak disarankan,negative,True
8190_bt,8190,"Kemarin, usus buntu dijatuhi hukuman operasi cepat tapi tanpa menunjukkan hasil lab.",negative,True
8196_bt,8196,rs dengan ibu khusus dan anak yang super lengkap. Layanannya ramah. Dari polyclicics ke layanan canggih seperti tabung bayi dan anak-anak peduli dengan kelainan bawaan semua di sini. Yang terbaik.,negative,True
8200_bt,8200,Orang-orang kritis bukannya membantu dikirim ke rumah sakit lain dalam keadaan tidak sadar.,negative,True
8204_bt,8204,"Pergi ke dokter gigi dengan pengalaman buruk. Dia tampaknya tidak tahu apa yang harus dilakukan. Mahkota gigi hanya dipasang dengan semen, dua hari kemudian seperti yang diharapkan, gigi itu dihapus lagi. tidak akan datang lagi.",negative,True
8205_bt,8205,"Rumah sakit. Welas asih, Sipon.deket, Danau Sciondh. Layanan yang bagus, jalur pengiriman.",negative,True
8209_bt,8209,"Hati-hati dengan rumah sakit ini, mata uang, lebih peduli tentang uang daripada kehidupan",negative,True
8213_bt,8213,"Pelananya bagus, perawat dan dokter ramah. Kamar mandinya bersih. Semua baunya enak, hanya tidak cukup dingin.",negative,True
8244_bt,8244,"Layanan yang baik untuk keamanan perawat, dokter, hanya pada tingkat pendaftaran. Lama juga.",negative,True
8250_bt,8250,"Pemeriksaan radiologi di rowdy besar digital, sinar X- dikirim melalui wa, sehingga tidak ada akan bolak-balik. Ambil lebih banyak hasil. Radiologi dari kesepakatan itu tidak harus tetap sejalan untuk waktu yang lama dan ada seorang perwira yang mengingatkan dia dari yang pertama sebelum pengujian.",negative,True
8262_bt,8262,"Setiap pelayanan umum akan menjadi plus minus apa yang masyarakat alami. Jadi ini adalah rs. Bagi saya, orang tua saya yang pertama telah menjalani pengobatan selama delapan tahun atau tinggal di sini, dapat sangat membantu dengan layanan staf medis.",negative,True
8271_bt,8271,Perawat dan brader yang ramah.,negative,True
8276_bt,8276,Seluruh layanan baik. Dr. Darell membuat semuanya baik-baik saja.,negative,True
8277_bt,8277,"Sangat kecewa dengan pelayanan ras. Ayah saya melakukan tiga obat di sini dalam empat bulan, diagnosis awal asam lambung. Keluhan perut, tubuh panas, mual. Pertama-tama. Oke. Kami masih percaya.",negative,True
8278_bt,8278,"Untuk seseorang dengan peringkat buruk, aku yakin itu baik bagi mereka untuk meminta layanan bintang lima. Jika Anda ingin menjadi begitu penting untuk rumah sakit swasta besar, maka saya pikir saya ok dengan layanan.",negative,True
8279_bt,8279,"Dokter tidak pernah tepat waktu, tidak ada reservasi dengan web disediakan jika kedatangan tidak pantas.",negative,True
8282_bt,8282,Pengalaman yang bagus. Perawat keren. Jawab.,negative,True
8286_bt,8286,"Ini adalah nasib buruk untuk membayar melalui asuransi, menunggu lebih dari satu setengah jam dan masih berbaris untuk asuransi, belum lagi berbaris untuk obat resep.",negative,True
8288_bt,8288,"Untuk miring menunggu dalam antrian selama tiga jam. Gla kalik. Pantatku akan jatuh. Ibu hamil menunggu, harus lebih optimis. Ada apa dengan waktu? Mereka mengatakan mereka ingin menghancurkan doa mereka, tapi hanya sampai 11: 15 apa doa yang mereka buat?",negative,True
8294_bt,8294,layanan buruk dalam administrasi ugd,negative,True
8296_bt,8296,"Apakah benar bahwa di rumah sakit ini ada dokter bernama Ayuskalubis yang berkomentar pada tiktok, yang komentar tidak mencerminkan komentar dari dokter etis,",negative,True
8298_bt,8298,"Pengalaman medis di sini mengacu pada mode 1. Meskipun antrian selalu panjang, tetapi layanan cukup cepat, perawat ramah dan komunikatif.",negative,True
8301_bt,8301,"Ini adalah layanan yang baik. Dokter ramah. Suster. Ya, benar. Lantai 3 hanyalah rumah sakit di ruang bawah tanah. Pertukaran parkir kereta api. Rumah sakit bersih. Kantin ada di sana",negative,True
8315_bt,8315,Sudah lama sejak kau kelas satu sejak jam 12 pagi.,negative,True
8326_bt,8326,Pengalaman 1x membuat tetangga tak sadarkan diri. Kami akhirnya memutuskan untuk mengirimkannya ke idd tersebut. Aku kebetulan bersama adikku.,negative,True
8331_bt,8331,Bad!!! Apapun perubahan jadwal sudah disepakati. Pada hari dokter tidak masuk Tidak sepatah kata pun. Aku tepat waktu. Tunggu 40 menit. Tanyakan padaku apakah tidak ada dokter. Ada dokter lain yang bisa menggantikan tetapi harus menunggu 30 menit lagi. Satu jam lagi. Admin yang dicuri wanita itu! Rumah sakit sudah salah. Tidak. Ini terlalu mahal untuk membayar untuk itu. 2mg yang lalu adalah mengumpulkan survei yang ramah dan cepat untuk bekerja. Tidak ada survei seperti itu sekarang. Teman saya juga disampaikan ke idd karena itu sudah maag akut. Apa? Tambah susu. Sudah terlambat. Ini tidak layak.,negative,True
8333_bt,8333,"Kemarin aku pingsan dan bergegas ke idd, dan kemudian saya menyadari karena dada saya dipukul oleh pantai - dokter bernama Azaria Sabrina berbohong, dan sekarang dada saya masih sakit. Kemudian proses asuransi / bpjs sangat sulit. Aku tidak bisa menggunakan asuransi pribadi atau Bpjs. Keadaan daruratku tidak sadarkan diri. Aku akhirnya menggunakan dana pribadi.",negative,True
8338_bt,8338,"Rumah sakit gila. Ini seperti pasar tradisional, itu panas, sangat rendah pemeliharaan, keamanan terlihat admin. Berubah menjadi preman.",negative,True
8367_bt,8367,"Tempat ini bagus, perawat yang baik, mknan yang lezat, layanan sangat sulit, hanya 1 pendek 1 waktu tidak diperbolehkan Silakan merawatnya.",negative,True
8371_bt,8371,Menunggu pembayaran lebih lama dari waktu cek... sangat lambat,negative,True
8372_bt,8372,Pendaftaran lama. off baris lebih cepat dari online,negative,True
8375_bt,8375,"untuk layanan rumah sakitnya. Bagus, cepat & ramah. Untuk fasilitas Muslim. Harap tambahkan penghalang antara pria dan wanita Wudhu.",negative,True
8377_bt,8377,Nama bayiku Sheeza.,negative,True
8386_bt,8386,"Departemen informasi tidak menjelaskan prosedur dengan jelas... informasi yang diberikan potongan, sampai aku berbalik seperti pong, akhirnya pulang ke rumah, tidak mendaftar, orang tua miskin, telah menunggu 2 jam untuk apa-apa.",negative,True
8396_bt,8396,Layanan rumah sakit ini sangat mengecewakan. Tidak pernah ingin pergi ke kamar mayat lagi.,negative,True
8399_bt,8399,"Pasien sakit. Sudah tiga jam sejak dia jadi perawat. Jika Anda tertawa, jangan tertawa di depan pasien, tetapi sakit mengolok-olok dokter atau perawat. kecewa untuk memasukkan pasangan keluarga RS karena pengiriman lumpur. Tidak sopan, aku ingat. Selama operasi, aku sadar aku tertidur. Dokter tertawa. Aku hanya berpikir mengapa dokter tertawa di tengah operasinya? Jika itu kesalahan dokter, siapa yang bertanggung jawab?",negative,True
8414_bt,8414,"Terima kasih Tuhan... fasilitas dan jasa benar-benar ok, apalagi memakai asr. Inside top got me better, thanks to you",negative,True
8419_bt,8419,"Tidak ada yang baik-baik saja, layanan lama dan semua yang panjang. Tidak ramah, dan terlalu banyak alasan. Tengah malam ketika aku memeriksa penjaga malam, semuanya kosong.",negative,True
8422_bt,8422,Rumah sakit dengan layanan paling nyaman dalam pandangan saya. Pernah ke beberapa rumah sakit. Dia kembali ke sini.,negative,True
8425_bt,8425,Layanan ini ramah dan tetap bersih.,negative,True
8431_bt,8431,Rumah sakit yang baik. Bersih dan aku berlari keluar kemarin. Sangat bagus. Bagus.,negative,True
8432_bt,8432,"Layanan perawat dan pembersihan yang bagus. Tapi fasilitasnya kurang dari ac jauh dan TV remot tidak ada, jadi tidak bisa dimatikan.",negative,True
8434_bt,8434,Tolong jangan kirim kembali. Ayahku tidak sembuh. Dia juga mengidap kanker paru-paru 4a. Sekarang tanggung jawabnya. Apa dengan bpjs?,negative,True
8437_bt,8437,"Dari depan penjaga ke perawat, dokternya ramah.
Bersih. Dan ada kafe.",negative,True
8451_bt,8451,"Terima kasih Tuhan byi lahir sehat, dokter adalah perawat yang baik juga",negative,True
8453_bt,8453,"Peringkat 1. aku bicara bukan untuk semua agen Rs untuk menanam bunga, tapi untuk ruang pengiriman di lantai empat! Untuk perawat atau apa pun itu yang terasa shift malam pada tanggal 22 April.",negative,True
8466_bt,8466,"Bagus, layanan bintang lima.",negative,True
8471_bt,8471,"Layanan itu baik, perawat itu ramah, selama pengobatan di kamar 258 1 alamanda",negative,True
8472_bt,8472,Layanan benar-benar baik. Cepat. Tidak ada keringat.,negative,True
8480_bt,8480,"Layanan di sini telah lama, tidak komunikatif, dokter bicara. Sampai layanan pulang untuk waktu yang lama. Pilih saja yang lain.",negative,True
8492_bt,8492,aku benar-benar lelah yang mana aku membayar orang tapi dibuat kembali sandal panjang pagi ngong pagi akan mengambil antrian ke antrian untuk berubah setelah makan siang,negative,True
8519_bt,8519,"Layanan buruk, banyak staf, tapi tidak cepat. Pasien keluar dari hidung. Tidak ada tindakan.",negative,True
8528_bt,8528,Layanan yang bagus. Layanan yang bagus. Semoga berhasil.,negative,True
8532_bt,8532,"Sumpah layanan lambat sekarang menunggu antrian obat dari 3: 00 PM. Jika kita tidak memiliki cukup karyawan, kita akan tahu apakah mereka terluka.",negative,True
8538_bt,8538,"Adikku dibunuh oleh dokter di rumah sakit ini. Aku benar-benar tidak ingin memberinya bintang. Satu-satunya bintang yang kuberikan adalah perawat di rumah sakit. Tapi perawat lain semua sangat buruk. Perawat di sini sangat lambat. Seringkali ketika saudara saya membunyikan bel, perawat datang waktu yang lama. Selain itu, dokter sangat tidak bertanggung jawab, karena dia telah menyelinap keluar negeri, mengapa dia masih datang? Sebagai dokter, bukannya menyemangatinya di depan pasien, ia berbicara sangat serius di depannya dari kata-kata dokter, ia semakin putus asa untuk kondisinya..
Aku sangat kejam. Saya harap Anda dokter dan perawat bisa lebih sadar. Bagaimana perasaanmu jika keluargamu kesakitan tapi harus menunggu lama untuk mendapatkan perawat atau dokter?
Tidakkah kalian semua berpikir kehidupan orang lain sebagai milik kalian?",negative,True
8550_bt,8550,"Layanan gid sangat buruk, menunggu di tujuh jam idd ternyata tidak ada ruang. Meskipun sebelum memasuki entri pertama, itu adalah ruangan, dan petugas pendaftaran mengatakan itu, setelah waktu yang lama, menunggu untuk mengatakan itu diisi dengan kamar orang lain. Ini bukan pertama kalinya sesuatu seperti ini terjadi di sini.",negative,True
8552_bt,8552,"Apa gunanya pergi melalui bangunan tapi daftar layanan adalah mengambil begitu lama. Ada empat orang duduk di meja. Sebuah bilik pekerjaan berbeda, tapi itu hanya kotak pasien yang tidak terdaftar. Tanya aku dua kali untuk menunggu. Pertama untuk hcu ia mengatakan nomor lima. Seharusnya pergi ke rumah sakit lebih cepat. Hanya setelah meminta untuk pertama kalinya dalam satu jam. Tanya dia dua kali, dia bilang empat baris lagi. Untuk satu jam atau lebih, hampir dua jam, itu hanya satu pasien? Ini tidak benar!",negative,True
8555_bt,8555,"Maaf, sebelumnya. Sakit sekali. Ini kurang menyenangkan daripada layanan keamanan.",negative,True
8559_bt,8559,Rumah sakit Soeharto Heerdjan memiliki layanan tetap,negative,True
8573_bt,8573,"Hanya 3x pergi ke klinik gigi dengan anak-anak di sini, layanan cepat, pembayaran asuransi dalam waktu singkat. Rata-rata satu jam untuk proses. Tunggu. Jika tidak ada obatnya, aku akan membandingkan rumah sakit lainnya.",negative,True
8577_bt,8577,Mary memang hebat sejak awal. Masuk ke Idd. Segera.,negative,True
8599_bt,8599,"Orang-orang keamanan terlihat seperti penduduk setempat, mereka sangat tebal. Bagi saya itu tidak masalah, masalahnya adalah mereka kurang ramah menjawab pertanyaan saya atau pengunjung perempuan lainnya.",negative,True
8602_bt,8602,"Kasir super tua, ketika saya bertanya kepadanya, ia menjawab jika pertanian itu berbaris, dan saya menjawab jika saya tidak memiliki obat apapun, dan dia meminta saya kembali, yakin Bu? Ini aneh, tapi sebelum ini, ada ibu yang marah dan mengatakan bahwa saya hanya membayar untuk uang, tidak ada obat-obatan. Bagaimana bisa aku tidak punya pasien yang membayar obat seperti itu?",negative,True
8608_bt,8608,Perawat kasar. Layanan buruk.,negative,True
8611_bt,8611,Rumah sakit bersih. Dokter baik. Perawat aman.,negative,True
8624_bt,8624,"Dia menelepon dalam garis panjang. Ini tersedia untuk lima loker sekalipun. Satu untuk membayar, satu untuk anak-anak. Itu berarti ada tiga loket untuk bpjs, tapi sudah lama.",negative,True
8626_bt,8626,Ruang Jangkar Sisters. Keren.,negative,True
8636_bt,8636,"Menanggapi layanan. Akurat cepat. Fasilitas ini memadai. Good luck, emc pulomas.",negative,True
8639_bt,8639,"Ini televisi tidak ada tanda-tanda Gmap, tapi tidak ada respon pada siang hari selama berjam-jam.",negative,True
8642_bt,8642,"Rs nya bersih dari pelayanan ramah, terutama masjid besar dan nyaman nya, ada balkon besar untuk pohon.",negative,True
8643_bt,8643,"Aku mengantar anakku ke Poli Jasmine untuk biaya pribadi. Untuk spesialis, anaknya sangat ramah, rendah hati, tidak menakutkan. Dan tenang.",negative,True
8647_bt,8647,"Dokter dan perawat baik-baik saja, tidak ada masalah. Aku tidak tahu mengapa sistem garis tampaknya tidak bekerja pula, tapi itu baru saja dipanggil dan berdiri. Di apotek juga, nomor sedang menunggu.",negative,True
8665_bt,8665,Untuk pembantu di kantor dokter. Bagus. Untuk daftar lama.,negative,True
8672_bt,8672,"Parkers bukannya ramah adalah emosional tentang ""otomatis salib""",negative,True
8678_bt,8678,"Pekerja super ramah dari rumah sakit ini.. Layanan-Nya amazes saya lebih dari rumah sakit lain nyaman, bersih, tenang hampir seperti rumah sakit swasta. Ya, tidak terlalu ramai, AC dingin. atas",negative,True
8682_bt,8682,Apoteker pada saat obat pengobatan lama. Butuh satu jam.,negative,True
8688_bt,8688,Layanannya bagus. Dan perawat sedang merespon. Tolong segera mendaftar.,negative,True
8691_bt,8691,"""Batu ginjal S tetapi menyebarkannya"". Dokter tidak menjelaskan operasi baik. Tidak ada kamera? ♪ ain 't no stone out there ♪ Mengapa tidak scan pergi langsung, mengapa akan memakan waktu seminggu?
Ini dokter. Sepertinya dia terburu-buru. Ya. Tapi itu tidak berhasil. yopeye twirdergunsssSp.utry tolong jelaskan ini ke pesta RS",negative,True
8692_bt,8692,"Telepon ke operator ingin untuk laboratorium, 30 kali itu tidak diangkat, maka itu terangkat. Ini rumah sakit. Respon lambat seperti itu. Sangat kecewa. Pada tingkat layanan, silakan.",negative,True
8703_bt,8703,Input ke bpjs apotek untuk mengambil obat sangat lambat. Jadi tunggu terlalu lama untuk minum obat.,negative,True
8716_bt,8716,"Butuh waktu yang lama, belum lagi. Datanglah ke poli- sakit dengan dokter, jadwal praktek pukul 2: 00, dokter tiba di 3: 00. Sebagai perbandingan, layanan mimbar lebih baik.",negative,True
8718_bt,8718,"Perawat itu sombong. Tidak ramah. Menyebalkan.
Tidak meminta keluarga, tidak ada jutek.
Pembibitan kecil. Kelas satu hanya memiliki satu ruangan. Dan untuk kalian yang berada di kelas pertama, mereka harus dipanggil ke sini dulu.",negative,True
8722_bt,8722,"Pertanian bekerja terlalu lama. Ketika aku meresepkannya selama 15 menit, tak ada yang mengantri.",negative,True
8723_bt,8723,"layanan pelayan!
Terima kasih banyak",negative,True
8724_bt,8724,"Rumah sakit. Nah, periode kelahiran adalah keluar dari urutan jika Anda membutuhkannya. Apa? Yang lahir bersama kita akan membutuhkan seseorang yang dekat dengan rumah. Terutama ketika anak-anak masuk Seseorang harus berada di sana untuk membantu mereka. Sudah berakhir di tempat anak itu. Kasihan",negative,True
8733_bt,8733,Kau sedang dirawat di sini. Terima kasih Tuhan untuk layanan gid cepat dan perawat adalah di dalam ruangan. tapi kesuksesan Smoga bisa ditingkatkan.,negative,True
8743_bt,8743,Semoga layanan kliniknya meningkat lebih kuat.,negative,True
8774_bt,8774,bpjs parah,negative,True
8789_bt,8789,"Ini peternakan yang panjang. Obatnya belum siap, sudah 30 menit persiapan.",negative,True
8792_bt,8792,Tidak perlu menunggu dalam antrean karena ruang tunggu politik adalah di tempat di mana orang nyaman dengan fasilitas mereka.,negative,True
8793_bt,8793,Layanan farmasi-nya sangat lambat. Butuh dua jam. Kecewa.,negative,True
8804_bt,8804,"Ya, mungkin pertama kalinya kau masuk ke sini.. Ini bukan hal yang sama dengan menunjukkan Rsu di kota besar.",negative,True
8808_bt,8808,"Kami sudah lama menunggu kantong darah. Kami sudah menunggu sejak jam 8 pagi. Ketika jam 3 sore, tidak kosong.",negative,True
8809_bt,8809,Layanan yang sangat buruk. Orang-orang mengalami diare dan malam-posisi medis sedang diberitahu untuk menunggu di luar.,negative,True
8811_bt,8811,"Saya telah menghabiskan tiga hari di ruang begonia, cukup lebar, bersih, dan perawat itu ramah. Namun, toilet tidak tersedia di dalam ruangan, jadi pertimbangkan kamar ganti jika kau ingin lebih nyaman.",negative,True
8819_bt,8819,"Pertama kali saya pergi ke RS seperti ini, layanan itu buruk. Dikatakan jam 12: 00 p.m., tapi sampai 02: 30, itu bukan berasal dari dia.",negative,True
8820_bt,8820,"Layanan ini bagus dari tas perawat. Perawat dokter, tapi manajer beberapa penjaga sangat tidak ramah dan sombong. Kami meminta jawaban.",negative,True
8822_bt,8822,Sudah beberapa kali sejak dia sakit. Jasanya selalu lama sejak dia membayar.,negative,True
8830_bt,8830,"Aku sangat kecewa padamu. Aku memintamu untuk tinggal di sini. Dan sekarang aku akan mendapatkan beberapa obat..
Abiz isya aku langsung ke taman sari RS karena aku tidak ingin tinggal selama pendaftaran.
Aku memberimu tip. Hei, hei, hei.",negative,True
8831_bt,8831,"Bagus, bersih, bersih, keren, panas, ramah.",negative,True
8834_bt,8834,"Jangan berasumsi hal yang sama dari Siauw Taufik. Complaints hanya tinggi kolesterol tetapi mereka diberitahu untuk menguji mereka semua (termasuk creatine dan egfr, urine microoppy, urea, glukosa bergegas, hba1c, asam urat, vitamin d 25- oh) yang sama sekali tidak ada hubungannya, sehingga tidak dapat ditutupi. Rumah sakit menerima keluhan dan tidak melakukan apa-apa.",negative,True
8854_bt,8854,Layanan rumah sakit yang baik. Bagus. Respon cepat.,negative,True
8867_bt,8867,Hasil tes antigen tidak bisa masuk. Jadi mari kita uji lagi di tempat lain yang bisa kita masuki.,negative,True
8871_bt,8871,"Tidak ada pelayanan ramah, tidak ada senyum spo? Wajahnya seperti semua bab.",negative,True
8874_bt,8874,Layanan sangat baik. Dan pengobatannya sangat cepat. Sekitar 14 Feb Kren.,negative,True
8898_bt,8898,"Selama istri saya dalam perawatan di sini semua staf dan perawat ramah, kebetulan saja bahwa istri saya vipe dan kamarnya bersih, dan makanan nya tidak sebagus kebanyakan lain Rs biasanya.",negative,True
8902_bt,8902,"Apa layanan sia-sia!!!!
Layanan yang buruk, staf yang tidak ramah, meminta informasi dan penjelasan tidak jelas, bagaimana bisa Anda membawa anak ke rumah sakit ini, jadi maaf telah datang ke rumah sakit ini dan untuk diikuti, bahwa itu sangat mengecewakan untuk berpikir bahwa jika Anda ingin datang ke rumah sakit ini, apalagi perawatan anaknya, menunggu waktu yang lama, bayi menunggu iud untuk datang ke tempat tidur sampai malam, dan untuk berbaur dengan orang dewasa.",negative,True
8907_bt,8907,"Layanan ini ramah, keluarga, keamanan yang ramah, seperti yang ada di staf. Naik.",negative,True
8915_bt,8915,"Fasilitas yang bagus, tapi buruk. Aku bisa menghabiskan 2 jam hanya menunggu obat saya untuk siap. Tidak ada kantin, hanya sebuah toko makanan ringan.",negative,True
8925_bt,8925,Fasilitas perawatan kesehatan mental yang menyediakan layanan anak-anak ke-dewasa.,negative,True
8934_bt,8934,"Layanan Inhuman, trauma seumur hidup. Perawat dan dokter Ipd sangat buruk dalam menangani. Seperti tidak ada keadaan darurat.",negative,True
8940_bt,8940,"pengalaman buruk melahirkan anak di rs pluit. Pendekatan hpl, biarkan aku memeriksa ruangan. Ketika cek grade- 1 di Renov jadi jika pasien memilih kelas pertama maka akan mendapatkan ruang VIP tanpa fasilitas visual.",negative,True
8946_bt,8946,Rumah sakit terburuk sejak Korea Utara. Layanan buruk. Ini sangat buruk.,negative,True
8949_bt,8949,"Layanan farmasi yang malang! Pasien sedikit pendek. Tapi menunggu obatnya selama hampir satu jam, karyawannya sendirian. Ini hanya masalah waktu untuk diminta menunggu. Aneh!",negative,True
8952_bt,8952,"Layanan buruk, lambat ketika diminta. Silakan, perawat berisik, terlalu banyak lelucon dan tertawa terlalu kuat seperti tidak merawat pasien dan keluarga pasien. Tolong saling menghargai.",negative,True
8960_bt,8960,"Gileee... buruk
Sudah lama sekali sejak hari sebelumnya, dalam bentuk online, di admin dari substation konten pasien, digunakan untuk menulis kronologi, datang dari 03: 00, pada 04: 00 Ini masih pagi.
Jangan biarkan kami mengalami hal ini pada jam ini. Ya, benar. Dokter sedang menunggu jadwal.
Kami menjadi pasien yang tidak dianggap untuk akhir waktu kita, di mana saya pertama kali pindah ke negara itu.
Bahkan dokter bersumpah untuk melayani sebagai dokter di mata Tuhan.
Tapi itu hanya berbeda ekonomi kasta / kelas, Anda adalah sikap yang berbeda dan melayani sebanyak yang Anda inginkan dan membuat hook!!!!
Hanya bagian dari layanan medisnya, menunggu dokter kelas perceraian.",negative,True
8969_bt,8969,Kontrol dokter lebih cepat daripada membayar orang yang dicintainya. Tolong perhatikan layanannya. Ketika lahir itu juga diambil ruang vvip tapi kamar mandi adalah air panas,negative,True
8971_bt,8971,"Layanan ini tidak buruk, tapi dokter kelahiran sering terlambat.",negative,True
8976_bt,8976,"Layanan ini buruk, perawat jauh lebih tidak menarik. sering protes, tetapi tidak berubah / aksi",negative,True
8983_bt,8983,"Rumah sakit tidak begitu besar. Layanan tidak baik. Spesialis tidak lengkap (hanya enam spesialis + dokter umum). Harga yang relatif mahal, tidak sebanding dengan fasilitas dan jasa. Lokasi strategis, tidak banyak parkir. Ada atm bni, bca, bri, panin, kafetaria.",negative,True
9003_bt,9003,Aku hari Kamis tanggal 18. Aku diberitahu untuk daftar langsung ke klinik bedah. Pertama admin.,negative,True
9007_bt,9007,"Klinik yang paling terbaik, dari pelayanan publik ke layanan di poli poli, terutama pada layanan momi pada layanan anc oleh mrs. Kuharap rumah sakit segera diluncurkan.",negative,True
9017_bt,9017,"Ayah saya sedang dalam pengobatan bukannya menjadi lebih baik, itu semakin buruk. Operasi gagal sepenuhnya sampai bocor, tidak ada yang bisa dilakukan kecuali menunggu untuk sembuh, rumah sakit baik, tapi belum selesai.
Dokter adalah dupe di awal h dan ahli bedah pengalaman.",negative,True
9037_bt,9037,"Ibuku dioperasi pada hari Jumat, tapi dia diskors untuk bulan depan. Dia dirawat empat hari.",negative,True
9043_bt,9043,"Layanan yang baik, tindakan cepat. Cs, perawat dan dokter bersahabat. Rumah sakit jauh lebih bersih daripada markas 10.",negative,True
9045_bt,9045,"itu benar-benar rumah sakit bintang lima... layanan sangat ramah.. cepat.. nyaman...
rumah sakit yang paling direconded di kota",negative,True
9057_bt,9057,"Jadilah cepat, ramah, bersikap baik.",negative,True
9069_bt,9069,Anakku dirawat dengan muntah dan kotoran di sana. Layanan itu jelek sekali. Terutama karena perawat meminta saya untuk membantunya dengan alat saya tidak mengerti.,negative,True
9070_bt,9070,"Layanan buruk.
d igd dr jm 15.00 pm bru can kmr d Intai 3 jm 19.33, cma dksh oksigen doank tanpa obat igma.
Rumah jompo saya panggilan untuk nada pengawet.
Tolong buat perawatnya berpendidikan untuk menghadapi kliennya.",negative,True
9075_bt,9075,Keep up the good service & friendly like this,negative,True
9079_bt,9079,Administrasi rumah sakit terburuk yang pernah kutemui.,negative,True
9092_bt,9092,"Kompartemen merasa nyaman. Petugas yang ramah...
Tapi pointer masuk sedikit bingung. Jika aku bisa meletakkannya di samping pintu",negative,True
9103_bt,9103,Tidak ada sistem keamanan. Ponselku hilang di tengah malam saat semua klaim CCTV hilang. Semua kamera keamanan ada di bawah sini jadi hati-hati. Banyak sekali. Tidak ada tgfjwb baik.,negative,True
9122_bt,9122,Layanan yang bagus. Semua petugas ramah.,negative,True
9135_bt,9135,"Alhamduli, pengalaman yang sangat mengesankan keluarga kami diterima selama pengiriman istri di dompet dhuafa. Bahkan jika menggunakan bpjs, tidak ada bedanya dengan pelayanannya. Klinik cocok dengan kelas yang kita terima. Proses administratif tidak sembelit. sukses terus rst dompet dhuafa",negative,True
9136_bt,9136,"It 's nice, nakes friendly everyone, what else part hd",negative,True
9141_bt,9141,"Bahkan, tiga pelayan rsby telah dalam perjalanan mereka dari idd. Tidak lama untuk memasuki kamar bayi. Oke.",negative,True
9158_bt,9158,Fasilitas yang bagus. Sempurna. Fasilitas kecepatan ramah.,negative,True
9159_bt,9159,"Datang ke sini karena dokter telah dirawat di sini, obat harus menunggu asuransi datang pertama, dan kemudian datang dari hari ke malam, dan itu adalah kesalahan asuransi, sementara cek asuransi dari rumah sakit, bisa lebih buruk. Asuransi di rumah sakit ini sangat sulit.. Dan sudah mengajukan formulir keluhan tidak mendengar, baik, sampai ia pergi ke mejanya ketika pengobatan ditanya berapa lama: jawabannya adalah waktu yang belum ditentukan. Yang lain rs di Jakarta sejauh ini tidak seburuk ini. Terima kasih Rs Warima, sehingga tidak akan kembali.",negative,True
9160_bt,9160,"GX adalah obat di rumah sakit pena, layanan buruk, perawat adalah bidan bukannya melakukan bantuan pertama, sibuk oleh dirinya sendiri, foto kimchi, apa lagi adalah ibu gemuk mengenakan kacamata, foto & untuk vido",negative,True
9167_bt,9167,"Pendaftaran elit rumah sakit sulit dicapai. Aku datang jam 11: 30, ada antrian 69. Datang untuk konsultasi hanya selama lima menit, tapi tunggu selama berjam-jam, harap lebih memperhatikan dan mengevaluasi kembali itu.",negative,True
9171_bt,9171,Layanan rumah sakit ini sangat mengecewakan. Tidak pernah ingin pergi ke kamar mayat lagi.,negative,True
9174_bt,9174,Dokter meremehkan pasien. Aku punya ambulans. Semua petugas tahu tentang kondisiku. Aku hanya memintanya dalam uap sesak napas.,negative,True
9175_bt,9175,"Pengujian buruk. Pekerja pendaftaran lambat, dibutuhkan 10 menit per orang untuk mendaftar.",negative,True
9176_bt,9176,"Istri saya khawatir tentang 6 Januari kemarin, layanan yang baik meskipun istri saya menggunakan bpjs",negative,True
9184_bt,9184,Layanan yang bagus.,negative,True
9186_bt,9186,"Layanan untuk bagian bilik sangat buruk, tawaran yang lengket dan lelah pasien. pasien kelahiran sedang dipantau di dalam ruangan, dan memberikan susu kepada bayi tidak memberitahu keluarga pasien terlebih dahulu.",negative,True
9203_bt,9203,"Dari semua staf kantor tua, sepertinya semua orang sakit. Semua orang sakit. Semua orang sakit.",negative,True
9210_bt,9210,"Sayang sekali aku baru. Belum lama, tapi kenapa fasilitasnya begitu jelek?",negative,True
9212_bt,9212,"Kacau sekali. Layanan farmasi, saya mengantri dua jam yang tidak disebutkan, ""bahkan banyak orang tua cukup tua untuk menunggu selama satu jam"", apoteker itu sangat tidak ramah.",negative,True
9232_bt,9232,"Layanan administrasi darurat butuh waktu lama. Penutupan tagihan mengambil hampir dua jam atas karena pendaftaran, stay-at-rumah dan hanya ada satu kasir apos; s loker.",negative,True
9237_bt,9237,"Bagus, pelayanan yang bagus di sana.",negative,True
9242_bt,9242,Hasil tes Pcr keluar dalam waktu 48 jam bukannya 24 jam!,negative,True
9243_bt,9243,Anakku yang tampan sedang dirawat di ruang shofa dan juga memberikan terapi mewarnai untuk menghilangkan saturasi anak dalam pemulihan.,negative,True
9254_bt,9254,Kecewa oleh layanan di RS. Helsa citeureup for what the boking and wa service relists can 't cuota because our kuota is aushed. Para pekerja tidak bisa hanya pergi bekerja.,negative,True
9272_bt,9272,"Rumah sakit terburuk yang pernah saya ke.... layanan terburuk, perawat terburuk, dokter terburuk, sikap terburuk.",negative,True
9292_bt,9292,Terima kasih Tuhan istri dapat merujuk di sini untuk melahirkan. yang terbaik pula,negative,True
9293_bt,9293,"Baru-baru ini aku menikmati percobaan permusuhan hangat dan pelayanan mahal. Ruang VIP sangat bagus, menawarkan kenyamanan dan privasi. Aku sangat merekomendasikan dr. christian wijaya woen dan dr. ria pustamari untuk perhatian pengecualian mereka dan profesionalisme.",negative,True
9296_bt,9296,"Oke, tak apa.",negative,True
9298_bt,9298,"Layanan lama. 2, proses administrasi yang panjang 3, menunggu obat dari 13: 00. Empat. Tidak banyak obat dalam antrian, tapi tidak banyak. Lima. Tidak ada bantuan di apotek. Enam. Ketika itu berakhir, selalu mengatakan ""tunggu untuk itu"". Tujuh.",negative,True
9303_bt,9303,"Pergi ke poly seorang anak dari Pustesmas di Saranin kembali ke rumah sakit. Tapi kuota terbatas 15, Jumat.",negative,True
9305_bt,9305,"Ambulans menghabiskan banyak uang untuk pasien. Saya meminta tips dengan koroner, ambulans meminta 1, 2 juta untuk pergi ke pasar seminggu lagi dari 15 km selama aku mengambil ambulans di sekitar rumah",negative,True
9311_bt,9311,"Jumat lalu, istri saya mengambil kendali dari gigi poligraf untuk waktu ke-sejuta... karena dia sudah dikenal perawat nya beberapa kali... berkat Suster dea, kakak ipar, kakak ipar dan adik avi untuk pelayanannya... Ya.",negative,True
9314_bt,9314,Silakan posting keamanan Anda. Jangan tinggalkan itu. Saya sebagai keluarga pasien terjebak di karena pintu terkunci. Kasar sekali.,negative,True
9320_bt,9320,"Pengobatannya yang menyedihkan tidak memiliki empati jahat berpura-pura sakit dan tidak berani bunuh diri. Layanan sangat buruk. Perawat berbicara banyak omong kosong, berbicara omong kosong, tidak percaya keluhan pasien, mengatakan itu sakit sekali dan membuatnya turun ke perawatan kesehatan mental.",negative,True
9326_bt,9326,"Dua bulan yang lalu kelahiran itu normal di sini, tapi perawat itu tidak ramah (hanya satu perawat ditinggalkan sendirian). Sisa jus yang parah.",negative,True
9328_bt,9328,"Layanan ramah, RS bersih dan cepat. terima kasih",negative,True
9329_bt,9329,"- Hal ini nyaman untuk perawatan anak.
- Respon cepat layanan ketika anak saya di Upd ""ketika keadaan darurat"".
- Setelah di dalam ruangan layanan tetap tangkas dan cepat dan ramah.
- Daerah di luar untuk menunggu pasien juga sangat nyaman dan dingin.",negative,True
9331_bt,9331,"Rumah sakit bersih, tempat tunggu di poli juga nyaman.
Ada tempat tinggal, ada makanan.",negative,True
9335_bt,9335,"Tempat, layanan, desain, kebersihan semua baik. Ini hanya sedikit mahal.",negative,True
9338_bt,9338,"Aku mendaftar untuk Dr Orthopedi, Sabtu, tapi pada hari Jumat pemberitahuan bahwa waktu praktek dipindahkan, dan kemudian pada hari Sabtu, pada jam yang Anda mendekati Anda, menginformasikan dokter dari praktek,",negative,True
9340_bt,9340,Ini adalah layanan yang baik. Ini dokter yang baik. Dia sangat sabar dengan pasien. Panci keberuntungan yang bagus.,negative,True
9353_bt,9353,"Lebih memaksimalkan layanan di rumah sakit.. Ruangan ini lebih sempit dari ruangan lama, tidak ada kaca di atas wastafel.",negative,True
9356_bt,9356,"Saya memiliki pengalaman pahit di tempat ini, ibu saya digunakan untuk mengontrol rumah sakit ini karena dia diabetes, sering dia memiliki kontrol sebulan. Bisa jadi 2x.",negative,True
9360_bt,9360,"Izin untuk bertanya. mendapat referensi ke .drgst Jam berapa aku harus datang ke bagian nomor, mengingat jarak rumah ke RR cukup jauh. Tolong bantu karena aku sudah mencoba menanyakan nomor whatsapp tapi tidak ada jawaban.",negative,True
9364_bt,9364,Layanan itu mengerikan. Aku datang jam 4: 30 sore. Itu disebut untuk pendaftaran.,negative,True
9378_bt,9378,"Rumah sakit adalah untuk perempuan, layanan ramah, tempat ini bersih, kawat tidak buruk. pengakuan baik untuk wanita",negative,True
9394_bt,9394,"Ingin dirawat untuk waktu yang lama? Datang ke sini, menjamin administrasi. Hanya melihat peringkat di sini, semua keluhan admin tua, petugas, dll... Para dokter berbicara tentang narkoba, mereka memberikannya. Dokter tidak fokus. Gila. Ini rumah sakit. Sudah lama, tapi hasilnya belum jelas. Ini mengerikan.",negative,True
9405_bt,9405,Perawat bernama putri tidak memiliki solusi... nyonya... tidak ramah... tidak mengambil rasa sakit pasien...!,negative,True
9411_bt,9411,Maafkan aku.,negative,True
9427_bt,9427,"Abrasi biasa, perawatan bersih-up dengan sisa cairan nacl, tidak diperban. Harga pembayaran adalah 400 rb atas. Benar-benar bukan rekomendasi, mengambil keuntungan dari penderitaan orang",negative,True
9431_bt,9431,"Tidak lagi. Jika saya dipindahkan ke sana, layanan jauh dari kata susu di lt 5, dan gugus tugas adalah sebagai kaya sebagai preman yang diminta seolah-olah tidak ada subjek.",negative,True
9432_bt,9432,"Apa yang panjang, najis, jangka panjang layanan harus diminta lebih banyak ""baru dilayani, tidak ramah harus bintang 0",negative,True
9433_bt,9433,"Jangan kemari. Ini adalah sistem informasi yang mengerikan. Aku memesan melalui tlp dan wa, itu dikonfirmasi ketika saya datang itu mengatakan bahwa Anda hanya bisa mendapatkan mereka di 2: 00 sore. Tes lab telah dibayar secara pribadi. Daftar hal-hal seperti itu, seorang petugas pendaftaran yang tidak memiliki sopan santun dan telah kehilangan kami karena kesalahan informasi sistem untuk buku mereka. Lebih baik pergi ke rumah sakit lain dengan sistem yang lebih baik.",negative,True
9440_bt,9440,"Rumah sakit yang bagus, karyawan yang ramah, suasana nyaman, strategis.",negative,True
9447_bt,9447,Layanan tidak jelas!,negative,True
9453_bt,9453,Administrasi sudah menunggu selama dua jam untuk administrasi obat. Totalnya 4 jam lebih untuk administrasi rawat inap.,negative,True
9456_bt,9456,"Aku kecewa, dan aku sangat kesakitan, tapi aku terburu-buru pindah ke rumah sakit lain, dan aku meminta kebijakan untuk menunggu keluargaku menjemputku, tapi mereka memaksaku untuk mengajukan surat pembebasan.",negative,True
9463_bt,9463,Obat super duper sangat lama. Anak-anak menangis untuk waktu yang lama. Hampir 2 jam.,negative,True
9470_bt,9470,"Maaf tentang sebelumnya, tapi ini adalah garis terpanjang yang pernah saya miliki. Sudah hampir empat jam dengan dokter yang tiba satu jam terlambat dari jadwal latihannya. Orang sakit mendapatkan sakit menunggu selama itu. Benar-benar menghabiskan sepanjang hari",negative,True
9471_bt,9471,"Dokter baik. Oprasiny cepat.. layanan cepat & perawat ramah. ""Ruangan ini bersih. Aku dapat bonus.",negative,True
9477_bt,9477,Layanan lebih baik. Ruangan ini bersih.,negative,True
9478_bt,9478,"Pengobatan di Hcu sangat tidak keren. Komunikasi antara pasien dan perawat dan dokter adalah di semua tersibuk. Dan tidak ada update untuk keluarga pasien. Bagaimana kondisi pasien, bahkan cocok begitu keras. Tidak persis catatan.",negative,True
9482_bt,9482,Suasana layanan ruang tunggu cukup nyaman area parkir silakan reset.,negative,True
9490_bt,9490,Rumah sakit dengan layanan gid terburuk yang pernah saya lihat. Perawat yang buruk.,negative,True
9491_bt,9491,Layanan di sini cepat. Kasir tidak menunggu lama. Layanan dokter juga sangat baik. thx,negative,True
9494_bt,9494,Ini adalah rumah sakit mental yang melayani... tanpa martabat.,negative,True
9497_bt,9497,"Alhamduli........
Saya tidak bisa menggunakan daftar telepon online, untuk bantuan seorang perwira.",negative,True
9501_bt,9501,"Implan awal perlombaan baru, besar dan sepi, sampai bagian depan ruangan, tidak ada penjaga keamanan atau layanan untuk menyapa pasien yang membutuhkan kursi roda.",negative,True
9511_bt,9511,"Rumah sakit dari luar terlihat baik-baik saja, tapi begitu kau masuk, itu mengejutkan. Dokter dan perawat tidak memakai topeng N95, sarung tangan, dll. Anak laki-laki di layar pos tidak memakai sarung tangan, hanya satu pasang topeng, sandal jepit, celana jeans. Untuk waktu yang lama, pasien ditinggalkan menunggu ug. cukup sekali ke rumah sakit ini.",negative,True
9515_bt,9515,Ini sebenarnya bintang. Tidak. Bukan bintang untuk cinta.,negative,True
9516_bt,9516,"Aku sudah menunggu panggilan dokter sampai sekarang. Orang di telepon meninggalkan kertas untuk perawat baru. Aku sedikit kecewa. Sementara itu, ada dua panggilan lagi di website tapi mereka belum dipanggil.",negative,True
9528_bt,9528,"Ini disebut di sini untuk memenuhi Disa, untuk keamanan dan petugas. Bagus, tapi untuk dsa, Dr Andrew, tidak nyaman untuk membahas, berpikir tentang hal ini.",negative,True
9529_bt,9529,Layanan tidak jelas. Sudah empat bulan untuk operasi gigi untuk bolak-balik. Alasan untuk pemeliharaan ruang operasi. Ditanyakan ketika Anda dapat bertindak bahkan tidak jawaban yang pasti. Tidak.,negative,True
9531_bt,9531,"Aku menunggu lebih dari satu jam untuk tes dan ketika giliran saya tiba untuk pembayaran. Aku punya asuransi, mereka mengatakan itu akan memakan waktu lebih dari satu jam jika Anda ingin menggunakan asuransi, jika tidak Anda harus membayar. Aku harus membayar tes karena aku tidak ingin menunggu lebih lama lagi. Saya lebih suka rumah sakit yang indah dua kilometer jauhnya.",negative,True
9539_bt,9539,Tindakan medisnya cepat dan tak tertunda. Terutama ketika akan ada operasi. Dokter bedah bisa menenangkan pasien. Membuat pasien tidak takut untuk menjalani operasi.,negative,True
9541_bt,9541,"Dua kelahiran di rumah sakit ini. Mengapa, dua kali, itu berarti saya percaya di rumah sakit ini, tapi aku harus memilih. Ada beberapa dokter yang saya pikir sangat suka mengulur waktu dan tidak menghormati waktu pasien.",negative,True
9547_bt,9547,"Bagus, cantik, tapi di tempat parkir. Tidak masalah. Keamanan mana yang sapi?",negative,True
9549_bt,9549,"Ini rs menyediakan layanan khusus, dokter bedah nya tidak hanya teknis, tetapi juga sangat empati untuk kebutuhan pasien.",negative,True
9559_bt,9559,Ini mengecewakan.,negative,True
9564_bt,9564,Permisi. Aku ingin bertanya apakah ada administrasi di sini?,negative,True
9570_bt,9570,"Oh, Tuhan. Düllech telah tiba di 13: 30 sampai siang. Pada 16.38 jam, begitu kecewa ingin nangia",negative,True
9575_bt,9575,"Layanan yang baik, antrian tidak terlalu lama, dokter juga peduli tentang pasien 'keluhan",negative,True
9582_bt,9582,"Layanan ramah, seorang dokter yang bertanggung jawab atas bidangnya, parkir luas, fasilitas lengkap.",negative,True
9583_bt,9583,"Layanan buruk. Punya antrian, punya jadwal, bahkan nama dokter di atasnya. Setelah rumah sakit, dokter tidak datang. Bagaimana cerita mendapatkan nama dokter yang menangani dokternya sendiri?",negative,True
9590_bt,9590,"Layanan yang bagus, dokter. Ok, kamar ok.
anak-anak diperlakukan seminggu penuh bpjs dengan huruf referensi dari fastes1",negative,True
9599_bt,9599,"Dokter, perawat itu ramah. Ruangan ini bersih, nyaman.
Keren.
sukses selalu ya em emc menyergapnya",negative,True
9604_bt,9604,"Aku minum obat dari ayahku, dari pagi sampai menunggu obat ""farmasi"", tapi sampai fajar di selang, pada jam 12: 51, dia hanya jatuh cinta dengan itu. Aku mengantri pagi-pagi sekali, tapi mereka menyuruhku menunggu sampai subuh. Jawabannya adalah dalam rangka. maaf",negative,True
9625_bt,9625,"Ruang VIP nyaman, layanan perawat ok. Hasil pengobatan ok",negative,True
9645_bt,9645,Layanan poli operasi yang dimaksudkan untuk lahan saudara.,negative,True
9649_bt,9649,"Layanan itu mengerikan, menunggu pasien untuk diganti, sehingga biaya layanan akan terlalu banyak.",negative,True
9660_bt,9660,"poly mcu, service friendly, informative and fast",negative,True
9662_bt,9662,Ruangan ini bersih. Ini bersih. Tidak ada bau dari perawat dan dokter baik.,negative,True
9668_bt,9668,"kecewa pada sistem parkir yang sama, tiket itu hilang dalam denda 50 k ketika itu pasti flaazz.",negative,True
9671_bt,9671,Jasanya lambat... terutama layanan antrian layanan pelanggan... dalam jendela kosong tapi antrian tetap dalam nomor yang sama,negative,True
9675_bt,9675,Agustus 2023. Anakku dirawat di salah satu rumah sakit di kota.,negative,True
9678_bt,9678,"Spesialis klinik biasanya melayani siapa pun dia bisa cepat, tapi saya tidak berpikir itu berlaku di sini. Dan saya tidak berpikir saya akan pernah datang ke sini lagi.",negative,True
9679_bt,9679,"Oke, bangeeet, petugas ramah.",negative,True
9687_bt,9687,"Aku bersumpah demi Tuhan, ini pertama kalinya saya dengan seperti layanan mengerikan, terutama untuk dokter tidak etis. Melayani px untuk membentak. Dari awal kontrol dokter Jm 1 jam 3 tapi dokter mencoba datang pada pukul 3.",negative,True
9695_bt,9695,"Sebuah camilan yang baik, hanya untuk kebersihan sedikit kurang, itu harus ditingkatkan, dan lain untuk air minum untuk membuat pasien tidak tersedia, makan tetapi tidak
The wc rusak. Ini tidak bisa diposulasikan. Dua bagian bawah tidak terkunci.",negative,True
9703_bt,9703,"Dengan layanan yang sangat buruk.. Ini seburuk itu adalah buruk... pantatku, aku tidak akan menginjak kakiku lagi...!",negative,True
9705_bt,9705,"Pengalaman ini sedang dirawat di ruang daffodil dengan Dr Leonirma, sangat oke, ramah, cepat merespon.",negative,True
9711_bt,9711,"Ini darurat. Ini adalah layanan lama. Itu cara kakakku tidak menggunakannya. Lalu saudaraku di Baal dijahit. Rasanya seperti dia dijahit dalam kesakitan. Saya harap Anda semua memiliki kewarasan, terima kasih.",negative,True
9716_bt,9716,Sudah lama sekali. Ok.,negative,True
9723_bt,9723,Rer Royal Warma bersih.. aman.. tempat strategis.. nyonya 2 jenius cerdas umpan ramah dari makanan sabar an2.pokokaya rs royal adalah terbaik. Kemarinar28 Sept. Lalasam ini tidak menang.,negative,True
9725_bt,9725,"Oh, rumah sakit ini yang virus hanya 450 ribu nyawa hilang?",negative,True
9727_bt,9727,"Layanan ini sangat buruk, saya sudah begitu banyak kali sebagai pasien yang memiliki hak untuk mengontrol rumah sakit bahwa dokter tidak datang tepat waktu, saya dengan ini kecewa dalam layanan yang diberikan kepada kami. Sangat buruk.",negative,True
9736_bt,9736,"It 's nice, nakes friendly everyone, what else part hd",negative,True
9739_bt,9739,"Layanan cukup lama. Bagi mereka yang terburu-buru, tidak disarankan. Sisanya baik.",negative,True
9754_bt,9754,"Pengalaman yang bagus, pelayanan utama.",negative,True
9765_bt,9765,"Layanan yang sangat baik semua staf, yang paling penting. Rumah sakit bersih. Toilet juga lengkap untuk tisu dan sebagainya.",negative,True
9792_bt,9792,Rumah Sakit Emma menyerang. menakjubkan! Itu bagus.,negative,True
9800_bt,9800,Pemeriksaan kehamilan anak pertamaku.,negative,True
9802_bt,9802,Ini adalah tempat yang baik untuk memulihkan. Layanan yang bagus.,negative,True
9811_bt,9811,"Jadi bebas untuk masuk dan keluar dari rumah sakit tanpa seorang petugas memeriksa suhu tubuh. Lampu di koridor sedikit pendek. Mungkin nilai dari plus, bagian belakang RS atau sisi tempat parkir. Ada masjid.",negative,True
9824_bt,9824,Layanan di dalam ruangan. Operasi besar. Rsumpad besar.,negative,True
9828_bt,9828,Semoga layanan kliniknya meningkat lebih kuat.,negative,True
9831_bt,9831,"Berkat catatan klinik polisi
Selamat melayani.
bahkan jika menggunakan bpjs masih mendapatkan layanan maksimum",negative,True
9836_bt,9836,Maafkan aku. Kuharap kau tidak dipecat.,negative,True
9839_bt,9839,"Tempat ini bagus dan penuh. Semua pelayanannya bagus. Admin jelas menyediakan informasi, farmasi. Ya, rincian obat, perawat dan bidan yang ramah, terutama dari semua layanan staf.",negative,True
9840_bt,9840,"tinggal di sini selama 2-3 hari, perawat membutuhkan lebih banyak pelatihan, dokter di bangsal terlalu sibuk dan lambat, administrasi kantor depan terburuk yang pernah ada. kecewa",negative,True
9845_bt,9845,"Bahkan jika itu rumah sakit mewah, masih melayani pasien dengan pelayanan ramah. Fasilitas penuh dan memadai. sistem dari antrian ke selesai terstruktur bersih.",negative,True
9847_bt,9847,Dr Franky & Suster Nelly kembali,negative,True
9848_bt,9848,"Rumah sakit bersih, layanan ramah dan cepat.",negative,True
9849_bt,9849,"Layanan yang bagus, kamar yang bagus. Bersih, rapi.",negative,True
9854_bt,9854,pengalaman buruk & layanan buruk,negative,True
9862_bt,9862,"Komunikasi Jehanara bidan, juga sangat keren.",negative,True
9867_bt,9867,"Permainan yang sangat bagus, pengobatan penuh. Tidak perlu membeli di luar, wanita.",negative,True
9873_bt,9873,"Pelayan itu cukup baik, petugas itu ramah, sayangnya di kamar Upd tidak ada kursi roda yang tersedia, jadi pasien cukup lama untuk menunggu petugas untuk membawa kursi roda ke ruang ugd.",negative,True
9876_bt,9876,"Layanan ini sangat mengecewakan, para pekerja tidak ramah, mereka online, mereka tidak dapat diterima. Mereka tidak tersedia, jadi mengapa daftar online? Dan itu bukan hanya satu, dua kali, itu sudah berakhir.
Orang sakit adalah rasa sakit di pantat.",negative,True
9877_bt,9877,Ruang pelayanan terlalu banyak untuk mengontrol.,negative,True
9878_bt,9878,Senam senam sangat menyenangkan dengan bidan,negative,True
9884_bt,9884,"Layanan stabil nya, anak saya diurus. Ini bisa menjadi pelayanan yang bagus. Sekarang sehat.",negative,True
9887_bt,9887,"Layanan lambat, antrian dokter bisa 2 jam, anak-anak sakit semakin sakit. Ini terlalu dingin, kursi menunggu tidak memadai. Tidak ingin sakit lagi. Perlu meningkatkan layanan dan memeriksa suhu ruangan.",negative,True
9890_bt,9890,"Layanan yang baik, perawat yang ramah, karyawan staf yang ramah, dokter yang cepat.",negative,True
9891_bt,9891,Dokternya kehabisan waktu sampai 40 menit keinginan hati datang dari jam latihannya untuk mendapatkan garis.,negative,True
9912_bt,9912,"Tolong, untuk pelayanannya, perbaikilah dengan segenap hatimu.
Dengan suara lembut, akan lebih nyaman bagi kita untuk menemani anak-anak kita.",negative,True
9919_bt,9919,"Pada pukul 10: 00 sore setelah malam rasa sakit tiba-tiba di punggung saudara-saudara, dibawa ke sini di cinta obat, terus menunggu radiologi, tapi menunggu sepanjang malam untuk apa-apa.",negative,True
9923_bt,9923,"Pesan saya untuk RS saree adalah untuk merasa menyesal untuk membuat aturan berlaku untuk semua orang. Jangan berbeda. Jika seorang anak tidak bisa masuk, itu harus untuk semua. Jangan keberatan membayar tunai. Anak itu bisa masuk.",negative,True
9925_bt,9925,Layanan R yang baik dan keamanan.,negative,True
9931_bt,9931,Layanan yang bagus. Tapi mudah-mudahan itu tidak akan kembali.,negative,True
9936_bt,9936,Laporkan ke bpjs atau denkes saja. Rumah sakit ini tidak layak mendapatkan izin. Karena dokter tidak tersedia.,negative,True
9942_bt,9942,"Proses registrasinya terlalu lama... kembali terkendali, tapi karena proses pendaftaran yang lama, jadi dokter selalu pulang duluan. Catatan dokter tidak cocok.",negative,True
9944_bt,9944,tgl 4 -6- 2024 jam 19.30.help saya telah membayar deposit nothe tapi 90% dari perkiraan.,negative,True
9948_bt,9948,Aku suka karena itu semua disajikan tanpa membuat perbedaan.,negative,True
9955_bt,9955,"Masih bingung dengan jadwalnya. Jadwalnya Senin - Jumat 08,00- 1600. Tapi pada 1: 00 pm obsgyn belum dimulai. Layanan perawat semua ramah. Ini pertama kalinya datang ke sini.",negative,True
9956_bt,9956,"Ada seorang perwira. Judes tidak ramah. Pasien, orang tua.",negative,True
9957_bt,9957,"Tidak baik layanan!
Perawat kekurangan energi!
Ada dokter datang dua kali hanya melihat status di kertas langsung keluar lagi, tanpa berbicara atau memeriksa fisik pasien. (",negative,True
9964_bt,9964,"Kemarin kecewa dalam pelayanan UUD nya. Ketika itu seperti berada di klinik yang harus menunggu antrian, para perawat dan dokter bahkan tidak duduk.",negative,True
9965_bt,9965,"Ini mengerikan... Aku ingin kontrol. Dokter belum datang. Tidak perlu berbohong, tidak ada kasih sayang bagi pasien.",negative,True
9969_bt,9969,"Layanan yang bagus, ruang bersih. Tolong merespon dengan cepat. Senang bertemu denganmu. Kabar baik.",negative,True
9975_bt,9975,"Istri memasuki gid dari 12: 00 pm, 1: 00 untuk mendapatkan darah.? Sudah 2x juta igd kamar kaca. Jawabannya belum ada.",negative,True
9991_bt,9991,Aku sedang dirawat di ruang pernikahan. Perawat yang cantik dan ramah. Kamarnya bersih dalam cinta.,negative,True
9999_bt,9999,"Ini adalah 2x pada 2022 dan operasi saat ini adalah 2024 di R.m tzu chi pic. Ruang tamu tidak lagi untuk dipertanyakan karena begitu bersih, begitu nyaman dan sangat baik. Dokternya juga sangat kompeten karena jika dengan obat yang bisa disembuhkan, tidak ditakuti oleh Dr. Chris. Dan untuk kedua kalinya untuk masuk ke sini untuk operasi dengan dokter anthony. Penerimaan membantuku mendapatkan ruang yang sangat baik untuk suasana hatiku. Terima kasih.",negative,True
10017_bt,10017,Adikku datang dengan ramah gid layanan nya sampai dua hari-tua kamar tidak diambil oleh darah tak terduga. Tidak ada selimut. Jam berkunjung sudah habis tapi ruangan sudah penuh seperti pasar sampai jam 1 pagi.,negative,True
10031_bt,10031,Rumah sakit bersih. Layanan yang bagus.,negative,True
10034_bt,10034,"Pengalaman teman Caesarean, lantai tiga khusus untuk pasien pengiriman, innatory tidak dapat dikunjungi oleh laki-laki (bahkan suami), hanya dapat masuk pada jam kunjungan (pada 1700- 1900 jam),",negative,True
10041_bt,10041,"Hari ini, menunggu obgyn dari 13 sampai 16 pm, memegang kelaparan, dokter pulang dan nama saya tidak disebut karena lalai perawat. Setelah menyadari kelalaian nya Aku diminta untuk menunggu lagi. Saya kira dokter masih bisa kembali, tapi dia tidak bisa. Aku tidak tahu apa yang diinginkan perawat. Sangat kecewa.",negative,True
10062_bt,10062,Rating sebagian besar bintang... baru sejak mengejek rs Apakah itu bidan atau perawat meminta pasiennya dengan nada sinis Ini hanya dimaksudkan untuk menjadi seperti ini.,negative,True
10064_bt,10064,"Aku hanya melihatnya berkata, ""Apa yang kau lakukan?""",negative,True
10070_bt,10070,"Paling atas adalah rumah sakit, area ini bersih, baik-rapi, staf ramah.",negative,True
10083_bt,10083,Dia diperlakukan pada tingkat yang sama. Penjelasan tidak apa-apa. Dan perawat ramah.,negative,True
10086_bt,10086,Sudah lama sekali. Ada banyak orang yang bekerja untuk 1. Tiga jam saja. Semua karyawan tidak menggunakan blender. Masih dikatakan anteroid.,negative,True
10091_bt,10091,Aku yang baru.,negative,True
10120_bt,10120,"Kebetulan saja ayahku dirawat di rumah sakit, jujur dengan pelayanan Fast-Iggsg dan respon, Dri Dumpent, catatan jantung, pemeriksaan lab, sampai... spesialis yang menangani ayahku juga sangat murah hati dengan pasien.",negative,True
10122_bt,10122,"2x anak-anak d mengurus fasilitas 'y tidak baik, klise 1 tv tidak pada, ac tidak bisa.",negative,True
10125_bt,10125,"Saran saya adalah, mematikan asap, itu dingin, tidak hanya saya, keluarga saya dingin, juga... jadi saya tidak bisa menyimpannya lama di idd.",negative,True
10127_bt,10127,"Staf ramah, layanan cepat, dan fasilitas selesai. Hanya yang terbaik.",negative,True
10132_bt,10132,Layanan dan pembersihan yang baik. Aku menyukainya.,negative,True
10146_bt,10146,"Ketika aku berada di rumah sakit, itu baik dari layanan.",negative,True
10147_bt,10147,"Pelaut perawat yang brutal, mereka dapat ditutupi dengan bpjs, membuat mereka membayar, tetapi mereka harus, selama mereka bisa, orang baru memeriksa ketegangan 130 / 125 dianggap ga darurat, namun mereka belum diperiksa belum.",negative,True
10148_bt,10148,"Layanan yang sangat bagus. Semua orang, RS bersih, ok?",negative,True
10149_bt,10149,"Ada banyak kali dalam pelayanan. Terutama di kasir nya, ada banyak obat yang tidak ada, memaafkan.",negative,True
10161_bt,10161,"Pengalaman medis untuk p.star dr.p menggunakan bpjs, layanan yang digital. Jadi termasuk proses yang lebih cepat dari memulai daftar, lab, radiologi untuk menunggu relatif obat tersebut lebih cepat.",negative,True
10163_bt,10163,Aku menghargai kualitas pengobatan yang kuterima dari timmu.,negative,True
10166_bt,10166,Semoga Bu RS... selalu yang memimpin... dalam menyediakan perawatan dan merawat pasien.,negative,True
10167_bt,10167,"Kerja bagus, pelayanan yang bagus... tx rs siloam karowaci- banten.",negative,True
10172_bt,10172,Rumah sakit besar dan luas. Banyak makanan di sekelilingnya... Salah satu kelemahan rumah sakit pemerintah adalah layanan administrasi pembayaran yang memakan waktu lama. Hanya menyarankan bahwa petugas ditambahkan untuk layanan administrasi.,negative,True
10173_bt,10173,"Layanan yang baik, hasil tepat waktu, mengambil paket tes pcr selama 3 hari. Tes pada hari Senin dan mendapatkan email pagi.",negative,True
10175_bt,10175,Apoteker sudah lama dipersiapkan... satu jam dan 30 menit hanya menunggu obatnya. Anakku sakit. Demam tinggi harus menunggu lama,negative,True
10178_bt,10178,"Tolong berikan ke perawat atau berikan jadwal lengkap, jelaskan bahwa tanggal 6 Juli telah jatuh pada hari Sabtu. Ini sudah ada.",negative,True
10190_bt,10190,"Selama perawatan di sini perawat sangat cepat, ruangan juga cepat. Tapi untuk makanan itu bukan sedikit rasa, mungkin itu mulut orang sakit juga. Secara keseluruhan. Bagus.",negative,True
10214_bt,10214,Ruang Jangkar Sisters. Keren.,negative,True
10220_bt,10220,"Terima kasih Tuhan, tidak ada kritik dan saran,",negative,True
10233_bt,10233,"Aku sudah menunggu terlalu lama untuk obat, dan kami pasien asuransi. Harap menerima kecepatan dari tim farmasi. Saat kau dalam pengobatan, kau selalu mengantri.",negative,True
10234_bt,10234,"Jumlah bpjs uda 10 disebut, jenderal baru. Ketika ditanya mengapa masyarakat belum disebut sementara bpjs uda 10 antrian, katanya itu akan disebut sejalan. Toilet lantai dua kotor, tidak ada yang rusak.",negative,True
10236_bt,10236,"Saya mengerti bahwa karena rumah sakit menerima pasien, itu harus melelahkan untuk semua staf dan personil medis.
Tapi beberapa kali saya menemukan administrasi dan pendaftaran tidak ramah sama sekali dan antrian bisa dilucuti. Masalah yang tidak ramah kecil, tetapi mereka telah memasuki tahap yang tidak adil.
Pasien antri, dan petugas marah pada pasien ketika ia meminta gilirannya.
Setelah charger ditinggalkan, ketika diminta untuk hari berikutnya, itu kesal oleh perawat. ""Kau keluar"". Hari apa ini?
Sepertinya rumah sakit perlu berkemas, waktu rumah sakit penuh dengan kemarahan.",negative,True
10238_bt,10238,Perawat dan perawat wulan yang indah. Layanan ini ramah dan layanan pengadilan mudah.,negative,True
10250_bt,10250,Pendaftaran umum digunakan untuk mengurus semua asuransi. Maafkan aku. Maafkan aku. Semakin lucu husada sesuai rumor. Sudah lama kalah dengan RS baru yang berada di depan layanan atas nama.,negative,True
10259_bt,10259,"Jangan pernah datang ke sini, selalu berkonsultasi dengan prof. Terima kasih Tuhan, ada layanan yang tidak mengecewakan.",negative,True
10266_bt,10266,"Tidak ada pelayanan yang baik, tidak ada pengobatan yang baik, tidak ada cara perawat bisa tinggal di sini. Ya, sombong, tenang, tenang.",negative,True
10279_bt,10279,Layanan yang bagus. rekomendasi untuk yoga prenatal,negative,True
10282_bt,10282,"Layanan farmasi nya panjang, hampir empat jam menunggu dalam antrean untuk obat. Harap meningkatkan sistem farmasi. Sehingga drop-off pasien tidak mendapatkan berjamur menunggu di baris.",negative,True
10293_bt,10293,Pendaftaran tidak memiliki petugas menunggu selama 15 menit. Apa layanan. Dokter umum tidak bisa menggunakannya. Petugas mengatakan darurat harus dapat menggunakan bpjs.,negative,True
10296_bt,10296,"Sekarang, mari kita tambahkan ramalan. Tapi aku takut kita harus online. Rehab medis pagi dimulai pukul 8: 12. Lakukan apapun secara online.
ya secara online ksh wkt maxtg sepuluh jika tidak dengan quota di ksh org
Dia datang. Jadi kita menunggu 3 jam. Kau tahu, rumah sakit sedikit kecil.",negative,True
10299_bt,10299,"Jika Google memiliki review minus untuk rumah sakit. Aku akan memberi mereka setidaknya nol. Saya memiliki pengalaman yang sangat buruk dalam setiap aspek, termasuk manajemen yang buruk, layanan lambat (saya pikir mereka kurang medis, admin, keamanan), aliran dan sirkulasi, bahkan tim yang bersih. Saya sangat kecewa bahwa kota kami di Jakarta memiliki fasilitas kesehatan yang mengerikan. Ini tidak direkomendasikan sama sekali. Maafkan aku.",negative,True
10301_bt,10301,"Star 1, sistem birokrasi membutuhkan penggunaan bpjs yang tidak jelas! Dan ada satu lagi.",negative,True
10312_bt,10312,"Sebuah rumah sakit yang membantu pelamar penipuan, tenang.
Selamat menikmati. Hukumanmu akan lebih besar dari harapanmu. Dalam selubung, Anda tidak akan takut Allah.
Kalian keren.",negative,True
10319_bt,10319,"Mengambil obat lama di 5: 00 Pada waktu 7lwt pdahl rs ', kita tidak memiliki asuransi.",negative,True
10326_bt,10326,"Proses pendaftaran lama. Satu daftar pasien bisa 20 menit. Ini hanya dua.
Sudah ada dalam daftar sejak lama. suck",negative,True
10327_bt,10327,"Ada tempat parkir minimum dan ada layanan valet tersedia untuk semua orang, rumah sakit seharusnya tidak menggunakan layanan parkir valet mengingat orang-orang datang ke rumah sakit untuk perawatan medis, bukan untuk membayar jasa parkir valet!",negative,True
10331_bt,10331,Layanan yang bagus. Semoga berhasil. Dari hamil sampai kelahiran pertama.,negative,True
10333_bt,10333,"Aku sangat kecewa, selama 11 menit. Aku membawamu ke rumah sakit, dan kau tidak memeriksanya.",negative,True
10345_bt,10345,"Saya lahir di sini, sangat nyaman dengan saya. Semua karyawan sangat ramah, dokter, bidan, perawat, semua ramah dengan saya.
Sangat menyenangkan memiliki suvenir perawatan untuk bayi dari rumah sakit, jadi membantu saya keluar. Aku tidak mengerti.",negative,True
10381_bt,10381,"Saya dapat berbicara dengan anak-anak, datang pada hari Rabu, dan mereka mengatakan mereka tidak dijadwalkan pada hari itu. Katakan kepada mereka untuk kembali pada hari Jumat. Mereka mengatakan bahwa petugas mengatakan kepada saya bahwa pada hari Jumat, dan ada Jumat.",negative,True
10387_bt,10387,"Kecewa, pagi hari ternyata tidak dipraktekkan karena tindakan. Sore lain, tidak ada pendaftaran untuk sistem bawah. Dan tidak memiliki rencana b untuk pasien dapat mendaftar dan diperlakukan. Pasien sakit, tidak bisa minum obatnya hanya karena sistem pendaftaran turun. Tidak ada info melalui sosmed, merugikan pasien.",negative,True
10388_bt,10388,"Keamanan tidak ramah, itu dingin",negative,True
10392_bt,10392,"Dokter ramah, tapi dia harus menunggu dokter, menunggu pembayaran, menunggu pengobatan. Minum obatnya.",negative,True
10399_bt,10399,"Nomor telepon yang diberikan untuk tab pencarian dan info ini tidak berguna, itu tidak bekerja... untuk rumah sakit yang terbuka 24 jam, orang mengajukan pertanyaan?",negative,True
10405_bt,10405,"Layanan gid baik. Tempat ini bersih. Perawat adalah ramah. """,negative,True
10414_bt,10414,"Jika semua faktor-faktor uang, kita tidak menerima pasien PBJs, layanan dan perawatan orang kaya, bidan di lantai 3 tidak bermain, oksigen turun, infus habis.",negative,True
10422_bt,10422,Apakah benar uap tidak ditutupi oleh bpjs? Baru saja di rs uap ini mama saya. rs menolak untuk menggunakan bpjs dan membayar. Tak ada gunanya membayar sebulan.,negative,True
10431_bt,10431,"Ke dalam Ipd, jalur pribadi tanpa bpjs atau asuransi, layanan di igd cukup banyak menunggu, perubahan di kasir dan obat-obatan lama-ditunggu. Semakin aku datang ke sini, semakin sakit aku bisa mengobati rumah sakit ini.",negative,True
10450_bt,10450,"Untuk pergi ke seminar cacar monyet di RS. Fasilitas ini ok, ramah dan menyenangkan",negative,True
10481_bt,10481,Intinya bukan lagi obat untuk rumah sakit ini. Aku bersumpah. Sungguh sia-sia.,negative,True
10482_bt,10482,Ini buruk untuk bagian adm. Perawat terlihat begitu ramah. Orang-orang tua sering terbalik.,negative,True
10486_bt,10486,Antigen tes di sini 70rb. dari menunggu hasil dari + -15 menit. Pendaftaran adalah sekitar 5 menit untuk menunjukkan klise asli dan pipa disampaikan dengan uang tunai.,negative,True
10495_bt,10495,"Aku suka rumah sakit ini. Tidak terlalu ramai seperti pasar. Istriku dioperasi di sini, kamarnya bersih dan perawatnya ramah.",negative,True
10498_bt,10498,Yang lama telah pindah. Yang baru tidak baik. Ini tanda gigi. Daripada kecewa mencari di tempat lain.,negative,True
10510_bt,10510,"Layanan buruk, kurang fasilitas, dokter.",negative,True
10516_bt,10516,"Ini pertama kalinya seorang suami dikirim ke rumah sakit Pelni ini karena referensi dari rumah sakit ukrida. Kesan pertama adalah jalan buntu. Dokter itu seksi, kaya di pasar berisik, dokter jutek, dimaksud oleh yurkrida ke MRI, jadi dokter masuk ke mobil bukannya di rumah sakit, layanan lama, daftar lambat dari respon online banjeet, apalagi antrian. Ini jauh. Rahim dokter sangat bagus. Ini layanan. Ada sekelompok taskis mengatakan, terus merekomendasikan orang yang sama yang menjaga tiket farmasi, dapat diambil besok dari 7 sampai 10 dengan wajah yang buruk. Itu diberi antrian baru no. Dan itu jauh.",negative,True
10522_bt,10522,Sinar X-ray ibuku dua minggu di belakang. Ini akan dibaca lagi.,negative,True
10533_bt,10533,Dokter dan perawat ramah. Respon administrasi cepat. Ruangan yang nyaman. Makanannya juga enak. Pengalaman anak-anak yang sangat baik dirawat di sini.,negative,True
10535_bt,10535,"Anakku adalah Shazia Havva Beltner dirawat di lantai 7. Kamar 702, terima kasih Tuhan. Terima kasih Tuhan.",negative,True
10553_bt,10553,Sudah lama sekali. Sudah bergerak maju. Ini bangunan baru.,negative,True
10564_bt,10564,"Sudah di sini dua kali, itu sudah bagus, itu bagus, bisa beristirahat, petugas, perawat dan dokter ramah, tempat ini bagus, kamar mandi bersih, makanan yang bagus, tapi agak membosankan terlalu lama.",negative,True
10565_bt,10565,"Kebersihan perlu ditingkatkan, terutama pada eksterior. Dinding cermin belum dibersihkan bertahun-tahun, dan beberapa bagian telah rusak.",negative,True
10577_bt,10577,Pelayanannya lambat. Anakku telah menjalani pengobatan selama 4 hari. Tapi tidak ada tindakan dokter.,negative,True
10578_bt,10578,"Satu. Layanan tidak ramah sama sekali. Perawat yang gigih, kapten, dan tidak sopan.
Kamar pasien memiliki beberapa kecoak.
TVnya rusak.
Empat. (Allah mengetahui bahwa kamu akan berkhianat pada) atau mengkhianati (dirimu) dengan melakukan jimak atau hubungan suami istri pada malam hari puasa.
Makanan dingin, keluhan tak responsif.
Enam. Panggilan perawat mati / tak merespon.
Tujuh. Tidak ada air minum.",negative,True
10579_bt,10579,"Aku pergi ke idd dengan dokter. Datang pertama tapi ibu yang datang setelah saya mengambil prioritas.. Ini adalah 2 + / - 30 menit, sehingga dokter tidak akan dapat menggunakan perangkat bolak-balik. Sudah dilaporkan demam selama empat hari. Untuk mengajukan pertanyaan yang sama lagi dan lagi.. Akhirnya ""hanya inflamasi"". Ini tidak bisa ditutupi oleh siapa pun. Kau tahu? Aku muak dengan demam tipus dengan ketegangan rendah. Dimana pasien pergi ke Idd berarti mereka tidak bisa tahan lagi. Ini boro2 membawa kursi roda. Aku diberitahu untuk mendaftarkannya dulu. Ini buruk.",negative,True
10582_bt,10582,Rumah sakit ini menawarkan layanan yang sangat berbeda untuk VIP dan kelas pertama (meskipun hanya satu tingkat di bawah). Layanan kelas satu buruk. Tidak ada remote control untuk TV dan AC di dalam ruangan.,negative,True
10597_bt,10597,"Ini rumah sakit baru, tapi termasuk rumah sakit. Baik, orang besar. Orang kecil yang sama. Tempat parkir juga merupakan pengunjung yang ramah, yang motor tidak takut rusak karena panas hujan.. Karena tempat parkir ada di ruang bawah tanah.",negative,True
10600_bt,10600,layanan buruk,negative,True
10603_bt,10603,Biaya parkir untuk kendaraannya tidak jelas. Silakan menindaklanjuti atau meletakkan di sana. Tertulis 6rb motor max.,negative,True
10609_bt,10609,"Ini memakan waktu begitu lama, Anda tidak tahu berapa nomor untuk dipanggil secara acak.",negative,True
10611_bt,10611,"Sangat bersih dan staf yang menyenangkan.
Aku sudah di sini dua kali, sekali untuk anak saya ketika ia memiliki infeksi telinga, dan sekarang untuk istri saya yang memiliki masalah kesehatan.
Kedua peristiwa jauh lebih menyenangkan daripada yang seharusnya.
Ini sangat bersih.
Staf sangat membantu
Bahkan makanannya enak. Aku sangat senang dengan cara mereka menjaga keluargaku.",negative,True
10616_bt,10616,"Ini parah, aku punya ruang kelas satu, kelas tiga, keran kamar mandi. Tidak, ruang bubuk, kursi untuk penjaga pasien tidak layak.",negative,True
10622_bt,10622,Layanan buruk... rumah sakit sepi.. perawat khawatir.. Panel sepi,negative,True
10626_bt,10626,"Sudah lama, sudah antrian penuh, seorang apotek untuk semua antrian, dan kasir itu meleleh, tahu banyak baris, tapi pergi lambat.",negative,True
10628_bt,10628,"Terima kasih Tuhan. Layanan Upd cepat, layanan ruang kristal perawatan cepat. Ruangan ini nyaman. Dokter harus sangat jelas. Saya memilih ini rs setiap kali seseorang sakit.",negative,True
10631_bt,10631,Rumah sakit baik sejauh ini. Tapi tempat parkir buruk pada hari-hari penuh sesak.,negative,True
10635_bt,10635,"Ahli kandungan darurat tengah hari, jadi bahkan yang datang di pagi hari juga suka menunggu lama. Aku pernah di sini.",negative,True
10659_bt,10659,Layanan buruk. Selamat malam karena sakit. Eh..... bukannya memberikan obat cepat bahkan mereka berbicara tentang pasien menunggu.. Seperti hidup mereka yang tidak berharga.,negative,True
10662_bt,10662,Para rs yang saya pikir sangat baik di layanan. Tambahan ini juga sangat baik dalam menjaga kelas yang dapat meningkatkan wawasan pasien dan pasien keluarga di dunia medis.,negative,True
10664_bt,10664,"Layanan yang bagus, ramah, ditingkatkan. Fasilitas-fasilitas membiarkan kita tetap setia kepada rs bun.",negative,True
10665_bt,10665,"Layanan itu adalah tipe c... lama sekali... bukan rekomendasi, membayar untuk swastigen 80,000 pon, katanya d tanda terima, tapi biaya 6.000, g jels.",negative,True
10671_bt,10671,Tolong perbaiki pengobatannya.,negative,True
10692_bt,10692,"Dengan layanan yang sangat buruk.. Ini seburuk itu adalah buruk... pantatku, aku tidak akan menginjak kakiku lagi...!",negative,True
10694_bt,10694,"Layanan tanpa kartu, terlalu rendah untuk menjadi tempat yang tinggi. Sayang sekali.",negative,True
10695_bt,10695,Kakaknya tidak rela melayani pasien.,negative,True
10700_bt,10700,Anak ini begitu dehidrasi. Tunggu lama. Tidak ada yang perlu inde.,negative,True
10707_bt,10707,"Operasi layanan kamar. Oke, itu poli plus",negative,True
10711_bt,10711,"Ini rumah sakit yang lengkap, pelayanan ramah dan makanan di kantin. Ini bagus.",negative,True
10731_bt,10731,"Suamiku dirawat di rumah sakit tanggal 3 Agustus. Saat dia di IV, penangan cepat. Obatnya sudah disediakan.",negative,True
10737_bt,10737,"Aku tidak benar-benar mengerti seluruh sistem, tapi itu aneh tidak memiliki penutup dengan dokter.",negative,True
10738_bt,10738,"Hanya deposit modal dari rumah, layanan adalah najis! Sang ibu disebut oleh rumah sakit ini... pertama mendapat jadwal operasi pada hari Sabtu pukul 1: 00 p.m., ternyata menjadi 09: 00. Tidak apa-apa, aku berpikir positif. Kondisi pernikahan ada sejak siang di IV. Tapi, pada saat itu, pukul sembilan adalah kembali sampai sepuluh. Ini jam 10: 00 sampai jam 11: 00, dan akhirnya ibuku marah dan menyuruhnya melepas IV karena tangannya sakit, ditambah semakin jenuh dari hari ke malam. Malam ia tidur di sana, dan itu segera setelah pagi ibuku pulang kecewa dalam pelayanannya. Jika Anda tidak percaya pada layanan yang buruk, itu adalah rumah sakit. Meminta orang-orang untuk pasir. Orang-orang di sini adalah yang paling menyadari rumah sakit layanan ini, karena banyak yang disebut dengan rumah sakit ini.",negative,True
10742_bt,10742,"Layanan masih tidak baik, pasien tanpa indikasi ketidakamanannya termasuk kontak / keluarga staf apapun, sementara ada pasien lain yang membutuhkan",negative,True
10743_bt,10743,Terburuk! Terutama proses idd sampai ke panti jompo selama 12 jam terakhir! Terutama untuk pasien bpjs!!,negative,True
10748_bt,10748,"Rumah sakit yang sangat berkualitas, perawat staf medis. Dokter sangat, sangat ramah. Keamanan dijamin.",negative,True
10750_bt,10750,benar Alhamdulili perawat sedang bertugas.,negative,True
10752_bt,10752,"Layanan rumah sakit buruk, itu masih di idd. Para susters sangat tidak ramah dalam melayani keluarga pasien atau pasien. Snark, kapten, dan cara untuk menjawab keluarga pasien sangat tidak menyenangkan untuk mendengar di mana kita sedang menunggu untuk sakit.
Contoh kasus: saya sebagai keluarga pasien bertanya kepada perawat ""Apakah tidak ada aksi lain selain IV karena infeksi tangan lain, dedikasi minimal salep atau sesuatu?""
Pada pasien siapa?
Oh, tunggu sebentar. Aku bertanya pada anak itu. Aku lupa nama lengkapnya.
Perawat menjawab: bagaimana dengan lumba-lumba?
Saya tidak berpikir itu tepat di tengah-tengah kecemasan keluarga pasien.
Tidak sopan bicara dengan teman-teman.
Aku bukan yang pertama kali ke rumah sakit ini, tapi masih layanan dalam idd yang buruk.",negative,True
10758_bt,10758,"Kakak gid ketika menelepon teman menangis, ketika seorang pasien dengan ibu panik diberitahu untuk bersabar di nada tinggi, bukan layanan yang baik. dia panik, tolong tenang dengan ibu pasien dengan benar.",negative,True
10759_bt,10759,Masuk. Pelayanannya cepat. Di apotek.,negative,True
10762_bt,10762,Ruang tunggu semua wangi dan nyaman.,negative,True
10769_bt,10769,"Untuk apa pun sakit saya lakukan, sudah lama sejak aku pergi bolak-balik.",negative,True
10773_bt,10773,"Maaf bertanya, bisakah Caesar lahir di sini? Jika Anda tidak bisa, apakah ada referensi ke skid- pengguna rs?",negative,True
10778_bt,10778,Saranku adalah lantai empat spesialis dokter bedah mulut. Pertama aku datang di pagi hari jam 8 pagi ke RS-ui. Langsung ke pendaftaran di lantai pertama setelah reg pergi langsung ke lantai empat. Aku bertanya petugas ada dua wanita. ♪ Surat itu diselenggarakan sebelum diambil * Sampai 11: 00 belum disebut belum Karena jadwal dokter dari 9: 30: 30. Aku memintanya untuk kembali ke kantor. Dan ada banyak TV itu. Buat monitor barisan depan. Mari kita pergi ke kamar mandi.,negative,True
10783_bt,10783,"Layanan yang baik, terima kasih Tuhan, untuk pengguna tidak ada perbedaan.",negative,True
10791_bt,10791,"Ingin mendapatkan perawatan di sini, mengatur hari
Lama tak jumpa.",negative,True
10812_bt,10812,"Layanan ini lambat, nenek saya diambil untuk diberikan, ketika 80-tahun-tua yang memiliki catatan untuk operasi kronis, sangat mengecewakan, ipd tidak cepat pada pasien. Jangan pernah datang ke sini lagi, sangat, sangat mengecewakan.",negative,True
10813_bt,10813,"Rumah sakit bersih, layanan layanan dada cepat. sukses selalu",negative,True
10821_bt,10821,"Motor Park terlalu jauh dari klinik, dimana ada lebih banyak aksi dari tempat parkir ke klinik depan. Tidak ada jalan pintas, jadi kita harus berkeliling lingkungan.",negative,True
10822_bt,10822,Harap meningkatkan layanan. Terutama untuk pengiriman paket ke pasien. Terutama untuk minum. Terima kasih.,negative,True
10826_bt,10826,"Sebuah bangunan yang lebih modern. Lebih bersih, lokasi strategis daripada lokasi RS lama. Di lobi RS ada minimarket indomitopoli. Saya tidak mengerti karena saya datang ke sini untuk sementara waktu untuk menemukan teman sakit.",negative,True
10828_bt,10828,"Sudah hampir 48 jam, tapi hasil tesnya belum keluar. Ini perlu untuk bepergian. Jangan menjanjikan sesuatu yang tidak bisa kau janjikan. kecewa.",negative,True
10830_bt,10830,"Layanan sangat baik. Orang-orang sangat ramah, penjaga juga ketat, dan rumah sakit bersih.",negative,True
10833_bt,10833,Proses administratif adalah waktu yang lama. Ini bisa memakan waktu 6 jam (dari daftar ke rumah. Tidak apa-apa untuk sementara. Bintang 2 membuat Nak dan penjaga keamanan yang terus dia dalam gelap.,negative,True
10834_bt,10834,Layanan buruk. Mau tanda tangan di sini dengan pasien idd.,negative,True
10837_bt,10837,- Fasilitas ini oke. Layanan. / Baik.,negative,True
10839_bt,10839,Sebuah rumah sakit swasta yang menyediakan pelayanan besar.,negative,True
10844_bt,10844,"Layanannya ramah, kondisi toilet bersih, ada tempat parkir. Untuk pertama kalinya datang ke sini, itu harus membuat janji pertama untuk penjadwalan cek. Rs.Mma baik untuk referensi penyakit di sekitar mata",negative,True
10851_bt,10851,"Pertama kali aku marah soal klinik, Sabtu pagi jam 8 pagi untuk mendapatkan obat karena anak sakit, penjaga yang mendapatkannya mengatakan dokter tidak datang, dan kemudian jam 9. Pada akhir hari, kami berada di 9: 00, dan pada 9: 00 ada dokter. Aku menunggu sampai setengah jam 10: 00.",negative,True
10853_bt,10853,"Rumah sakit islam tidak kaya. Jika Anda menggunakan bpjs, jika tidak mendesak Anda tidak bisa mati, layanan tidak sekaya Anda dulu. Bersikaplah ramah.",negative,True
10857_bt,10857,Layanan yang bagus dan pendaftaran cepat dan ruang tunggu. Oke. Ada mainan anak-anak.,negative,True
10866_bt,10866,"Hanya mengganti perban untuk waktu yang lama, jika sakit yang benar-benar sakit bagaimana? tetapi dalam idd",negative,True
10869_bt,10869,"Layanan ramah, ada ginekolog, fasilitas yang cukup lengkap.",negative,True
10871_bt,10871,"Antigen lain di rumah sakit, layanan untuk 8- March-2021 di 1919. Sangat tidak ramah. Ya. ppantes lambat nya;)",negative,True
10875_bt,10875,"Igd mengatakan itu pada pergeseran, jadi katakan itu tidak jelas sampai ketika saatnya untuk bergerak, tapi hanya akan memiliki rumah sakit untuk pergi ke, dan itu bagus untuk memiliki rumah sakit dekat rumah, tetapi layanan tidak tersedia.",negative,True
10878_bt,10878,"Kecewa oleh perawat dalam perawatan innatal nya.
Pukul 15 sore jam 7 sore. Itu sudah lama sekali. Mereka diperintahkan untuk kembali jam 12: 00 malam ke ruang penuh dan operasi di sekolah pos.
Di pagi hari, inisiatif departemen admin dokter kandungan meminta jadwal yang pasti untuk sakit perut. Ternyata dalam alias buta kehilangan komunikasi
Akhirnya operasi memberi saya informasi pada op ke-18 dan meminta maaf karena itu tidak seperti ini, mereka mengatakan itu pulang karena bayi dan ibu sehat tidak harus mampu meledakkannya!
Pulang dan lihat apakah pasien hamil pukul 12 pagi Bawa bersama.",negative,True
10881_bt,10881,"Ruang Perinatologi
Layanannya bagus.
Perawat itu ramah.",negative,True
10885_bt,10885,"Di sini pertama, Anterin papa sy mri, meskipun jauh dari waktu yang sama. Tapi itu tidak sia-sia karena pelayanannya. Bagus dan ramah, cepat ditangani.",negative,True
10889_bt,10889,"Ini adalah layanan waktu yang lama, sulit untuk membayar, aku menunggu selama delapan jam, tapi aku dibayar sendiri.",negative,True
10894_bt,10894,Layanan itu lama ketika kesepian.,negative,True
10896_bt,10896,"Rumah sakit dengan waktu terburuk! Pengangkatan diminta untuk datang pukul 4: 30, dokter baru saja muncul. Lebih baik mencari rumah sakit lain yang menghargai waktu pasien.",negative,True
10915_bt,10915,"Datang ke sini karena rekomendasi orang tapi menjadi brengsek. Saya menggunakan allianz dan mendapatkan soufflé untuk 350- ribuan hari penjaga keamanan, malam ini keamanan tidak bisa makan, aku seperti pengemis, silahkan mencintai orang-orang apa yang seharusnya mereka, memberi mereka!!!!",negative,True
10919_bt,10919,"Layanan buruk, pasien menunggu selama berjam-jam di depan idd tersebut. Tidak ada tindakan ""perawat atau dokter. Saya pikir itu baik.",negative,True
10924_bt,10924,"Selama istri saya dirawat di sini, semua staf dan perawat ramah, kebetulan saja bahwa istri saya di ruang VIP dan ruangan yang bagus dan bersih, makanan tidak sebagus kebanyakan rumah sakit biasanya hambar.",negative,True
10929_bt,10929,Layanan pos keamanan. Jadwal pemeriksaan keamanan yang buruk. Jadwal pengecekan.,negative,True
10937_bt,10937,"Alhamduli bisa pulang, menangani entri langsung dari idd ditangani segera sudah mendapat ruang aster 305.",negative,True
10945_bt,10945,"Layanan yang bagus dan ramah.
Ini juga g Bosen untuk pasien.",negative,True
10948_bt,10948,"Layanan baik-baik saja, dokter anak. Jika pendidikan bisa dimengerti, perawat ramah, yang terbaik dehhh. Ya.",negative,True
10951_bt,10951,Ingin meminta luka keluar. Ada spesialis di sini. Tidak?,negative,True
10957_bt,10957,"(+) Layanan Dokter & perawat ok, layanan cepat datang dari igd serta dokternya, dan hasil lab tidak tersedia
(+) Pada awalnya itu sedikit skeptis karena dengan bpjs saya pikir akan terlambat tapi itu tidak beruntung
ACnya tidak cukup dingin di kamar 216. Tolong bangun.
(-) Toilet Ogd & ruang tamu berbau seperti pdahl di bau toilet taro",negative,True
10968_bt,10968,Aku sakit. Baneett mendapatkan hasil lab dari klinik positif Typus.,negative,True
10969_bt,10969,"Aku lahir di rumah sakit, andhika. Layanan sangat baik. Ketika aku lahir,",negative,True
10974_bt,10974,"Para dokter yang baik, layanan media adalah bagu. Administrasi hancur...
Ingin membuat janji klinik, panggilan 5 menit belum merespon. Daftar via wa, mesin bodoh yang melayani. Ini buruk untuk pendaftaran. Sudah online,",negative,True
10993_bt,10993,Layanan sangat buruk. Beritahu dokter untuk menunggu jam 8: 00. Dia mengatakan bahwa dokter memperbaiki tidak bisa.,negative,True
11004_bt,11004,"Layanan mencair dengan gigi tetapi harus menunggu selama dua minggu tidak disebut. """,negative,True
11009_bt,11009,"Polisi menunggu kamar tidak nyaman, jadwal dokter adalah di 15 tapi sampai 16 saya tidak di sini.",negative,True
11010_bt,11010,"Tempat ini bagus dan bersih untuk pelayanannya dengan anggun.
Hanya kurang satu penjaga keamanan.",negative,True
11011_bt,11011,"Pendaftaran nomor 1 dapat mengambil 10-15 menit, mengapa Anda tidak mencoba, ada 3 konter pasien penuh menunggu di depan lelucon, karena counter pendaftaran tidak terlihat seperti pasien yang menyukainya, jadi aku datang dengan 6: 30. 11 panggilan hanya 9: 00.",negative,True
11015_bt,11015,"Baik pelayanan, dan ramah",negative,True
11033_bt,11033,"Tempat ini bagus dan penuh. Semua pelayanannya bagus. Admin jelas menyediakan informasi, farmasi. Ya, rincian obat, perawat dan bidan yang ramah, terutama dari semua layanan staf.",negative,True
11039_bt,11039,"demam bayi 3hr udh lemes, kata normal tidak perlu infus karena itu tidak buruk.. Ia mengatakan untuk memeriksa darah, tetapi membayar adalah publik, dan hampir setiap anak yang datang dengan keluhan yang sama diarahkan untuk memeriksa laboratorium dengan pembayaran publik. Apa gunanya itu?",negative,True
11042_bt,11042,"Kesan pertama datang ke reli besar, semua dari kantor depan ke manajemen layanan untuk pameran layanan yang sangat, smoga berikutnya melayani perdana tanpa henti, dalam rangka untuk menjadi bidang untuk pekerja rideship besar",negative,True
11053_bt,11053,"Untuk waktu yang lama, aku khawatir tentang ibuku. Aku hanya ingin memeriksa dengan dia di pagi hari, tapi itu belum berakhir.
Sejauh ini saya belum melihat port pengisian. Butuh waktu setengah hari untuk sampai ke sini. Dan beberapa kali aku melihat pengunjung lain mencari pelabuhan pengisian.",negative,True
11055_bt,11055,Sangat kecewa.. dari pagi untuk dipanggil setelah magrib.. Itu salah. Bayinya menunggu lama. Buatlah gila.,negative,True
11060_bt,11060,Bidan yang baik dan sabar. Aku melahirkan di sana. Syukurlah semuanya normal.,negative,True
11067_bt,11067,"Aku menulis ini berdasarkan pengalaman kakakku yang melahirkan rumah sakit ini sebagai rumah sakit. Referensi pertama palsu karena salah satu dari hal-hal lain, benar-benar buruk. Nakes melayani di sana, sebagai ibu untuk anak pertama.",negative,True
11072_bt,11072,"Bagi pasien umum / pribadi itu tidak disarankan, karena layanan di sini campur aduk dengan pasien b / s, antrian dan hal-hal lain. Ini adalah apa yang harus Anda inginkan lebih cepat tapi itu sama untuk mendapatkan penyergapan.
Kami pasien publik, tidak pernah... menjadi sama, menelepon atau berbicara sama sekali.",negative,True
11097_bt,11097,"Banyak fasilitas yang sudah tidak layak, tapi masih dalam pelayanan.",negative,True
11099_bt,11099,"Sedikit kecewa dengan layanan farmasi di Rsui. Aku sudah di jalankan selama hampir dua tahun, tapi itu hanya menunggu obat untuk empat jam lagi sampai review ini dibuat, nomor saya di baris (nomor di bawah 100 bukan layar). Sementara nomor yang perbedaannya bahkan ratusan pukulan di bawah saya banyak telah selesai pengolahan. Tolong mengelola rsui untuk memperhatikan hal ini sehingga tidak terjadi lagi.",negative,True
11109_bt,11109,"Staf / perawat tidak semua ramah, tidak ada panggilan. Suster, tidak ada layanan. Tidak bagus.",negative,True
11115_bt,11115,Layanan yang bagus. Cepat. Perawat itu ramah.,negative,True
11117_bt,11117,"Layanan nya tidak ramah, dimulai dengan dokter sp dan kasir, dan menunggunya untuk membayar obat luamaaaaa selama satu jam.",negative,True
11121_bt,11121,Layanan perawatan cukup lama untuk bertahan berjam-jam. Tolong ratakan ke layanan pengobatan yang lebih cepat. Ini belum berakhir dari 5: 00 sampai 8: 00 pm.,negative,True
11124_bt,11124,"Tolong ajarkan perawat di lantai enam lebih banyak tentang etika dan sikap, ini adalah rumah sakit kelas tinggi, pengobatannya berisik, sementara layanan lain yang baik, tapi karena perawatannya, hanya dipertimbangkan jika Anda ingin kembali ke sana suatu hari nanti jika ada masalah kesehatan.",negative,True
11144_bt,11144,Rumah sakit sedang sakit. Rumah sakit kumuh tidak memiliki hati nurani. Orang sakit memakai narkoba dalam dua minggu.,negative,True
11148_bt,11148,"Neurologist parah, pendaftaran bjps, pasien kooperatif keamanan Tunggu 3: 00",negative,True
11159_bt,11159,"Ini adalah garis panjang, waktu yang lama di register, tapi kosong.",negative,True
11163_bt,11163,"Pertama kali kau membawa orang tua medis ke sini, ke hati poly. Maksudku, jujur, dari 2017, sudah ada banyak rumah sakit mengunjungi untuk mengontrol.",negative,True
11164_bt,11164,"Bagian pendaftaran. Penerimaan yang panjang, tidak jelas apa resepsionis berurusan dengan. Pada dasarnya sudah lebih dari 20 menit. Buruk.",negative,True
11166_bt,11166,Beberapa dokter selalu terlambat dan Anda harus menunggu empat jam. Tidak menyukainya.,negative,True
11205_bt,11205,Kecewa. Karyawan admin klinik kami tidak memenuhi syarat. Saya katakan pada daftar bahwa saya akan berkonsultasi pada masalah keluhan.,negative,True
11222_bt,11222,Dr Franky & Suster Nelly kembali,negative,True
11223_bt,11223,Pengalaman yang luar biasa.,negative,True
11227_bt,11227,"Saya telah menghabiskan tiga hari di ruang begonia, cukup lebar, bersih, dan perawat itu ramah. Namun, toilet tidak tersedia di dalam ruangan, jadi pertimbangkan kamar ganti jika kau ingin lebih nyaman.",negative,True
11260_bt,11260,"Bahkan, saya akan datang ke sini untuk pertama kalinya karena saya ragu-ragu untuk melihat Google ulasan, tapi suami mengatakan bahwa pertama kali mencoba layanan alhamdullian di sini.",negative,True
11270_bt,11270,Lantai enam. Pengobatannya bagus. Dokter dan perawat ramah.,negative,True
11286_bt,11286,Rumah sakit ini nyaman. Layanan juga ramah. Aku datang pada hari Sabtu dan itu kesepian.,negative,True
11298_bt,11298,Aku fisioterapi di sini. Layanan terapi. Oke.,negative,True
11302_bt,11302,"Bad layanan poly gigi, comesil catatan medis disebut hilang, komersial mungkin hilang. Langkah lain 3x konsul hanya untuk menghapus gigi, prosedur langkah dengan layanan yang sama. Semua orang bisa berbeda dengan asuransi.",negative,True
11330_bt,11330,"Tempat ini bersih, layanan sangat ramah.",negative,True
11341_bt,11341,"Jangan tinggal di sini jika Anda tidak ingin menyesal! Aku juga tidak tahu di mana data pasienku. Kurasa itu klarifikasi. Tampaknya mencari pembenaran dan kesalahan. Suamiku dan aku terus mendesak perawat. Tunggu, apa? Tunggu anakku pergi ke tempat yang salah. parahh ni!! sunetotalk ok maaf tapi sudah lama sekali anujib ajib",negative,True
11352_bt,11352,"Perawat yang baik, makanan lezat dan dapat meminta nutrisi,",negative,True
11355_bt,11355,Rumah sakit terkesan dengan suasana lingkungannya. Tapi dilaporkan mundur satu jam untuk alasan medis di tempat lain. Ini jam 2 sore.,negative,True
11356_bt,11356,"Rumah sakit buruk, pintu masuk parkir. Tidak ada yang mencarinya ketika menabrak pintu masuk. Layanan buruk.",negative,True
11358_bt,11358,"Layanan yang bagus, Pak Columbia.",negative,True
11370_bt,11370,"Keluhan telah ditindaklanjuti. Ya. Bukan dua jam. Alih-alih menulis secara implisit meminta pasien.. Ini seharusnya departemen farmasi. Satu orang di depan pegangan, semua pasien yang ingin minum obat dari resep dokter gila. Lihat apa yang terjadi. Sudah kubilang obat akan menunggu sejam. Oke. Tapi tidak ada pikiran farmasi bahwa dokter mengatakan kepada saya akan memiliki diare segera. Tidakkah menurutmu kondisi pasien sedang menunggu obatnya?
Jika kau bilang begitu... Bisa jadi keluarga atau orang lain menunggu. Tidak pernah terpikir olehku bahwa dokter membuat obat itu berarti betapa pentingnya itu. Cobalah apotek yang mengubah pasien. Aku sudah menunggu selama satu jam dan 15 menit. Sampai kau bertanya kapan itu terjadi. Sampai aku menunggu di depan... sampai aku melempar pena begitu keras aku tidak tahan. Sudahlah? Bisakah aku menunggu 12.34.00 jam? Apa yang kau harapkan? Aku pingsan. Disana?",negative,True
11375_bt,11375,"Sekitar 9 4 2013. Aku pergi ke rumah sakit, aku pergi ke rumah sakit untuk operasi ringan.",negative,True
11392_bt,11392,Yang terburuk R. Layanan miniatur paling lambat. Cukup.,negative,True
11400_bt,11400,"Layanan pendaftaran begitu intens. Tidak ada senyum nya. Departemen narkoba sudah menunggu terlalu lama. Untuk pemeriksaan lebih lanjut, itu hanya wawancara. Semacam wawancara.",negative,True
11404_bt,11404,"Hanya dua minggu yang lalu, saya menjalani operasi scc, tapi ketika saya akan operasi, masih sakit, tapi aku masih merasakan sayatan.",negative,True
11411_bt,11411,Para dokter semua baik. Tempat ini bersih karena relatif baru. Pendaftaran dan staf proses sangat tidak efisien! Lalu lintas!,negative,True
11417_bt,11417,"Layanan gid nya buruk.... pengalaman dengan ayah yang tercekik dengan demam batuk. Datang pada hari Minggu pukul 10: 00 pagi, bertanya perawat apa jenis keluhan,",negative,True
11430_bt,11430,"Operasi katarak gratis, membantu dan membantu. Ini hanya perlu dievaluasi untuk antrian ketika Anda ingin beroperasi. Ini sudah di luar kendali. Terakhir kali operasi datang, itu bisa saja lebih awal.",negative,True
11442_bt,11442,Rumah sakit kelas B tapi menunggu hasil pemindaian ct atau biopsi x-ray dll. 2 minggu jika Anda menggunakannya... giliran mandiri dalam cepjs.. Tolong jangan salahkan pasien pemerintah,negative,True
11452_bt,11452,Sudah lama sejak obat Zonk dilemparkan ke sini. Kami juga membayar setiap bulan.,negative,True
11453_bt,11453,Layanan yang bagus dan ramah.,negative,True
11461_bt,11461,"Layanan di bagian kasir pada hari Rabu, 31 Mei, 2023 pm 19.55 tidak ramah, lembek dan sengit. Tentang surat kontrol yang akan difoto untuk belas kasihan. Rm djakarta juga mengapa biaya fotokopi untuk pasien, sehingga ribet bolak-balik prosedur. Kaki sakit harus pergi ke lantai pertama untuk fotokopi. Ini rumah sakit tulang. suck",negative,True
11463_bt,11463,Aku masih di sini. Hati pasien adalah istriku. Tiga hari.,negative,True
11468_bt,11468,Pelayanannya bagus.,negative,True
11485_bt,11485,"Penipuan! Staf buruk! Datang hanya jika Anda siap untuk penderitaan tak berujung, mendapatkan akses ke 5 kali lebih banyak uang daripada yang dibutuhkan di tempat lain!",negative,True
11495_bt,11495,Ini pertama kalinya orang bertanya tentang hal itu.,negative,True
11501_bt,11501,"Staf semua ramah, layanan cepat.",negative,True
11508_bt,11508,Istriku melahirkan anak yang sangat nyaman. Anakku juga mungkin melihat proses kelahiran adiknya.,negative,True
11509_bt,11509,Saya seorang pasien tugas hamba ayahku dirawat di lantai 5. Kesan perawat dari perawat fifi adalah poli febi dan rindu nada rindu dian telah membantu mempersiapkan,negative,True
11511_bt,11511,"Layanan R ramah kepada pasiennya. Ini bukan hanya bangunan yang bagus, ini layanan bintang lima. tetap menjaga rumah sakit tzu chi",negative,True
11513_bt,11513,"Rumah sakit khusus untuk orang yang punya lebih banyak waktu. 1500 sampai 5: 43 masih sejalan. Bahkan jika Anda datang pertama, tidak peduli jika antrian Anda belum tiba. Meskipun nomor sebelum Anda datang jauh setelah Anda.",negative,True
11525_bt,11525,Aku kecewa. Layanan yang sama di rumah sakit. Tidak banyak informasi untuk pasien. Tidak efisien untuk bolak-balik ketika orang sakit.,negative,True
11528_bt,11528,"Yang pertama x nobain rs diserang. X yang pertama juga lahir di R partner menggunakan metode eracs. Dokter di ruang operasi nya ramah ""jadi tekanan itu jelas. Layanan keamanan. Awal di ruang umum, tapi pindah ke ruang VIP. Semua kamar rapi bersih.",negative,True
11535_bt,11535,"Kakakku melahirkan di rumah sakit ini. Pelayanannya sangat baik dari idd ke ruang kelahiran. Aktingnya cepat sc memakai eracs, tidak ada rasa sakit sama sekali. Punya bonus foto bayi yang lucu, jadi tidak perlu membawa bayi ke studio, menyimpan lebih banyak uang. Tingkatkan jasanya untuk dokter dan bidan rsktm",negative,True
11537_bt,11537,Layanan yang bagus. Anakku lahir di sini.,negative,True
11546_bt,11546,"Tuntutan nya baik, serta petugas nya ramah, dan tangkas seperti....)",negative,True
11548_bt,11548,"Rumah sakit yang bagus, seperti mal. semuanya mahal menurut pelayanannya. Perawatan untuk masalah tulang belakang. Aku pernah ke banyak rumah sakit dan tidak cocok. Dia direkomendasikan untuk pengobatan oleh profesor. Dr. Satya dari negara bagian dalam tubuh. Syukurlah dia sembuh.",negative,True
11558_bt,11558,Dari awal pendaftaran sampai akhir pembayaran layanan belum ramah.,negative,True
11574_bt,11574,"Ini adalah kamar Bougenville baru, ruang tamu satu, kelas dua dan vvip. Terima kasih Tuhan untuk semua waktu ini ketika orang tua membutuhkan jatah dan upgrade kelas baik-baik saja. Tim dokter orang tuaku.",negative,True
11575_bt,11575,"Untuk layanan bpjs. Oke. Sungguh, itu tidak layak.",negative,True
11585_bt,11585,"Jadi, sore ini, saudara saya datang ke Ipd dengan kondisi yang telah meludah keluar 2 dan kehilangan mrh msk lwt poly & ga dapat menggunakan bpjs dalam keadaan kondisi darurat, itu benar-benar tidak penting, hanya kondisi yang mematikan yang dapat menggunakan bpjs di sini?
Akhirnya poly & direkomendasikan untuk ipd biaya pribadi, ketika meminta salinan resep harus ditolak atas dasar pembayaran, lebih penting, sistem rumah sakit ini.. Jelas salinan resep tidak ada hubungannya dengan pembayaran dibayar atau tidak? Mengapa Anda tidak membayar biaya pribadi? Kemungkinan pasien baru sekarat dalam pelayanan kali ini ya sm rs. Ini... sangat menyedihkan.",negative,True
11587_bt,11587,Layanan di idd menunggu terlalu lama untuk pdahl untuk masuk. Idd harus ditangani.,negative,True
11599_bt,11599,"Layanan itu buruk, dokter muda tidak punya sopan santun dan tidak percaya pasien sakit. Dokter mudanya meminta tes urin, tapi tidak ada tes darah untuk pasien batuk, itu tidak masuk akal.",negative,True
11602_bt,11602,"Untuk mendapatkan tiket parkir untuk panti jompo jangka panjang, bahkan perawat tidak memiliki kebutuhan informasi untuk melakukan tiket parkir. Penjaga untuk kru parkirnya jelek. Tidak ada informasi juga akhirnya akan bolak-balik.",negative,True
11604_bt,11604,"Layanan farmasi-nya sudah lama tertunda. Hanya ada satu orang di depanmu. Apoteker harus menambahkan lebih, tapi kualitas dokter bagus. Aku benar-benar melihat ke depan untuk obat dari 3: 00 sore ini. Untuk fasilitas pencarian. jadi pusing tidak efektif dan efisien.. Biarkan bintang-bintang bicara.",negative,True
11608_bt,11608,Ini yang murah menurut layanan.,negative,True
11616_bt,11616,"Aku dirawat di Catleya 127 untuk perawatan. Ruangan itu bersih dan nyaman, respon cepat ketika ada panggilan.",negative,True
11644_bt,11644,"Itu tiga kali biaya untuk kembali ke dokter gigi endodonsi, lima orang per hari. Ini juga harus online, sedangkan jika daftar online harus menunggu sekitar setengah bulan baru untuk memiliki slot. Ada petugas yang datang pukul 5: 00 pagi, hanya untuk kenyang, dan ternyata ada tiga slot hadeee, d dhakin dapat membayar.. Kenapa aku harus memakainya? Saran saya adalah untuk pergi ke rumah sakit lain dan mencoba untuk membayar untuk itu.",negative,True
11654_bt,11654,"Apa ceritanya? Tapi jika aku duduk, ada pasien tua berdiri. Aku harus tetap garansi demi antrian.",negative,True
11658_bt,11658,"Sangat kecewa dengan pelayanannya, operasi keponakanku di sana. Ini dijadwalkan untuk kembali ke selang dengan dokter pada hari Selasa 6 Juni, yang sudah ada di sana. Ternyata perawat memiliki jadwal yang salah dan harus kembali lagi hari ini.",negative,True
11678_bt,11678,"Bidan adalah ramah, tempat yang nyaman, kelahiran nyaman, itu bagus untuk dilahirkan di sana.",negative,True
11685_bt,11685,"Fasilitas, kebersihan yang baik.
Perawat harus ditingkatkan lagi.
harus lebih diperiksa ke dalam ruangan.",negative,True
11692_bt,11692,"Layanan tidak ramah, kamar ac tidak selalu diaktifkan, kurangnya koordinasi antara petugas dan petugas jarang di tempat.",negative,True
11712_bt,11712,Kumohon. Ini adalah dokter idd. Coba ganti aksennya.,negative,True
11720_bt,11720,"Maaf aku memberimu bintang 1... karena keamanan sudah kasar selama empat hari. Orang tua sedang dirawat di rumah sakit, tapi hanya malam ini. Lantai 4",negative,True
11721_bt,11721,"Perhotelan layanan, respon, kamar bersih, respon cepat.",negative,True
11741_bt,11741,"Pengalaman istri saya sangat menyebalkan sehingga istri saya sedang tersapu di sini, bagian pelayanan kebersihan kamar mandi tidak dibersihkan sama sekali, tidak sembuh, itu mulai sakit dari bau kamar mandi.",negative,True
11768_bt,11768,"Layanan ini lambat, kelas pertama, tapi AC tidak dingin sama sekali, jadwal visa dokter terburu-buru, bukan penjelasan maksimum dan menjawab pertanyaan pasien.",negative,True
11785_bt,11785,Anakku di Ogd tadi malam. Maret 07. Aku sangat kecewa dengan dokternya.,negative,True
11786_bt,11786,"Tempat parkir agak pendek pada kendaraan mobil, layanan kecepatan, dokter ramah, perawat ramah, """,negative,True
11804_bt,11804,Selalu merekomendasikan pasangan keluarga medis.,negative,True
11807_bt,11807,"Tidak ada yang salah dengan RS sari belas kasih, dari tunggal untuk memiliki dua anak, sekarang lahir anak kedua di kamar 3010, layanan dari perawat, dokter haski dan yang lain. untuk berkonsultasi bpjs dan masalah bpjs juga membantu.",negative,True
11808_bt,11808,Tanya dia keluar lagi untuk keamanan. Wanita yang ibunya terlalu kuat. Bicaralah dengan pasien.,negative,True
11821_bt,11821,"Awal adalah karena dari pukes April 25.
Rumah sakit terdekat adalah sumber waras.
Kemudian dijadwalkan untuk 9 Juli 2024. Tapi ternyata
Pada tanggal 9 Juli dokter itu cuti. aku
Datang lagi 11 Juli 2024 ke sumber rs.
waras. setelah menunggu terlalu lama
2 bulan lagi. Tapi tidak sama.
Sekali dalam perjalanan gigi saya oleh dokter
Dr Marsono, sp.bm. diperintahkan untuk datang.
Tanggal 23 Juli 2024. Apa yang kulakukan?
Pergi ke sana lagi. Aku sudah kecewa dengan
Layanan. Sejujurnya aku sangat kecewa.
Karena dokter dan perawat tidak bisa.
Menghargai waktu pasien, saya merasa
sudah membuang-buang waktu saya untuk
datang ke rumah sakit sumber waras. Apa?
Karena aku pengguna bpjs? My bpjs too
Tidak bebas untuk dibayar oleh kantor.
Jujur, aku sangat kecewa. Dua bulan lebih seperti
Tidak ada waktu untuk limbah. Tidak sangat ramah.
Layanan sekali.",negative,True
11827_bt,11827,Maaf untuk bertanya apakah kontrol pasien harus menunggu berjam-jam? Apa yang terjadi pagi ini? Aku sudah dijadwalkan untuk kontrol pukul 7 pagi. Tapi lihat sekitar jam 11: 30.,negative,True
11834_bt,11834,Sore ini aku mengirim paket ke kerabatku yang dirawat di rumah sakit tapi orang itu tidak tersedia. Tak bisakah kau bawa ke meja keamanan? Aku dapat informasi dari kurir yang mengirimkannya.,negative,True
11838_bt,11838,Ini seharusnya untuk memanggil nomor apotek. Tidak terlalu keras. Tidak terlalu keras.,negative,True
11847_bt,11847,"Layanan lab buruk. Mereka mengatakan mereka akan email Anda hasilnya dan hanya butuh dua jam, tapi aku belum menerimanya sampai sekarang. Ponselku tapi tak ada yang mengangkat.",negative,True
11848_bt,11848,"Dengan kemitraan mengejek darurat, tidak responsif, telah datang ke rumah sakit, panggilan dll. Jawabannya sangat sederhana, 3 bagian cuti dan sebagainya. Sampai ia meminta informasi bahwa panggilan langsung terganggu. Hanya membiarkannya turun, dan kemudian pergi ke posting.",negative,True
11865_bt,11865,"Hai. Aku ingin berbagi pengalamanku dengan istri Dr. Ghihendra. Pertama kali aku berkonsultasi tentang rasa sakit yang kurasakan, dia bisa memberiku solusi, dan aku juga langsung percaya pada Dr. Ghikmah karena kenyamanan percakapan, sikap dr.",negative,True
11874_bt,11874,"Pengobatan di klinik eksekutif sangat nyaman, layanan cepat, tempat itu bersih, dan perawat ramah.",negative,True
11881_bt,11881,"Layanan yang bagus, staf, karyawan sampai keamanan. Bagus, kaku untuk perawat poli.",negative,True
11887_bt,11887,"Sumpah jasanya sangat baik..
Merawat mereka tapi layanan VIP.",negative,True
11888_bt,11888,"Ini tangkapan panjang! Aku pergi ke tempat yang sepi, tapi prosesnya sudah lama. Aku memberikannya kepada Anda dari awal dan kartu asuransi. Tapi perawat bilang tidak apa-apa. Kalau begitu urus semuanya. Pada akhirnya, saya ingin membayar obat dengan kartu.",negative,True
11895_bt,11895,"Layanan terburuk, sudah tahu tifus dari 10: 30 mengambil tes darah baru saja keluar. Hasil di 12.30 masih X-ray pada titik ini. Itu membunuh pasien.",negative,True
11897_bt,11897,"Tidak rumah sakit ini kecuali Anda harus.
Masalahnya adalah dengan rumah sakit: dokter baik. Dokter buruk.
Abis Rothia
mulai dari sistem ke mesin ke tempat ke kafe
Semua omong kosong itu.",negative,True
11902_bt,11902,"Layanan yang baik tetap terjaga. Nah, semgga depan semakin baik dan lebih baik.",negative,True
11917_bt,11917,"Banyak fasilitas yang sudah tidak layak, tapi masih dalam pelayanan.",negative,True
11929_bt,11929,Kurang siap untuk operasi mulut.,negative,True
11933_bt,11933,Layanan lambat untuk kembali ke lain Rs dari 7: 00 sampai 4: 00 pagi ketika pasien sudah mendesak.,negative,True
11934_bt,11934,Terima kasih Tuhan. Istriku melahirkan di RS.,negative,True
11940_bt,11940,"Sebuah rumah sakit yang bertujuan untuk membantu orang miskin, sehingga murah dan dapat menerima tanpa dibuat sulit. Untuk fasilitas sendiri, cukup lengkap, baik dijaga kebersihan, dan paling keren dari perawat tidak mendiskriminasi pasien,",negative,True
11945_bt,11945,"pengalaman di 7506 selama perawatan, adik vinica yelina selalu memberikan layanan yang sangat ramah. Semua staf bergerak cepat.. Jauhkan kayu yang baik!",negative,True
11952_bt,11952,"Pelayanan yang bagus, dokter yang baik.",negative,True
11954_bt,11954,Terima kasih atas pengobatannya. Istri saya lahir dengan slats.,negative,True
11957_bt,11957,"Permisi, periksa rahim. Tidak bisa mengeluh. Aku hampir menikah dalam cinta.",negative,True
11959_bt,11959,"Pertumbuhan mendesak, motto: kualitas cepat ramah.
Tuntutan untuk pertumbuhan, kebijakan: ramah, cepat dan memenuhi syarat.",negative,True
11962_bt,11962,"Ini adalah layanan yang mengerikan, dibandingkan dengan ibuku rSpad garot suberoto jauh, aku takut. Ibu saya telah pensiun sehingga dia tidak bisa pergi ke sana lagi, sehingga buruk bagi orang-orang yang menggunakan semacam omong kosong sepanjang waktu di kantor.",negative,True
11963_bt,11963,"Keamanan di Ipd perlu dibangun lagi. Aku memintanya untuk naik ke lantai dua. Aku bertanya di mana dia menunjuk tangga dekat pintu masuk, ketika itu dibatasi.",negative,True
11967_bt,11967,Aku senang dengan pelayanan di rumah sakit ghra kedoya. Sangat ramah dan cepat.,negative,True
11977_bt,11977,Aku sangat kecewa. Layanan perawat sangat buruk. Anakku punya denyut nadi.,negative,True
11983_bt,11983,"Aku bukan pasien baru dari awal rumah sakit medis. Dulu itu pelayanan yang bagus, tapi tidak seperti orang tua tidak memiliki sopan santun.",negative,True
11984_bt,11984,Layanan rendah hati.,negative,True
11994_bt,11994,"Layanan. Oke, sedikit lebih higienis. Disarankan untuk menambahkan fasilitas pembersihan jika Anda tidak memiliki energi pembersih.",negative,True
12000_bt,12000,pekerja kesehatan tidak mengerti sistem di rumah sakit saya datang dengan masuknya demam tinggi untuk igd saya meminta perawat bisa menggunakan bpjs tidak ada kata perawat akhirnya bisa pergi dan mendapatkan dokter diperiksa,negative,True
12002_bt,12002,"Sudah di sini dua kali, itu sudah bagus, itu bagus, bisa beristirahat, petugas, perawat dan dokter ramah, tempat ini bagus, kamar mandi bersih, makanan yang bagus, tapi agak membosankan terlalu lama.",negative,True
12003_bt,12003,layanan ramah dan nyaman,negative,True
12013_bt,12013,Rumah sakit terlalu kecil. Parkir terlalu kecil. Terlalu sempit.,negative,True
12018_bt,12018,Kurang ramah.,negative,True
12045_bt,12045,"Rumah sakit, layanan, apoteker Mr Leo begitu ramah, begitu rendah-kunci.",negative,True
12057_bt,12057,"Aku akan membawa orang tuaku untuk menjalani scan. Tempat ini tenang, staf cepat dan ramah.",negative,True
12067_bt,12067,Seluruh pengalaman yang baik. Kecuali nyonya membutuhkan waktu.,negative,True
12099_bt,12099,"Untuk layanan. Bagus, ramah. Temui dokter. Satu-satunya hal yang hilang, meja perawatan begitu keras sehingga kaya di pasar, apakah ada orang di atas meja itu. Mereka tidak berpikir di depan pasien... mereka tertawa begitu banyak.",negative,True
12103_bt,12103,"Aku baru tahu ada rumah sakit di sini. Lima hari di Universitas Covid- 19.
Dan dokter ramah dan ingin mendengar keluhan pasien.
Perawat itu ramah.
Layanannya bagus.
Ruangan ini bersih.",negative,True
12108_bt,12108,Dokter asli tidak cukup baik untuk meminta surat. Sulit untuk meminta belas kasihan di Pukestmas. Sangat mudah.,negative,True
12118_bt,12118,"Layanan terbaik yang pernah ada! Kali ini temukan rumah sakit dengan layanan utama, tak salah memilih rumah sakit!",negative,True
12120_bt,12120,Terima Allah layanan di sini begitu baik dan ramah.,negative,True
12121_bt,12121,Aku sudah lama melahirkan.,negative,True
12122_bt,12122,"Layanan yang sangat buruk. Di setiap toilet tidak ada tisu,",negative,True
12128_bt,12128,Para bidan bersahabat. Ini tidak cukup baik untuk pembuluh darah. Tiga suntikan dengan cara kasar. Istrinya kesakitan dan kesakitan. Yang membuatnya aneh bahwa rumah sakit masih melamar selama 30 menit dan 700 ribu tunai. Seperti pasien ingin melarikan diri.,negative,True
12132_bt,12132,"Mulai dari pintu masuk terasa nyaman, saudara perempuan, dokter dan karyawan lainnya adalah ramah, pasien publik terhormat dan bpjs, berhasil terus melanjutkan depok primaya",negative,True
12138_bt,12138,"Layanan sangat bagus, tempat juga bagus",negative,True
12144_bt,12144,"Kebersihan adalah masalah bagi kebanyakan rumah sakit di India, termasuk rumah sakit ini.",negative,True
12145_bt,12145,"Malam ini, 8 Januari 2024. Anakku seksi. 41.9 centigrade.",negative,True
12146_bt,12146,Layanan yang bagus. Respon cepat. Dan perawat itu sopan.,negative,True
12150_bt,12150,Terima kasih... atas namamu.,negative,True
12157_bt,12157,"Layanan ini bobrok!! Hasil pcr dijanjikan jam 6 besok setelah tes paling lambat tapi sampai setengah jam 7 sore belum ada tanggapan! pada telepon yang belum terjawab, pada whatsapp tidak dikembalikan, ketika admin online!!! Janji adalah super buruk!",negative,True
12158_bt,12158,"Ketika saya mengeluarkan jarum I.V. saya, itu jauh berbeda ketika saya diperlakukan secara pribadi.",negative,True
12162_bt,12162,Ini sistem yang sangat mengecewakan! Apa-apaan ini? Bukankah seharusnya 58? Mengapa 59 pergi dulu? Sementara aku menunggu di sini dari 25 antrian!,negative,True
12168_bt,12168,"Dari pintu masuk. Tolong minta keamanan. Jika k idd.
Itu tidak akan terjadi.
Kemudian pergi melalui lagi. Terus bertanya lagi. Dia berpura-pura mendengarkan.
Begitu lama ad kurus perawat dan kami meminta bantuan. Terus bicara. Ya.
Dan ada layanan pembersihan bersih. Aku meminta perawat untuk memanggil selang oksigen. Dia hanya mengatakan dia tidak akan memanggil perawatnya.
Ada pelayan datang untuk tabung oksigen dan meminta bantuan. Dia sudah mati dan dia tidak datang.
Dan sejak jam 6: 00, 50 pagi, aku belum memeriksanya.
Masalahnya, itu adalah pasien bayi.
Anw yang menangani I.V. berdarah. Tolong jaga kebersihan kami. Tidak pernah tahu apakah itu darah infeksi.",negative,True
12170_bt,12170,Layanan R yang baik dan keamanan.,negative,True
12177_bt,12177,"Perawatan anak, staf yang ramah, fasilitas yang bagus.",negative,True
12204_bt,12204,"Layanan farmasi terlalu pendek, sudah terlambat untuk judes2 untuk mengambil obat, analisis buruk.",negative,True
12214_bt,12214,"Sayang sekali aku baru. Belum lama, tapi kenapa fasilitasnya begitu jelek?",negative,True
12225_bt,12225,"Makanan, pelayanan yang baik. Ruangan ini sangat bersih.",negative,True
12227_bt,12227,"Untuk layanan. Oke, rincian sangat perseptif dan membantu. Perawat itu ramah.",negative,True
12237_bt,12237,Merebus online. Bahkan tidak mendekati. Aku bukan pasien.,negative,True
12253_bt,12253,Saya kecewa bahwa ibu saya 2 kali lebih dari dan 2 mengatakan kuota sudah habis karena dokter telah pulang.,negative,True
12259_bt,12259,"terlalu lama, dua jam sebelum menunggu obatnya. Totalnya lebih dari 4 jam untuk pengobatan.",negative,True
12260_bt,12260,"Satu. Perawat tidak aktif, pasien yang pertama kali tinggal di tidak diberitahu tentang prosedur pengembalian, pasien dan keluarga bingung. 2. ketika ac menyalakan debu.",negative,True
12273_bt,12273,"Aku tahu prioritas di akhir baris, tapi itu prioritas buruk kita untuk berada di baris jam 6 pagi.",negative,True
12298_bt,12298,"Layanan buruk, keamanan di ruang pengiriman.",negative,True
12305_bt,12305,Aku akan memberimu lima bintang setidaknya dengan komentar di lantai bawah. dsinu hanya diperpanjang referensi untuk palsu baru.. Sistem ini rumit. Bye.,negative,True
12306_bt,12306,"Sepertinya RS perlu pergi ke layanan kesehatan pada perawat mengerikan nya, orang sakit terluka oleh perilaku layanan mereka, itu mengerikan. Tidak punya sopan santun.",negative,True
12315_bt,12315,"Pertama kali saya datang ke sini untuk mendapatkan daftar medis, saya meminta ibu gemuk pada pendaftaran.",negative,True
12318_bt,12318,"Jika Anda mengatakan bahwa ibumu mencintai rumah sakit yang buruk, pasien belum sehat selama tiga hari.",negative,True
12337_bt,12337,"Dr Praktis secara khusus neurologi dari jadwal praktek dr.irwan Senin, 7 Oktober 2021 sangat buruk. Daftar urutan 8: 30 saya di bawah 10 sampai 11: 30 belum datang di ruang latihan menunggu begitu lama. Harap menghargai pasien terlambat selama satu jam. Tapi ini sudah tiga jam. Tidak ada pengobatan farmasi.",negative,True
12385_bt,12385,Layanan benar-benar menyebalkan datang dari 04: 00 untuk mengatur 7 dokter masih belum datang menunggu lagi dan lagi. Ternyata dokter tidak muncul. Itu terlalu banyak. Tidak ingat.,negative,True
12386_bt,12386,Jam 8 belum masuk ke ruang tamu kelas satu. Perawat tidak komunikatif.,negative,True
12391_bt,12391,"Layanan sangat buruk, keponakan saya memasuki gid dari 03: 00. Tidak ada aksi di 06: 00",negative,True
12402_bt,12402,"Saya pertama kali mendapat kesan yang sangat marah, diagnosis x-ray dengan analisis yang salah dari dokter dan petugas x-ray perlu belajar lagi. Hati-hati untuk tidak memilih rumah sakit, memperbaiki besar dan harga mahal di sini daripada rumah sakit besar lainnya terlihat sama.",negative,True
12403_bt,12403,"Rumah sakit yang bagus di pusat kota. Terlihat bagus, interior baru, renovasi baru, pelayanan yang baik, sistem yang baik, mereka tampaknya mengambil tindakan serius untuk meningkatkan layanan mereka... kerja bagus!",negative,True
12409_bt,12409,Aku terlahir untuk menyerah. Aku punya vaksin covid. Dan begitu juga covid.,negative,True
12412_bt,12412,Hati-hati dengan pemicu istriku.,negative,True
12423_bt,12423,"Layanan itu mengerikan. Hanya meminta lubang pantat harus menunggu lebih dari dua jam. Jika kau menyuruhku kembali ke sini, aku tidak akan kembali.",negative,True
12427_bt,12427,"Layanan cukup baik, tapi tidak banyak masuk dan keluar dari parkir.",negative,True
12447_bt,12447,"Rumah sakit terburuk yang pernah kutemui. - Seperti apatis, bagaimana bisa?",negative,True
12449_bt,12449,"Kotor dan bau toilet, kita menunggu sampai dokter kulit pagi selesai op nya.",negative,True
12451_bt,12451,Petugas di kantor pendaftaran mata terlalu lambat untuk bergerak. Banyak pasien yang menumpuk selama layanan. Layanan perawat sudah lama... Ini yang lama.,negative,True
12453_bt,12453,Dokter terlalu informatif. Terlalu dingin. Tidak ramah.,negative,True
12454_bt,12454,"Selamat sore, manajemen rs.melia cibur.",negative,True
12456_bt,12456,(Rumah sakit bangunan),negative,True
12460_bt,12460,"Melahirkan anak pertama di sini, pelayanan ramah, fasilitas barisan depan. pemulihan untuk melahirkan di sini",negative,True
12462_bt,12462,"Layanan tidak terlalu baik, staf pendaftaran untuk pasien tua dan pekerjaan baru lambat, tidak cepat, melakukan telur
Staf resepsionis di gedung Mhcu lambat dan tidak mengerti produk, serta staf di resepsionis utama tidak ramah.",negative,True
12468_bt,12468,"Layanan gercep, respon cepat admin dari petugas awal ramah dan informatif dari awal. Tolong menyambut keselamatan perawat ke perawat / dokter, seluruh udh oktu bgtu",negative,True
12474_bt,12474,"Manajemen buruk, jadwal terapi kalender, perawat dipindahkan ke tempat lain, ketika pasien panjang. Bahkan ini adalah pasien tua, miskin gila.",negative,True
12487_bt,12487,"Dari lingkaran jiwa, itu hanya pemeriksaan singkat. Menunggu obat untuk mendapatkan stres, untuk apotek untuk menambahkan lebih banyak orang.",negative,True
12488_bt,12488,"Jangan membawa orang-orang yang memiliki penyakit parah. Rumah sakit terburuk yang pernah ada, kurang layanan, supergirl, jika kau ingin kembali ke rumah sakit lain karena suatu alasan.",negative,True
12489_bt,12489,"Rumah sakit ini kebiasaannya. Ketika ia ingin mengontrol hal 6: 00, menurut admin nya, ternyata bahwa ketika aku datang pada 18: 30, aku pergi langsung ke bagian admin untuk daftar, ternyata bahwa admin memberikan penjelasan.",negative,True
12494_bt,12494,Layanan yang bagus.,negative,True
12498_bt,12498,"Mereka adalah, kussy. Layanan yang bagus.",negative,True
12499_bt,12499,"Terima kasih untuk tim di ruang imc layanan Warma kerajaan dan imc begitu cepat & lt; br / & gt; & lt; br / & gt; Jadi ayah saya dengan cepat ditangani & cepat sembuh, mempertahankan layanan.",negative,True
12508_bt,12508,Para dokter semua baik. Tempat ini bersih karena relatif baru. Pendaftaran dan staf proses sangat tidak efisien! Lalu lintas!,negative,True
12509_bt,12509,administrasi buruk meskipun biaya 'admin' sangat tinggi,negative,True
12522_bt,12522,Tidak terlalu banyak.,negative,True
12527_bt,12527,"Tidak ada gunanya bertindak di sini untuk mencabut gigi. Dampak di celah. Jika kau tidak bisa mengatasinya, jangan merusaknya.",negative,True
12531_bt,12531,"Aku suka jasanya... ramah... dan perawatannya dengan cepat... dokternya ramah... ""Makanannya enak, bersih dan sehat.",negative,True
12540_bt,12540,"Layanan farmasi-nya bekerja hampir tiga jam. Benar-benar buruk, begitu banyak kali bolak-balik itu belum berakhir, berjanji akan berakhir dalam waktu sekitar satu jam, jadi aku akan menunggu, jadi itu 2: 00-5: 00 sampai hampir 5: 00.
Aku tidak tahu bagaimana cara kerjanya, lupakan atau bagaimana rasanya, garisnya tidak banyak.",negative,True
12549_bt,12549,Daftar polinya untuk deposit. 200 untuk deposit. Hanya daftar.,negative,True
12554_bt,12554,"Layanan staf yang baik juga ramah, bersih dan harum.",negative,True
12578_bt,12578,"bpjs > administrasi di poly orchid bpjs v baik, pasien tidak ramai, hanya hal pertama yang telah dipahami (perawat tidak ramah ahli saraf; admin wa tidak ramah,",negative,True
12583_bt,12583,Layanan buruk. Para dokter dan staf tidak kompeten. Para pasien sedang dikirim kembali.,negative,True
12586_bt,12586,"Mudah-mudahan pada tahun 2018 gedung rumah sakit baru akan tersedia, lebih nyaman parkir, kurang panas.",negative,True
12589_bt,12589,"Aku dua kali lebih kecewa dengan pelayanan dan pengetahuan dari dokter idd di kantor duta besar.
Satu. Aku datang ke RS. Duta Besar yang indah bagian idd mengambil teman saya dalam nama Andi.",negative,True
12605_bt,12605,"Lantai tiga, layanan sangat baik untuk sup pekerjaan, tidak berfungsi dengan segenap hati dan kasih sayang. Semua perawatnya ramah, aku ditangani oleh sesendok hagni dermaga, ramah, getaran positif sepanjang jalan.",negative,True
12608_bt,12608,"Tolong, setiap lantai dipegang oleh Simola.",negative,True
12610_bt,12610,"Membuat direktur RS mendengarkan doa dr.
Jika ada pasien, silakan menanganinya.
Jangan diam.
Anak-anakku lemah tapi mereka santai.
Alasan tidak ada ruang
Ruangan ini penuh.
Saya tidak peduli tentang ruangan di sini.
Yang kuminta hanyalah obat dulu. Inpus dulu atau periksa dulu.
Jangan meremehkan pasien.
ketika saya bertanya kapan untuk memeriksa
Ya, akan kuperiksa, tapi tak ada pergerakan. Mohon saran penjaga hari ini.
2",negative,True
12615_bt,12615,Aku kecewa bahwa post- sc menjahit remote sampai 4x yang mengambil barang. Bukan dokter yang pertama kali ditangkap.,negative,True
12623_bt,12623,"Paling sulit, paling lambat.. Sudah lama sejak kita membayar.",negative,True
12635_bt,12635,Layanan pembersih. Oke.,negative,True
12645_bt,12645,Kurangnya respon harus diulang kepada perawat / penjaga piket nya untuk keluhan / semacam pekerjaan yang penting untuk membayar kaya,negative,True
12649_bt,12649,"Aku kecewa dengan pelayanan dan manajemen menangani masalah. Semuanya terasa terlalu mahal dan terlalu penting. Sangat berbeda dari layanan tubuh, saya tidak akan merekomendasikan rumah sakit ini kepada siapa pun yang saya tahu. Kalian semua pembohong dan manipulatif.",negative,True
12668_bt,12668,Layanan buruk!! Ketika orang ingin mengubah jam menunggu pasien perawatan tidak masuk!!,negative,True
12686_bt,12686,"Ujian hari ini adalah pada rs. husada.
Tapi karena aku bisa mendaftar online, aku menggunakan register online.
Dan pada pukul 3: 30 malam saya datang ke R.s. ketika saya pergi ke jnform saya bertanya perawat jika dia bisa mengatakan bahwa register untuk hari itu on- line, yang online, tapi penjaga keamanan mengatakan itu adalah hal yang sama, sehingga hal yang sama seperti yeni Ma. register online atau dtg secara langsung tidak membuat perbedaan.
Mintalah koordinat karena ini buang-buang waktu.",negative,True
12706_bt,12706,Dengan seorang perawat yang baik. Semuanya baik-baik saja. Bagus. Liftnya tidak terbuka. Buka liftnya.,negative,True
12724_bt,12724,"Jika saya marah dan mengisap gigi saya, sekali itu dihapus, lebih baik tidak merasa lebih baik.",negative,True
12728_bt,12728,Pertama saya datang ke rumah sakit dengan obat.,negative,True
12730_bt,12730,Layanan tidak baik sama sekali,negative,True
12732_bt,12732,Syukurlah ibuku adalah pasien Dr. Sokari.,negative,True
12738_bt,12738,Layanan dari lantai 2 sangat buruk. Dia tampaknya tidak tahu tentang keramahan. Sangat kecewa!!,negative,True
12765_bt,12765,"Respon layanan sangat lambat,
Pada saat itu Upd tempat tidurnya tidak penuh dengan rasa sabar
Hasilnya bagus.
Eh, ketika besok datang kembali dengan radiologi, hal-hal yang tidak begitu baik.",negative,True
12770_bt,12770,"Jam 3: 00, tapi sampai jam 4: 00 ada dokter, tanya perawat jam berapa sekarang. Tak ada yang tahu. Untuk yang pertama untuk memeriksa di sini, tampaknya tidak banyak untuk kembali. Kosong. Tidak ada pasien datang sampai 5: 00.",negative,True
12771_bt,12771,"Penanganan obat lama. Tidak, itu dari dokter pukul 11: 30.",negative,True
12783_bt,12783,"silakan periksa rumah sakit sedang menunggu antrian, tapi kehilangan daftar daring, silakan hubungi nomor pertama dalam baris awal",negative,True
12788_bt,12788,Ada tiga bangunan rsu baru... sayangnya aplikasi yang mengambil alih parkir paksa... informasi telah dilaporkan kepada pihak berwenang... tapi tidak ada penanganan... masih berurusan dengan keponakannya... pertobatan.,negative,True
12792_bt,12792,Silahkan ambil setiap area. Tunggu. Tunggu.,negative,True
12799_bt,12799,"Layanan buruk, staf yang tidak ramah, judes dokter terutama dokter igd. Maksudku, itu kesepian, tapi para juri meminta ampli. Saya pikir kami hanya datang untuk memeriksa gravitasi. Jika Anda tidak tahu lebih baik, Anda akan jauh di belakang. Bahkan jika itu di rumah.",negative,True
12800_bt,12800,Sudah dua kali. Pelayanannya panjang. Pelayanannya panjang.,negative,True
12824_bt,12824,Sudah kubilang aku melihat banyak tempat parkir yang sepi. Aku melihat RS sebesar kau tidak bisa tidur untuk anak yang kosong. Ini menghancurkan hati saya sebagai seorang ibu,negative,True
12847_bt,12847,"Suntikkan vix meningitis di sini, kesepakatan melalui layanan responsif dan ramah. Terima kasih.",negative,True
12852_bt,12852,"Layanan farmasi bpjs sangat lambat. Untuk mendapatkan salep gentamisin saja harus 3 jam. Harus ada perubahan seperti tambahan ke jendela, sdm, dll.",negative,True
12853_bt,12853,"Para dokter yang ramah, perawat yang ramah tetapi jika Anda meminta riyhT, menggunakan konsul pertama.",negative,True
12857_bt,12857,"Ri berlangganan dari.. Istri yang sakit, hamil, melahirkan, vaksin dan memeriksa anak-anak di sini.. Para dokter cepat, perawat ramah. Mari kita berharap layanan akan membaik dan dipertahankan.",negative,True
12866_bt,12866,"Proses pendaftaran lama. Satu daftar pasien bisa 20 menit. Ini hanya dua.
Sudah ada dalam daftar sejak lama. suck",negative,True
12875_bt,12875,Maafkan aku. Layanan begitu Andrew. Pasien ingin pindah ke tempat yang berbeda.,negative,True
12878_bt,12878,"Layanan kesehatan baru yang jelek, tidak bisa melihat mana yang perlu pertolongan pertama dalam perawatan bayi dan begitu tidak ramah.",negative,True
12882_bt,12882,"Sejauh ini. Anakku pergi ke sana, tapi ia tidak dilayani, untuk alasan dia penuh dan tidak dapat mengkonfirmasi ketika ia bisa ditangani.",negative,True
12890_bt,12890,"Layanan di sini cukup bagus. Karena aku sudah dengan anggota keluarga saya di sini, berkat Tuhan, itu semua tertutup dengan bpjs tanpa pengecualian. Dokter yang sering kutemui adalah dr.",negative,True
12901_bt,12901,Pantes adalah 3.6 alami. Tunggu sampai jam 9: 00-1: 00 pagi. Masih harus menunggu Ipd tidur. Demamnya naik dan turun. Banyak yang pulang ke rumah karena mereka tidak kuat. Aku tahu itu prioritas. Hanya saja harus ada lebih banyak penangan sebelum memasuki idd. Pertama kali saya mendapatkan rumah sakit terburuk!,negative,True
12912_bt,12912,Bukan rumah sakit ini. Penanganan vaksin jangka panjang. Setelah petugas vaksin salah tentang menangani data orang yang divaksinasi dan ketika itu dikonfirmasi kepada perawatan pelanggan itu hanya redone. Ini rumah sakit.,negative,True
12920_bt,12920,"layanan buruk, ruang tunggu kecil begitu ramai & tidak nyaman",negative,True
12921_bt,12921,"Penangannya cukup bagus, informasi itu diberikan. Jelas, tapi ada sedikit masalah dengan bel perawat, aku sudah di beberapa menekan, tapi perawat tidak datang baik ketika aku sendirian. Tidak ada yang menunggu.",negative,True
12925_bt,12925,Periksa masalah medis di rumah sakit. Dokter itu ramah. Dan penjelasannya sangat rinci.,negative,True
12933_bt,12933,Sudah lama sejak kau memakai narkoba.,negative,True
12936_bt,12936,Sebuah pembibitan yang ramah.,negative,True
12944_bt,12944,"Rumah sakit yang bagus, tapi anehnya kamar vVIP mereka tidak memiliki tempat minum (kita harus membelinya untuk tamu). Vvip ruang cukup besar, tapi entah bagaimana tidak merasa seperti ruang vvip. Lebih seperti vip. Internet sangat lambat!",negative,True
12947_bt,12947,"Penanganan lama. Dari informasi. Ambil nomor token.
Dari 7: 00 sampai 15: 00 ke gigi tidak ada tindakan karena pertama kali pertemuan dan kemudian janji lain pada bulan depan, ohiya akan harus biaya sebulan untuk mengambil suara polisi-gigi. Belum lagi salah satu perawat di tiang giginya benar.
Dan itu sudah dari mata dari 4: 30 ke penutupan - rs baru saja dipanggil.
Kurasa RS-nya bagus. Ini hanya manajemen. Ini bukan waktu yang efektif.
Tolong percepat proses administratif, tunggu. Itu hal yang paling berbahaya.",negative,True
12956_bt,12956,"Sangat mengecewakan. Biaya operasinya tidak transparan. Layanan buruk ketika diminta selalu diarahkan ke bagian lain, menempel. Dokter tidak tepat waktu dan terlihat mencari alasan untuk menuntut pasien.. Maaf berantakan.",negative,True
12966_bt,12966,"Layanan yang bagus, tapi perhatikan. Ada perawat kecil di lantai pertama yang tidak terlalu ramah, ruang as tidak begitu kuat,",negative,True
12967_bt,12967,"Layanan cepat, rambling birokrasi. Itu lucu.",negative,True
12977_bt,12977,Rumah sakitnya sangat tidak jelas. Perawatan nya begitu kurang bahwa keponakan saya meninggal dari perawatan lambat dan biaya administratif nya sangat tidak wajar.,negative,True
12979_bt,12979,"Dokter begitu terlambat, jadwal praktek adalah 4-7 Tapi sampai 6 malam dokter belum datang belum. Aku bertanya pada para pelanggan, jawabannya adalah ""dokter biasanya datang jam 6: 00"" jika mereka baik-baik saja, tapi itu sudah banyak terjadi, jadi menghargai waktu pasien juga!",negative,True
12983_bt,12983,"Overall layanan yang sangat buruk dan tidak direkomendasikan untuk pasien dari luar kota terutama, jadwal di website tidak tepat, sudah terdaftar di website kanan atas ada tidak terdaftar pada konfirmasi wa, jam layanan tidak sesuai, staf tidak membantu sama sekali karena bpjs jantung di 6-7 am hanya dan tidak diberitahu oleh C atau website.",negative,True
12984_bt,12984,"Layanan buruk, RS seperti ini meminta cetak ulang. Tidak ada permintaan maaf juga. Hilang ke toko ritel.",negative,True
12995_bt,12995,Layanan itu cepat. Layanan itu cepat. Layanan itu ramah.,negative,True
12997_bt,12997,"Selama administrasi rincian dari 2100-22.30, itu juga dilakukan. Jika Anda tidak keberatan, Anda harus memberitahu pasien dari pasien, tidak membuatnya jelas.",negative,True
13003_bt,13003,Layanan itu selama satu-satunya counter untuk digunakan adalah 2. Sangat disayangkan bahwa saya berdiri di antrean di 6: 00 dan sampai minus 7 belum selesai.,negative,True
13014_bt,13014,"Radiologi Atmajaya tidak memiliki etos kerja.. Seperti waktu yang baik sebagai apapun, pemeriksaan lab begitu lama!! 2 jam yang lain sudah berakhir, itu akan berakhir dalam seminggu!",negative,True
13015_bt,13015,"Layanan dan penanganan nya tidak baik, aku sebagai pendamping suami saya sakit kebetulan menjadi bpjs kls 1 pengguna, ini adalah layanan terburuk. Tidak lagi.",negative,True
13039_bt,13039,"sangat buruk dokter dan layanan, jangan pernah datang ke rumah sakit ini",negative,True
13041_bt,13041,"Ini ketiga kalinya Caesar di sini,
Berikut ini adalah review pengobatan rawat jalan, dan layanan yang baik tapi sedikit kecewa dengan antrian rawat jalan obgyn,
nomor baris jump dan acak.
Sebelumnya di swasta biaya baik-baik saja, sesuai antrian. Ketika suatu hari menggunakan referensi bpjs saat mendekati telepon, itu juga merupakan saran mode 1.
Datang pada 18: 30wib berlangsung di 21: 15wib
Informasi dari perawat prioritas adalah biaya pribadi pertama. ""ohhh hanya tahu""",negative,True
13044_bt,13044,"Sulit untuk pusat, memiliki untuk chatting hanya berapa lama itu berada di belakang. Jika itu penting, sulit untuk menunggu percakapan.",negative,True
13046_bt,13046,"Jika ada yang punya masalah perut, bisa berkonsultasi dengan Dr. Just Vivi.",negative,True
13048_bt,13048,Tidak ada pembangkit listrik di setiap sudut. Bangunan ini bagus tapi tidak ada update untuk orang-orang milenium. Layanan buruk.,negative,True
13061_bt,13061,Sepertinya hanya satu orang yang menjaga stan adalah membuat antrian memerah. Antrian telah mencapai 100 + tetapi tidak ada panggilan pada layar baru ke tahun 60-an telah membuat saya hampir 4 jam menunggu giliran saya. Tolong beri aku lebih banyak perhatian.,negative,True
13067_bt,13067,"Saya seorang dokter biasa dan saya telah mengantongi hati saya, dan saya telah meminta referensi obat untuk harpa, dan cara itu begitu mudah untuk bingung. Jika saya bingung, biasanya meminta layanan pelanggan di lantai pertama, mereka akan membantu saya memberi petunjuk untuk tidak bingung.",negative,True
13068_bt,13068,"Selama anak saya di rumah sakit, saya diberi pembantu yang puas dengan penjelasan bagaimana merawat dan memperlakukan bayi di rumah.",negative,True
13069_bt,13069,Layanan pasien pengguna. Oke. Hanya masalah pemulihan.,negative,True
13073_bt,13073,"Hubungi pusat panggilan ekstensi dengan 2 informasi, matikan. Aku tidak punya niat untuk bekerja.",negative,True
13080_bt,13080,Layanannya bagus. Dan perawat sedang merespon. Tolong segera mendaftar.,negative,True
13093_bt,13093,"Sial. Aku membuat janji untuk memeriksa di 03: 00, tapi dia datang pada 4: 00. Yang salah satu dari Anda fucks dan bertanya padaku, ""Apakah Anda memiliki asuransi atau tidak? Jika ada, aku akan berada di papan malam ini untuk mendapatkan reaksi dilakukan.",negative,True
13097_bt,13097,"Pengiriman pertama saya di R mitra di ruang daffodil. Seluruh perawat ramah dan sangat membantu dalam proses kerja saya. Ada komplikasi dalam kehamilanku, tapi tim dokter dan perawat sangat ketat dan anakku lahir dengan lancar dan tidak ada masalah. mendesain ulang",negative,True
13103_bt,13103,"Buku harianku dirawat di RS Melia sampai lahir di sini. Layanan yang bagus. Para perawat dan dokter semua ramah, tetapi ketika datang ke obat, itu akan mengambil jam. """,negative,True
13130_bt,13130,"Dari semua rumah sakit di Jakarta yang pernah saya kunjungi, sima simaturang adalah rumah sakit paling tepat waktu. Aku selalu bertemu dokterku saat aku memilih. Dalam pengalamanku, dokter juga sangat berpengetahuan dan ramah.",negative,True
13135_bt,13135,"Sering kali aku merawat anakku tapi petugasnya hanya satu orang untuk waktu yang lama. Bagaimana bisa layanan seperti ini disebut baik. Ipd adalah unit darurat, tetapi bekerja selama satu tahun.",negative,True
13140_bt,13140,Sejujurnya aku tak tahu harus mulai dari mana.,negative,True
13141_bt,13141,Butuh lebih banyak pengalaman.,negative,True
13143_bt,13143,"Layanan ini ramah dan tidak terlalu lama menunggu, yang mahal. Ya, karena aku tidak benar-benar mengerti. Hal ini juga mudah, untuk pembayaran tunai dapat dilakukan melalui transfer dan bukti transfer dikirim melalui email. Untuk pemeriksaan darah juga, selama satu setengah jam untuk menunggu hasilnya keluar. Satu-satunya hal yang terlalu buruk adalah tidak ada air minum tersedia untuk pasien pengangguran atau untuk orang yang bersangkutan. Jadi jika ada jadwal medis dan Anda berada di rumah sakit, tidak apa-apa untuk tidak keluar dan membeli air Anda sendiri. Atau siap untuk minum dari rumah. Aku tak kenal orang lain. Ya, saya pikir itu saja.",negative,True
13145_bt,13145,"Layanan yang adil, lebih sedikit kantina dan taman bermain, kurang anak-ramah.",negative,True
13147_bt,13147,"Sejak memasuki rumah sakit ini aku merasa sangat nyaman. Dalam penerimaan, radiologi, dll, aku bahkan bisa memarkir mobil di tempat parkir valet.",negative,True
13150_bt,13150,"Pada 25 Juli 2023, daftar ke klinik polisi pukul 9: 00 pagi, mendapat nomor 8 di poly, 04: 00 Sore datang ke poly, itu sepi. Tanya perawat. Dia bilang dokter tidak muncul. Dia ketakutan.",negative,True
13155_bt,13155,"Min, Dr. Febri hasadian, sp.og, m.kes silahkan jadwal setiap hari.. Ini sangat bagus, perusahaan, bahkan jika kita menggunakan bpjs.",negative,True
13175_bt,13175,"Layanan ramah, cepat ditangani, respon cepat perawat. Klinik juga bersih.",negative,True
13180_bt,13180,"Para dokter baik, tapi layanan kacau.",negative,True
13184_bt,13184,Kurangnya respon harus diulang kepada perawat / penjaga piket nya untuk keluhan / semacam pekerjaan yang penting untuk membayar kaya,negative,True
13200_bt,13200,"Alhmdlillah... rsud gercep besar tangannya, masuk ke idd anak demam. Langsung ke pke tua, dan mulai tes darah, IV, pengobatan. Alhmdlillah, mendapatkan kamar di pinus. Ini juga tanggal perawatan yang sangat cepat. Ini yang terbaik. Terima kasih banyak.",negative,True
13207_bt,13207,Ruangan sempit. Tidak.,negative,True
13215_bt,13215,"Itu bagus, perawat ramah, apotek cepat. Obatnya bekerja.",negative,True
13230_bt,13230,"Layanan terlalu lama dari pendaftaran ke lantai dua..
Sekarang jam 7: 00 sampai 11. Ini belum terlambat.
juga",negative,True
13247_bt,13247,Menunggu percakapan dokter akan memakan waktu satu jam.,negative,True
13266_bt,13266,"Ini adalah layanan farmasi lama, tetapi hanya mengambil, ""Tolong tunggu"", itu 30 menit, tidak ada lagi panggilan, jadi diblokir, dan itu sudah lama pergi, Anda tahu.",negative,True
13273_bt,13273,"Idd belum siap untuk menjadi idd.
Personil medis tidak merespon.
Ipd kekurangan tenaga medis dan layanan mereka lambat.
Personil medis khusus yang siaga pada hari Kamis 16 Mei 2024
Aku adalah anggota keluarga pasien yang karena kurangnya respon dalam Ipd yang menyebabkan kehidupan keluarga kita tidak membantu.
Sangat kecewa.
Karena harus ada pasien dibawa ke idg yang harus langsung pada kursus tidak hanya di trima tetapi tidak dalam tindakan kekerasan sementara keadaan pasien hampir tidak sadar.
Akan lebih baik jika kita tidak membiarkan anggota keluarga di kamar idd mengawasi pasien dalam keadaan darurat atau tidak, dan membutuhkan pendamping atau tidak.
Ini bukan dari menendang keluar keluarga pasien ketika pasien membutuhkan keluarga juga.
Sedangkan di dokter atau perawat Ipd tidak selalu menemani pasien setiap menit.
Saya tidak berpikir idd sari belas kasihan direkomendasikan untuk pasien darurat karena saya pikir itu tidak pantas.",negative,True
13277_bt,13277,Layanan Ipd sangat buruk dokter penjaga Sabtu 12 Agustus 2023 tidak ramah,negative,True
13282_bt,13282,Tempat parkir tidak begitu besar.,negative,True
13288_bt,13288,Bahkan rumah sakit Zonk Inpus tidak bisa menjadi perawat layanan yang buruk pada begitu sombong. Jangan pergi ke rumah sakit mencari rumah sakit lain.,negative,True
13297_bt,13297,Sepertinya itu jauh lebih rumit dari itu.,negative,True
13307_bt,13307,"Rumah sakit yang bagus, pelayanan yang ramah. tidak ada bpjs atau pernyataan umum dari pasien",negative,True
13317_bt,13317,"Layanan cepat dan ramah, fasilitas penuh.",negative,True
13326_bt,13326,Sangat menyenangkan untuk memiliki senam hari ini di bidan super ramah.,negative,True
13334_bt,13334,"Terima kasih Tuhan, layanan hermina terbaik. Tiga anak saya bisa disewa untuk bergabung dengan kamar eksekutif karena penyakit muntah dari keracunan. Fasilitas. Oke, layanan gid. Bagus padma.",negative,True
13336_bt,13336,"Harap berada di pintu keluar penjaga keamanan sore ini di 1505, mas memakai pakaian putih. Rambut sedikit longgar. Jadi penjaga tidak mengambil risiko, aku naik. Beritahu puter ke kantor karena uang tunai.",negative,True
13337_bt,13337,Ruang tamu tidak apa-apa untuk makan dengan baik untuk mencicipi. Layanan juga baik.,negative,True
13339_bt,13339,Aku sedang dirawat di ruang tulip. Layanan yang bagus. Bagus.,negative,True
13349_bt,13349,"Salah satu yang terburuk - menuntut cek di Jakarta. Layanan buruk, saraf buruk, sup tidak jelas, itu lengkap. Untuk kondisi perbaikan darurat. Jangan kemari.",negative,True
13352_bt,13352,Aku terlahir sebagai pasien.,negative,True
13358_bt,13358,"Sebuah rumah sakit waras, terkenal untuk bagus, bangunan bersih, rapi nya, cepat-bertindak, baik perawat, santun dan tidak sopan, hanya sumber waras dari semua yang terbaik",negative,True
13361_bt,13361,Dokter terlalu informatif. Terlalu dingin. Tidak ramah.,negative,True
13374_bt,13374,"Ini dia 03 Oktober 2024 jam 02.45 pagi aku parkir di depan kota meminta tempat duduk untuk salah satu suster tapi hanya muncul dengan ""bibir"" itu. Oke, lihat. Ada dua perawat di belakang komputer. Tidak ada salahnya. Setidaknya pasien samperin membantu dan d arah masih cengkraman anjing belakang komputer fck adalah very2 buruk sikap Anda semua",negative,True
13381_bt,13381,Layanan. Bagus.,negative,True
13382_bt,13382,Pengobatannya hebat. Dokter sangat ramah.,negative,True
13385_bt,13385,"Tidak diperintah ulang. Anak saya kebetulan berada di kelas 1, untuk alasan full- kelas kamar yang diletakkan ke kelas dua... pergi di & uap oleh 20: 30 karena batuk dan sesak, hanya disampaikan ke sebuah kamar 2: 30, 4 jam, 4 jam menunggu ruang hanya untuk alasan administrasi, menjalankan obat-obatan dll",negative,True
13388_bt,13388,Ini adalah layanan yang baik. Ini dokter yang baik. Dia sangat sabar dengan pasien. Panci keberuntungan yang bagus.,negative,True
13390_bt,13390,"Pengalaman terburuk di rumah sakit! Anak-anak di idd, daftar admin yang sangat tua. Ada 2 admin tapi 1 (gadis) sibuk di telepon
-makan malam sampai 10: 00 belum disampaikan belum ketika anak itu kelaparan.
- Toilet seperti toilet umum. Banyak cucian kotor dan bercak darah.",negative,True
13393_bt,13393,Dari kontrol pertama ke kelahiran metode sc erasch bner2 docover bijs juga banyak layanan lezat. Bagus. Terima kasih.,negative,True
13407_bt,13407,"Layanan baik dan uang - ramah, pegangan cepat",negative,True
13409_bt,13409,Ini telah menjadi tempat untuk pergi setiap kali keluarga saya membutuhkan perawatan medis sejak lebih dari satu dekade yang lalu. Saya harap saya tidak akan mengunjungi tempat ini terlalu sering.,negative,True
13420_bt,13420,"Tidak ada dokter umum, tht, urologi semua tidak tepat waktu. Sm jadwal praktek untuk jam kedatangan yang berbeda. Pasien harus menunggu berjam-jam seperti dia tidak memiliki empati untuk sakit.",negative,True
13424_bt,13424,"Layanan di bel sangat, sangat buruk. Bayi saya ditinggalkan di idd selama lebih dari 20 jam tanpa infus.",negative,True
13430_bt,13430,"Ini adalah langganan di sini. Dokter Yuanita spa fav saya pula.. Menjelaskan detail, kesabaran. Maafkan aku, layanan kasir adalah masalah besar ketika saya membayar publik. Counter ad 4 tetapi kurang duduk ditetapkan. apotek tua juga. Satu jam lagi menunggu bayaran. Kecewa!",negative,True
13431_bt,13431,"Selamat tinggal, menunggu giliran dari 1930 wib pada 2300 wib baru. Manajemen mengantri pasiennya berantakan. Anak itu disuruh menunggu selama itu. Bagaimana kau bisa mencoba?",negative,True
13437_bt,13437,Membuat beberapa kebisingan. Komentar ini di bawah saya. Terima kasih.,negative,True
13442_bt,13442,-: -) penanganan gerakannya cepat meskipun menggunakan bpjs tidak seperti rs lain yang meremehkan pasien dengan pembayaran menggunakan kartu bpjs: -),negative,True
13453_bt,13453,"Pelayanannya kurang, tidak peduli berapa banyak yang dibutuhkan, pukul 10: 00. Kontrol anak, sampai 5: 00.",negative,True
13459_bt,13459,Rumah sakit yang bagus. mereka memiliki banyak spesialis tapi catatan saya: harga agak mahal,negative,True
13462_bt,13462,"Maaf, layanan administrasi terburuk yang pernah saya miliki. Menunggu orang asuransi selama satu jam hanya untuk mendapatkan diagnosis dan resep. Pasien? Ada kurang dari 10 dari mereka.",negative,True
13466_bt,13466,Layanan administrasi membutuhkan waktu yang lama.,negative,True
13468_bt,13468,"Ditolak karena peserta bpjs, ketika dalam aplikasi buruk, masih ada yang tersisa. Tapi katakan itu penuh. Terima kasih. Terima kasih.",negative,True
13480_bt,13480,"layanan kamar dingin sich, aku takut, dari awal pergi ke sana boom super dingin",negative,True
13487_bt,13487,Layanan sangat buruk! Jangan bertindak seperti kelas rumah sakit internasional. Terutama pemeriksa medis.,negative,True
13499_bt,13499,Pengalaman buruk. Datanglah ke RS. Ini.,negative,True
13501_bt,13501,"Maafkan aku. Aku telah mengarahkan mode 1 ke RS untuk 2... 2x dengan kemenangan dokter. Aku harus pergi ke 2 April dengan kemenangan dokter dan mendapatkan langsung ke 16 April karena dia mengatakan kehamilan saya adalah 37 minggu dan bahwa janin bb adalah 3kg. Tapi hitunganku hanya 35 lagi. Aku sudah berusaha untuk meyakinkan perawat dan dokter bahwa kehamilan saya hanya 35 minggu lagi... dan bahwa dalam sc tgl 16 itu hanya 36 minggu dengan memanggil saya ppht. Tapi perawat selalu mengatakan dokter tidak pernah salah. Aku akhirnya meminta untuk mundur selama 26 April karena itu tepatnya 37 minggu kehamilan... bukan karena tanda-tanda rasa sakit atau apa... tapi karena dari sk pertama juga. 26 April saya adalah sc dan terkejut bahwa bb lahir anak saya adalah 2.45kgz Jika aku mengikuti instruksi dari dokter memenangkan sc tgl 16 April... maka bayi saya prematur dan inkubator. Untuk RS, tolong ambil lebih banyak dokter yang bekerja di sana... karena ini tentang kehidupan orang. Karena bb lahir rendah... pencernaan bayiku bermasalah. Jika saya tidak salah, saya masih bisa menangkap janin bb selama perutnya. Tapi dokter bilang 3kg jadi aku mulai diet sebelum Scott.",negative,True
13515_bt,13515,"Pelayanannya cacat! Keluarga saya, bahkan jika itu sedemikian rupa, bukan? Ibuku bertanya padaku di stan bukannya dalam bentuk tubuh ibuku. Pendengarannya sedikit bermasalah. Aku tidak seharusnya.",negative,True
13518_bt,13518,Menunggu pembayaran lebih lama dari waktu cek... sangat lambat,negative,True
13528_bt,13528,Bidan. Apa lagi? Rumah sakit. Sejujurnya aku kecewa. Apa lagi yang akan kau lakukan?,negative,True
13534_bt,13534,"Sangat kecewa dengan layanan di sini. Aku dirawat sebulan yang lalu. Tapi kau bisa melakukan ulasan lain. Sangat disayangkan salah satu pelayan kurang informatif. Tidak berbicara sama sekali jika Anda tidak bertanya. Saya disebut oleh puskesma dengan diagnosa polip. Dokter menyarankan saya untuk mengambil mudah. Aku minta sebulan. Tapi setiap minggu aku diberitahu untuk mengontrol dan rutin. Dokter tidak mengatakan apa-apa. Masa saya bolak-balik dengan operasi. Satu minggu setelah operasi saya adalah pendarahan berat. Perut melilit. Aku pergi ke rumah sakit terdekat tapi aku menolak untuk kembali ke kantor duta besar karena ada operasi di sana. Akhirnya dengan pendarahan dan perut melilit saya ke rumah sakit duta besar yang indah itu. Di sana saya pergi ke gid lgsg mengatakan testpack, dan kembali positif. Sayang sekali. Aku sudah melakukan ini selama sebulan. Ini menstruasiku. Jadi saya tidak punya inisiatif untuk testpack. Yang cocok di idd tersebut. Aku disuruh ke Poli untuk menunggu dokter. Dokter terlambat pula. Aku akhirnya diurus. Shift masih berdarah.
Kusarankan menara lain. Tapi kali ini harus pribadi. Karena satu minggu aku tidak beruntung. Jadi mereka tidak bisa menutupi. Dan kebaikan yang lebih besar. Perawatan pertamaku tidak diberikan resume medis. Dia bilang hanya untuk bpjs. Rumah sakit apa pun yang Anda pulang dengan resume medis. Dan itu hak istimewa pasien. Kurasa, bagus. Aku tidak akan berdebat dengan perawat. Aku yang kedua dalam operasi pribadi. Tidak ada riwayat medis. Itulah intinya.
Satu. Selama sebulan aku bolak-balik setiap bulan. Ya. Jadi akhirnya dilakukan dengan polip?
Resume medis itu adalah pemahamanku tentang hak-hak pasien. Kenapa tidak kau berikan padanya?
3. 2 kali aku dirawat disana menggunakan BPJs dan personal. Aku ditempatkan di ruang magenta.
Beruang bokeya minimal. Tidak ada seprai.
Terima kasih.
Tolong perbarui layanannya.",negative,True
13539_bt,13539,"Maaf untuk hanya memberikan satu bintang, tetapi tanggapan mereka adalah yang terburuk. Tidak sopan menutup telepon sebelum menjawab telepon. Manajemen yang buruk!",negative,True
13540_bt,13540,"Sebuah rumah sakit jauh dari kesan horor, petugas dari masuk dan keluar dari rumah sakit ramah. Antriannya sesuai perintah, ya. Mungkin setiap sekali-sekali melihat apakah ada pasien yang keluar dari barisan karena dia tidak tahu di mana, dan kemudian dia hanya muncul dan dilayani pertama, tapi dia harus bersabar.",negative,True
13544_bt,13544,Aku orang tua yang anaknya dirawat di rumah sakit. Raspad. paviliun lantai 1.,negative,True
13557_bt,13557,"Rumah sakit yang bagus, itu rapi, tapi saya perlu memberitahu Anda, pegadaian oleh ATM adalah dalam waktu sepeda saya adalah lecet di selokan, pindah oleh yang lain, juga.",negative,True
13571_bt,13571,"Pelayananku datang jam 8 pagi untuk analisis, tapi dia bilang jam 10: 00.",negative,True
13577_bt,13577,"Sudah lama sejak aku punya keponakan yang sakit, helm kakakku di tempat parkir tidak bertanggung jawab, bahkan tidak sedikit pun bantuan dalam menemukan banyak parkir tidak berguna!",negative,True
13582_bt,13582,"Dokter, perawat aman seperti keramahan nyata, pelayanan, fasilitas kenyamanan. Membuat pasien merasa lebih baik, hanya sedikit lebih kendala dalam memegang aturan bpjs, pasien belum siap untuk dikirim pulang karena aturan, yang sangat disayangkan.",negative,True
13589_bt,13589,"Sudah lama sekali, dokter ibuku.",negative,True
13605_bt,13605,"Pendaftaran pasien sekarang mengambil begitu lama. Yah, bisa setengah jam di pendaftaran depan. Itu sistem yang bagus. Jangan pergi dengan Puskesmas. Pergi mendapatkan nomor lain, Nona. Jangan aneh. Hanya kembali ke sistem.",negative,True
13615_bt,13615,"Rumah sakit buruk, sudah terdaftar di ponsel tapi masih berbaris untuk daftar lain? Lalu apa yang dilakukan daftar ponsel?",negative,True
13636_bt,13636,"Vaksinnya panas.
Ini bagus, tidak sakit, itu hanya mengejutkan.",negative,True
13637_bt,13637,"Bahkan di ruang VIP, tapi layanan tidak baik. Bagaimana dengan 3.2 dan 1,1 kelas? Ruangan ini bersih dan baik-baik saja. Ini hanya bangunan tua.",negative,True
13639_bt,13639,Perawat dan dokter bersahabat untuk membuat pasien merasa nyaman.,negative,True
13643_bt,13643,"Setidaknya beri aku mencoba, tapi itu crta, istri saya dalam bentuk dua kali, tapi setiap kali dia sakit, dia pindah.",negative,True
13644_bt,13644,Aku masih di sini. Hati pasien adalah istriku. Tiga hari.,negative,True
13650_bt,13650,"Layanannya bagus, ramah & cepat ditangani",negative,True
13654_bt,13654,"Pertama kali di sini untuk mcu, pastikan layanan ramah. Dan karena tidak terlalu ramai, itu nyaman untuk menunggu. ♪ ♪",negative,True
13667_bt,13667,Dokter Igd jika Anda memeriksa pasien tidak butuh waktu lama,negative,True
13669_bt,13669,Darurat darurat darurat darurat.,negative,True
13683_bt,13683,"Sumpah jasanya sangat baik..
Merawat mereka tapi layanan VIP.",negative,True
13684_bt,13684,"Ingin memeriksa dari 3: 00 p.m. at 4: 38. Ini belum ada, dokter. Apa kau tidak tahu apakah dokter datang atau tidak? Aku akan memiliki petugas dalam satu menit. Layanan buruk.",negative,True
13685_bt,13685,"Pengobatan sangat buruk, anak saya hanya obat Sulit, ia tidak dapat menggunakan bpjs, harus menggunakan bpjs publik",negative,True
13688_bt,13688,"Ini tumbuh.... sebanyak layanan polic nya... dari giginya. Oke, anakku tidak takut mencabut giginya.",negative,True
13708_bt,13708,"Ini adalah sumpah keren perbudakan, ibu mertua, dari awal hidup saya dengan cara bahwa anak saya tidak memiliki kamar anak di antaranya, karena saya penuh dengan anak-anak, dan kemudian saya menemukan RS.",negative,True
13717_bt,13717,"Aku sudah menunggu dua jam untuk pendaftaran, dan itu sudah online. Datang pukul 8: 00 baru saja menelepon. Ini adalah keajaiban Anda sudah tahu skor bukan seseorang atau mempercepat layanan.. Menunggu antrian untuk dokter. 1 setengah jam, 10: 00, check in Jam 12 baru saja menelepon.",negative,True
13721_bt,13721,Rumah sakit. Rumah sakit apa? Tunggu.,negative,True
13724_bt,13724,"Layanan dan administrasi yang cepat, tidak lama, dan fasilitas yang disediakan di rumah sakit ini juga baik.",negative,True
13725_bt,13725,"Kasir di tanah, tempat duduk di sudut dari pelayan bar sombong. Pekerjaan buruk.
Jika begitu lucu, oke, ini buruk.",negative,True
13729_bt,13729,"Ini sangat ""tidak baik! Rekomendasi!! Mempermainkan kehidupan seseorang.",negative,True
13730_bt,13730,Untuk apa fungsi daftar online pada aplikasi? Disebut tidak sesuai dengan nomor.,negative,True
13736_bt,13736,"Perawat tidak menanggapi dengan cepat jika dipanggil melalui menekan bel, bagian ketiga dari ruang perawat di Nunda.",negative,True
13737_bt,13737,"Rumah sakit ini luas dan bagus. Bersih, perawat yang ramah. Makanannya lezat.",negative,True
13738_bt,13738,Bayaran pribadi untuk itu sama dengan pasien. Lain kali silakan tunggu dalam antrean layanan pribadi dengan pasien. Aku membayar secara pribadi karena aku tidak ingin kehilangan waktu.,negative,True
13741_bt,13741,"Layanan buruk, penjaga di depan petugas, karena dia tidak berbaris untuk mengatakan obat, dan akhirnya menggunakan masyarakat mahal, tidak lagi.",negative,True
13747_bt,13747,"Pelayanannya di atas, aku melahirkan di sana dan bidan nya sangat ramah. Plus ketika kita sampai di rumah kita mendapatkan gambar gratis studio bayi",negative,True
13751_bt,13751,Layanan Cepat dan ramah.,negative,True
13761_bt,13761,"Makanan sering terlambat, jadi perawat bingung karena pasien belum makan belum ketika dia ingin memberikan obat di siang hari.",negative,True
13772_bt,13772,"Pelayanannya sangat buruk. Perawat nya begitu ""tidak ada senyum untuk pasien.",negative,True
13773_bt,13773,"Lucu, Ny. Dari awal pengobatan di Hga, dia disuruh pindah. Dia meminta surat untuk dipindahkan ke rumah sakit lain. Bukankah dia bilang ""Cobalah dulu""?",negative,True
13775_bt,13775,Perawat kurang ramah... harus untuk orang asing. Seharusnya memberiku petunjuk... Aku masih meminta jawaban dan itu tidak baik untuk mendengar. (Perawat di klinik jantung),negative,True
13779_bt,13779,Selama yang dibutuhkan.,negative,True
13780_bt,13780,"Layanan tidak baik
Sayang sekali.
Ini tidak cepat pada asuransi. Asuransi besar.
Terutama untuk layanan loker asuransi. Komputer tampaknya tidak dapat email atau apa pun.
Jika tidak, aku tidak akan berada di rumah sakit ini.
Slogan kesehatan adalah prioritas kita. Tapi kebenarannya adalah bahwa pengunjung atau pasien yang datang dari meninggalkan pada siang sampai siang masih gemetar.
Ini hanya pas bahwa setiap tempat memiliki surat ketika Anda mendapatkan diperlakukan oleh seorang juru tulis dan mengeluh ke wa.
Hanya saja kali ini rumah sakit di Jakarta tetapi layanan hilang jauh, bahkan rumah sakit adalah rumah sakit. Rumah sakit mungkin adalah visi dari misi supnya.",negative,True
13783_bt,13783,"Tidak semua saudari baik. Kali ini. Penanganannya kurang, sangat mudah bagi pasien. IV yang mati akan meledak kesakitan. Aku sudah menunggu 9 hari ini.",negative,True
13786_bt,13786,"Layanan di fisioterapi ramah, tempat untuk fisioterapi yang nyaman. Ayo mei2023 s / d Oktober 23 dibantu oleh beberapa fisiologi fisiologi. Semuanya baik dan sangat membantu. Jari saya dari kaku dibantu oleh Mr Yoh sehingga tidak kaku. Sukses. Lanjutkan ke tempat Foto tir",negative,True
13789_bt,13789,"Ini sangat ""tidak baik! Rekomendasi!! Mempermainkan kehidupan seseorang.",negative,True
13793_bt,13793,Layanan fisioterapi sangat ramah.,negative,True
13794_bt,13794,"Pendaftaran cepat, layanan cepat, check in online, ruang tunggu, layanan penuh.. semua skor atas",negative,True
13801_bt,13801,"Ini bukan pertama kalinya. Mengapa tangan dalam I.V. d kont cinta nyeri obat, kecewa kecewa mengecewakan dan kecewa untuk pergi ke sana terutama untuk igd karena Anda tidak bisa merasakan sakit tetapi orang yang bertanggung jawab terhadap penjaga tidak ingin bergerak sama sekali, silakan tidak bermain dengan kehidupan seseorang, Anda orang. Kau harus berhati-hati.",negative,True
13802_bt,13802,"Antrian di kasir gila. Ini adalah payoye. Dapatkan sejalan selama satu jam. Gila
Tolong urus manajemen. Begitu banyak pekerjaan masih lambat. Aku melewatkannya. Ini gila.",negative,True
13805_bt,13805,Syukurlah aku melahirkan Ny. Pasangan saya dengan adalah dari pukeso telur naga karena pecah coriban. Terima kasih Tuhan untuk tindakan cepat di sini. Aku bersahabat dengan dokter.,negative,True
13810_bt,13810,"Sebagai pengguna Bpjs, kami selalu mendapatkan layanan utama yang tidak dibedakan. Itu sebabnya kami selalu memilih R.",negative,True
13813_bt,13813,Ini tidak akan datang ke rumah sakit ini. Ceritakan tentang layanan. Saya tidak membayar hidup.,negative,True
13814_bt,13814,"Dalam pelayanan pasien kesehatan, dari petugas keamanan ke perawat.",negative,True
13815_bt,13815,Dokter yang baik. Dokter yang baik. Fasilitas ini sudah ditingkatkan juga. Satu-satunya masalah adalah manajemen garis sehingga adminisgraj dan farmasii benar-benar tua. Dan ini sudah 2016 sejak aku menjadi pelanggan:,negative,True
13821_bt,13821,"Saya pikir polisi rsktm sudah oke. Layanan, tempat ini bersih.",negative,True
13824_bt,13824,"Aku akan pergi ke Roh Poli, jadwal latihan jam 2 tidak cocok sama sekali. Bagaimana Anda ingin pergi ke depan dengan rumah sakit... Waktu terbuang percuma. Tolong perhatikan.",negative,True
13828_bt,13828,"Layanan administratif buruk. Dari empat loket yang tersedia, hanya satu jendela yang beroperasi. Bayangkan garis dengan 10 angka di atasnya sampai 2-3 jam! Ini tidak efisien. Garis tidak jelas baik. Nomor yang anda hubungi sering kali seperti ini. Ditambah staf administrasi",negative,True
13829_bt,13829,"Resepsionis lantai kedua tidak ramah, dia sudah mencoba dua kali tapi itu sama. Jangan bicara omong kosong! Sayang sekali aku tak punya nama. Resepsionis nya kehilangan penjaga keamanannya.",negative,True
13831_bt,13831,Operasi anak pertama. Ada kapalan di tangan. Ladies. Yang terbaik. Profesional. Istri dan istri tumor. Ibunya. Yang terbaik juga. Layanan keseluruhan si. hotel kehilangan kekayaannya. Staf yang bagus. Cepat proses. Hanya yang terbaik.,negative,True
13833_bt,13833,"Adikku ""Aku meminta pengawalan gigi. Dia bilang dia sakit di belakang, setelah mendapat referensi dari faktur klinik xxx.",negative,True
13843_bt,13843,"Perawatan kesehatan baik, tapi tempat parkir buruk.",negative,True
13858_bt,13858,Katakanlah aku pasien sakit di rumah sakit. Layanan dokternya lalai. Janji pukul 5: 00 malam akhirnya tidak ada.,negative,True
13918_bt,13918,"Pengalaman yang sangat buruk, anakku ingin cek darah tapi tidak ditikam 12 kali. Darahnya tidak melewati apapun tempo hari. Analisis tidak kompeten. Tolong perhatikan pasien.",negative,True
13920_bt,13920,"Layanan sangat baik.
Semuanya baik-baik saja.",negative,True
13923_bt,13923,"Oh, Tuhan, penjaga keamanan ini sangat buruk, istri saya mengambil pulang anak sepanjang malam dan mengambil pulang anak itu, hanya meniup biaya, meminta untuk steker. Tidak, Pak.",negative,True
13924_bt,13924,"Anakku sedang dirawat di ruang daffodil lt 's 7, pelayan yang baik. Perawat ada di rumah sakit.",negative,True
13933_bt,13933,Rumah sakit ini adalah pelayanannya dulu. Itu sebabnya aku datang ke sini karena aku sakit.,negative,True
13936_bt,13936,"Jadwal dokter tidak cocok, telah mengecewakan pasien yang datang jauh-jauh tapi ternyata dokter dekat.",negative,True
13945_bt,13945,"Layanan nomor satu nya stabil, rumah sakit nya bersih, seprei dn Selimut nya baik",negative,True
13955_bt,13955,Meena kamar 211 tempat tidur 4 telah menerima pendidikan tentang b.b.for lelang yang baik Tidak masalah,negative,True
13961_bt,13961,"Layanan radiologi sangat lambat. Sudah jelas bahwa Cito telah ditulis, menunggu hampir satu jam, ternyata kertas masih menumpuk dalam administrasi. Jika Anda tidak mengeluh, tidak menindaklanjuti.",negative,True
13965_bt,13965,"Ibuku memiliki tumor di dadanya, datang seminggu yang lalu mengatakan dia ingin menunggu seminggu, jadi seminggu tidak akan memberitahu saya. Ibuku telah menderita selama tiga hari sekarang. Apa karena kita minum obat bersama kita?",negative,True
13969_bt,13969,tidak ada layanan kesehatan lambat,negative,True
13974_bt,13974,"Tidak perlu begitu halus, aminn, bahwa intan adik harus diurus.",negative,True
13981_bt,13981,"Datanglah ke dokter Nelson Edwin 's prematur, sendok pada 09.30 sampai 10: 30 dokter belum tiba. Jadwal dokter jam 0900. Ini adalah layanan rumah sakit terburuk yang pernah saya kunjungi, membayar untuk seseorang yang terlambat ke dokter.",negative,True
13984_bt,13984,"Aku biasa berjalan di Tzu Chi RS, bersih sekali, perawat itu ramah, dan aku mengambilnya secara gratis.",negative,True
13988_bt,13988,"Saya telah membuat pemesanan dua kali tapi tidak ada pemberitahuan bahwa dokter sedang cuti. Aku mengantri selama 2,5 jam. (Tiba di 8: 30, menelepon di 11: 00)",negative,True
13994_bt,13994,"Telepon sangat sulit dihubungi, jadi sibuk selalu, jika tidak sibuk, telepon terputus.",negative,True
14014_bt,14014,Jam 8 belum masuk ke ruang tamu kelas satu. Perawat tidak komunikatif.,negative,True
14017_bt,14017,Ini pertama kalinya kita ada dalam daftar rumah sakit karena kita mencoba mengikuti pelayanan rumah tua.,negative,True
14030_bt,14030,"Layanan pelanggan yang buruk, sangat kasar dan merendahkan layanan pelanggan. Buang-buang waktu!",negative,True
14056_bt,14056,"Layanan sangat buruk, dokter dijadwalkan untuk 08: 30 Pada 10: 35, minum obat. Menunggu 1 jam. 37 menit.",negative,True
14061_bt,14061,"Kelas Rs A tapi pelayanannya buruk, lambat dan lambat, berpura-pura tidak tahu. Kami menjawab di mana, divisi ada yang berbeda, tidak ada kontak, ketika ada satu rumah sakit yang memiliki resep yang belum diresepkan selama berhari-hari,",negative,True
14072_bt,14072,Rumah sakit dengan pelayanan yang baik. Para karyawan yang ramah.,negative,True
14074_bt,14074,"Layanan yang bagus, perawat. Cepat datang saat dibutuhkan.",negative,True
14075_bt,14075,Semua staf yang ramah.. Layanan tidak pernah gagal.. Silakan. Teruskan.,negative,True
14103_bt,14103,Layanan lama dokternya tidak kompeten. Tidak tahu jadwalnya atau apa? Pasien ditinggalkan menunggu tiga jam tanpa alasan yang jelas.,negative,True
14105_bt,14105,"Hal ini telah banyak diobati di RS hermina, tapi lantai 3 layanan pendaftaran poli di hermina mogot. Petugas masih tidak ramah, kapten, sementara rutinitas kontrol di sini, tapi masih belum berubah.",negative,True
14114_bt,14114,"Sangat kecewa dengan diagnosis. Anakku dirawat empat hari yang lalu hanya disebut ""ini virus Ma 'am"". Tidak diberikan terapi antivirus, hanya melalui cairan IV dan paracetamol. Akhirnya, hari keempat aku meminta untuk pulang.",negative,True
14115_bt,14115,Sudah lama sejak pembantu membayar dan mengambil obat selama lebih dari dua jam ketika ia pergi ke kasir. Ada obat yang tertinggal.,negative,True
14120_bt,14120,"Sekarang, layanan tidak buruk. C adalah lobi yang ramah. Keamanan yang ramah, ada saku. AC dingin, cukup tua untuk begadang. Para petugas di pusat bpjs sangat lucu. Penggunaan lift pada jam berkunjung penuh... ok itu saja",negative,True
14123_bt,14123,Layanan ini begitu menjengkelkan. Bagus.,negative,True
14125_bt,14125,"Aku dosen pasien, selalu mengirim ke rapat umum.",negative,True
14128_bt,14128,"Layanan bintang 5. Satu kali dalam seumur hidupku jadi tidak ada masalah kehidupan. Sangat membantu bagi saya dalam perjalanan hidup melawan penyakit mental. Sekarang aku sudah sukses, aku ingin merekomendasikan tempat ini kepada teman-teman yang kehilangan krisis mental. Saya mendorong saudara-saudara saya.",negative,True
14152_bt,14152,"Aku tiba-tiba harus pergi ke sc di pagi hari untuk melahirkan, menggunakan bpjs saya disertai oleh bidan mitra. Karena itu di idd sampai itu akan diurus,",negative,True
14167_bt,14167,Baru saja. Layanan di Aulia. Ini mengerikan.,negative,True
14171_bt,14171,Itu sore ini ketika ayah saya berada di idd. Ibuku berada di jaringan. Aku melihat namanya. Bukankah kau punya cucian untuk membersihkan selimut?,negative,True
14177_bt,14177,"Pengiriman pertama saya di R mitra di ruang daffodil. Seluruh perawat ramah dan sangat membantu dalam proses kerja saya. Ada komplikasi dalam kehamilanku, tapi tim dokter dan perawat sangat ketat dan anakku lahir dengan lancar dan tidak ada masalah. mendesain ulang",negative,True
14181_bt,14181,"Tak bisakah kau menunggu lebih lama dan memiliki lebih banyak sampah?
Orang-orang datang untuk pengobatan pukul 8 pagi, pulang jam 2: 00, terjebak di apotek 2: 3 jam,
Bakar ijazah jika layanan publik seperti ini",negative,True
14183_bt,14183,"Tolong perhatikan, semua pasien memiliki hak yang sama.
Sering kali saya melihat banyak pasien membawa cader atau membantu orang lain untuk mendapatkan layanan yang lebih cepat.
Mungkin membantu dengan kader, tetapi silakan menyesuaikan prosedur. Jangan mengantri. datang kemudian tapi Ingin dilayani pertama.",negative,True
14184_bt,14184,Ruangan vvip seperti ekonomi.,negative,True
14193_bt,14193,"Layanan tidak baik, dari apa yang saya perhatikan. Perawat di panti jompo hanya 'peduli', ramah dan membantu. Ini membantu bahwa ada dokter (atau orang-orang yang tampak menjadi manajemen) berkunjung, tetapi jika tidak, ketika pasien membutuhkan bantuan lama berdiri, ketidakpedulian, apakah Anda lupa atau lupa. Tidak ingin kembali ke sini lagi, man. Itu nama yang bagus, tapi layanan berantakan, apalagi pengobatan murah di sini. Harap memperhatikan manajemen",negative,True
14205_bt,14205,"Layanan yang bagus, kamar yang bagus. Tapi silakan memiliki lift selain untuk pasien, yang sedang melihat pasien yang sama yang memiliki masalah kaki dengan kunci. Orang tua yang malang, berkunjung. kickck",negative,True
14206_bt,14206,"Rumah sakit besar, tapi kedatangan dokter tidak jelas. Mungkin itu salah satu prodak terburuk di Jakarta.",negative,True
14207_bt,14207,"Jika Google memiliki review minus untuk rumah sakit. Aku akan memberi mereka setidaknya nol. Saya memiliki pengalaman yang sangat buruk dalam setiap aspek, termasuk manajemen yang buruk, layanan lambat (saya pikir mereka kurang medis, admin, keamanan), aliran dan sirkulasi, bahkan tim yang bersih. Saya sangat kecewa bahwa kota kami di Jakarta memiliki fasilitas kesehatan yang mengerikan. Ini tidak direkomendasikan sama sekali. Maafkan aku.",negative,True
14216_bt,14216,Pelayanannya ramah. Fasilitas nya tinggi.,negative,True
14223_bt,14223,"Mari kita coba plus orang pertanian. Rs adalah tenang, membuatnya sampai 50 menit. Bayangkan berapa lama itu akan menunggu. Bagian lain tidak ada masalah, itu semua ramah, tapi masih sedikit lambat bekerja. Mungkin karena itu baru.",negative,True
14226_bt,14226,"Ke dalam Ipd, jalur pribadi tanpa bpjs atau asuransi, layanan di igd cukup banyak menunggu, perubahan di kasir dan obat-obatan lama-ditunggu. Semakin aku datang ke sini, semakin sakit aku bisa mengobati rumah sakit ini.",negative,True
14234_bt,14234,"Pengalaman saya selama pengobatan langka ini... selain stafnya... ramah, petugas pembersih nya.",negative,True
14256_bt,14256,"Rumah sakit ini sangat bersih. Harga Affordables. Layanan yang sangat ramah. Dengan dokter anak yang mengkomunikatif. Staf sangat ramah dengan dokter, perawat, admin, laboratorium.",negative,True
14277_bt,14277,"Layanan yang bagus. Perawat adalah ramah. """,negative,True
14284_bt,14284,Layanan Cepat dan ramah.,negative,True
14291_bt,14291,"Ibu rs memiliki baik, layanan cepat, atas marcopope keheningan, dokter ""dan perawat"" ramah. ""Pergi ke kantor guru.",negative,True
14299_bt,14299,"Sebuah depok igd hermina sangat bagus. Layanan, ruangan nyaman, pasien ditangani dengan segera.",negative,True
14309_bt,14309,Layanan buruk. Petugas tidak bisa mengatasinya dengan baik.,negative,True
14317_bt,14317,Poly gastro dr. eco-ramah,negative,True
14320_bt,14320,"Itu adalah pengalaman yang sangat mengesankan selama kontrol kehamilan istriku, obat-obatan, dan terutama ketika kita memiliki anak pertama kita, anak yang kita tunggu-tunggu. Sebagai orang tua baru kami merasa sangat membantu karena kurangnya proses administrasi,",negative,True
14331_bt,14331,"Layanan buruk. Ditanyakan tentang biaya amandel anak-anak, tidak diberikan. Meminta C melalui telepon, meminta CCs wa. cs wa tidak mengisi.",negative,True
14336_bt,14336,"Layanan ini ramah, toilet bersih, untuk dokter.",negative,True
14340_bt,14340,"Oke, tapi aku takut aku sudah menunggu obat untuk waktu yang lama. Dan Imiola sangat minim.",negative,True
14345_bt,14345,"Ketahuilah bahwa unit perawatan jalan secara keseluruhan baik-baik saja, hanya menunggu dokter untuk waktu yang lama karena pasien begitu banyak bahwa itu buang-buang waktu.",negative,True
14349_bt,14349,"Pertama datang melalui idd tersebut, memutuskan untuk diperlakukan tapi menunggu untuk ruangan. Sudah enam jam. Saranku jangan dirawat di rumah sakit.",negative,True
14350_bt,14350,Alhamdulili.. Perawat di sini. Bagus.,negative,True
14356_bt,14356,Layanan buruk masuk. Gid gd. Ambillah itu bukan keadaan darurat. layanan buruk,negative,True
14368_bt,14368,"Tidak nyaman bagi pasien, tidak bisa beristirahat dan tidur... Ruangan ini panas karena acanya hanya angin dengan lebih banyak nyamuk dan kamar mandi kotor.",negative,True
14371_bt,14371,"Layanan yang baik, informasi yang sangat kooperatif. Beri aku rincian.",negative,True
14372_bt,14372,"Lalu ada daftar untuk pemeriksaan kehamilan juga. ""Katakanlah kata bidan ada jadwal. Aku bahkan belum memeriksa apa itu. Aku pergi ke klinik lain. Kami memeriksa ketegangan bukan konsul. Itu sebabnya kita harus pergi ke kantor.",negative,True
14387_bt,14387,"Mengapa Anda tidak memperluas? Kamarnya penuh sepanjang waktu, di idd pada 1: 00 p.m., dia hanya berjalan ke ruang bawah tanah.",negative,True
14391_bt,14391,"Untuk operasi gigi termuda (kebetulan), ini adalah jenis rumah sakit yang berbeda daripada rumah sakit lainnya, gedung ini seperti kurnnnnne.",negative,True
14398_bt,14398,"Layanan. Oke, kebersihan. Oke, dokter.",negative,True
14422_bt,14422,Bagian farmasi layanan buruk obat saya tidak terdiri dari pumpulus jadi aku seorang minumobatpuyer sypqsien neuroIgi r akbar,negative,True
14428_bt,14428,Layanan mereka sangat baik.,negative,True
14435_bt,14435,"Ini bangunan 3. 8, alhamdulime Saya di sini dalam perawatan kenyamanan, karena perawatan perawat ramah dengan dokter juga, ditambah makanan jauh lebih baik.",negative,True
14436_bt,14436,"Keamanan Ipd nama anisa, mohon perhatikan penampilannya. Friendly, Anda penjualan layanan, bukan penjualan produk. Jangan kasar saat melayani pasien. Ingat, aku mengingatmu.",negative,True
14438_bt,14438,"Aku sangat kecewa dengan layanan Konsul ke dokter Gastro hari ini. Anakku diberhentikan dua minggu yang lalu, dan menyarankan Konsul pada 20 Sept untuk membaca hasil tindakan. Dokter menginformasikan dan menulis catatan pada bentuk rawat jalan bahwa untuk konsul ke dokter gastro bisa mendapatkan pendaftaran manual ketika kehabisan kuota. Aku memeriksa pada saat yang sama, tapi aku kehabisan kuota. Dan itu pasti bisa mendaftar secara manual. Itu disebut sehari lebih awal untuk mengkonfirmasi jadwal dokter saat meminta konfirmasi apakah dia bisa mendapatkan pendaftaran manual. Sudah dikonfirmasi bahwa itu bisa untuk pendaftaran manual karena sudah ada dokter acc dilucuti oleh post- natal konsul. Jam 05.30, kedatangan pukul 5: 30, mendapat nomor manual tidak. A3, ketika terdaftar, poly dibandingkan dengan fakta bahwa anak saya mendapat nomor untuk masuk ke dokter tidak. Dua puluh satu. Ini jauh dari perkiraan. Aku punya nomor sejauh ini sejalan. Sangat disayangkan telah dikonfirmasi kepada perawat dokter gastro, anak saya hanya untuk membaca hasil dan tetapi tidak bisa membantu untuk mengkonfirmasi ke dokter untuk memastikan. Dan harus sejalan untuk nomor. Ini tidak adil. Ini tidak adil. Ini sangat mengecewakan. Dan itu dia. Tapi apa yang ada setelah menunggu lama. Waktu diatur. Hasilnya belum dibaca dan akan diunggah melalui wa. Kalau saja pertanyaan saya sebelumnya diminta oleh perawat pertama kali untuk meminta dokter, dan dokter menjawab hasil pengobatan saya bisa langsung pulang ke rumah dan konsul kemudian online. Karena tidak ada lagi persiapan untuk susu dan barang-barang. Sangat disayangkan dan mengecewakan.",negative,True
14440_bt,14440,"Tingkat layanan yang sangat mengkhawatirkan ketika karyawan tidak merespon dan tampaknya sibuk sendirian dengan moncong mereka sendiri dan backscrouting, tidak ada aliran / rincian selalu diberitahu untuk menunggu. Saya dari 05: 00 Saya belum mampu mendapatkan obat.",negative,True
14452_bt,14452,Itu buruk untuk pengobatan penting. Kita harus menunggu 1-2 jam dengan alarm penuh.,negative,True
14460_bt,14460,Tapi tolong perbarui layanan dokter.,negative,True
14471_bt,14471,"Layanan farmasi-nya sudah lama tertunda. Hanya ada satu orang di depanmu. Apoteker harus menambahkan lebih, tapi kualitas dokter bagus. Aku benar-benar melihat ke depan untuk obat dari 3: 00 sore ini. Untuk fasilitas pencarian. jadi pusing tidak efektif dan efisien.. Biarkan bintang-bintang bicara.",negative,True
14473_bt,14473,"Harga terlalu banyak, tetapi jumlah perawatan yang panjang.",negative,True
14479_bt,14479,"Layanan sangat baik, efisien, cepat / tidak dapat dipertahankan. Aku merasa seperti pergi ke rumah sakit swasta, karena bersih, putih, dan baik-kondisi rapi. Ini tidak seperti seluruh penjualan hal yang begitu suram.",negative,True
14491_bt,14491,"Toilet tidak bersih, tidak ada tisu di toilet dan kamar. Di toilet ada kecoa kecil, sampai masuk ke dalam ruangan. Spesialis datang pada siang hari sekali, tidak ada waktu untuk yakin.",negative,True
14496_bt,14496,"Setiap anak sakit sakit, dia langsung pergi ke babi-babi klinik kami karena anak saya cocok dsa nya, yang sayangnya dia tidak bisa menggunakan asuransi pribadi, jadi dia harus pergi ke klinik lain yang dipenuhi asuransi pribadi. Tolong perbarui agar kita bisa mendapatkan perawatan dengan asuransi pribadi.",negative,True
14507_bt,14507,"Layanan ini atas, tidak membedakan pasien umum dengan bpjs. Untuk dilahirkan di sini juga foto gratis untuk dede bayi, tidak buruk untuk peringatan hehe",negative,True
14510_bt,14510,Layanan tidak baik. Tidak cepat. Terutama di departemen dokter. Orang-orang yang mengelola rumah sakit tidak dapat memberikan layanan yang sempurna. Lama dan panjang tidak akan aku kembali ke rumah sakit ini,negative,True
14517_bt,14517,Sejujurnya aku tak tahu harus mulai dari mana.,negative,True
14524_bt,14524,Fatilisas sangat baik. Yang miskin bermain penitipan anak.,negative,True
14525_bt,14525,Layanan itu mengerikan. Jadwal kontrol pagi 8 dan 2 jam sebelum harus siap untuk dftr. Tapi Ps pergi ke sana.,negative,True
14526_bt,14526,"Bagus penanganan, cepat. Tempat tidurnya bersih. Layanan sangat ramah.",negative,True
14529_bt,14529,Aku tidak akan membawa keluargaku atau keluargaku ke rumah sakit ini lagi!,negative,True
14533_bt,14533,"Rumah sakit bersih. Pilih dokter dengan hati-hati. Jangan gunakan Dr. Maria Ratna Andreani, Thomas. Dan dokter ini tidak pernah benar-benar ingin menyembuhkan pasien. Dia lebih suka jika pasien terus datang kepadanya.",negative,True
14537_bt,14537,"Layanan ini bagus, dokter perawat bergerak cepat.",negative,True
14554_bt,14554,"Bagaimana kasar perawat untuk mengatakan bahwa saya baru saja menyadari bahwa saya telah diberitahu untuk keluar dari tempat tidur dan aku masih di tempat yang ketat!
Ketika aku sedang berjalan di jalan, Aku diberitahu untuk memberitahu Anda aku? Bidan yang kuceritakan. Ya. Ini sangat baru.
.. Dan kemarin untuk dua Juni suami saya jatuh sakit di sana. Tidak ada yang mengantri untuk waktu yang lama dan gajinya mahal tapi tidak ada perubahan. Demamnya tidak turun sama sekali!
Itu adalah biaya untuk memeriksa dan memberikan obat-obatan apalagi rumah sakit terburuk yang pernah saya datang!!",negative,True
14558_bt,14558,"Untuk dokter idd. Oke, tapi ketika pengobatan itu hilang. Suster sulit untuk menelepon dan tidak ramah. Untuk fasilitas ruang angkasa yang layak, ada sebuah lemari es, TV yang tidak menyala.",negative,True
14561_bt,14561,Rumah sakit bersih. Layanannya bagus. Fasilitas ini dijaga dengan baik.,negative,True
14562_bt,14562,"Aku berada di Idd dua hari lalu, tapi aku sibuk dengan pasien kritis sampai aku sakit dan aku berjalan sendiri, dan butuh waktu, tapi aku mengerti.",negative,True
14567_bt,14567,Layanan yang sangat buruk. Perawat sedang sibuk. Telepon pasien diperintahkan untuk menunggu di luar selama berjam-jam.,negative,True
14572_bt,14572,"Itu banyak belas kasihan. Tolong lepaskan para suster itu.
Ini pada infark bel selama 20 menit. Darah-Nya terburu-buru di telepon.
Senang bertemu denganmu. Senang bertemu denganmu.",negative,True
14586_bt,14586,"Sangat kecewa rumah sakit ukuran ini tidak memiliki Wi- Fi. hilang ke kedai kopi.
Dan layanan radiologi sudah begitu baik. Berkat perawat di radiologi yang telah membantu dalam hasil pemindaian.",negative,True
14590_bt,14590,Ini adalah cs lama menunggu setelah istirahat. Sudah lama sekali.,negative,True
14591_bt,14591,Pengalaman yang bagus.,negative,True
14597_bt,14597,di spesialis khusus dr.ananantson generalpatient!!!!!!!,negative,True
14600_bt,14600,Mereka bahkan bercanda tentang operasi.,negative,True
14607_bt,14607,Layanannya rata-rata. Aku belum pernah bertemu dokter sejak tiba di bangsal pukul 14: 00. Apa dokter merawat pasien tanpa terlihat? Ingrained IV jarum tidak dapat melarikan diri tanpa IV. Apa ini akan mempengaruhi keamanan?,negative,True
14609_bt,14609,"Layanan igd sangat buruk. Kecelakaan datang tidak langsung, korban berada dalam kesadaran penuh tapi luka terbuka dan berat darah tidak ditangani sama sekali. Bahkan dokter dan perawat adalah bahwa banyak untuk pasien baru untuk dirawat. Dokter mendesak keluarga pasien untuk memilih pasien untuk dirawat di rumah sakit duta besar yang indah atau dikirim pulang dalam waktu kurang dari satu jam, dokter baru menangani setelah satu jam ipd. Sampai darah pasien berhenti sendirian, kemudian dokter mengatakan tidak perlu mengurusnya karena darah tidak keluar. Dokter menyarankan agar keluarga pasien menandatangani dokumen medis baru. Dokter tidak memberi Anda scan CD tapi itu hanya kertas film tidak dapat dibaca yang harus melakukan scan ulang di R lain, membuang-buang uang 3.4jt untuk layanan scan tidak dapat dibaca. Sumpah pelayanan rumah sakit terburuk, perawat dan dokter lambat atau sengaja untuk uang? ""? Setelah saya keluar dari rumah sakit duta besar yang indah, saya memindahkan korban ke RS Tzu Chi dan ditangani secara langsung tanpa meminta keluarga pasien menandatangani surat perawatan pasien. Kredibilitas yang indah R 'duta super minus!",negative,True
14611_bt,14611,"Layanan sangat baik, silakan, terutama anggota lab tidak menunggu hasil.",negative,True
14623_bt,14623,"Layanan sangat mengecewakan, perawat sebagian besar pada telepon dan jutek, dari 02: 00 sampai 10: 00, sampai anak saya meninggal.",negative,True
14626_bt,14626,"Matikan. Ini adalah rumah sakit.... mengambil mana ""harga tidak layak di sekolah pelayanan. Biarkan saja ini.",negative,True
14627_bt,14627,"Aku mengantar anakku ke Poli Jasmine untuk biaya pribadi. Untuk spesialis, anaknya sangat ramah, rendah hati, tidak menakutkan. Dan tenang.",negative,True
14630_bt,14630,"Tempat ini bagus, layanan juga ramah, setiap kali saya pergi ke rs Siloam untuk pengobatan atau check up Aku selalu merasa nyaman.",negative,True
14631_bt,14631,Layanan yang bagus. Semua petugas ramah.,negative,True
14645_bt,14645,"Rumah sakit ini mahal dengan fasilitas yang tepat. Datang ke sini karena saya memiliki dokter untuk pergi ke. Biaya dokter standar. Ya. Tapi biayanya fantastis. Buka 4, bayar tunai saja. Jika tidak seperti ini, apa lagi yang bisa itu? Kecewa.",negative,True
14659_bt,14659,"Setiap anggota sakit rumah sakit ini... Layanan yang baik, petugas medis ramah. Teruskan. Teruskan. Teruskan.",negative,True
14667_bt,14667,Halaman checkout itu menggangguku.,negative,True
14670_bt,14670,"Pelayanannya mengerikan.
Dokter ingin jam 10: 00 sampai 6: 30. Layanan terburuk yang kumiliki di rumah sakit.",negative,True
14674_bt,14674,"Ada diskriminasi pasien dengan bpjs dan tidak ada fotokopi yang tersedia. Jadi siap untuk perjalanan panjang, lalu jalan keluar yang panjang. Ada banyak karyawan yang telah dibawa ke dalam gelap dan terlihat oleh pasien mereka tidak malu untuk berbicara selama jam kerja",negative,True
14675_bt,14675,Dokter anaknya punya banyak pilihan. Rumah sakit bersih. Perawat juga ramah.,negative,True
14682_bt,14682,"Untuk layanan pengiriman yang sangat baik, perawat dan dokter juga ramah. Rumah sakit bersih jadi tidak ada keraguan tentang hal itu di sini!",negative,True
14694_bt,14694,Ini lebih lama berada di apotek daripada menjadi poly 2 jam lebih banyak dari astakhfrullah,negative,True
14696_bt,14696,"Tolong jaga keamanan untuk keamanan. Jika ada pasien pada awalnya di Ipd, bagaimana bisa Anda tidak membuka pintu atau menggunakan kursi roda atau hanya duduk dalam keadaan darurat, kemudian tetap tenang di surat ketika Anda tahu ada keadaan darurat.",negative,True
14702_bt,14702,Perawat itu ramah.,negative,True
14703_bt,14703,"Sayang sekali layanan pengendalian di sana menunggu 2 jam lagi, fungsi pendaftaran online. Jangan kemari.",negative,True
14706_bt,14706,"Lupa nama, departemen pendaftaran lt. 5 bulan sis sedikit gemuk tapi cantik, sekolah tinggi keamanan ramah, seperti penjaga keamanan",negative,True
14715_bt,14715,"Layanan yang baik dari perawat dan dokter yang menghadiri, hanya seorang perawat penitipan anak pasien yang memiliki lebih dari empat orang mengganggu pasien berikutnya. Harap keamanan atau otoritas untuk sesuatu seperti ini tidak hanya keluarga saya ditahan. Tapi Tegor juga merupakan keluarga perawat. Yang sangat menjengkelkan pada 11 April 2023.",negative,True
14727_bt,14727,"Kami sudah lama menunggu kantong darah. Kami sudah menunggu sejak jam 8 pagi. Ketika jam 3 sore, tidak kosong.",negative,True
14746_bt,14746,"Mungkin terlalu lama, Suster2. Hubungi pasien saat dia tak punya kekuatan, sudah terlambat.",negative,True
14754_bt,14754,"apotek terburuk di sini adalah bahwa pasien diperbolehkan menunggu sampai sepanjang hari untuk obat, apakah itu bpjs atau tidak. Hanya menunggu 5: 00 untuk mendapatkan obat. Tidak pernah memiliki kontrol rumah sakit lain, tidak lama yang lalu.",negative,True
14765_bt,14765,Kekacauan ini. Fasilitas rumah sakit sangat jelas dan tidak profesional. Layanan medisnya juga aktif.,negative,True
14766_bt,14766,"Ruang tunggu nyaman, staf ramah, dokter yang baik",negative,True
14783_bt,14783,"Layanan yang sangat baik semua staf, yang paling penting. Rumah sakit bersih. Toilet juga lengkap untuk tisu dan sebagainya.",negative,True
14784_bt,14784,- Fasilitas ini oke. Layanan. / Baik.,negative,True
14790_bt,14790,"Untuk manajemen hermina podomoro, tidak pernah mengevaluasi staf kantor depan Anda ya? Dimulai dengan layanan resepsi, aku hanya berbicara dengan Anda tentang bagaimana Anda ingin mendaftar. Aku punya daftar online, apa selanjutnya? Anda hanya mengatakan bahwa dalam nada belas kasihan, beraninya Anda? Giliran saya untuk menjawab dengan nada yang agak tinggi, jika kita adalah pasien baru, ia langsung menempatkan daftar ke luar bpjs. Ketika pergi ke antrian, mesin antrian rusak, itu akan mendapatkan nomor ke staf, dan Anda akan mengatakan, ""Bu, Anda meminta belas kasihan, Anda bahkan tidak melihat wajah kami"". Mereka bergosip tentang satu sama lain di tengah antrian pasien, masih menunggu untuk mengambil makanan ringan dari staf lain. Pindah ke ketegangan, suami saya berdiri di baris. Aku ingin ketegangan. Bagaimana? Boro- boro di instruksiin mengatakan kepada saya untuk meletakkan file ke bawah, duduk segera, mendapatkan panggilan, ia mengatakan, yang panjang, Anda tahu, sampai antrian pasien ketegangan berakhir, suami saya tidak disebut. Perubahan menyamar, suami saya bentak petugas ketegangan yang sama, giliran lawan saya dia tidak menerima. Ada perkelahian, dan ketika saya mengatakan kepadanya daripada berbicara, dia terus bekerja pada tugasnya. Biarkan dia keluar. Apa yang salah dengan instruksinya? Daripada memberitahu suamiku, dia berkata, ""Siapa kau?"" Istrimu, ya? Mengapa kau seperti ini? ""Untuk manajemen ini, silahkan sarankan semua staf kantor depan Anda. Pasien itu manusia. Ya, bukan hewan mereka bisa menggonggong tanpa bersikap sopan. Kita sudah sampai. Ini membayar dengan bpjs, tidak gratis!",negative,True
14798_bt,14798,"Pacar saya pengalaman, dia seorang perawat ketika dia berkonsultasi. Dalam proses administrasi itu, memberitahu bola buruk bukan pemeriksa medis untuk melakukannya, eh bukannya pasien sendiri. Petugas medis. Lama tak jumpa.",negative,True
14799_bt,14799,Layanan yang sangat bagus di sini.,negative,True
14803_bt,14803,"Layanan di Rumah Sakit Tangsel bagus, perawat sedang dalam perjalanan.",negative,True
14804_bt,14804,"Rumah sakit sudah dekat dengan pekerjaan, dan datang ke sini untuk memeriksa rahim anak pertama, jujur saja. Sudah lama, tapi sudah banyak pekerjaan untuk sarang semut. Syukurlah.",negative,True
14810_bt,14810,"Layanan tidak cocok informasi dan janji. Sebelum aku memeriksa lab aku bertanya padamu berkali-kali, berapa lama waktu yang dibutuhkan?",negative,True
14814_bt,14814,"Aku tidak mendapatkan kesempatan untuk mengambil gambar kemarin karena anak-anak terus mengintip padaku. Sejauh ini, pertama kalinya di malam hari adalah waspada, ramah, dan ramah dengan semua orang. Saya berharap untuk tetap aman, ya? thx",negative,True
14815_bt,14815,Sepupuku dibawa ke sana karena pusing. Dia dipindahkan.,negative,True
14831_bt,14831,"Pergi ke lapangan polisi. Seberapa sulit itu bisa, daftar online, sepanjang hari? Sudah penuh? Yang merupakan pertanyaan sebelum Anda tidak dapat mendaftar online untuk poly gigi? Daftar akan berada di pagi hari jam 6. Jangan menahan diri. Aku akan membayarmu setiap bulan!",negative,True
14832_bt,14832,"Sebuah rumah sakit jauh dari kesan horor, petugas dari masuk dan keluar dari rumah sakit ramah. Antriannya sesuai perintah, ya. Mungkin setiap sekali-sekali melihat apakah ada pasien yang keluar dari barisan karena dia tidak tahu di mana, dan kemudian dia hanya muncul dan dilayani pertama, tapi dia harus bersabar.",negative,True
14835_bt,14835,"Layanan rumah sakit baik, perawat berhati-hati. Hanya saja keamanan adalah perempuan, tidak ada sopan santun, tidak ada nama.",negative,True
14849_bt,14849,"Kecewa oleh perawat dalam perawatan innatal nya.
Pukul 15 sore jam 7 sore. Itu sudah lama sekali. Mereka diperintahkan untuk kembali jam 12: 00 malam ke ruang penuh dan operasi di sekolah pos.
Di pagi hari, inisiatif departemen admin dokter kandungan meminta jadwal yang pasti untuk sakit perut. Ternyata dalam alias buta kehilangan komunikasi
Akhirnya operasi memberi saya informasi pada op ke-18 dan meminta maaf karena itu tidak seperti ini, mereka mengatakan itu pulang karena bayi dan ibu sehat tidak harus mampu meledakkannya!
Pulang dan lihat apakah pasien hamil pukul 12 pagi Bawa bersama.",negative,True
14882_bt,14882,"Ini tidak jelas garis. Aku sudah menunggu begitu lama dari setengah jam 1 sore, tidak ada tanda-tanda giliran saya!
Saya tidak peduli tentang menunggu waktu. Tapi ketidakjelasan sup memberikan antrian nya. Mengecewakan. Aku tidak merekomendasikan kalian semua ke rumah sakit ini, jika tidak sepenuhnya terpaksa.",negative,True
14891_bt,14891,"Keamanan diterima di pintu depan dari garis sengit, tidak ramah, hanya bertanya di mana pendaftaran itu, tapi nada seperti pencuri.",negative,True
14898_bt,14898,Disajikan oleh biarawati yang peduli untuk meningkatkan antusiasme Anda. sembuh,negative,True
14899_bt,14899,"Toilet sangat kotor dan bau, tidak bisa dikunci. Ini harus menjadi kenop pintu dalam ember. Dokter terlambat. Pasien sakit. Lebih sakit, lebih sakit.",negative,True
14905_bt,14905,Selang IV telah dihapus pagi-pagi sekali. Katakan padanya untuk menunggu dokter sampai tengah malam sampai dia memberikan obatnya. Janji dengan perawat akan segera datang. Kendali menyuruhnya datang di pagi hari. Dokter ganda mengalami hari yang buruk. Kecoa kaya akan ternak. Kontrol dokter tidak datang tepat waktu.,negative,True
14908_bt,14908,"Dokter polisinya sering lalai dalam praktek. Banyak kali terlambat dalam latihan, tolong rumah sakit diurus lagi untuk dokter yang digeledah. Sudah lama sekali sejak ada banyak pasien senior.",negative,True
14909_bt,14909,"Ahli bedah mulut tidak ramah dengan pengiriman, dan belum ada pemeriksaan sama sekali, dan segera menyimpulkan dalam nada tinggi sementara aku pergi ke hermina berdasarkan referensi dan tidak mungkin tanpa alasan, dan terkesan untuk membuang keluhan saya merasa dan dia mengatakan itu tidak ada hubungannya sama sekali.",negative,True
14918_bt,14918,Rumah sakit ini nyaman saya sarankan,negative,True
14923_bt,14923,Ruang tunggu. Ini 2. kipas itu sudah mati.,negative,True
14934_bt,14934,"Rumah sakit tua masih beroperasi sampai sekarang. Ini terlihat sedikit ketat. Masih ada efek pandemi. Banyak kursi dihapus dari kursi, sehingga sulit bagi pengunjung untuk datang. Perawat cukup ramah.",negative,True
14935_bt,14935,"Nyaman, kamar bersih, layanan. Oke, ramah, selalu memberikan instruksi yang jelas untuk Sqya bahwa aku sedang bingung.",negative,True
14954_bt,14954,Panggilan poundfit hari ini dengan RS rs Brawijaya. Besar dan bersih. layanan ramah,negative,True
14956_bt,14956,"Rumah sakit yang bagus, bersih, lengkap. Layanan cepat, responsif, ramah dan baik dipandu sesuai dengan layanan medis yang kita butuhkan. Pembayaran juga secara rinci. Jika ada yang bingung dan tidak mengetahuinya, itu diarahkan oleh rumah sakit.",negative,True
14959_bt,14959,"Anak laki-laki sedikit pendek dan banyak kotoran. Bahkan jika itu baru, pasti ada banyak pertanyaan.",negative,True
14966_bt,14966,"Pelayan sangat baik, dimulai dengan perawat, dan penjaga keamanan juga sangat baik, sangat top-notch.",negative,True
14970_bt,14970,"Datang untuk dokter gigi pada hari Selasa, 2023 7 November pada 1430 untuk mendaftar. Disuruh menunggu sampai jam 3 untuk menunggu dokter terkait (sementara jadwal dokter jam 1: 00 pm 7: 00, tapi itu tidak standar?",negative,True
14988_bt,14988,Baiklah. Pelayanan yang baik terus meningkat.,negative,True
14990_bt,14990,Dr. Urology partner kp terlalu banyak sudah Yah kita belum dijadwalkan pekerjaan dekat kami sampai di sana sudah kosong ketika jam dekat,negative,True
14992_bt,14992,Ini kesabaranku dalam tes. Cukup lama untuk berpikir tentang menggunakan akal sehat. Tidak komunikatif dan tidak ramah petugas. radiologi dan apotek benar-benar sangat mengecewakan.,negative,True
15015_bt,15015,"Dokter, perawat, dan karyawan lainnya sangat ramah. Layanan juga sangat baik! Ini sangat dirancang ulang untuk dilahirkan di sini!",negative,True
15019_bt,15019,"Rumah sakit bersih, layanan yang benar dan cepat, mudah-mudahan anak saya akan ditangani dengan cepat dan tidak perlu menunggu lagi.",negative,True
15025_bt,15025,"Begitu banyak uang di sini. Tidak seperti trimitra, gratis bpjs semua dari obat-obatan untuk rumah gratis.",negative,True
15030_bt,15030,Layanan buruk dari 3: 00 di rumah sakit pukul 10: 00 ketika keadaan darurat masuk Gaji publik terasa bebas. Tidak akan lama bagi pasien untuk menjadi lebih buruk.,negative,True
15034_bt,15034,"Ya, Bu. Maaf tentang jelek, review sedih tidak menangis, pertama kali di prom, itu tidak seperti itu akan datang untuk memeriksa, tidak seperti itu kecewa.",negative,True
15039_bt,15039,Layanan d.fadli poly eyes.,negative,True
15041_bt,15041,"Layanan di sini telah lama, tidak komunikatif, dokter bicara. Sampai layanan pulang untuk waktu yang lama. Pilih saja yang lain.",negative,True
15056_bt,15056,"Layanan itu mengerikan.
Sangat lambat.
Hanya untuk memperpanjang surat referensi dari 9: 00 sampai sakit. Departemen farmasi juga sangat lambat untuk resep tangan dan obat-obatan!!",negative,True
15060_bt,15060,"Ini yang terburuk, tidak ada dokter. Tidak ada manajemen. Semua pasien. Jadwal dokter berubah seperti dahi. Pasien sakit dianggap permainan ya?
bubarin ni rs, pelayanannya buruk!",negative,True
15064_bt,15064,"Pelayanannya cacat! Keluarga saya, bahkan jika itu sedemikian rupa, bukan? Ibuku bertanya padaku di stan bukannya dalam bentuk tubuh ibuku. Pendengarannya sedikit bermasalah. Aku tidak seharusnya.",negative,True
15074_bt,15074,"Aku menderita usus buntu, cepat tangani.",negative,True
15075_bt,15075,Perawat tidak terlalu baik untuk tinggal di lt 6... Menunggu obat dari 11 sampai 5 malam itu belum keluar dari pengobatan belum ketika sudah 1 hari dan sudah lebih untuk pengobatan.,negative,True
15077_bt,15077,"Layanan yang baik, perawat juga tuan rumah ramah. Bersihkan rumah sakit.",negative,True
15082_bt,15082,Pelayanannya sangat baik.,negative,True
15088_bt,15088,tidak ada layanan kesehatan lambat,negative,True
15089_bt,15089,"Aku suka jasanya... ramah... dan perawatannya dengan cepat... dokternya ramah... ""Makanannya enak, bersih dan sehat.",negative,True
15092_bt,15092,"Kemarin dalam perawatan lima hari setiap jam rombongan (lebih dari 5), sampai aku pusing dari isi, tidak ada keamanan ditegur",negative,True
15099_bt,15099,"Terima kasih kepada dokter dan perawat yang berdiri untuk pelayanannya.
Sangat bagus. Perawat yang baik. Dan sangat sabar.
Makanannya juga enak.",negative,True
15106_bt,15106,"Layanan tidak ramah, klaim 24 jam, datang di 8: 00. Tidak ada dokter.",negative,True
15114_bt,15114,"Yolanda, kasir yang tidak simpatik, mungkin terlalu miskin dan banyak masalah. Sayangnya.",negative,True
15119_bt,15119,"Di RS saree welas asih dengan bpjs kelas 1 dari Prushaan, dokternya berulang kali menyarankan agar dia mengendalikannya dengan uang pribadinya berikutnya. Maaf mengecewakanmu, tapi kondisinya menurun. Dan apa hubungannya gaji dipotong dengan obat pribadi?",negative,True
15120_bt,15120,"Tidak, tidak, tidak.",negative,True
15124_bt,15124,Layanan pemerintah Gaenal.. Dengar.,negative,True
15128_bt,15128,"Ketika saya jatuh dari sepeda, klinik tidak bisa mengobati luka air mata ke jari langsung terkait dengan rumah sakit primaya. Terima kasih Tuhan. Terima kasih Tuhan.",negative,True
15138_bt,15138,"layanan kualitas, staf ramah",negative,True
15139_bt,15139,Layanan yang sangat buruk. Orang-orang mengalami diare dan malam-posisi medis sedang diberitahu untuk menunggu di luar.,negative,True
15142_bt,15142,Disajikan oleh biarawati yang peduli untuk meningkatkan antusiasme Anda. sembuh,negative,True
15171_bt,15171,"Departemen farmasi kurang gesit, lebih banyak mengobrol dengan rekan-rekan.",negative,True
15172_bt,15172,"Pengalaman pertama adalah metode eracs, pelayanan yang baik dari ruang VIP, yang tegang di ruang operasi, jadi tidak ada tekanan. Perawat dan dokter sangat ramah.... gratis photoshoot bayi lagi.",negative,True
15176_bt,15176,"Silakan mempertahankan layanan kualitas Anda, terutama untuk layanan tes lab. Mereka mengatakan kepada kami bahwa hasilnya akan tersedia dalam email tapi tidak ada yang dikirim sampai 3 hari. Kami juga tidak bisa menghubungi mereka melalui telepon dan operator tidak membantu.",negative,True
15183_bt,15183,Alhamdulili atas semua. Semua pelayanan yang baik. Perawat ramah.,negative,True
15184_bt,15184,"Ruang pemicu kadang-kadang setengah perawat dingin sedikit keras, tapi kadang-kadang tidak baik untuk mendengar, braw.",negative,True
15191_bt,15191,"Ibuku dirawat di sini dua kali. Dan setiap kali dia dirawat di sini, perawatannya sangat buruk, tetanggaku telah dirawat di sini dua kali, dan sama buruknya dengan diperlakukan oleh perawat.",negative,True
15195_bt,15195,Anda tidak akan bosan menunggu di sini. Anak-anak bisa menunggu dan bermain karena ada area bermain. Jadi anak-anak tidak takut.,negative,True
15205_bt,15205,"Aku sedikit kecewa dalam pelayanan di gid, tapi aku datang dengan hasil laboratorium dari tubex 4 yang membutuhkan stay- at-rumah, dan kondisi saya cocok.",negative,True
15209_bt,15209,"Layanan buruk, hanya kali ini itu sulit dan ditendang keluar dari idd, tetapi istri sudah mati untuk menggunakan bpjs.",negative,True
15218_bt,15218,"Aku tidak mengerti. Ada satu kursi kecil di sebelah pasien. Ini tidak akan mengganggu ruang baik. Ugh, dokter hanya 1. Ini adalah rumah sakit pribadi Anda, bukan bpjs Anda. Mercy de",negative,True
15228_bt,15228,"Sayang sekali layanan pengendalian di sana menunggu 2 jam lagi, fungsi pendaftaran online. Jangan kemari.",negative,True
15232_bt,15232,"Di Begonia Room selama tiga hari. Terima kasih Tuhan semua perawat yang ramah & kompeten. Yang paling mengesankan adalah bahwa makanan begitu baik, Anda tahu. Serius, membuat pasien lebih baik.",negative,True
15233_bt,15233,"Proses daftar mudah, layanan cepat ramah, antrian obat tergantung pada jam sibuk atau tidak.",negative,True
15235_bt,15235,"Layanan cepat dari admin, perawat, dokter, dan layanan keamanan. Melayani pasien tanpa diminta oleh pasien untuk melihat pasien lemah dan lelah.",negative,True
15236_bt,15236,layanan buruk dan daerah manajemen bogor,negative,True
15243_bt,15243,Teman satu selnya melahirkan rumah sakit pelayanan yang buruk. Dan perawat tidak mendorong pasien untuk turun.,negative,True
15251_bt,15251,Layanan rumah sakit cepat dan perawat ramah,negative,True
15255_bt,15255,"Staf administrasi tidak ramah, sangat lambat. Ketiga kalinya di rumah sakit ini untuk laboratorium dan radiologi. Jalur ini panjang tapi staf administrasi tidak bisa bekerja cukup cepat. Sangat tidak efektif. Kita harus menunggu pembayaran sementara kita bisa melakukan scan thorax. Tapi yang lebih penting, tidak membantu.",negative,True
15258_bt,15258,"Ini. Ini adalah layanan keamanan. Baik, ramah, dan membantu. Kantin sangat bersih... Layanan perawatan, terima kasih banyak.",negative,True
15264_bt,15264,"Jangan berasumsi hal yang sama dari Siauw Taufik. Complaints hanya tinggi kolesterol tetapi mereka diberitahu untuk menguji mereka semua (termasuk creatine dan egfr, urine microoppy, urea, glukosa bergegas, hba1c, asam urat, vitamin d 25- oh) yang sama sekali tidak ada hubungannya, sehingga tidak dapat ditutupi. Rumah sakit menerima keluhan dan tidak melakukan apa-apa.",negative,True
15266_bt,15266,"Rumah sakit yang bagus, saudara semua ramah.",negative,True
15272_bt,15272,Ada seorang dokter idd yang tidak cocok dengan pegangan balita. Kemudian di sore hari kami kembali untuk pengobatan. Seorang perawat tidak bisa mendapatkan anak IV. Anakku mendapat 3x tusukan hanya menemukan pembuluh darahnya. Aku harus meminta perawat khusus untuk bayi nicuit. Seorang perawat dan perawat yang ramah. Ruangan ini bagus dan bersih. Makanan juga ok.,negative,True
15275_bt,15275,Lima - bintang dokter. Tapi layanan atau sistem rumah sakit tidak ada komentar pula.. itu mengecewakan. Hanya dokter.,negative,True
15280_bt,15280,"Ini pertama kalinya layanan rumah sakit super cepat, sekarang harus seperti ini. Layanan rumah sakit mempersingkat durasi proses tapi masih menjamin bahwa layanan optimal.",negative,True
15287_bt,15287,"Ini tidak jelas bahwa online bahkan tidak terdaftar, itu sudah di sini tiga kali. Selalu ada masalah sebelumnya.",negative,True
15292_bt,15292,Rumah sakit itu aneh. Pendaftaran tidak sopan apakah untuk menyatakan status pasien apakah itu temannya atau pacarnya atau siapa pun. Kurang ajar. Pasien perawatan jalanan tidak bisa menggunakan bpjs. Jika tanaman dapat sebagai baik. Lucu sekali.,negative,True
15295_bt,15295,"Rumah sakit yang dia katakan dia terima, tapi tidak ramah kepada pasien!!! payah!!!",negative,True
15315_bt,15315,"Bad layanan poly gigi, comesil catatan medis disebut hilang, komersial mungkin hilang. Langkah lain 3x konsul hanya untuk menghapus gigi, prosedur langkah dengan layanan yang sama. Semua orang bisa berbeda dengan asuransi.",negative,True
15324_bt,15324,"Sekitar dua atau tiga tahun yang lalu, saya sangat marah dengan layanan perawat di sana, dan pengobatan itu kurang, sementara pasien sedang dirawat banyak, dan covid begitu tinggi, aku menelepon untuk membantu,",negative,True
15325_bt,15325,10: 00 saya adalah untuk mendapatkan nomor mengatakan. Staf kembali.,negative,True
15335_bt,15335,Bahkan rumah sakit Zonk Inpus tidak bisa menjadi perawat layanan yang buruk pada begitu sombong. Jangan pergi ke rumah sakit mencari rumah sakit lain.,negative,True
15348_bt,15348,Itu buruk! Layanan baik-baik saja karena bahkan pasien di idd tidak terlalu banyak. Ternyata jam 2: 00 sampai 8: 00 pagi. Dokter perawat dalam mangkuk.,negative,True
15358_bt,15358,Inspektur saya memasuki rumah sakit ini pada 23 / 06 / 23 gid service. Bagus. Oke.,negative,True
15365_bt,15365,"Kelakuan buruk dari semua perawat, ob, dokter, keamanan, dari awal bertanya padaku tentang menangani kondisi ayahku di tengah malam, dan perawat membawanya dalam hatinya untuk bersikeras, menjadi bodoh itu.",negative,True
15377_bt,15377,"Faktanya adalah, syukurlah... Rumah sakit terbaik yang pernah kualami. Dari semua staf. Penjaga keamanan, petugas pendaftaran, perawat polisi,",negative,True
15385_bt,15385,"Ini adalah kamar Bougenville baru, ruang tamu satu, kelas dua dan vvip. Terima kasih Tuhan untuk semua waktu ini ketika orang tua membutuhkan jatah dan upgrade kelas baik-baik saja. Tim dokter orang tuaku.",negative,True
15407_bt,15407,Ini hanya apotek. Aku sudah menunggu sejak jam 9: 00.,negative,True
15421_bt,15421,Layanan yang baik dan pelayanan yang baik.,negative,True
15426_bt,15426,"Hei, ini masih layanan terburuk, lama layanan menunggu, memaksa Anda untuk menunggu sehingga mereka dapat biaya ekstra, menunggu dua jam untuk operasi dijadwalkan",negative,True
15430_bt,15430,"Tempat yang bersih, cukup luas, tempat parkir mobil dan motor tidak begitu besar. Coba periksa hari ini. Sayang sekali prosesnya terlalu cepat. Dokter juga menggambarkannya dengan cepat.",negative,True
15436_bt,15436,"Layanan yang baik, dokter yang ramah, petugas informasi dan semua itu.",negative,True
15443_bt,15443,"Layanan buruk untuk perawat, dan Anda berada di gaji kami sakit pula. Jadi tolong budidayakan sikap India yang ramah. Tolong menjadi cerdas.",negative,True
15444_bt,15444,"Layanan pendaftaran dan menunggu dokter segera. Tetapi jika Anda ingin mendapatkan dokter, datang lebih awal, karena dokter lebih suka datang lebih cepat dari jadwal dokter.",negative,True
15454_bt,15454,Ada keamanan sebelumnya bukannya membantu mereka memarkir mobil mereka. Ini adalah layanan lama proses asuransi ketika benar-benar sepi. Pameran asuransi awalnya 180rb dan kami kompleks karena seharusnya tidak seperti itu. Itu sebabnya kasir baru mengkonfirmasi asuransi.,negative,True
15461_bt,15461,"Aku tinggal di kamar 5211 dan mendapat salah satu pengalaman yang paling menyenangkan. Dari staf ke layanan medis, aku merasa semuanya hebat. Terutama perawat nabilla!",negative,True
15477_bt,15477,Terima kasih. Terima kasih.,negative,True
15480_bt,15480,Layanan yang bagus. Cepat dan merespon. Aku seorang perekam agr. Jangan ragu untuk menggunakan layanan kesehatan di rumah sakit.,negative,True
15503_bt,15503,"Nah, kemudian, 9: 30 sampai 13: 00 tidak diperiksa baik, menunggu 3 jam setengah. Ketika saya bertanya kepada perawat mengapa dia menangis karena dia menangis terlalu lama, ketika orang-orang setelah saya mulai berkata, ""Apa yang akan Anda lakukan?"" Saya minta maaf untuk menggunakan bpjs bukan uang pribadi / umum ya Bu.",negative,True
15511_bt,15511,"Ingin menjadwalkan operasi mata sulit, untuk menghubungi rumah sakit (021) tidak ada yang jelas, sampai pulsa bebas 98rb, tidak ada bicara atau apa pun
Nomor yang diberikan dokter, nomor tidak ada di van.
Untuk menjadi sehat, maaf sebelumnya, aku hanya pengguna kelas tiga.",negative,True
15513_bt,15513,"Dirawat di Emma, hari Minggu hingga Kamis. Oke, ruang VIP telah ditingkatkan jadi tidak perlu menambahkan svip, doctor caroline spog (k), ramah, informatif dan komunikatif, perawat juga ramah dan responsif, menu rumah sakit adalah banyak pilihan, kebersihan kamar ok.",negative,True
15514_bt,15514,Datang jam 5 pagi. Aku tidak tahu. Mesinnya mati.,negative,True
15541_bt,15541,"Layanan tidak jelas, kita berada dalam kesulitan! menggunakan bpjs dalam kesulitan.. Untuk itulah mereka membayarku.",negative,True
15546_bt,15546,Baik dokter dan layanan petugas.,negative,True
15553_bt,15553,"4 Januari 2022.
Pertama kali saya datang ke sini adalah karena saya dapat merujuk ke Puskesmas, daftar pertama disebut dokter praktek pukul 4: 00.",negative,True
15554_bt,15554,Itu kacau. Dua kali. Aku dibawa ke sini.,negative,True
15558_bt,15558,Layanan lain yang baik. Tapi pendaftaran harus lemah. 48 panggilan ini.,negative,True
15561_bt,15561,"Perawatan dalam masih perlu diperbaiki, kami memiliki kasus pada anak kami, setelah operasi usus buntu, setelah tiga hari perban diminta diganti, tapi tidak dilayani, alasan perawat telah diganti, dan pasien mengatakan dia tidak.",negative,True
15562_bt,15562,"Aku menelepon igd dan bertanya apakah ada ruang hibah, karena papa perlu pergi ke hicu, setelah 15 menit, mengatakan kepadanya bahwa ada sebuah ruangan, dan kemudian saya mengatakan kepadanya bahwa pasien digunakan untuk menunggu 20 menit, dan kemudian ia berkata, ""Tunggu sebentar"". Dia mengatakan ada... kemudian aku menyewa ambulans dari lokasi kecil ke foto rumah sakit tzuchi. Ketika dokter tiba di lokasi idd, di lokasi 23 feb 2023 jam. Dokter terus keluar dan mengatakan bahwa ruang hibah tidak penuh dan tidak bisa menerima pasien, jadi bertanya sebelum aku pergi ke rumah sakit, aku memberitahu rumah sakit, aku menelepon rumah sakit, dan konfirmasi, jadi aku datang kepada Anda. Kami akhirnya akan dikirim ke gambar Rs atau lainnya Rs, karena mereka masih sepenuhnya informasi dan memang kami diberitahu bahwa jika mereka ingin tinggal di, mereka bisa tapi mereka tidak bisa mengawasi... Saya pikir itu tidak profesional.. Setelah menunggu begitu lama dan seperti biaya besar, itu hanya akhirnya dikirim ke rumah sakit lain... Sampai aku memberitahumu, aku baik-baik saja. Akhirnya kita harus pindah ke pic RS dan diterima oleh pic RS... mudah-mudahan manajemen rumah sakit tzu chi bisa lebih profesional, prioritas keselamatan daripada asal-usul rumah sakit lain.",negative,True
15581_bt,15581,"Baik layanan, hanya dokter kadang-kadang gorge",negative,True
15590_bt,15590,Hermina depok adalah rumah sakit selamat datang untuk semua layanan bayi s.d orang tua kita dapat melihat dari ambulans bahwa pasien warri untuk R. Ini berarti hermina khususnya depok.,negative,True
15595_bt,15595,"Rumah sakit kotor, tidak diobati. Layanan pendaftaran lambat dan kasir membutuhkan waktu yang sangat lama. Bahkan jika itu adalah dua pasien dan satu jenis obat dan dokter saja... itu tidak sangat baik dengan anak-anak. Keren.",negative,True
15598_bt,15598,Kuharap ini berjalan lancar.,negative,True
15602_bt,15602,"Bangunan baik-baik saja, itu bersih. Tapi layanan di departemen radiologi sangat-meleleh, tapi itu hanya satu jam sejak catatan medis kembali, dan admin itu di antah berantah. Meja tiba-tiba kosong dan kemudian diganti admin lain. terus menunggu lagi tanpa kejelasan:",negative,True
15604_bt,15604,"-Old penanganan
- Diagnosa yang tidak meyakinkan.
-pasien terlalu lama diperbolehkan
-dokter atau perawat ketika diminta untuk penjelasan selalu tidak menjawab tidak mengetahui atau menunggu dokter untuk mengurus
- Kurang layanan.
Ketika pasien dalam keadaan darurat dan sesak napas dan keluarga meminta oksigen ditolak oleh RS karena alasan yang tidak perlu untuk menyebabkan saudara ibuku meninggal.
- Saya sangat terluka oleh pengobatan dan layanan RS.",negative,True
15606_bt,15606,Layanan administrasi buruk tapi masyarakat bertanya-tanya,negative,True
15619_bt,15619,"Proses penerimaan sangat, sangat panjang. Ada empat petugas yang tersedia, tetapi mereka tidak dipanggil masuk Ini tidak lagi mendesak... Maafkan petugas.",negative,True
15625_bt,15625,Sayang. Dokter yang baik. Layanan obat yang bagus. Nyata!,negative,True
15628_bt,15628,"Layanan ini melelahkan, tidak memiliki kontrol untuk membuat referensi segera setelah kontrol diminta untuk kembali membuat referensi pertama, tidak dalam layanan dan memuakkan bantuan saya",negative,True
15637_bt,15637,"Pastikan stafku sejalan, pastikan ada pasien lain. Rasanya sakit ketika orang tidak. Aku yakin tidak ada salahnya untuk diberitahu untuk bangun sampai kering. - Di luar sangat sakit. - Tidak, itu sejalan.",negative,True
15650_bt,15650,"Layanan yang baik, informasi yang sangat kooperatif. Beri aku rincian.",negative,True
15651_bt,15651,"Sebanyak layanan di sini, suami telah diperlakukan tiga cara, dari awal musim gugur. Tengah malam disajikan dengan baik, paling mengesankan.",negative,True
15652_bt,15652,"Pada 9 Agustus 2024, saya pergi ke dokter untuk membersihkan kotoran telinga dan biaya saya bud kapas absurd (tolleteres) yang tidak masuk akal untuk Rp.",negative,True
15658_bt,15658,"Gileee... buruk
Sudah lama sekali sejak hari sebelumnya, dalam bentuk online, di admin dari substation konten pasien, digunakan untuk menulis kronologi, datang dari 03: 00, pada 04: 00 Ini masih pagi.
Jangan biarkan kami mengalami hal ini pada jam ini. Ya, benar. Dokter sedang menunggu jadwal.
Kami menjadi pasien yang tidak dianggap untuk akhir waktu kita, di mana saya pertama kali pindah ke negara itu.
Bahkan dokter bersumpah untuk melayani sebagai dokter di mata Tuhan.
Tapi itu hanya berbeda ekonomi kasta / kelas, Anda adalah sikap yang berbeda dan melayani sebanyak yang Anda inginkan dan membuat hook!!!!
Hanya bagian dari layanan medisnya, menunggu dokter kelas perceraian.",negative,True
15661_bt,15661,"Itu dibuat untuk bolak-balik. Anda ingin mengontrol kehamilan, Anda lelah pergi ke stan untuk mencetak lulus stp.",negative,True
15678_bt,15678,Layanan sudah lama,negative,True
15680_bt,15680,Kasir bekerja sangat lambat. Setiap kali mereka membuat Anda menunggu selama setengah jam meskipun tidak ada baris.,negative,True
15681_bt,15681,"Bagus sekali, cepatlah.",negative,True
15685_bt,15685,"Tempat parkir, nyaman, layanan perawat ramah & sopan",negative,True
15686_bt,15686,"Layanan cepat, tidak menunggu. Semua staf dan dokter bersahabat. Jangan keras-keras. Tidak apa-apa untuk bangkit. Nyaman sekali.",negative,True
15714_bt,15714,"Aku punya dua perawatan di sini, layanan yang baik, dari awal entri. Selamat datang di tempat parkir yang ramah, penjaga keamanan yang mendobrak pintu.",negative,True
15730_bt,15730,"Layanan yang bagus, respon cepat. Ketika istri jatuh sakit, dia tidak bisa menangani pasien.",negative,True
15734_bt,15734,"Sebuah kilo dari pintu keluar tol. Jangkauan spesialis cukup luas. memiliki fasilitas pengolahan asuransi pusat, mereka akan menangani koneksi dengan penyedia asuransi. Tempat terbatas untuk pengguna asuransi bpjs. Tempat parkir memiliki 2 sistem: terbatas dan tak terbatas setelah periode tertentu.",negative,True
15747_bt,15747,"Rumah sakit yang bagus, layanan cepat dan ramah.",negative,True
15751_bt,15751,Layanan terburuk!! Tidak bisa melakukan itu!,negative,True
15761_bt,15761,"Saya mengalami kecelakaan dalam perjalanan saya untuk bekerja, kemudian ke rumah sakit ini idd, tapi dia bilang dia tidak memiliki penutup, jadi dia meminta saya untuk membayarnya secara pribadi, dan ia harus memiliki menutupi jalan pulang dan pergi untuk bekerja.",negative,True
15775_bt,15775,"Aku kecewa sekarang. Anak itu sakit. Tapi dia mengatakan kepada saya untuk menunggu antrian di igd. Selain itu, terima kasih untuk pengalaman pertama yang mengerikan dan sangat kecewa.",negative,True
15778_bt,15778,"Untuk dokter kelahiran. kurang informatif, kurang ramah, terlalu kaku. Biayanya yang banyak, tapi layanan tidak nyaman. Hanya sekali ke Nina Spog.",negative,True
15784_bt,15784,"Bad idd. Dokternya baru saja lulus.
Dokter berpikir ""penyakit"". Ambil obit. Ini tidak efektif.",negative,True
15795_bt,15795,"Aku sudah berurusan dengan partner keluarga Rs selama tiga bulan. Caloderes, membawa orang tua di rumah sakit stroke. Sejauh ini ada masalah pelayanan yang membuatku kesal tapi ditoleransi. Tapi lebih buruk hari ini adalah 2024 Juni 7. Pasien A / n. Remember simare is out of the poli nerve doctor ferrdy wants to take medicine from around 7: 00 to 10: 00 Dan menjadi orang terakhir yang dibayar. Ketika orang tua saya pergi bolak-balik tiga kali, meminta perawat non- hijab akan selalu disebut ""tunggu sebentar"". Sampai ibu saya bertanya apa waktu dia mengatakan itu adalah 2: 00 di sore hari untuk poon penyakit di dalam. Dan pada pukul 3: 00 malam, jam 12: 00 malam check out. Dan lucunya adalah selama menunggu untuk layar farmasi, status token masih disiapkan sampai hampir 10: 00 sampai diperbarui. Dan terakhir kali ibu saya meminta apoteker non-hijab, ia meminta bantuan seorang apoteker laki-laki. dan meminta apotek laki-laki untuk ibuku dan menemukan obatnya. dan menemukan obat ditumpuk di meja di sisi kiri depan. Untuk apa layar itu sebenarnya? Jawabannya adalah pesan otomatis tanpa efek melihat pertama dan memeriksa. setelah apoteker laki-laki keluar layar farmasi baru pada update dan mengantri banyak. Aku tahu itu semua sejalan, tetapi mengingat peristiwa dari pasien malam seharusnya tidak terlalu banyak obat dalam waktu kurang dari tiga jam. Silakan waktu berikutnya diberikan perkiraan mempersiapkan obat maksimal beberapa jam. Jadi aku bisa tahu apakah obat itu ingin ditinggalkan atau menunggu. Karena jika Anda memiliki seorang pasien rawat jalan yang membawa anak atau orang tua dapat membuat keputusan. Mengapa saya tidak menggunakan layanan pengiriman karena radius lebih dari batas.",negative,True
15798_bt,15798,Layanan yang mengerikan. Jangan buang waktumu!,negative,True
15799_bt,15799,"Layanan yang bagus, perawat. Cepat datang saat dibutuhkan.",negative,True
15800_bt,15800,Syukurlah kesehatan di sini bagus. Diperbarui melalui wa... membuatnya mudah untuk pendaftaran dan layanan bahkan jika menggunakan bpjs.,negative,True
15802_bt,15802,Aku sangat kecewa dengan pelayanan rumah sakit. Ada apa dengan petugas kebersihan? Tidak ada sikap sama sekali.,negative,True
15804_bt,15804,"Pengalaman saya di rumah sakit sangat miskin dan sedih karena terlambat ayah saya telah kehilangan setengah indra tapi itu dianggap gila oleh para perawat gemuk. Demi Tuhan, Waltu mengatakan itu ada di pikiran saya.",negative,True
15818_bt,15818,"Toilet sangat kotor dan bau, tidak bisa dikunci. Ini harus menjadi kenop pintu dalam ember. Dokter terlambat. Pasien sakit. Lebih sakit, lebih sakit.",negative,True
15833_bt,15833,"Layanan kecelakaan itu baik, tapi butuh waktu untuk mendapatkan kamar.",negative,True
15835_bt,15835,"Bangunan bersih, cepat dan ramah layanan, terus maju",negative,True
15836_bt,15836,Aku ingin menanyakan akte kelahiran putriku? Oktober 4,negative,True
15843_bt,15843,"Sejujurnya, aku kecewa dalam pelayanan departemen pendaftaran tadi malam, ketika adikku sedang dalam mood untuk pasien dalam keadaan lemas, aku bergerak lebih sakit dari yang aku bisa, dan itu mudah bagi kita untuk memproses.",negative,True
15845_bt,15845,"Yang terburuk!! Biarkan saya berbagi pengalaman saya: pidato saya di kelas VIP, tepat di depan stasiun perawat, waktu yang berisik di malam hari?",negative,True
15847_bt,15847,"RS separah ini, layanan lambat, penanganan lambat, perawat tidak ramah, membayar pula, tidak dapat menggunakannya ketika pemerintah tidak mengambil obat.",negative,True
15859_bt,15859,"Sekarang, layanan tidak buruk. C adalah lobi yang ramah. Keamanan yang ramah, ada saku. AC dingin, cukup tua untuk begadang. Para petugas di pusat bpjs sangat lucu. Penggunaan lift pada jam berkunjung penuh... ok itu saja",negative,True
15862_bt,15862,"Dari pendaftaran ke persediaan medis, semua petugasnya adalah satset task force.
Setiap kali sekarang, itu akan murah, tapi itu mendapat layanan terbaik.
Super duper sangat direkomendasikan",negative,True
15877_bt,15877,Layanan RS Mary sangat ramah. Aku senang dilayani dengan sepenuh hati oleh petugasnya.,negative,True
15878_bt,15878,"Gunakan bpjs Anda. Ambil nomor pendaftaran pagi ""at 6: 00 itu panjang... apalagi banyak saraf mengantongi banyak obat.",negative,True
15886_bt,15886,"Jika Anda tidak mendapatkannya,
Kau tak tahu bagaimana rasanya.
Pasien membutuhkan susterrr.
""Pasien Katsumikan""
Tapi kakak ud disebut begitu banyak kali tidak datang.
Jika seorang pasien tidak bisa menahan rasa sakit untuk bisa memenangkanmu.
Ditambah perawat adalah orang jahat.",negative,True
15887_bt,15887,Hanya karena anakku. Aku minta air. Suster.,negative,True
15892_bt,15892,"Pergi ke lapangan polisi. Seberapa sulit itu bisa, daftar online, sepanjang hari? Sudah penuh? Yang merupakan pertanyaan sebelum Anda tidak dapat mendaftar online untuk poly gigi? Daftar akan berada di pagi hari jam 6. Jangan menahan diri. Aku akan membayarmu setiap bulan!",negative,True
15899_bt,15899,Layanan bpjs kelas pertama. alignmen buruk bangettt,negative,True
15901_bt,15901,Permintaan terburuk adalah sakit di sini dan layanan terburuk. Jika kau tak bisa menghalangi jalan bahaya. Ini Rs. Praktek pasiennya untuk dokter muda yang masih hidup. Rumah sakit mengatakan tidak apa-apa berada dalam bahaya.,negative,True
15903_bt,15903,"Pengalaman utama untuk rumah sakit ini, biasanya untuk siloam atau rspi, menunggu hampir 4 jam, sekitar 2 jam. Dokter masih bisa dikubur karena dokter baik-baik saja, tapi administrasi, asuransi lama, belum minum obat, obat dalam sistem mengatakan itu tidak ada.",negative,True
15911_bt,15911,"Layanan yang baik, disarankan, bersih, tenang. Semoga berhasil.",negative,True
15915_bt,15915,"Kecewa oleh dokternya. Aku pertama kali memeriksa bayi saya tapi tidak diperiksa secara rinci. Ini hanya diperiksa untuk siapa itu, dan terlalu cepat. Beberapa pertanyaan yang ingin kutanyakan padamu, jadi untuk melewatkan semua dokter terburu-buru. Tidak perlu berharap lebih untuk check in",negative,True
15916_bt,15916,"Mmm..
Dokter tidak pske topeng tidak menegur penjaga keamanan.. Di lantai 3",negative,True
15917_bt,15917,Sudah lama sekali. Untuk besok kita tunggu beberapa jam lagi. Harus siap dan hanya bawa seperti RS lain lakukan.,negative,True
15919_bt,15919,"Layanan baik dengan perawat sepanjang waktu. Kontrol, pegangan dan semua staf ramah.",negative,True
15920_bt,15920,"Layanan igmatis nya baik-baik saja, dokter & perawat adalah di tuan rumah. Ini kamar yang bagus.",negative,True
15932_bt,15932,"Sebuah rumah sakit baru, tapi sayangnya perencana tidak berpikir banyak tentang masa depan, papan lift adalah touchless. Jangan menyentuhnya... harus ingat sans baru, kovid19 baru, semua amnesia? sebagai rumah sakit tingkat internasional... mengapa kalah ke rumah sakit standar dari rumah sakit epik? Jadilah panutan untuk kebaikan masyarakat. Juga sebagai sarana pendidikan dan pencegahan sebelum wabah patogen lainnya muncul... Jika mungkin untuk mengunjungi nama untuk datang mengunjungi, masker diperlukan.
... tim keamanan dapat mengingatkan orang-orang yang tidak membawa CCs mengambil masker gratis. Pencegahan lebih baik daripada pengobatan, menyimpan payung sebelum hujan. = = sync, corrected by elderman = = @ elder _ man translated by anisssina",negative,True
15943_bt,15943,"mendapat referensi untuk keseimbangan kulit, bolak-balik selama seminggu. Tidak ada hidung. Nomor telepon dari bar di telepon hanya meminta dokter. Tidak. Belum pernah diangkat.",negative,True
15944_bt,15944,"Satu. Obgyn apos; s istri-pengalaman kontrol:
- Perawat poli obgyn tidak ramah dan kapten
- untuk sampel darah bedah.",negative,True
15946_bt,15946,"Rumah sakit dulu disebut: ibu rsia aliyah belum begitu banyak, sekarang berganti nama rumah sakit menjadi lebih jarang, rumah sakit di stasiun cartini tua, terdiri dari lantai 1 - lt, dengan kantor depan di seragam tosca, rumah sakit ini cukup lengkap.",negative,True
15953_bt,15953,"Hari ini 3x untuk ini rs... pertama ke polisi gigi, dokter layanan cepat menunggu tidak terlalu lama. Aku tidak bisa mendaftar karena sistem kita mati.",negative,True
15960_bt,15960,Sangat kecewa.,negative,True
15974_bt,15974,layanan cepat poly & komunikatif tidak datang pada baris telepon,negative,True
15988_bt,15988,"Pada hari Sabtu aku pergi ke Upd, mendapatkan darah & ronsen. Hasil tes darah aman, tapi tepat di x-ray ada infeksi paru-paru "", tapi sedang dikirim pulang dan dibius. Sudah tiga hari perubahan obat, kembali ke Upd, dirawat. Sudah delapan jam. Saya tidak bisa mendapatkan kamar, tapi aku tidak bisa mendapatkan apa-apa di atasnya."" Saya telah memilih untuk menangis untuk kebiasaan saya di sini, tapi kali ini saya sangat kecewa. Jika saya tidak bisa mendapatkan ruang cinta saya obat untuk meringankan batuk, itu bukan hanya batuk!!!",negative,True
16001_bt,16001,Layanan yang bagus. Perawat yang baik. Anakku di lantai enam.,negative,True
16004_bt,16004,"Jenis iiss ini terlalu panjang dari daftar, menunggu obat untuk menunggu dalam antrean cukup lama untuk berkemas dan tidak mengerti apa yang diperlukan bagi mereka untuk mengendalikannya pada 1: 00",negative,True
16006_bt,16006,"Super Lemootttt layanan, kan? Menunggu 5-6 jam untuk masuk ke pangkalan, gila. Ada keamanan.",negative,True
16017_bt,16017,Seperti sebagian besar layanan yang diberikan pemerintah kita tercinta dan dilakukan oleh pejabat... jangan berharap banyak dari kita akan kecewa. Jadi bersiaplah untuk kesempatan terburuk untuk membawamu pulang tanpa kekecewaan atau kebahagiaan.,negative,True
16022_bt,16022,"Rumah sakit jiwa dengan pendaftaran terbaik, karyawan ramah, pasien, markope atas.",negative,True
16024_bt,16024,"Suster Jutek, layanan mengagumkan. Bayi laki-laki memiliki operasi, menangis dan diberitahu untuk tenang, tidak ada solusi apapun. Aku lebih suka memilih rumah sakit ini.",negative,True
16035_bt,16035,Ini sangat mahal untuk minum obat lama.,negative,True
16042_bt,16042,Ini sering kecelakaan karena tidak memiliki tempat parkir. Hanya memikirkan keuntungan. Tidak ada cahaya. Keamanan tidak pernah ingin menyeberang pasien atau Terminator. Rumah sakit terburuk yang pernah ada!!,negative,True
16050_bt,16050,"Seluruh layanan itu besar, tapi ada pengalaman buruk dengan penjaga keamanan yang mengambil nomor sejalan di lantai dasar.",negative,True
16053_bt,16053,"Layanan itu sangat, sangat buruk untuk dokter anak. Masalahnya adalah bahwa itu di tulang bahwa pasien tidak hanya mati pertama. Tidak apa-apa.",negative,True
16055_bt,16055,"Pelayanan dokter, staf, bagus... kebersihan yang baik. tapi layanan peternakan itu sudah lama. Aku menunggu obatnya selama satu jam. Perlu ditingkatkan sehingga layanan farmasi lebih cepat!!!",negative,True
16085_bt,16085,"RS emc pulomas itu bagus, ramah, terutama perawat atau petugas lainnya, tapi ramah, tapi tidak pernah kecewa. Ini hebat.",negative,True
16086_bt,16086,Terima kasih atas pelayanan dari Ny. Medika yng. Sangat ramah.,negative,True
16092_bt,16092,"Ini tidak seperti Anda kaya lagi, itu tidak online dan tidak lama untuk online. Ini harus berada di sudut yang buruk dan itu akan mengambil lima jam.",negative,True
16104_bt,16104,"Layanan gid buruk! Sudah sejalan, sudah diberikan nomor, tapi tidak disebut. Ketika tidak ada pasien diperiksa, kemudian datang lagi, membawa nomor jelas lebih tua dari saya, dan memeriksa orang itu, segera.",negative,True
16107_bt,16107,Rumah sakit yang bagus dengan staf yang hebat.,negative,True
16152_bt,16152,"Bagian pendaftaran lama, RS dalam bagian daftar hanya 2 orang, sudah online dalam baris tetapi ini tidak diimplementasikan",negative,True
16160_bt,16160,"Layanan gid baik. Tempat ini bersih. Perawat adalah ramah. """,negative,True
16164_bt,16164,Layanan di instalasi farmasi sangat panjang.. Ini mungkin menambahkan ke orang-orang jika ramai. Hanya mengambil vitamin memakan waktu 45 menit untuk menunggu sampai tersisa untuk makan malam.,negative,True
16171_bt,16171,"Suster Jutek, layanan mengagumkan. Bayi laki-laki memiliki operasi, menangis dan diberitahu untuk tenang, tidak ada solusi apapun. Aku lebih suka memilih rumah sakit ini.",negative,True
16180_bt,16180,Satu jam tubuh anakku panas. Masih harus menunggu. Tak ada yang bisa dipertahankan.,negative,True
16181_bt,16181,"tentang pendaftaran / pendaftaran wah seperti pasar, itu tiket yang sangat rendah. Jadi itu menumpuk di pendaftaran.",negative,True
16185_bt,16185,"Jadi, sore ini, saudara saya datang ke Ipd dengan kondisi yang telah meludah keluar 2 dan kehilangan mrh msk lwt poly & ga dapat menggunakan bpjs dalam keadaan kondisi darurat, itu benar-benar tidak penting, hanya kondisi yang mematikan yang dapat menggunakan bpjs di sini?
Akhirnya poly & direkomendasikan untuk ipd biaya pribadi, ketika meminta salinan resep harus ditolak atas dasar pembayaran, lebih penting, sistem rumah sakit ini.. Jelas salinan resep tidak ada hubungannya dengan pembayaran dibayar atau tidak? Mengapa Anda tidak membayar biaya pribadi? Kemungkinan pasien baru sekarat dalam pelayanan kali ini ya sm rs. Ini... sangat menyedihkan.",negative,True
16193_bt,16193,"Kami pasien, tapi kami tidak diperlakukan seperti itu..
Menunggu lebih dari 1 jam ketegangan.. Ada ketegangan menunggu untuk dipanggil ke kantor dokter. Lama tak jumpa.",negative,True
16204_bt,16204,"Aku lahir di rumah sakit, andhika. Layanan sangat baik. Ketika aku lahir,",negative,True
16212_bt,16212,"Maaf. Ya. Aku memberi satu bintang, saudaraku di X-ray.",negative,True
16215_bt,16215,"Dokter dan perawat sedang menunggu... meskipun mereka sedang mencari kamar untuk sementara waktu, tidak ada masalah karena rumah sakit penuh.",negative,True
16224_bt,16224,"Tokologi adik dalam informatif, dokter mengubah jadwal praktek pasien tidak diberitahu, nomor itu tidak ditetapkan waktu, akhirnya menunggu 7 jam untuk dokter",negative,True
16237_bt,16237,"5228, semuanya. Bagus. Semoga masa depan akan disesuaikan dengan asuransi, tks.",negative,True
16239_bt,16239,RS yang bagus. Saya pikir semua petugas ramah dan tanpa tanduk. Mari kita berharap tetap seperti ini.,negative,True
16249_bt,16249,Ini layanan buruk.,negative,True
16252_bt,16252,"Ini tangkapan panjang! Aku pergi ke tempat yang sepi, tapi prosesnya sudah lama. Aku memberikannya kepada Anda dari awal dan kartu asuransi. Tapi perawat bilang tidak apa-apa. Kalau begitu urus semuanya. Pada akhirnya, saya ingin membayar obat dengan kartu.",negative,True
16260_bt,16260,"Sejak aksi penimbunan gigi yang lebih muda, menunggu obatnya empat jam. Ini belum berakhir, sementara obat-obatan berakhir, obat-obatan hilang.",negative,True
16266_bt,16266,"Departemen farmasi kurang gesit, lebih banyak mengobrol dengan rekan-rekan.",negative,True
16269_bt,16269,"Layanan yang baik, ramah, tetapi akan Anda ingin memberikan saran kepada pasien baru departemen pendaftaran dan kasir, harap diperhatikan ada layar layar layar di lantai atas, sehingga pasien baru dapat melihatnya di layar,",negative,True
16271_bt,16271,"Hence datang ke RS ini, hanya karena rumah berikutnya. Periksa lab untuk waktu yang lama, tanya orang yang mengambil sampel. Dia mengatakan 30 menit, tapi ketika ia meminta counter, dia tidak mengatakan itu biasa selama 1 jam. Mungkin mereka hanya kurang pengalaman.",negative,True
16274_bt,16274,"Itu bagus, tidak benar-benar sejalan, karena itu online.",negative,True
16275_bt,16275,Idd ini cepat. Bertanggung jawab. Bagus.,negative,True
16277_bt,16277,Layanan itu mengerikan. Aku punya kendali menunggu 11-4: 00. Dokter belum datang.,negative,True
16296_bt,16296,"Anakku sedang dirawat di lantai 3, layanan perawat sangat ramah dan kamar juga bersih",negative,True
16299_bt,16299,"Tempat yang bagus dan bersih. Karyawan yang sangat baik dari keamanan, pendaftaran, ke kasir.",negative,True
16306_bt,16306,"Rumah sakit ini sering menemukan kesempatan dengan memberikan harga gila untuk obat-obatan terutama pasien. Dari pertama kali, pasti ada obatnya. Itu ditebus. Ruangan ini sangat buruk. Ketika cara kontrol adalah dua hari kemudian panas tinggi tiba-tiba harus membayar 1.5 untuk obat dan laboratorium... Tidak di sini lagi.",negative,True
16316_bt,16316,"Sangat, sangat, sangat, sangat, sangat, sangat, sangat tua bertindak, koordinasi kurang, lebih liar, saya pikir atau kurang komuter, dan lebih, lebih, lebih, lebih, lebih, lebih, lebih, lebih, lebih, lebih, lebih, lebih, lebih.",negative,True
16328_bt,16328,"Permisi. Apakah tidak ada kursi roda di RS? Kecewa setiap pemeriksaan selalu kosong. Tidak ada yang datang di pagi hari, tidak ada pemeriksaan, tidak ada yang tinggal di kursi roda ketika saya tidak bisa dipegang oleh suami saya dari awal.",negative,True
16345_bt,16345,Layanan cepat asuransi penyelesaian tidak cukup lama.,negative,True
16351_bt,16351,"Sebuah kilo dari pintu keluar tol. Jangkauan spesialis cukup luas. memiliki fasilitas pengolahan asuransi pusat, mereka akan menangani koneksi dengan penyedia asuransi. Tempat terbatas untuk pengguna asuransi bpjs. Tempat parkir memiliki 2 sistem: terbatas dan tak terbatas setelah periode tertentu.",negative,True
16361_bt,16361,Dr. ari sigit spesialis tulang belakang tidak sangat ramah. Layanan buruk.,negative,True
16366_bt,16366,"Layanan pendaftaran saya tidak baik. Nomorku ada di nomor 9. Ini tidak disebut ""tapi antrian ke-13"".",negative,True
16371_bt,16371,"Jadi, mari kita menyebutnya hari di ruang cerry dan memberitahu pasien Anda bahwa, eh, Mrs Tess, doktermu sangat baik hingga suamiku bisa pulih dari rumah.",negative,True
16375_bt,16375,"Aku datang untuk igd.. tangan atas kk, ktp, bpjs.. dan ternyata aku dibuat oleh pasien pribadi.. Aku bertanya kenapa kau tidak bisa? Aku diberitahu petugas gid tidak darurat, Bu. Jadi itu berarti menunggu aku mati. Aku pernah mengalaminya. Ruang visual. Kau bisa memeriksanya. Saya tidak menerima deskripsi tugas igd dikatakan darurat.",negative,True
16394_bt,16394,"Layanan yang baik, perawat dan perawat melayani dengan segenap hati mereka. Aku tidak kecewa dalam diperlakukan.",negative,True
16408_bt,16408,"Prime service, efisien sistem",negative,True
16415_bt,16415,"Layanan yang baik, ruang lytia bagus dan rapi, fasilitas. Oke, dokter ramah dan tepat waktu.",negative,True
16421_bt,16421,"Para dokter yang ramah, perawat yang ramah tetapi jika Anda meminta riyhT, menggunakan konsul pertama.",negative,True
16425_bt,16425,"Pelayan ok, fasilitas ok, karena pendamping 1 orang, istriku penjaga, aku tidur di mobil.",negative,True
16430_bt,16430,"Menggigit rumah sakit ini. Ketika aku melihat review, itu adalah 3-bintang. Banyak yang berbagi jasa lamanya dan almarhum dokter. Huff. Perawat itu menyebalkan.",negative,True
16431_bt,16431,"Layanan Ok
Untuk kebersihan overr semua Oke
Aku menemukan kecoa di kamar mandi. Kelihatannya bagus.",negative,True
16435_bt,16435,Sedikit kurang disiplin waktu. Itu selama praktek dokter dan staf tidak ada. 060924 internis,negative,True
16447_bt,16447,layanan pelanggan ramah,negative,True
16456_bt,16456,"Terbaik, pelayanan ramah & cepat. Dokter adalah komunikatif.",negative,True
16459_bt,16459,"R sangat buruk. Layanan medisnya sangat tidak ramah, mengambil obat untuk instruksi dokter. Jaga namanya. Suwoto Ketus pernah menjelaskan hasil pemeriksaan kepada pasien dan keluarga tidak profesional.",negative,True
16460_bt,16460,"Rumah sakit terbaik di Bogor! kemarin anak saya baru saja dirawat di Rar Aysha cibingong. Pilih RS Aysha,",negative,True
16464_bt,16464,Rumah sakit ini ramah. Layanan. Paling lama.,negative,True
16470_bt,16470,Layanan yang bagus. Hanya jika pasien baru melakukan pemindaian barcode tapi masih meminta identitas medis. Masih ada penggunaan maxed rendah dari scan pendaftaran barcode,negative,True
16476_bt,16476,Layanan sangat memuaskan. Sangat bagus. Sangat bagus.,negative,True
16478_bt,16478,Bagus. Warna bersih. Layanan yang bagus.,negative,True
16483_bt,16483,"Mereka diberitahu untuk menunggu informasi tentang operasi..
Sudah 2 minggu Tidak ada info
di wa hanya membaca...
Aku telah dioperasi di carawaci cider.
Semua jempolnya.
Jika ini...
judes jutek",negative,True
16499_bt,16499,"Pelayanan panjang untuk pasien rwi.. Biasanya untuk pemutaran. Ada tes darah, mari kita bantu dokter dengan diagnosis. Tapi sejauh ini perawat ramah ketika datang ke pertanyaan. Itu sudah lama sekali. Jangan meninjau perubahan apapun.",negative,True
16501_bt,16501,"Dari semua rumah sakit yang pernah kudatangi, ini yang terburuk. Jika Anda bisa memberi saya 0. Dari awal ada biaya admin 50 ribu. Dan kemudian aku mendaftar untuk dokter lain, tapi aku menukarnya dengan Dr. Eva Suryani. Ketika saya masuk, saya ditanya apa yang bisa saya bantu, dan saya bercerita tentang masalah mental saya selama bertahun-tahun, penuh dengan pikiran-pikiran negatif trauma, jadi saya tidak bisa tidur. Lalu dokter mengatakan ini adalah masa lalu yang perlu dilupakan dan diresepkan untuk obat tidur dan stabilisator suasana hati. Proses ini hanya 15 menit di 400. Kemudian bagian admin begitu kacau dan kekacauan harus menunggu sekitar satu jam. Setelah pulang dari rumah sakit, bukannya aku merasa membantu tapi lebih tertekan bahwa aku harus pergi ke dokter dan membuang 500 ribu untuk apa-apa.",negative,True
16509_bt,16509,"Maaf, tapi jika Anda bisa, untuk mesin online, silakan membuatnya terlihat seperti itu di 0800 karena untuk pasien kulit, itu terbatas kepada 25 orang. Jadi kita kehabisan waktu, siapa yang cukup cepat untuk menangkapnya.",negative,True
16513_bt,16513,Dorongan bayinya tak sebanding dengan roda di lantai depan. Liftnya terbuka. Berbahaya melewati kursi roda atau mendorong bayi.,negative,True
16514_bt,16514,Aku pasien Pelni.,negative,True
16517_bt,16517,"si brengsek ini sakit agar bisa duduk Oh, Tuhan. Benar-benar tidak bisa menghargai pasien ini R. Besar kecewa.",negative,True
16531_bt,16531,"Layanan yang baik, dokter yang baik dan tempat yang nyaman
Jangan ragu untuk minum obat atau pemeriksaan medis di sini.
Cinta",negative,True
16532_bt,16532,Aku tidak tahu. Aku tidak tahu.,negative,True
16542_bt,16542,"Aman, dokter biasa kami, Dr. Noviati tanoto spa.. mendapat kamar 3bed, karena tidak ada 2bed.
Tiga puluh perawat lantai juga ok, ramah.",negative,True
16546_bt,16546,"Telepon tidak pernah diangkat, admin mendaftar untuk sebuah poli dan kemudian ditransfer ke minggu depan, dan cuti dokter minggu depan. Sejauh administrasi yang bersangkutan, pasien perlu mempersiapkan untuk operasi besar.",negative,True
16547_bt,16547,"layanan buruk
Pengobatan buruk
Perlakuan buruk sejak awal. Igd mengurus penerimaan tersebut, petugas sangat lambat dan seperti tidak tahu apa-apa. Di rumah sakit untuk perawatan, perawat juga tidak memiliki inisiatif apapun. tidak perlu bertanya dulu dan kemudian bergerak. Infus tidak dikendalikan. Kita harus membunyikan bel ketika kita keluar untuk mendapatkan pengganti. Dokter juga tidak mendukung. Berbicara tentang pedantic, tidak tenang, menakutkan. Perawat di rumah sakit berisik dan bercanda di lorong. Aku tidak tahu bagaimana ada rumah sakit seperti ini. Ketika datang untuk membayar, membayar paling cepat. Ada yang dibayar terlalu banyak, pencemaran harus menunggu dua minggu. Harganya juga tidak murah. Lebih baik pergi langsung ke rumah sakit yang sudah profesional sehingga tidak biaya apapun.",negative,True
16558_bt,16558,"Aku kecewa. Istri saya ingin menjadi lebih baik, tapi di sini dia berbicara tentang kurangnya saya istri ""dan saudara perempuan sampai dia mendengar saya dan menjadi lebih kekerasan.",negative,True
16572_bt,16572,"menginap di silom jeruk kemarin malam. Harus kuakui, aku bersenang-senang.",negative,True
16594_bt,16594,"Perawat terbaik dari dokter. Ok. Yah, aku sudah pindah ke studi rumah sakit, hanya ingin memberikan bintang-bintang satu untuk apotek nya, menunggu obat lama, generik.",negative,True
16604_bt,16604,"Urutan panggilan tidak jelas,
Tentara harus disiplin dan tertib, aku takut tidak.",negative,True
16609_bt,16609,Untuk pasien di sini. Ok. Layanan. Sisanya adalah untuk bpjs ok,negative,True
16614_bt,16614,Saya tidak menyesal harus merawat bayi saya dan berkonsultasi dengan Dr Rian di rumah sakit ini. Aku minta maaf untuk semua perawat.,negative,True
16618_bt,16618,Anakku sakit. Aku memintanya untuk mengurus kondisinya. Tidak mungkin bahwa dokter mengatakan ia tidak perlu diobati.,negative,True
16622_bt,16622,"Aku biasa berjalan di Tzu Chi RS, bersih sekali, perawat itu ramah, dan aku mengambilnya secara gratis.",negative,True
16623_bt,16623,"Informasi aliran pendaftaran mudah, bisa daftar online sehingga tidak harus datang di pagi hari.",negative,True
16633_bt,16633,"Layanannya ramah, kondisi toilet bersih, ada tempat parkir. Untuk pertama kalinya datang ke sini, itu harus membuat janji pertama untuk penjadwalan cek. Rs.Mma baik untuk referensi penyakit di sekitar mata",negative,True
16659_bt,16659,"Layanan yang bagus, dokter yang ramah dan rumah sakit yang nyaman.",negative,True
16661_bt,16661,Dari awal kehamilan pertama dengan Dr. Edward dr. Obgyn hits sampai lahir di RS. Keluarga.,negative,True
16665_bt,16665,Perawat dan brader yang ramah.,negative,True
16676_bt,16676,Layanan sangat buruk. Anakku pergi ke rumah sakit ini karena demam. Dia berada di sana tiga hari. Tapi perawat sangat lucu. Untuk disebut bel seolah-olah itu terganggu.,negative,True
16689_bt,16689,"Layanan tidak cepat dan biaya lebih mahal. Namun, hasilnya tidak pernah mengecewakan.",negative,True
16698_bt,16698,"Terima kasih Tuhan untuk pengobatan di sini. Jasanya ramah, bersih, dan nyaman, selalu sukses.",negative,True
16709_bt,16709,"Benar-benar berbeda dari pelayanannya,
Jika untuk waktu yang lama, para dokter harus memberikan selimut, sehingga harus diminta, untuk mereka yang menunggu sampai mereka duduk di deprok, namun resusitasi untuk anak saya benar-benar terbuka. Tidak ada privasi sama sekali, tidak mendorong proses dengan itu. Ini harus dilakukan lebih cepat.",negative,True
16722_bt,16722,"Pengalaman pertama adalah dengan bpjs dalam keluarga Margonda, untuk spesialis tulang, untuk mengambil layanan ibu, perawatan cepat, dokternya begitu tipis dan menyediakan informasi yang pasien butuhkan.",negative,True
16723_bt,16723,"Karyawannya bersahabat, aku adalah vicsum dsene, pelayanan baik dan sopan, tks",negative,True
16724_bt,16724,Sebuah Igd pada hari Minggu. Jika Anda bisa mendapatkan karyawan asuransi dan kasir. Bukan orang yang sama. Belum lagi antrian Minggu. Ini juga tidak tenang.,negative,True
16738_bt,16738,"Layanan respon cepat, perawat dan bidan, ramah untuk ruang dongodil dan kamar bayi.",negative,True
16741_bt,16741,"Semakin kita sampai di sini, semakin kita tidak jelas pada manajemen. Aku sudah kembali tiga kali sejak minggu lalu sampai hari ini tapi aku masih tidak bisa check up. Tidak ada informasi kepada pasien tentang pergantian jam layanan spesialis. Apakah tidak ada pengawasan untuk menginformasikan pasien?",negative,True
16742_bt,16742,Terus bekerja pada tubuh di rumah sakit serangan. Ini akan kembali jika aku punya masalah medis.,negative,True
16754_bt,16754,"Layanan mengecewakan, harus bolak-balik untuk mendapatkan obat, untuk berbagai alasan, apakah itu karena pasien diperlakukan seperti itu?",negative,True
16759_bt,16759,"Untuk spesialis amalia, penjelasan rinci, ramah dan mengajarkan bagaimana mencuci hidung. Dia tidak boleh pelit dengan ilmu pengetahuan dan waktu. mksi",negative,True
16761_bt,16761,"Setelah memeriksa ke apotek, menunggu antrian panjang, diharapkan untuk mengambil sore.",negative,True
16762_bt,16762,"Aku di sini untuk pemeriksaan kesehatan gratis. Saya tidak memiliki masalah dengan layanan mereka, meskipun mereka tampak seperti mahasiswa baru. Tapi secara keseluruhan tidak ada masalah. Akan sulit untuk menemukan tempat parkir. Mereka mendirikan tempat parkir di belakang rumah sakit. Rumah sakit ini juga dapat menerima layanan bpjs",negative,True
16766_bt,16766,"Rumah sakit baik sekarang. Ya, benar. Ada di rumah sakit.",negative,True
16768_bt,16768,"Layanan lab yang baik. Petugas itu ramah, tapi darah diambil.",negative,True
16779_bt,16779,Jam berkunjung hanya bisa jam 5: 00 sore sampai 8: 00,negative,True
16781_bt,16781,"Layanan ini mengerikan, begitu lembut. Terlalu banyak petunjuk. Lempar saja ke sini.",negative,True
16784_bt,16784,Fasilitas ini sangat bagus untuk kelas tiga.,negative,True
16797_bt,16797,Dr. ari sigit spesialis tulang belakang tidak sangat ramah. Layanan buruk.,negative,True
16800_bt,16800,"Rumah sakit aman. Lokasi strategis. Host-ramah. Ini adalah suasana yang nyaman, fasilitas yang lengkap. Ibuku melahirkan anak ketiganya pada usia 47 tahun biasanya di sini dengan bantuan tenaga medis profesional.",negative,True
16809_bt,16809,Butuh waktu lama untuk membeli layanan. Tidak seperti siloam.,negative,True
16827_bt,16827,"5105
Aku memainkan peran yang baik.",negative,True
16833_bt,16833,Dokter dan perawat ramah. Tempat ini bagus. Jasanya sudah siap.,negative,True
16835_bt,16835,"Layanan yang baik, pelayanan ramah, lingkungan yang bersih, perawat. Sangat sabar. Makanannya juga enak.",negative,True
16854_bt,16854,"Layanan farmasi buruk! Ada beberapa pasien tapi waktu menunggu obat untuk hampir satu jam, karyawan sendiri sibuk dan tidak mengerti apa yang sebenarnya membuat waktu menunggu lebih lama.",negative,True
16856_bt,16856,Ada baiknya untuk berada di tingkat layanan.,negative,True
16866_bt,16866,Layanan yang bagus dan pendaftaran cepat dan ruang tunggu. Oke. Ada mainan anak-anak.,negative,True
16868_bt,16868,"Layanan yang baik, semua dokter dan staf keamanan yang ramah... melanjutkan layanan",negative,True
16876_bt,16876,"Dengan lumba-lumba yang ada di dalam kotak, 10 masalah terpecahkan.",negative,True
16879_bt,16879,Pengobatan orang tua pasien. Sayangnya itu berubah menjadi negara yang parah. Yah... menangani mereka seperti preman untuk anak-anak kasar sekarang.,negative,True
16894_bt,16894,Tempat yang bagus. Bersih seperti baru. Drug-free test hanya 230rb. Layanan keamanan yang bagus. sangat bagus,negative,True
16906_bt,16906,Layanan Ok,negative,True
16912_bt,16912,"Kurasa layanan di sini buruk. Aliran prosedurnya sangat parah, dari tempat yang diperintahkan untuk menempatkan b, sudah tempat ini di mana b diminta, kembali ke mana seseorang berkata begitu, meminta orang yang berbeda. Lelah marah, menunggu lama, seperti semua petugas dalam banyak bisnis tapi bukan urusannya. Ada lebih dari ini daripada hanya mengambil satu jam. Aku menunggu petugas untuk berbicara. Sudah menunggu banyak pasien untuk membiasakan diri, dan kemudian menumpuk. Jelas kau lelah sendirian, alirannya sangat tidak efisien.",negative,True
16919_bt,16919,Bagus dan cepat.,negative,True
16922_bt,16922,"Dokter tidak tepat waktu. Mungkin mereka tidak menyadarinya. Ya, pasien itu masih bayi. Itu menyebalkan.",negative,True
16925_bt,16925,"Layanan yang cepat, petugas ramah, bisa menggunakan bpjs jika palsu 1 ada di sini",negative,True
16937_bt,16937,"Terima kasih Tuhan untuk Anda, pengalaman saya dan suami saya, dalam gambar arafiq, selalu dengan cara yang mudah, dalam pelayanannya, apalagi rutin suami saya pada Kamis Senin, untuk menandatangani tanpa antrian.",negative,True
16945_bt,16945,"Sekarang jam 8: 00 Jumat, 10: 00. Dalam pasar yang kaya dan keras, entah itu perawat atau dokter.",negative,True
16953_bt,16953,"Aku hamil enam bulan dengan bidan memakai kacamata, katanya tangannya penuh dengan kelahiran normal. Tujuh bulan hamil. Aku mengacu pada roti rumah sakit dan perawatnya, dan hasil labku terbuat dari urin. Di laboratorium, tidak ada pemeriksaan urin, karena kakiku bengkak. Mereka takut aku diprovokasi. Jangan khawatir. Aku hamil. Aku rentan. Jika Anda tidak ingin aku pergi langsung ke idd tersebut. Tanpa sinyal mereka, aku lari ke Idd!",negative,True
16967_bt,16967,"kecewa pada sistem parkir yang sama, tiket itu hilang dalam denda 50 k ketika itu pasti flaazz.",negative,True
16979_bt,16979,Penangan rumah sakit Helsa jelek tidak peduli seberapa panas anakku seminggu lagi.,negative,True
16982_bt,16982,"Layanan itu mengerikan. Datanglah ke klinik spesialis kulit di lantai lima. Akhirnya memutuskan untuk membatalkan, resepsionis lantai lima memberikan layanan yang buruk,",negative,True
16984_bt,16984,"Perdana Menteri d RIHHIRIHIN, terima kasih Tuhan benih berada dalam sedemikian rupa, semua rincian d menjawab rincian, Anda bisa mendapatkan pitch penuh juga, bpjs, tembakan bayi.",negative,True
16999_bt,16999,Sudah waktunya bagi perawat untuk pergi tidur.,negative,True
17015_bt,17015,Layanan administrasi buruk tapi masyarakat bertanya-tanya,negative,True
17025_bt,17025,"Adikku mengalami kecelakaan Rabu jam 3: 30 sore. Tapi dia menolak rumah sakit. Duafa mengatakan penjaga keamanannya penuh, gila. Ini adalah kehidupan manusia.",negative,True
17038_bt,17038,"spesialis ramah, rinci dalam penjelasan, perawat ramah, fasilitas lengkap.",negative,True
17039_bt,17039,"Kotor dan bau toilet, kita menunggu sampai dokter kulit pagi selesai op nya.",negative,True
17045_bt,17045,"Anakku disebut harapan kami, sekarang itu dipicu. Anakku sembuh lebih awal dan bisa dibawa pulang. Karena dokter mengatakan untuk tidak menunggu, tidak mengunjungi, menunggu di rumah sampai ia menelepon untuk menyapa.",negative,True
17050_bt,17050,"Layanan ini sangat buruk, gangguan pasien lainnya dengan kebisingan dan ketidakamanan malam ini sangat mengganggu untuk seluruh pasien lain, tetapi ketika konfirmasi terkait dengan masalah tersebut / orang yang bertanggung jawab untuk rumah sakit ini ringan menjawab itu bukan tanggung jawab rumah sakit",negative,True
17063_bt,17063,"Tidak dalam masa pensiun, kehormatan, walikota, polisi sampai dia memerintahkan pelayanan panjang. Itu omong kosong.",negative,True
17065_bt,17065,Vaksin poli baik-baik saja.,negative,True
17068_bt,17068,"Tubuh di Rumah Sakit Jakarta Selatan bersih sebagai hotel bintang 5, layanan rumah sakit bagus dan ramah, sangat baik, dalam periode covid 's. Ipd Nya baik untuk non covid dan covid.",negative,True
17069_bt,17069,"Pasien menunggu, tidak bisa naik ke lantai tiga menggunakan lift, harus naik tangga.",negative,True
17071_bt,17071,"Anak saya telah dirawat di ruang Daffodil, rs, ruang sangat bersih, hamba dari keamanan, staf ke dokter sangat ramah. Prosedur juga tidak diklasifikasikan.",negative,True
17094_bt,17094,Layanan buruk! Belum diperiksa lagi Ada apa?,negative,True
17103_bt,17103,"Layanan yang baik, tindakan cepat. Disarankan untuk area pil.",negative,True
17104_bt,17104,"Aku dipaksa untuk mencintai bintang salah satu tindakan ketus dan Sooy dari dokter orthopedi ivan mac theda. Dia tidak harus menjadi dokter jika dia masih kram dan sotoy ketika melayani mama saya. Ivan mac theda tidak mampu untuk melihat bahwa daerah permukaan kaki kanan terinfeksi dan ada nanah tersembunyi yang perlu dirilis segera dengan cara modern npwt (tekanan negatif tidak akan ditutupi oleh bpjs. Ibuku sedang dalam perawatan, dokter. Seorang dokter spesialis hardy di rumah sakit prezu chi. Hampir setahun. Dia tidak tahan melihat bahwa ada peradangan pada kulit permukaan yang sudah di luar luka. Saya pikir dia masih mahasiswa kedokteran. Tetap buka. Dan hanya melihat mejanya tanpa sikap dokter yang harus pergi ke pasien untuk melakukan cek. Sikap suka memerintah ini tidak pantas untuk profesi dokter. Aku membawa ibuku ke ivan mac theda Jumat 02 aug 2024 untuk kebutuhan x-ray.
Pedis dextra ap / latat untuk menentukan apakah infeksi telah mencapai tingkat osteomyelitis. Sebagai hasil dari inkompetensi ivan mac ini yang akan membuka perban luka hanya untuk menentukan apakah ibu jari saya terluka, mama saya tidak bisa mendapatkan X- ray pada hari yang sama karena jumlah kali bahwa ivan ini juga akan berani mengatakan bahwa ibu saya hanya bisa terkena Jumat depan. Sebuah kesempatan bpjs x-ray hilang karena kurangnya ketidakmampuan dan masih kurang dari ivan mactheda pengalaman dalam menangani mama saya untuk membuat membungkus luka terbuka dan menutupnya kembali dengan perban oleh perawat. Temannya: dia mengatakan kepada kita untuk tidak mencarinya lagi ketika kita tidak perlu mengatakan bahwa kita tidak ingin melihat ivan mactheda lagi meskipun di jantung amit bertemu ivan mac theda (attanisme) lagi, apalagi merawatnya. Tapi aku membatalkan ivan mac theda. Itu dikoreksi oleh perawat untuk menyerahkan lembar kepada saya. Ini berbahaya jika nanti pada operasi kaki yang salah dari pasien, yang benar, kiri.kuat tidak merekomendasikan ivan!",negative,True
17109_bt,17109,"Layanan sekolah lama masih menggunakan peta dan berjalan dari stan ke counter, maka garis panjang, tata letak berantakan, ruang tunggu terlihat berantakan, lantai kotor, asap tidak dingin. Mari kita berharap itu akan lebih baik di masa depan.",negative,True
17126_bt,17126,Bidan yang indah dan ramah. Jasa kelahiran yang lembut.,negative,True
17132_bt,17132,"Dokter tidak ramah, perawat begitu sombong, meminta keluhan pasien saat ia menyentuh tangannya.",negative,True
17133_bt,17133,Rumah sakit bersih. Bagus dan pelayanan. Tidak seburuk itu.,negative,True
17139_bt,17139,"Layanan yang bagus, respon cepat. Ketika istri jatuh sakit, dia tidak bisa menangani pasien.",negative,True
17143_bt,17143,"Rumah sakit tidak jelas, istri saya beroperasi di sesar, jahitannya tidak sengaja dibuka, mereka bilang mengeluarkan infeksinya, tidak logis jahitannya sedikit, seperti yang disengaja infeksi, untuk dibayar,",negative,True
17147_bt,17147,"Rumah sakit sangat baik, perawatan perawat ramah, seperti keluarga, mencintai layanan.",negative,True
17149_bt,17149,"Bagian atas layanan, sudah 3 kali. Kau selalu baik.",negative,True
17154_bt,17154,"Orang-orang yang sesak napas hanya membuangnya di idd, gid penuh mengirimkannya ke poli, poi tidak mengirimkannya ke idd, itu baik untuk tidak mati kehabisan napas.",negative,True
17159_bt,17159,layanan buruk,negative,True
17162_bt,17162,Menghormati dan menghormati kemanusiaan tidak menganggap ras dalam melayani semua pengunjung di rumah sakit cinta,negative,True
17164_bt,17164,"Layanan yang baik, perawatnya ramah. Untuk keamanannya, sangat perseptif dan ramah. Sama-sama.",negative,True
17186_bt,17186,Anakku uwais al qorny lahir di RS Trimitra pada 2 Juli 2015 pada 14.10,negative,True
17191_bt,17191,"Sebenarnya, aku suka rumah sakit. Ini bersih. Staf hanya garis.",negative,True
17193_bt,17193,Farmasi buruk. Layanan tidak cukup cepat bagi orang untuk menunggu terlalu lama.,negative,True
17196_bt,17196,"Ini buruk. Pelayanannya buruk.
Pertama ke sana. Bawa referensi klinik.
Tapi untuk departemen pendaftaran, ia mengatakan untuk menyuruhnya untuk pergi ke departemen informasi untuk memesan dokter anak nya.
cocok dengan informasi masnya,
Tunggu satu jam di sana
Ketika datang hanya untuk mengambil sebuah nomor antrian, memberitahu mereka untuk mendaftar lagi.
Dan setelah pendaftaran, ia mengatakan ia adalah seorang dokter boking penuh.
Ini adalah orang yang sama yang diberitahu untuk memberitahu.
Kenapa kau tidak bilang kalau dokter itu penuh sesak?
Jadi orang tidak perlu menunggu lama tanpa mengetahui pasti.
Posisi anakku sakit. Perlu obat, tapi ada di luar sini.
Dan tidak ada sama sekali",negative,True
17199_bt,17199,"Ini adalah layanan yang mengerikan bagi orang-orang yang tidak membayar, tetapi orang menggunakannya setiap bulan. Kau tidak seperti guru yang dulu. Aku tahu, itu hanya ramah bagi kita yang membayar, tetapi bagi mereka yang memakainya, sayangnya, dalam foto ini, itu bukan dokter tidak beradab, karena ketika aku pergi mencarinya, dia adalah seorang pria 40 tahun.",negative,True
17200_bt,17200,"Rumah sakit cukup lengkap. Fasilitas, tempat yang bagus, layanan yang bagus, tapi kadang-kadang terlalu banyak jadi tidak perlu check it out. Ruangan ini tidak begitu besar, standar, mungkin karena rumah sakit sudah tua.",negative,True
17204_bt,17204,Pelelangnya bagus. Dokter juga sangat kompeten. Hanya saja proses pengembalian butuh waktu lama. Ini akan mengambil jam.,negative,True
17207_bt,17207,Anda dapat menggunakan teleedicine layanan di sini jika Anda datang ke rumah sakit. Atau layanan jiwa dijemput dalam ambulans. Aku sangat senang berada di sini. Obatnya juga tersedia.,negative,True
17209_bt,17209,"Maaf tentang fakta.
Layanan super-lambat saya datang pada 3 sampai 5 melalui kursus hari. Dokter apa? Seorang perawat kecil sangat kurus. Etika tidak berbicara sopan. Pasien sekarat buru-buru
Akhir akhir pasien akhirnya dipaksa untuk peringkat lima bintang untuk layanan nya.
Maafkan aku.",negative,True
17211_bt,17211,Ibuku adalah mitra rumah sakit. menangani dalam cepat gid meskipun penuh. Perawat juga ramah. Tempat tidurnya nyaman.,negative,True
17220_bt,17220,"Perawat itu ramah, tempatnya bersih, dokter itu ramah, dia baik, dia membantu, fasilitasnya lengkap.",negative,True
17221_bt,17221,Layanan itu cepat. Layanan itu cepat. Layanan itu ramah.,negative,True
17222_bt,17222,"Orang-orang mengatakan bahwa layanan di sini menyebalkan!!, tapi aku merasa diperlakukan di sini 2 hari. Bagus.",negative,True
17228_bt,17228,Melayani bintang untuk berbicara.. Ya.,negative,True
17233_bt,17233,"Comprehensive bidan layanan praktek, dimulai dengan masalah kesehatan reproduksi, remaja, program hamil, cek untuk kehamilan tenaga kerja dan parentingmya kelas jalpppp polling",negative,True
17234_bt,17234,"Layanan sangat lambat, anak saya membutuhkan 1 / 2 hari untuk berkonsultasi dengan dokter, tidak ada parkir, tidak ada lalu lintas... sangat rumit, tidak direkomendasikan?",negative,True
17243_bt,17243,Sudah lama kita tak masuk daftar.,negative,True
17254_bt,17254,Selang IV telah dihapus pagi-pagi sekali. Katakan padanya untuk menunggu dokter sampai tengah malam sampai dia memberikan obatnya. Janji dengan perawat akan segera datang. Kendali menyuruhnya datang di pagi hari. Dokter ganda mengalami hari yang buruk. Kecoa kaya akan ternak. Kontrol dokter tidak datang tepat waktu.,negative,True
17256_bt,17256,"Dalam Idd dari 3 sampai 6 malam, belum diberikan ruang serta anak saya.",negative,True
17257_bt,17257,Perawat Upd itu kejam dan tidak berhati-hati. Ini tidak bagus dan tidak nyaman.,negative,True
17264_bt,17264,"Layanan ini sangat, sangat buruk dari tingkat idd untuk pengobatan, bahkan pasien belum sembuh juga, ruangan ini kosong.",negative,True
17304_bt,17304,"Tidak ada rasa hormat. Penjaga keamanan yang sama yang bekerja di rumah sakit di lantai tiga, itulah bagaimana kita datang di mengunjungi ruangan saja, mengapa kita harus mengambil gambar dan menunggu saudara sakit untuk sakit?",negative,True
17305_bt,17305,"Perawat yang baik, ruangan bersih, rumah sakit yang baik, saya berharap itu menyakitkan saya akan seperti biasa, aamin.",negative,True
17307_bt,17307,"Lagipula, perawat itu sopan dan ramah.",negative,True
17313_bt,17313,"Sangat tidak mungkin untuk recomm entitas untuk masuk ke rumah sakit. Ini sangat lambat, susternyq jutek, bayi infus.",negative,True
17340_bt,17340,Saya sangat kecewa dalam mengambil obat di peternakan. Dari pertukaran slip ke antrian 1 jam menunggu dipanggil kembali untuk pengiriman obat lain dalam satu jam karena kami menggunakan layanan kesehatan bahkan layanan perawat tidak sesuai dengan kode etik untuk kelas 3. Tolong perhatikan dan evaluasi ulang semua pasien dan sup jasa farmasi. Berikan perawatan kesehatan untuk pasien serta kesehatan baru. Aku minum obat pada prizeball cepat.,negative,True
17358_bt,17358,Layanan telah menyakiti hatiku ketika saya membayar begitu banyak. Bagaimana kalau aku menggunakannya ketika aku tidak kembali ke pelayanan? Terutama dengan dokter yang namanya maildatawati.,negative,True
17361_bt,17361,"Dokter obgyn di mata saya Saya mengakui markotop top. Yang jelek adalah garisnya. Ini benar-benar samar dan tidak transparan. apakah antrian cocok dengan daftar pertama, atau antrian cocok dengan walk dalam ketika daftar ulang? Awalnya dikatakan dokter mulai latihan pukul 10: 00 pagi. Aku tahu dokter ini mengantri untuk waktu yang lama, dan aku 23. Aku datang jam 5: 00 untuk menunggu. Ternyata saat aku masuk, hanya ada lima orang. Aku akhirnya tinggal di luar, dan aku kembali pukul 7: 00. Yang baru memiliki lima. Akhirnya menunggu sampai 10: 00 Lebih baik, manajemen dianggap sebagai cara efektif untuk berbaris bagaimana untuk tidak membuang-buang waktu orang. Setidaknya gunakan sistem, pemberitahuan teks atau teks ketika datang ke pasien. Jangan menunggu lama. Tidak apa-apa. 30K untuk sistem antrian, daripada menghabiskan waktu! Sudah waktunya!",negative,True
17373_bt,17373,"Hati-hati penipuan layanan valet. Ditanyakan apakah tidak apa-apa untuk parkir di slot kosong di depan RS, karena saya dan anak-anak lebih suka menunggu di mobil daripada di rumah sakit untuk covid ini. Katanya itu slot valet, eh... ketika aku membayarnya, itu dipindahkan karena ada dokter yang ingin parkir. Ketika saya ingin pindah ke sisi lain, saya akan membayar tagihan.",negative,True
17386_bt,17386,"Layanan terburuk, telepon beberapa kali tidak ada jawaban: (Saya harus memanggil Upd untuk meminta koneksi: (",negative,True
17389_bt,17389,"Dirawat di sini kemarin. Oke, dari pemasaran, saudara, rumah tangga ke dokter. Terima kasih.",negative,True
17395_bt,17395,"Sudah lama sekali, dokter ibuku.",negative,True
17408_bt,17408,Selamat malam kepada pemilik RS gambar Arafiq istri saya terhubung oleh bidan untuk observasi ke rumah sakit ini,negative,True
17410_bt,17410,"Layanan rumah sakit nya cepat, bersih, dokter anak vingan",negative,True
17420_bt,17420,"Layanan yang tidak ramah, dokter yang tidak komunikatif. Bisa melewatkan kunjungan dokter.",negative,True
17422_bt,17422,Terima kasih Tuhan untukmu. Di RS.,negative,True
17426_bt,17426,"Rumah sakit adalah yang paling lambat pula selama aku pada mode apapun
dari memulai sebuah antrian bukan esensial
Tapi dipanggil saat tinggal 3 Agustus lagi. Itu juga karena kemarahan "".
Urutan antrian tak terjawab
Aku meminta panggilan ke antrian menurut nomor urutan online atau pendaftaran di toko jawan berubah
pertama katakan itu sejalan
Sementara saya mengatakan bahwa daftar di kamar terakhir telah disebut
Setelah saya katakan, jawabannya berbeda.
Aku semakin marah. Ibuku sedang online tanggal 26. Tapi nomor di telepon disebut.
setelah marah ""Lansunv baru disebut
Sudah 2 dan 2 pengalaman seperti ini. Bahkan sebelumnya dikendalikan. Pertama sampai panggilan terakhir.
Apakah sup di sini atau tidak?
Belum lagi apotek. Menunggu obatnya. Bisa 2 jam lambat.
Kendalikan dan tunggu obatnya. Ini akan dari 1: 00 sampai 10: 00 sampai 10: 00, bahkan karena begitu lambat.",negative,True
17427_bt,17427,"Praktek dokter tidak sesuai jadwal.
Setiap kontrol menunggu lebih dari dua jam. Dan setiap kunjungan ada di video.",negative,True
17431_bt,17431,"Bagus dan cepat layanan, diperlakukan seperti yang dijanjikan.",negative,True
17434_bt,17434,"Rumah sakit bersih, bangunan kokoh, layanan cepat untuk daerah strategis selatan, layanan untuk kedatangan.",negative,True
17436_bt,17436,Anak saya telah berada di rumah sakit selama tiga bulan terakhir dengan kebijakan satu kelas.,negative,True
17441_bt,17441,"Ini adalah sumpah keren perbudakan, ibu mertua, dari awal hidup saya dengan cara bahwa anak saya tidak memiliki kamar anak di antaranya, karena saya penuh dengan anak-anak, dan kemudian saya menemukan RS.",negative,True
17459_bt,17459,"Layanan buruk, jadi mari kita mendapatkannya kembali. Katakan padanya untuk kembali ke dokter. Tanya dia. Ini. Kau harus membayar kami kembali setiap bulan. Oh, Tuhan.",negative,True
17470_bt,17470,"Aku menunggu laporan lab selama 5 hari dan aku tidak pernah menerima hasilnya melalui email sampai sekarang. Ccs memberi saya nomor ekstensi lab, tapi aku menelepon hampir 10 kali, tapi tidak ada yang menjawab. layanan pelanggan tidak dapat memberikan solusi sama sekali, dan berulang kali mereka kembali panggilan saya ke nomor ekstensi dan tidak ada yang pernah mengambil... Buang-buang waktu dan uang.",negative,True
17477_bt,17477,Rumah sakit ini nyaman. Layanan juga ramah. Aku datang pada hari Sabtu dan itu kesepian.,negative,True
17481_bt,17481,"Saya sudah dua kali berada di rumah sakit ini, dengan biaya yang mahal, tapi layanan & perawatan untuk pasien yang buruk, peraturan & penjelasan untuk lebih sedikit pasien komunikasi, & perawatan lambat bagi pasien,",negative,True
17484_bt,17484,"Sayang sekali, tidak heran Covid19 menyebar begitu cepat.",negative,True
17496_bt,17496,"Dauddil & unit pembibitan
Terima kasih atas pelayanan Anda, untuk dokter Yuma dokter Anda, Dr martini.",negative,True
17533_bt,17533,Istriku melahirkan anak yang sangat nyaman. Anakku juga mungkin melihat proses kelahiran adiknya.,negative,True
17543_bt,17543,"Beberapa minggu yang lalu. Aku datang awal pukul 7: 00 untuk anak itu, menunggu lama karena Jumat disebut sekitar 10: 00 atau lebih. Dapatkan di lantai dua dan memberitahu mereka untuk menunggu dokter di 02: 00 dan kami akan otomatis pulang. Ketika kami 2: 00 lagi, mengapa dokter anak datang di 10: 00? Itu seharusnya disebut.",negative,True
17547_bt,17547,Para dokter di rumah sakit semua jam karet. Ini adalah layanan dari administrasi ke apotek. - Sungguh.,negative,True
17559_bt,17559,Layanan tidak nyaman dengan rumah sakit. Bagus tapi tidak ada isolasi. Apa yang kupikirkan?,negative,True
17561_bt,17561,"Maafkan aku. Kenapa kau tidak menelepon saya kembali pada tahun 2018 ketika saya berada di grrcep, operasi ramah, ketika saya masih pada hari Jumat di malam hari ketika saya sedang dalam perjalanan ke lantai 15?",negative,True
17575_bt,17575,"Selamat siang untuk kemuliaan,
Tolong berikan aku masukan. Layanan perawatan. Tolong seimbangkan dengan perawatan rawat jalan.",negative,True
17585_bt,17585,Layanan farmasi-nya sangat baik.,negative,True
17587_bt,17587,"Sedikit pengalaman berbagi layanan sebagai pasien medis,",negative,True
17599_bt,17599,"5105
Aku memainkan peran yang baik.",negative,True
17615_bt,17615,Untuk tempat yang bersih. Pengobatan yang nyaman untuk pengobatan. Ya.,negative,True
17628_bt,17628,Saudaraku. Sejarah delapan. tahun,negative,True
17630_bt,17630,Butuh waktu hampir dua jam untuk mendapatkan obat dari idd.,negative,True
17635_bt,17635,"Aku tidak bisa mengatakan lagi untuk pelayanan rumah sakit ini, karena rasanya seperti kata-kata kasar tidak cukup untuk menggambarkan kekecewaan saya di rumah sakit ini. Saya seorang pasien dengan wabah sekarang, datang dengan hasil dari ctscan dan slob yang positif, dan ternyata menjadi hari ketiga hanya mendapat kata bahwa hal itu tidak dapat mengklaim asuransi. Mengapa begitu terlambat untuk memberikan informasi? Tiga hari saya harus membayar 11.000 dan harus membuat pinjaman di sini dan di sini untuk menghabiskan malam pertama di sini. Kamar saya bahkan tidak dalam urutan yang tepat. Kamar mana yang seharusnya, karena masih ada pasien. Dimana koordinatnya? Dan kemudian tidak ada bel untuk memanggil perawat, sehingga tiba-tiba covid saya tersedak!!!! Besok malam dimana botol infus ku kosong sepanjang malam dan tidak berubah, perawat ku tidak datang, jadi aku pergi ke stasiun perawat. Astaga, penyakitku bukan permainan. Ini perlombaan dan perlombaan, bukan kualitas dalam pelayanan. Hanya sekali aku di sini!!",negative,True
17638_bt,17638,"Layanan pelanggannya sangat ceroboh, respon chatting panjang. Aku ingin mengubahnya ke akun lain, tapi ternyata hanya ada satu. kecewa.",negative,True
17645_bt,17645,"Ini adalah awal yang baik, waktu yang sangat lama. Daftar poli- capes dari pagi bahkan satu jam sebelumnya. Kemarin sangat bagus. Kau... sungguh sia-sia.",negative,True
17656_bt,17656,"Pengalaman medis untuk p.star dr.p menggunakan bpjs, layanan yang digital. Jadi termasuk proses yang lebih cepat dari memulai daftar, lab, radiologi untuk menunggu relatif obat tersebut lebih cepat.",negative,True
17664_bt,17664,"Layanan. Oke, semuanya. Oke.",negative,True
17673_bt,17673,Rumah sakit bersih.. pelayanan ramah.. harga juga tidak mahal.. Ini respon cepat.,negative,True
17687_bt,17687,"Coba dokter paru-paru sekali. Bertemu ginekolog dengan gina dodgy r *.
Konsul hanya mengocok mesin tik. Kami mengajukan pertanyaan dan meminta mereka untuk menjelaskan masalah kita. Mereka tidak menjelaskannya. Tiga kali konsul akhirnya kelelahan. Konsul menunggu dalam satu jam tanpa alasan untuk dijawab. Saya berharap dari RS untuk melihat apa yang telah dilakukan dokter Sonon.",negative,True
17689_bt,17689,"Seminggu yang lalu, istrinya dirampok di rumah sakit, tapi layanan medisnya kurang menyeringai, demam darah lebih, lebih dari sebelumnya karena kurang teliti dan penanganan kompeten, mulai masuk ke idd tidak memeriksa sama sekali dengan dokter idd,",negative,True
17698_bt,17698,"Saya pikir ini review buruk dalam meditasi tidak benar, setelah membuktikan sendiri-jelas bahwa ini miskin pelayanan rumah sakit iman, layak untuk tidak maju dan berkembang seperti rumah sakit lain.",negative,True
17701_bt,17701,"Telepon tidak pernah diangkat, admin mendaftar untuk sebuah poli dan kemudian ditransfer ke minggu depan, dan cuti dokter minggu depan. Sejauh administrasi yang bersangkutan, pasien perlu mempersiapkan untuk operasi besar.",negative,True
17723_bt,17723,Saya ingin bertanya apakah Anda ingin daftar sebuah pergeseran 4 dimensi online ke nomor berapa itu karena nomor lama sudah aktif,negative,True
17724_bt,17724,"Layanan buruk. Tidak punya sopan santun. Resepsionis, perawat, dan terutama dokter dan petugas keamanan yang bertanggung jawab atas ruangan untuk menyapa.",negative,True
17752_bt,17752,"Untuk farmasi sangat ramah, informatif, tepat waktu bahkan dalam garis panjang.",negative,True
17754_bt,17754,Dari tiga bulan ke dua tahun yang lalu menyukai imunisasi di sini. Layanan dan informasi jelas. Tempat favorit ada taman bermain anak-anak. Sampai istri juga diperiksa di sini untuk tht poli.,negative,True
17757_bt,17757,Layanan buruk!! Seorang pasien dengan riwayat pembengkakan jantung diperintahkan untuk membawa barang-barangnya sendiri sampai dia tidak bisa bernapas!,negative,True
17760_bt,17760,"Tiga malam menginap di 7516 karena gangguan pencernaan. Respon cepat, perawat dan staf ramah dan membantu. Ruangan ini agak kuno, tapi masih nyaman.",negative,True
17763_bt,17763,"Hati-hati dengan rumah sakit ini, mata uang, lebih peduli tentang uang daripada kehidupan",negative,True
17764_bt,17764,"Kami sudah mengurus jalanan banyak di RS. Husada. Layanan sangat buruk. Contohnya, tahun 2022. Setelah menunggu lama, pukul 11: 00 dokter meninggalkan ruangan untuk pasien di lt 2 (non bpjs) sampai 12: 50 untuk kembali. Mengapa manajemen Husada mengatur jadwal yang sama untuk bpjs dan non-bpjs di dua lokasi yang berbeda? Dan pertama, pasien non-bpjs. Apakah pasien dianggap kurang dibayar? Bukankah pasien dibayar oleh apbn dan setiap bulan anggota bpjs membayar tagihan kecil ke negara? harus mengatur jadwal praktek yang berbeda antara bpjs dan pasien non bpjs. Sehingga bahkan dokter tidak perlu bolak-balik dan membuatnya tidak nyaman dalam latihan dan buang waktu!! Sebagian besar waktu. Alasan orang itu terbatas. Jika selalu begitu, mengapa tinggal di manajemen? Tidak ada rasa dalam jwb. Juga terlihat dalam gambar. Tidak ada pendeteksi fisik. Duduk di kursi berturut-turut. Ada banyak topeng di dagu, juga. Sepertinya satu difoto tapi tidak ada petugas yang mengaturnya. Ini adalah rs tapi membiarkan covid berjalan merajalela.",negative,True
17771_bt,17771,Layanan rumah sakit ini sangat baik. Petugas sangat ramah.,negative,True
17775_bt,17775,Tidak cocok untuk pengobatan di sini. Sudah waktunya untuk membiarkan pasien beristirahat. Berdoa tidak akan mungkin sampai 45 menit. Sudah waktunya untuk bergerak sekarang jika ini dia.,negative,True
17777_bt,17777,"Sudah lama sekali. Aku sudah menunggu tiga jam, tapi aku masih tidak bisa memberitahumu. Sudah lama.",negative,True
17779_bt,17779,Rumah sakit yang bagus. Staf ramah. Seringkali seminar berguna yang mendapat ilmu pengetahuan gratis.,negative,True
17780_bt,17780,"Sejak saat itu, para perawat harus pulang dari siang sampai siang. Mereka akan ditanyai pada perawat pasien, karena mereka dipaksa untuk pulang.",negative,True
17788_bt,17788,"Waktu itu anakku merawat... Dokter sangat ramah, ingin menjawab semua pertanyaan...
Staf dan perawat juga ibu.
Kamar rumah
Kita masih punya suvenir.",negative,True
17793_bt,17793,"Saya pertama kali divaksinasi di sini, kualitas layanan itu bagus, meskipun saya harus menunggu lebih dari dua jam, saya pikir itu kebijakan mereka untuk mengurangi kerumunan.",negative,True
17801_bt,17801,"Untuk stafnya. Nice, ramah dokter,
Hanya ada satu staf yang wajahnya putih. Ibuku lupa nama mereka. Judes, mendengarkan keluhan.",negative,True
17809_bt,17809,Daftar 3: 00 dijadwalkan untuk mulai pada 4: 00. Anakku benar-benar marah ketika dia menangis. Tolong urus rumah sakit. Saya tidak bpjs alias membayar. Terutama dengan bpjs.,negative,True
17810_bt,17810,"Melayani secara berlebihan. Kerja bagus, petugas dan perawat, tapi dokter tidak yakin. Sudah beberapa jam, tapi sudah lebih dari satu jam, dan kemudian sudah tertunda.",negative,True
17823_bt,17823,"Dari semua staf kantor tua, sepertinya semua orang sakit. Semua orang sakit. Semua orang sakit.",negative,True
17826_bt,17826,"Layanan perawat tidak ramah, kamar mandi kotor, air tidak bersih. Tolong, tolong, untuk ayah / ibu hrd untuk mendapatkan rincian lebih lanjut tentang pilihan penerimaan dokter rumah sakit Anda. Kami pikir ini adalah rumah sakit melakukan bisnis untuk pasien. Untuk orang tua yang sakit, berpikir tentang satu miliar kali pengobatan ke rumah sakit sane- sumber.",negative,True
17829_bt,17829,Layanan Upd buruk. Langkah / kejang disebut ketakutan.,negative,True
17844_bt,17844,"Tidak ada parkir mobil, harus valet dan membayar 25rb. Rumah sakit tidak memiliki tempat parkir yang memadai tapi memaksa pengunjung untuk membayar lebih. kesan pertama sangat buruk",negative,True
17856_bt,17856,"Perawat begitu baik, begitu cepat. Jangan khawatir tentang sendirian di dalam ruangan. Ruangan ini begitu bersih, itu akan dibersihkan dua kali sehari. Ini rekomendasi.",negative,True
17864_bt,17864,"Kemarin orang tua saya, saya mengatakan kepada mereka untuk pergi ke fmc untuk sesuatu yang dekat dengan rumah. Saya tidak akan meminta orang tua saya untuk datang langsung ke tipe b lain, jika ada indikasi bahwa setelah nilai saya adalah rumah, saya tidak akan mengirim orang tua saya ke idd tersebut. Jika saya tidak bisa membawa mereka ke rumah, saya minta maaf bahwa saya tidak bisa mendapatkan banyak stres, kondisi pasien lemah, kondisi pasien lemah, pasien tidak memiliki keberuntungan untuk makan dan minum. Aku bersumpah.",negative,True
17881_bt,17881,"Layanan ini sangat bagus dan ramah, layanan yang tidak dibedakan bpjs atau non bpjs, rumah sakit bersih dan nyaman",negative,True
17889_bt,17889,"Ini mengecewakan, perawat tidak begitu ramah. """,negative,True
17896_bt,17896,"Layanan itu mengerikan. Hanya meminta lubang pantat harus menunggu lebih dari dua jam. Jika kau menyuruhku kembali ke sini, aku tidak akan kembali.",negative,True
17903_bt,17903,"Layanannya sangat ramah, rumah sakitnya bagus.",negative,True
17911_bt,17911,"Kelas rumah sakit, tidak ada yang menelepon, di whatsapp tidak ada bales selama jam kerja. Jika seseorang sekarat atau membutuhkan bantuan segera, kemungkinan untuk mati di tempat.",negative,True
17914_bt,17914,"Layanan sangat buruk. Ini sudah terdaftar di poli eksekutif dengan jadwal dokter pukul 4: 17. Sampai 16,15 tapi harus menunggu 15 menit parkir, rumah sakit datang. Sekitar 1630 menyuruh dokter untuk pulang. Tidak menghargai waktu pasien.",negative,True
17917_bt,17917,"Layanan yang sangat lambat. Dokter kelahiran tidak begitu baik baik. Rumah sakit kotor juga, banyak nyamuk.",negative,True
17921_bt,17921,Layanan menyebalkan. Jangan bayar sendiri. Anda sudah tahu tentang pendarahan.,negative,True
17925_bt,17925,"Ketika anak saya berada di opname, perawat hampir memberinya obat yang salah pada IV. Ini adalah hal yang baik in- hukum saya bertanya pertama apakah itu obat untuk anak saya atau tidak.",negative,True
17928_bt,17928,Rumah sakit tidak mahal. Ini tidak mahal. Seharusnya Naro.,negative,True
17932_bt,17932,"Sudah lama sekali. Pasien pergi ke IDD umumnya darurat. Tapi dalam antrean, tiga pasien bisa menunggu berjam-jam. Pengalaman saya sendiri sampai aku pindah ke rumah sakit lain",negative,True
17947_bt,17947,Sudah lama sekali. Tidak.,negative,True
17951_bt,17951,Syukurlah kesehatan di sini bagus. Diperbarui melalui wa... membuatnya mudah untuk pendaftaran dan layanan bahkan jika menggunakan bpjs.,negative,True
17955_bt,17955,Pendaftaran tidak memiliki petugas menunggu selama 15 menit. Apa layanan. Dokter umum tidak bisa menggunakannya. Petugas mengatakan darurat harus dapat menggunakan bpjs.,negative,True
17959_bt,17959,"Tentu saja... layanan cepat, ramah, tanpa masalah, operasi sc d saya ada begitu nyaman... Terima kasih atas pelayananmu.",negative,True
17963_bt,17963,"Staf tidak terlalu marah, mereka tidak membantu saya ketika saya meminta air, semuanya lambat sampai mati.",negative,True
17973_bt,17973,Sudah waktunya bagi perawat untuk pergi tidur.,negative,True
17986_bt,17986,"Layanan yang bagus. Bahkan jika Anda tidak membawa uang, prioritas pertama pasien adalah kehidupan orang pertama.",negative,True
17996_bt,17996,"Lokasi strategis di jalur alternatif. Cibur, dekat dengan fasilitas umum lainnya, pelayanan ramah, seks.",negative,True
18004_bt,18004,"Pelayanannya sangat baik.
Dokter dan bidan di kamar bayi.",negative,True
18007_bt,18007,"Ini tidak terlalu layanan, itu buruk semua layanan, itu 30 Juni, 2024 di 12.15.00, dari awal perawat ke kasir dan apotek, tidak ada rekomendasi di sini.",negative,True
18010_bt,18010,"emcokesmas is not planting the service verybad lama, the sisausaywaysaysaysaywaywaywaiting ""until a week!",negative,True
18020_bt,18020,Layanan yang baik dan selalu membantu staf darurat yang paling ramah dan membantu saya staf eksekutif Perawat Yu lantai 4 recombed untuk pergi ke rumah sakit hermina,negative,True
18027_bt,18027,"Sempurna, lima rumah sakit bintang... pengalaman pertama rumah sakit ini langsung jatuh cinta, apalagi ditangani dengan dokter. Berlian yang super duper rendah hati dengan pasien, super rinci deskripsi...... nya.",negative,True
18028_bt,18028,"Aku akan mengingatmu seumur hidupku. Ditambah dengan suster2 di sisi lain, judes jutek anak adalah informatif, bukan pasien orientasi. Ini adalah pengalaman yang sangat traumatis, dan aku akan memastikan aku tidak pergi ke sana lagi.",negative,True
18030_bt,18030,"RS bersih asli saya kunjungi di kabla. Bogor sampai aku melihat bagian dalam itu merasa baik. Dikelilingi oleh taman yang indah, begitu juga dengan pembersihan daerah luar. Layanan di rumah sakit juga solid. Ini hanya R. Sentosa yang terbaik.",negative,True
18050_bt,18050,"Sangat, sangat, sangat, sangat, sangat, sangat, sangat, sangat, sangat, sangat, sangat, sangat, sangat, sangat, sangat, sangat, sangat, sangat, sangat, sangat, sangat, sangat, sangat, sangat, sangat, sangat, sangat, sangat, sangat, sangat, sangat, sangat, sangat, sangat, sangat, sangat, sangat, sangat, sangat, sangat, sangat, sangat, sangat, sangat, sangat, sangat, sangat, sangat, sangat, sangat,, sangat, sangat, sangat, sangat, sangat, sangat, sangat, sangat, sangat, sangat, sangat, sangat,,, sangat, sangat, sangat, sangat, sangat,, sangat,, sangat, sangat, sangat, sangat, sangat,,,,,,,,,,,,,,,,,, sangat,, sangat, sangat,,,,,,,,,,,,,,, sangat, sangat,,,, sangat,,, sangat,,, sangat, sangat,, sangat,,,,,,,,,,,,,,,,, sangat, sangat, sangat, sangat, sangat, sangat, sangat, sangat,,, sangat,, sangat, sangat, sangat,,,",negative,True
18054_bt,18054,"Dua kelahiran di rumah sakit ini. Mengapa, dua kali, itu berarti saya percaya di rumah sakit ini, tapi aku harus memilih. Ada beberapa dokter yang saya pikir sangat suka mengulur waktu dan tidak menghormati waktu pasien.",negative,True
18055_bt,18055,"Untuk layanan bpjs yang cukup, akan diperlukan untuk memperluas ruang tunggu karena ada banyak pasien yang tidak mendapatkan ban saya. Tunggu.",negative,True
18058_bt,18058,Orang tuaku baru saja meninggal karena mma.menciptakan kematian koret2. Dan ada tinta 2 warna. Tidak ada cap rumah sakit.,negative,True
18066_bt,18066,Ayahku dirawat di sini karena penurunan drastis trombosit. Diagnosa awal dbd tapi kemudian kondisi memburuk untuk kejang dan pingsan. Kemudian diasumsikan ada masalah di saraf. Sudah hampir 10 jam.,negative,True
18076_bt,18076,Dokter dokter wanita sedikit kecewa bahwa ada perubahan jadwal yang tidak diperbarui oleh pasien.,negative,True
18087_bt,18087,"Perawat yang pahit dan tidak ramah, parkir mobil sulit tapi terlihat seperti ada renovasi, sepertinya ada ekspansi dari tempat parkir. Selain itu, tidak masalah.",negative,True
18094_bt,18094,"Penjaga keamanan di lantai lima sangat tidak ramah, cara dia mengatakannya ketika waktunya telah tiba adalah kasar dan kasar... Harus banyak belajar dari penjaga keamanan.",negative,True
18095_bt,18095,"Selalu sama di sini. Dokter baik, penjelasan membuat logika dan menenangkan orang tua. Layanan balapannya ramah. ♪ Overall good ♪",negative,True
18098_bt,18098,"sangat buruk dokter dan layanan, jangan pernah datang ke rumah sakit ini",negative,True
18099_bt,18099,"Layanan bagus dari rumah sakit modern seperti hotel mewah. layanan pelanggan hari ini sangat ramah, terus sukses untuk Columbia pulomas",negative,True
18101_bt,18101,"Sudah lama sejak 5: 15 hari ini. Periksa laboratorium untuk darah, dari 5: 30 ke mana-mana.",negative,True
18115_bt,18115,"Layanan sampah tidak greatting nya, yang nakes tidak sopan fasilitas di idg juga sangat minimal, mungkin harus mencintai pelatihan perawatan pelanggan.",negative,True
18118_bt,18118,"Layanan rumah sakit untuk pasien masuk ke ggsg dari ggsg, dan proses mendapatkan kamar juga cukup intens. Dokter, Tuan-tuan, semua staf juga ramah.",negative,True
18121_bt,18121,"Layanan. Oke, semuanya. Oke.",negative,True
18125_bt,18125,"Bangunan baru itu terjadi, hari pertama sepeda motorku diparkir dengan baik di jalur sepeda motor, hanya tiga jam motornya bergerak menjauh, aku tidak tahu bagaimana orang parkir itu pindah.",negative,True
18127_bt,18127,"""Batu ginjal S tetapi menyebarkannya"". Dokter tidak menjelaskan operasi baik. Tidak ada kamera? ♪ ain 't no stone out there ♪ Mengapa tidak scan pergi langsung, mengapa akan memakan waktu seminggu?
Ini dokter. Sepertinya dia terburu-buru. Ya. Tapi itu tidak berhasil. yopeye twirdergunsssSp.utry tolong jelaskan ini ke pesta RS",negative,True
18132_bt,18132,"Layanan cepat, rambling birokrasi. Itu lucu.",negative,True
18140_bt,18140,Tidak semua dokter cocok dengan kita. Untuk dokter Yusfa. Tolong tingkatkan kekhawatiranmu untuk keluhan pasien. Pasien ada di atas meja.,negative,True
18153_bt,18153,"Pelayanannya bagus. Perawat dokter itu cepat, tapi tidak senyaman pengobatan keamanan, aku keluar mencari makanan. Buatlah lantai atas.",negative,True
18166_bt,18166,"Dia sudah lama meneleponku. Sudah lama sejak dia menelepon. Aku lelah terlambat. Layanan ini jelek, harus menjadi bodoh",negative,True
18172_bt,18172,Ambil 4 rs. Rasakan waktu.,negative,True
18178_bt,18178,Rumah sakit tidak baik untuk pelayanan. Sulit bagi perawat.,negative,True
18191_bt,18191,"Bidan layanan sangat ramah, tapi bagi yang lain itu kurang seperti mengubah IV dan yang lainnya.",negative,True
18208_bt,18208,"rapi, rapi, rapi. Meskipun begitu jelas untuk layanan disebut masih jauh dari biasa.",negative,True
18215_bt,18215,Pengalaman buruk di rumah sakit ini. Maafkan aku. Aku mengganti perban.,negative,True
18219_bt,18219,Terima kasih Tuhan. Bagus penanganan. Respon cepat.,negative,True
18227_bt,18227,Seperti sebagian besar layanan yang diberikan pemerintah kita tercinta dan dilakukan oleh pejabat... jangan berharap banyak dari kita akan kecewa. Jadi bersiaplah untuk kesempatan terburuk untuk membawamu pulang tanpa kekecewaan atau kebahagiaan.,negative,True
18229_bt,18229,"Sangat bagus. Layanan ini ramah, fasilitas ini lengkap, biaya terjangkau, kamar mandi bersih dan nyaman.",negative,True
18230_bt,18230,Pelayanannya bagus. Bahkan aku berbicara dengan perawat dan dokternya. Dadd top dah.,negative,True
18238_bt,18238,"Dari jam 4 sore sampai 9 malam pasien disuruh menunggu Gabsa untuk memasuki kavert uud penuh, untuk memukul nafas di ujung tenggorokan. Apakah Anda hanya meletakkannya di tangan Anda, melihat apakah orang yang mengalami kecelakaan telah dibunuh.
Ketika nenek saya megap2 megap2 napas di depan tangannya, dia berkata ""menyembur marah dong""",negative,True
18239_bt,18239,"Rumah sakit bersih, layanan cepat.",negative,True
18243_bt,18243,Salah satu rumah sakit paling lambat yang pernah kumiliki!,negative,True
18250_bt,18250,"Sejak kelahiran sesar eracs di sini menggunakan bpjs karena ada indikasi. Operasinya berjalan lancar. Terima kasih Tuhan. Kurang sakit. Layanan staf yang baik. Semuanya, ruangan ini nyaman, tapi terjangkau.",negative,True
18251_bt,18251,Jangan pernah datang ke rumah sakit ini!! Sebelum kau menyesalinya!,negative,True
18254_bt,18254,"Jadwal latihan untuk klinik adalah 1: 00-1: 00. Layanan itu mengerikan. Ini jauh berbeda. Jika Anda ingin kontrol dari Pelni, pastikan bahwa drop-off adalah off bekerja karena itu akan mengambil satu hari karena jadwal tidak jelas.",negative,True
18261_bt,18261,"Benar-benar buruk, kursi roda mengatakan untuk membawanya kembali, memintanya untuk mengembalikannya sendiri. Sementara petugas kembali berdiri, ingin diagnosis bingung, pasien tua berdarah.",negative,True
18274_bt,18274,"Layanan administratif kurang profesional. Ada banyak miscoms dengan departemen lain. Aku harus bolak-balik. Harus ada lebih banyak bukti, seperti tidak percaya pada kebenaran. Untuk IDD setelah kecelakaan, itu juga sedang diikuti. Luka saya tidak obat atau diberikan seperti itu. Saya tidak berpikir saya bisa berjalan lagi.",negative,True
18279_bt,18279,"Kami telah membayar banyak uang untuk minyak mati jadi kita harus membayar biaya publik, kemudian datang dan mengurusnya ketika kita akan mengurusnya. Kita sudah enam hari. Terima kasih. Maaf.",negative,True
18281_bt,18281,Layanan obat cepat untuk keluargaku.,negative,True
18282_bt,18282,Sebuah layanan yang ramah dari perawat dan layanan yang lebih cepat. Rm grand keluarga jatuh tertidur,negative,True
18283_bt,18283,"Antrian di kasir gila. Ini adalah payoye. Dapatkan sejalan selama satu jam. Gila
Tolong urus manajemen. Begitu banyak pekerjaan masih lambat. Aku melewatkannya. Ini gila.",negative,True
18284_bt,18284,Layanan utama!,negative,True
18289_bt,18289,"Aku begitu kecewa dalam obat-pembelian sup di apotek, saya memberikan resep dokter, tetapi karena resep dokter dari R. Alasannya bukan dari resep dokter untuk Ny. Husada. Pada saat itu, kondisinya sangat mendesak karena apotek lain tidak menyediakan obatnya dan apotek RS sil ditutup, satu-satunya harapan saya adalah bahwa tidak ada toleransi sama sekali, setidaknya jika ada resep dokter dari rumah sakit lain. Silahkan mentolerir itu.",negative,True
18306_bt,18306,Rumah sakit tidak baik untuk pelayanan. Sulit bagi perawat.,negative,True
18321_bt,18321,Semua pelayan lezat. Perawat dan dokter yang ramah.,negative,True
18331_bt,18331,Mereka yang menunggu pasien harus dikondisikan. Karena pintu masuk idd seharusnya tidak digunakan sebagai ruang tunggu.,negative,True
18337_bt,18337,"Layanan gid sangat tidak membantu dan kelas staf, melemparkan sekitar ketika menjelaskan. pasien di cukequin",negative,True
18343_bt,18343,"Rumah sakit tidak jelas, perawat dipanggil untuk berpura-pura dia tidak, semua kesakitan, disuruh menunggu berjam-jam, gila, jika orang itu sakit parah, mati duluan.",negative,True
18348_bt,18348,"Selesai konsul, mengantri untuk kasir 1730.. Ini hanya disebut 19.02. Ini 3-4. Sudah selesai? Namaku belum dipanggil? Maaf untuk mengatakan, ini mengerikan, serius membuang-buang waktu pasien.. Cobalah riset ke rumah sakit, ingin membayar asuransi atau pribadi, tidak mengambil terlalu lama untuk mencari akar penyebab mengapa baris tua ini, sehingga tidak cukup? Atau apa? Jika Anda hanya mengucapkan terima kasih untuk masukan, tapi tidak untuk apa?",negative,True
18352_bt,18352,Jasa pesuruhnya panjang karena karyawannya lebih sedikit dari pasiennya... lebih banyak urusannya.,negative,True
18354_bt,18354,"Bersih dan rapi. Tapi aku takut layanan cs dan tiket tidak benar-benar jelas. Sering ada kesalahan komunikasi antara cs online dan di lapangan. Itu saja, dia memberikan Anda hasil pada CD. Siapa yang masih memakai CD player atau laptop yang bisa memutar CD? Wow.",negative,True
18357_bt,18357,Layanan tidak ramah terutama departemen farmasi. Ini adalah daftar online. Harus mendapatkan garis meskipun pagi. Masih punya yang besar. Tidak ada pendaftaran online ketika ada pekerjaan orang dalam.,negative,True
18371_bt,18371,Layanannya bagus. Sangat memuaskan. Tapi spesialis di toko sedikit daisy.,negative,True
18373_bt,18373,"Untuk apa pun sakit saya lakukan, sudah lama sejak aku pergi bolak-balik.",negative,True
18378_bt,18378,"Tempat parkir, nyaman, layanan perawat ramah & sopan",negative,True
18383_bt,18383,Ayah saya pasca cincin pasang aksi... perawat dilatih untuk berkomunikasi dengan pasien dan keluarga pasien.. Aku juga petugas medis dari etika berkomunikasi dengan pasien. Tidak dalam catatan tinggi.,negative,True
18395_bt,18395,"Layanan klinik yang sangat baik, dokter yang sangat baik dll. Jenis dan pasiennya cara mengatasi pasien tidak berbeda dengan pasien umum atau bpjs, sama saja.",negative,True
18399_bt,18399,"Pelayan gila di Idd sampai malam sangat buruk.. Semua wajah mereka seperti kita. Hutang macam apa...
Pelayan yang buruk.",negative,True
18411_bt,18411,Ini rumah sakit. Ini tidak direcode. Ya.,negative,True
18424_bt,18424,"Layanan itu baik, meskipun itu hanya pertama kalinya, untuk operasi Sc, menggunakan metode eracs. Apakah bahkan bpjs?",negative,True
18427_bt,18427,Layanan cepat. Bersikaplah ramah. Hehe.,negative,True
18431_bt,18431,"Layanan super cepat, perawat semua ramah dan peduli. Rumah sakit juga super bersih dan ruangan ini nyaman. Jika sakit, itu akan langsung ke rumah sakit. Terima kasih gf",negative,True
18434_bt,18434,Sangat kecewa di rumah sakit ini. Anakku jatuh di lantai dua dan hari berikutnya tiba-tiba diberitahu untuk pindah ke lantai empat di 12 pagi. Mengapa Anda harus bergerak di tengah malam ketika Anda harus pergi untuk VLP tempat tidur b 3 ke tempat tidur 4. Ini aneh untuk meminta untuk pindah di pagi hari dan ke ruangan dengan lebih banyak orang.,negative,True
18437_bt,18437,"Kurang dari satu bintang karena: - tempat parkir membayar (membayar untuk itu) - toilet & Camboolla kurang (diperlakukan dalam satu kl toilet dengan lalat sampah, dinding penuh menggelitik). Sisanya cukup bagus, tapi kuno karena aroma pasiennya. Melawan nomor sejalan, melawan tiket konser. Ruang fisioterapi di lant 2 bagus, juga ramah & pasien. Beberapa kali sebelum pasien dibayar. Tidak apa-apa, jadi kita tahu itu baik bahwa orang membayar untuk terapi di sini, kan? tetap bekerja dengan baik ya!",negative,True
18441_bt,18441,"Hai. Saya ingin berbagi pengalaman saya di R. Tzu chi. Perawat dan kerabat semua ramah, tetapi ketika saatnya bagi saya untuk keluar dari kursi, keluar dan menunjukkan di mana. Karena itu x pertama saya untuk pergi ke sana. Jadi Anda ingin parkir di tempat parkir, lgs didekati oleh relawan x. Nah, mengapa tidak memakai kemeja perawat tapi memakai gtu tzu chi, dan menunjukkan arah? Dokter baik dan tenang. Perawat adalah pengiring pengantin. Aku tidak tahu. Juga, jika Anda tidak mencium bau obat dan hal-hal seperti RS. Oh, Tuhan!",negative,True
18442_bt,18442,"Rumah sakit tidak jelas. Rumah sakit begitu besar. Tapi layanan sangat mengecewakan, kelas satu diletakkan di kelas dua.",negative,True
18444_bt,18444,"Satu. Lokasi ini cukup strategis jika dapat diakses dari pintu yang terhubung ke jalan raya margonda 2. Nice petugas 3. Kurang petugas dan informasi jelas pada mesin pengambilan antara pendaftaran dan kasir. Begitu banyak untuk 4. Instruksi pasien baru kurang dari cukup, dan itu ditutupi dengan spanduk informasi lain, sehingga membingungkan. Lima. Tidak banyak rencana lokasi yang terlihat, jadi pasien atau pengunjung akan bolak-balik. Enam. Ketika datang ke kebingungan, mengenai lokasi pd itu, kurang seorang perwira untuk bertanya. Karena lokasinya luas, ketika membutuhkan informasi untuk sampai ke bagian depan belakang keamanan atau informasi. Butuh waktu untuk bolak-balik. Perlu jadwal dewan informasi dokter. Saat ini dapat diakses melalui perangkat layar yang sering diganggu oleh Internet 8 akses. Waktu antrian pendaftaran di mcu adalah dari mengambil nomor sampai disajikan sekitar 30-45 menit. Lama tak jumpa. Sembilan. pembayaran kali dari mengambil antrian menjadi dipanggil ke kasir antara 30-60 menit. Lama tak jumpa. 10. Cetak nomor antrian beberapa kali terganggu jaringan sehingga menunggu sekitar 5 menit. Waktu total untuk pendaftaran dan kasir, setidaknya 30 menit paling lama. Jika terkunci lebih dari satu jam.",negative,True
18452_bt,18452,Syukurlah aku ada acara besok. Tubuhku lebih baik.,negative,True
18455_bt,18455,"Layanan itu cukup bagus, tapi sisa waktu itu hanya benar. Rasanya seperti pena saya membersihkan dirinya sendiri.",negative,True
18462_bt,18462,"Dokter layanan lambat datang terlambat. Menunggu dalam antrean selama empat jam lagi hanya untuk memeriksa mata, ketika dipanggil, hanya memeriksa mata dan kemudian diberitahu untuk menunggu lagi sampai apa waktu itu.",negative,True
18504_bt,18504,Bagus... Banyak penjualan di depan. Itu termasuk aku menjual juga. Hei.,negative,True
18514_bt,18514,"Ladies and gentlemen, pendaftaran cepat dan ruang tunggu.",negative,True
18515_bt,18515,Aku melahirkan anugerah kemuliaan dengan pelayanan yang baik. Excelent di sini. Ada juga layanan sekarang. Sambutan yang bagus.,negative,True
18526_bt,18526,"Sudah diminta untuk diurus, karena itu menunjukkan usus buntu tapi rumah sakit terus mengatakan tidak ada masalah. Aku pindah ke RS jauh dari sini, dan segera ada operasi 1 x24- jam.",negative,True
18529_bt,18529,"Layanan yang baik, petugas yang ramah, terutama ruang perawatan kristal. Bahkan jika itu ditangani dalam ruang yang luas, layanan cepat dan tidak mengecewakan. Silakan. Terus bangun husadas, dan tetap semangat akan nakes dan perwira bersedia tidak bisa menikmati hari libur dari tugas.",negative,True
18531_bt,18531,"Tokologi adik dalam informatif, dokter mengubah jadwal praktek pasien tidak diberitahu, nomor itu tidak ditetapkan waktu, akhirnya menunggu 7 jam untuk dokter",negative,True
18550_bt,18550,"Ya, Bu. Maaf tentang jelek, review sedih tidak menangis, pertama kali di prom, itu tidak seperti itu akan datang untuk memeriksa, tidak seperti itu kecewa.",negative,True
18562_bt,18562,"Dokter anak itu menghakimi, tidak ramah, apa yang dia lakukan sebagai sp? Mengapa ada spesialis lain yang tidak perlu berinteraksi dengan orang?",negative,True
18570_bt,18570,Pengobatan orang tua pasien. Sayangnya itu berubah menjadi negara yang parah. Yah... menangani mereka seperti preman untuk anak-anak kasar sekarang.,negative,True
18573_bt,18573,Tidak bagus.,negative,True
18625_bt,18625,"Layanan cepat, perawat ramah, kamarnya bersih setiap hari bersih, nyaman tinggal di sini. Terima kasih.",negative,True
18637_bt,18637,"Masih dengan keluhan yang sama... Teman-teman, manajemen yang tidak mau mendengarkan atau tidak?",negative,True
18641_bt,18641,Syukurlah berjalan lancar. Tidak ada halangan. Vip 'y kamar gratis bagus photoshoot juga untuk bayi,negative,True
18645_bt,18645,Fasilitas... oke. Tapi layanan sangat lambat dan sangat buruk. Dibandingkan dengan cabang lain.,negative,True
18649_bt,18649,"Terima Tuhan dokter gigi itu bagus, cepat, dan petugas medisnya ramah. Bahkan layanan di stan pendaftaran cepat.. harapan untuk tetap terjaga",negative,True
18678_bt,18678,Ini akan menjadi kunjungan kedua saya ke Kolombia. Aku tinggal di kamar 336 pada 6 Juni 2024. Aku harus menilai pengobatannya di bawah rata-rata. Lihatlah foto-foto terpasang. Mengapa ada steker 3-pin di sisi tempat tidur ketika setiap rumah sakit di Indonesia memiliki 2-pin plug? Tidak ada rumah sakit internasional yang memungkinkan kios mobile untuk menjual minuman di depan pintu masuk utama.,negative,True
18690_bt,18690,Ini tidak nyaman!! Sudah terlambat! Setiap staf tampak bingung ketika mengajukan pertanyaan. Memberitahukan satu sama lain? Komunikasi? Tidak ada rekomendasi besar.,negative,True
18692_bt,18692,"bersih, nyaman dan sangat ramah anak-anak.. Itu membuat anak-anak merasa lebih baik.
Namun banyak kursi yang tersedia untuk duduk",negative,True
18696_bt,18696,"Suster adalah sikap yang mengerikan, berbicara gila bahkan berbicara dengan orang tua yang mengatakan mereka harus menjadi sebagai perawat untuk orang tua.",negative,True
18698_bt,18698,"Permainan yang sangat bagus, pengobatan penuh. Tidak perlu membeli di luar, wanita.",negative,True
18700_bt,18700,"Ayahku sedang dirawat dalam isolasi mawar. Layanan perawatnya keren, ramah. Ini adalah tempat yang bagus, dekat dan kamar mandi bersih.",negative,True
18714_bt,18714,"Sudah lebih dari satu jam.
Saya 64, tapi itu diucapkan lima pasien.
Aku tidak tahu apakah itu nomor yang kau lewatkan atau apa.
Sama sekali tidak ada konfirmasi bahwa ini adalah buang-buang nomor!",negative,True
18722_bt,18722,"Untuk antrian, mungkin memerlukan tambahan persediaan pendaftaran, dll, karena baris lama disebut ""sakit"".",negative,True
18735_bt,18735,"Istri saya dirawat di sini dengan keluhan dari dbd benar-benar yakin sampai sehat, layanan bagus, perawat semua senyum murah. Lantai tiga atas kamar pasir, kamar mandi bersih, kamar dibersihkan setiap hari.",negative,True
18738_bt,18738,"Layanan sangat bagus tapi ruangan tidak nyaman, kotor dan ac tidak cukup dingin.",negative,True
18750_bt,18750,"Layanan lambat, aliran dari awal pendaftaran tidak jelas. manajemen masih tidak baik, menunggu obat untuk menjadi lebih dari dua jam dan kemudian diberitahu untuk menunggu 15 menit lagi... Pelan-pelan. Semua sekaligus.",negative,True
18769_bt,18769,"Rs bagus, bersih, saya menggunakan dana pribadi saya sementara aku ada di sini. Aku membayangkan mengapa perlakuan meniru tanda tanganku tanpa persetujuanku. Apa yang begitu sulit tentang datang ke ruangan dan bertanya padaku. Termasuk memalsukan data.",negative,True
18778_bt,18778,Garis kuno radiologi. Ini seperti waktu menunggu orang untuk datang pergi dengan pasien rawat inap. Mengapa pengobatan untuk radiologi tidak dijadwalkan untuk terlambat-malam luka? Mengapa kita harus sibuk dengan jadwal rawat jalan sementara kita harus pulang sampai malam. Dari jam 8 pagi sampai jam 12: 00 malam bahkan belum masuk ke radiologi!,negative,True
18786_bt,18786,"Sangat buruk dari disiplin dokternya, terutama dokter spesialis kandungan dan ginekologi. Tidak disiplin datang sesuai jadwal latihannya, buruk!",negative,True
18804_bt,18804,Mengerikan. Penangkapan taksia telah berbaris selama dua jam. Kenapa lama sekali?,negative,True
18810_bt,18810,"Saya mengatakan kepada orang-orang yang memiliki asuransi bahwa kamar tidak tersedia. Ketika tiba-tiba ""ada satu"" berlaku untuk pamanku, aku segera pergi.",negative,True
18816_bt,18816,"Berkat rumah sakit pluit yang membantu saya sampai aku sehat lagi.
Terutama tim Ig. sudah waspada dari awal. Dr david ongkorahardjo menyadari gejala yang tidak biasa serangan jantung dan memaksa saya untuk memeriksa lebih lanjut. thx juga untuk tim perawat khusus Grid yang membantu David, dan jangan lupa untuk memicu tempat pertama aku dirawat. Selanjutnya berkat tim hcu terutama yuli, sr. ocha lemak, sr. lisna, sr. lestari, sr. flarda, sr. matahari dan lainnya nama saya tidak bisa memanggil satu sama lain. Kerja bagus. Jangan lupa menjadi dokter yang bertanggung jawab selama rumah sakit pluit. Aku tidak lupa mengucapkan terima kasih Pak Crescent sebagai asisten di ruang gema.
ke bagian fisioterapi untuk adinda dan Frans. Untuk laboratorium untuk lio dan ade dan tim. Tim gizi dan layanan kamar serta layanan pembersihan.
Satu. Hcu 618 monitor diganti karena menyukai eror2. Toilet kosong dan tidak ada bide3 dan terutama. Saya sedikit kecewa karena saya mendapat surat pernyataan mengatakan bahwa saya bertanggung jawab untuk segala sesuatu yang terjadi ketika Dr Judian diizinkan untuk memobilisasi Lt di bawah karena disertai oleh hcu bersaudara. Aku tidak diberitahu kemana aku akan pergi. Sudah beberapa hari. Ada masalah ketika tim perawat dan dokter bertanggung jawab atas manajemen karena saya mengunjungi kantin karyawan dan akhirnya saya meminta surat yang mana orang tuanya beresiko. Pdhal. Instruksi dari asal dr. Judian tersedia Tidak masalah.
Semoga sukses.
Apa untungnya bagiku. Semoga berhasil.
gbu",negative,True
18822_bt,18822,"Layanan buruk, mendapat jadwal dokter gigi di pagi hari. Sesuai jadwal di 10-16. Registrasi jam 11 ditutup. Admin wa td tidak ada saran untuk mendaftar lebih awal. Kunjungan pertama ini datang lebih awal pada jadwal, dokter datang terlambat 30 menit kemudian.",negative,True
18829_bt,18829,"Pertama kali ke rumah sakit dengan masalah.. Akses jalan kecil, perawat di departemen poli. Anak-anak yang berdiri. Jam berapa sekarang?",negative,True
18830_bt,18830,"Aku dulu punya pengalaman buruk di rumah sakit ini. Ketika aku khawatir, sampai aku akan dilahirkan, Dr. Lul. Suamiku dan aku terlahir dengan cara yang sama karena mereka bisa menggunakan bpjs dengan baik.",negative,True
18832_bt,18832,"Pertama kali di jalan. Dokter Dwi sangat ramah dan penjelasan pasien juga sangat jelas. Semua stafnya juga sopan dan baik. Ini sangat bersih. Sangat tenang, tenang. Minum obat terlalu cepat.",negative,True
18846_bt,18846,"Baik pelayanan, dan ramah",negative,True
18855_bt,18855,"Aku sangat yakin dengan rumah sakit. Pada 10 tahun pertama, aku lahir. Aku lahir tiba-tiba.",negative,True
18857_bt,18857,Layanan buruk. Layanan keamanan dan perawat. Tidak ada sopan santun sama sekali.,negative,True
18858_bt,18858,"Meskipun rumah sakit sudah tua, suasana hati yang baik. Tidak terlalu ramai. Dan lokasi strategis dapat berjalan ke stasiun kereta api terdekat.",negative,True
18866_bt,18866,Layanan tidak ramah terutama departemen farmasi. Ini adalah daftar online. Harus mendapatkan garis meskipun pagi. Masih punya yang besar. Tidak ada pendaftaran online ketika ada pekerjaan orang dalam.,negative,True
18867_bt,18867,Perawat adalah layanan ramah. Bagus.,negative,True
18869_bt,18869,"Tempat di mana para dokter dan wanita berada, semua orang yang terlibat di dalamnya, tidak kecuali mereka semua sangat ramah.",negative,True
18871_bt,18871,"Rsca pertama yang saya temukan lebih disukai layanan dengan segenap hati saya, kesabaran, dan semua kekuatan medisnya ramah., bukan untuk membedakan pasien, untuk membuatnya nyaman di sini. Ya, selalu.",negative,True
18903_bt,18903,"Layanan ini super panjang di idd, para petugas duduk di depan dan tidak tahu apa. Untuk tawa tawa di meja pendaftaran. Aku membayar secara pribadi tapi layanan lebih buruk dan sangat lama dilayani. Ingin pulang untuk sementara waktu sendiri. Saranku jangan datang ke sini lagi. Halo aku di sini membayar ya",negative,True
18910_bt,18910,"Kecewa. Dari rr bhakti mulya menyuruh saya untuk. Ini diperintahkan ke RS lain, itulah sebabnya dokter belum melakukannya sama sekali. Tapi sebelum saya datang ke sini, saya menjelajah informasi, tapi masih memiliki benar-benar tidak ada neurologi. Ya, selama periode itu, dokter urologi utama hanya 1? Ini darurat. Apa yang salah dengan itu?",negative,True
18913_bt,18913,Belum pernah Ny.,negative,True
18917_bt,18917,Layanan sangat ramah dan cepat dipecahkan,negative,True
18929_bt,18929,"Layanan yang baik, rumah sakit bersih.",negative,True
18936_bt,18936,"Toilet di silom jeruk begitu kotor, tidak ada tisu, tidak ada petugas kebersihan terlihat bersih. Tidak higienis.",negative,True
18950_bt,18950,"Jika Anda berlisensi... tidak ke rumah sakit ini, tidak ramah.",negative,True
18952_bt,18952,Maaf. Layanan ini tidak sesuai jadwal. Ya.,negative,True
18959_bt,18959,"Pengalaman ini sangat bermanfaat bagi kesehatan kita, terutama tema kesehatan ginjal saat ini. Sehingga kita dapat mencari tahu bagaimana mempertahankan gaya hidup kita. Sambutan yang sehat.",negative,True
18961_bt,18961,Rumah sakitnya meleleh pelayanannya apalagi di lantai 7 hanya dalam ya ya ya ya ya tapi gada responn tidak ada mao brobat di sini,negative,True
18964_bt,18964,"Layanan ramah, seorang dokter yang bertanggung jawab atas bidangnya, parkir luas, fasilitas lengkap.",negative,True
18968_bt,18968,"Saya pikir itu agak menjengkelkan.
Aku punya keluhan tentang rasa sakit di tulang rusuk belakang tapi dokter mengatakan kepada saya bahwa itu telah digunakan banyak. Atau setidaknya tidak. Jangan katakan itu juga. Aku takut ada rasa sakit internal. Ini bahkan baik seperti itu.",negative,True
18970_bt,18970,"Sangat kecewa dengan RS dan dokternya, kenapa? Katanya mulai latihan di Dr. Shantz pukul 6: 00, tapi jam 1930.",negative,True
18975_bt,18975,"Istriku melahirkan di rumah sakit ini.
Pelayanannya sangat baik.
Para dokter sangat ramah",negative,True
18978_bt,18978,Ini tidak cukup baik untuk memiliki keamanan dan layanan pembersihan dan staf untuk tidak menyapa seorang pengunjung tunggal yang sakit dan tidak sopan.,negative,True
18997_bt,18997,"Layanan yang cukup ramah, sangat terkesan dalam pelayanan orang tua, para saudari sangat sabar dan sabar tapi sayangnya ruangan itu terlalu ramai di delapan tempat tidur pasien, jika hanya di enam tempat tidur akan lebih baik,",negative,True
19000_bt,19000,"Layanan buruk! Lama dan lambat, tidak disarankan untuk keadaan darurat medis datang ke sini bukannya fatal, itu terjadi pada keluarga saya. kecewa. Tutup saja, Ny.",negative,True
19015_bt,19015,"Dalam hal pelayanan, itu bagus, tapi sayangnya untuk memarkir petugasnya. Banyak petugasnya yang berbohong. Mereka selalu mengambil 1 / 2 dari uang parkir, kertas memiliki jam di atasnya.",negative,True
19023_bt,19023,"""Fast service and friendly"" selalu bersabar khususnya (erlian & bd patrise)",negative,True
19028_bt,19028,Sangat mengecewakan!,negative,True
19039_bt,19039,"Rumah sakit seperti mal, pelayanan dari awal baik, itu menunggu untuk waktu yang lama tapi itu karena ada banyak orang tinggal di sana, tadi malam, dan layanan yang baik.",negative,True
19042_bt,19042,Sudah jam 2. Ya. Pagi. Ini tidak masuk akal. Masa makan pasien terlambat untuk restoran apa. Gila! Rs ini tidak bertanggung jawab!!!!!,negative,True
19045_bt,19045,"Sudah lama sejak mereka mengatur garis. Mereka mengatakan untuk datang sebelum 03: 00.. Tapi ketika aku sampai di sana tepat waktu, aku harus menunggu selama setengah jam. Oh, Tuhan.",negative,True
19050_bt,19050,"Seorang bidan humanized humanized adalah manusiawi, tidak manusiawi, dan sulit untuk memastikan bahwa pasien benar-benar tahu bagaimana menangani kehamilan dan kelahiran wajah.",negative,True
19061_bt,19061,pekerja kesehatan tidak mengerti sistem di rumah sakit saya datang dengan masuknya demam tinggi untuk igd saya meminta perawat bisa menggunakan bpjs tidak ada kata perawat akhirnya bisa pergi dan mendapatkan dokter diperiksa,negative,True
19065_bt,19065,"Dalam pelayanan pasien kesehatan, dari petugas keamanan ke perawat.",negative,True
19073_bt,19073,"menunggu untuk menunggu enak, nyaman dan nyaman",negative,True
19076_bt,19076,"Pengalaman buruk dan traumatis. Pada tahun-tahun covid telah mereda, tapi masih ada. Kakek saya memiliki operasi prostat, saya pikir itu dilakukan. Tidak, tanpa info apapun untuk tindakan lebih lanjut. Kondisi kueku semakin memburuk. Karena keadaan kami memutuskan untuk kembali ke rumah sakit ini untuk melihat mengapa seperti ini, mereka tidak bisa menerima apapun alasan yang disampaikan dan dalam perjalanan pulang mencari klinik yang masih bisa menerima pasien, kakek saya bernapas di mobil sambil mencari klinik terdekat dan rumah sakit. Untuk sekali dalam hidup saya, saya tidak datang kembali ke sini untuk alasan apapun, layanan apapun yang kita tidak gunakan. Saya berharap tidak ada pasien mendapat layanan seperti ini lagi.",negative,True
19081_bt,19081,"Aku berharap aku membaca review sebelum datang ke rumah sakit. Pertama, mereka membutuhkan tes sawed-, yang baik-baik saja, tapi kemudian perawat mengatakan kepada saya bahwa saya harus pergi ke tempat parkir untuk melakukan tes di hujan deras!",negative,True
19093_bt,19093,Aku kecewa. Layanan yang sama di rumah sakit. Tidak banyak informasi untuk pasien. Tidak efisien untuk bolak-balik ketika orang sakit.,negative,True
19096_bt,19096,Aku sudah menunggu di register selama lebih dari satu setengah jam dan tidak ada panggilan. Staf yang bertugas sangat sedikit.,negative,True
19097_bt,19097,"Kurangnya keramahan, layanan buruk",negative,True
19098_bt,19098,"Layanan oke gercep... 6 lantai perawat ramah... """,negative,True
19099_bt,19099,"Jangan pergi ke idd malam ini 10 / 05 / 23, tidak ada tindakan dan ruang penuh. Jadi kasihan untuk yang sakit membutuhkan bantuan darurat. ""Layanan yang bagus""?",negative,True
19105_bt,19105,"Dari 11: 00 Bel tidak akan bekerja. Aku batuk darah lagi. Kualitas mesin lonceng tidak diobati. Tidak pernah diperiksa. Dokter jam tangan hanya visa khusus. Cepat dan mati.
Perawat juga harus pergi ke sekolah. Dokter sedang tidak bertugas.",negative,True
19107_bt,19107,Sudah lama sekali. Ini tidak begitu ramai. Hanya menunggu di apotek selama satu jam. Ternyata dokter Upd belum meresepkannya. tidak akan berada di sini lagi. tidak disarankan untuk layanan setelah 8: 00,negative,True
