text,label
star saja,negative
pkokya puas banget belanja di java elektronikasli 100 walaupun agak lama pngrimanyadan kurirya sangat ramahtop banget deh,positive
bareng cepat sampenya packing rapi tv kecil pas buat dkamar moga awet,negative
mantap gambar jernih kualitas bagus kirim cepat cuman kurir lex id yang ini agak judes sombong beda sama kurir lex id yang langgan saya,positive
pngiriman cepat thnks lazada,positive
readi enggak sist warna apaapa saja ini orisinal atau kau yang mudah rusak gan,negative
kirim cepat barang sesuai dengan yang pes cuma untuk pakai voucher hooxnya saja yang belum bisa walau sudah verifikasi by email,positive
kirim super cepat barang original,negative
brangkas tidak bisa pakai,negative
barang bagus kirim super cepat cuma hari langsung sampai,positive
recommended seller,positive
jaring wifinya tidak fungsi dengan baik padahal saya guna wifi yang sama di handphone saya jringannya cukup baik tapi kalau di tv ini enggak bisa muat sama sekali,negative
tunggu barang nya,negative
saya sudah dua kali ini beli laptop asus di lazada dan duadua nya mati yang ini baru pakai belum ada minggu sudah mati saja jadi harus bawa ke service center nya yang pertama telah 2bulan mati bawa ke sc dan inap lama 2bulan baru pulang bagus sih komp saya ganti mesin dalam hal ini asus cukup bertanggungjawab tapi 2bulan loh enggak kerja dua bulan ya telah dua kali ini saya rasa bukan suatu ketidaksengajaan deh entah produk asus nya atau lazada nya,negative
kirim aman gambar bagus terima kasih lazada dan cooca sukses dan makin maju ke depan aminmelipattanganmelipattanganmelipattangan,positive
barang sudah terima dengan packing yang rapi dan fungsi jalan normal,positive
tanya jawab oke waktu order batal bagaimana sih enggak profesional,negative
barang sudah saya terima sudah saya pakai buat dipasangin harddisk internal bekas laptop saya yang enggak pakai packing sangat aman rapi dan kirim pun lebih cepat dari hari yang kira,positive
tv saya terima dalam kondisi lengkap saya coba hidup dan cari salur tapi telah tengah jam saya nyala gambar hilang hanya ada suara saya sudah coba untuk lihat atur pada remote tetap tidak bisa malah terkadang suara juga hilang nyala tapi layar tidak ada gambar dan suara kecewa sekali mana harus saya tukar,negative
barang bagus sampai dengan aman mulus produk cocok buat anak kostan tv gampang di bawa pindah seller komunikatif good seller ikedo harga jangkau dapat voucher packing lapis karton buble wrap tebal dalam ada sterofoam jne untuk saat ini oke gan harus di tempel sticker pecah belah supaya lebih oke,positive
kak mau ini masih ya kirim aman,positive
barang sampai lama dan saat datang kurir tidak professional dan susah serta rugi customer tolong untuk jasa kirim lazada harus kasih perhati lebih,negative
bagus barang walaupun 292gb tapi enggak apaapa moga awet,positive
barang bagus dan original 100 mantap,positive
barang belum terima kom status sudah selesai bagaimana sih niat jual enggak balikin duiy gue woi,negative
terimakasih real pict pokok,negative
barang aman bagus,negative
barang oksesuai deskripsigamabar tajam suara oksayang untuk tv analog kurang kuat sinyal ya,positive
sip jempolkeatas original 32gb real,positive
bagus contras warna kurang bagus gambar tidak bisa putar harga sesuai dengan kwalitas,positive
mantap cepat bangetz kirim nya cuman hari untuk karena saya domisili di jakarta untuk produk nya benarbenar sesuai sama di deskripsi pokok sukses terus buat lazada sama agenagen jual wajahmalaikatwajahmalaikatwajahmalaikat,positive
gan fd nya korup file yang di copy semua pada enggak bisa di buka telah di chek cuman 100mb dari 32gb saya kecewa mau saya balikin biar kapasitas jadi 2gb lah setidanya,negative
paket sudah datangbagus mudahmudahan awet,positive
mantap dan thanks atas cepat kirim bareng sesuai dengan gambar recom banget untuk seller,positive
respon jual bagus cuman kirim yang lama banget hampir bulan pesan baru saya rim,negative
barang sudah di terima dan fungsi dengan baik kirim cepat pesan tanggal 11 pada saat sale sampai besok siang tanggal 12,positive
sesuaimantap lah pokoknyaenggak nyeselsaya beli sini,positive
barang ok punya,positive
mntap barang nya bagus,positive
kirim medan enggak pakai packing kayu coba untung tv enggak ada masalah sudah pakai lebih dari 6bln saran jangan ambil resiko untuk keluar jabodetabek ngeri euy,negative
mantap sesuai deskripsi,positive
barang cepat sampai packing bagus top deh kualitas ok,positive
kirim sangat lama dari estimasi padahal harus barang di kirim bareng sama yang 40inch karena pesan di order sama tapipengiriman beda kalo produk juara,negative
barang bagus tapi kirim yang kurang bagus karena lama sekali,positive
barang cepat panas mudahmudahan awet saja,positive
belum coba sih mudahmudah mantul terima kasih buat jne pengirimanya cepat bayar tanggal 19 barang spai tanggal 20 kurir seperti biasa baik ramah mantul deh pokok,positive
barang tidak berfungsiuntuk putar film gagal semua,negative
barang bagus kualitas material standart yang bikin nilai plus itu os nya cuma fre hooq nya bagaimana ya naik rate kalo sudah ada jelas,negative
produk bagus sesuai dengan warna dapat bonus pouch bolpoin,positive
flashdisk error jual tidak brfungsi cuma jadi rongsok,negative
enggak respon sama sekalimubazir enggak kepake,negative
saya pesan kok datang bayar nya double juga,negative
packing mantapnamun dipnengiriman lambat hari,positive
kirim tidak sesuai waktu laptop harus update os nya dulu dapat office 365 trial bulan,negative
paket sesuai dengan deskripsi keren pokok,positive
pesan pas tanggal 11 nov kemarin barang sudah terima tanggal 14 nov cukup cepat juga semua lihat normal sudah saya rakit dengan braket tapi barusan sadar kalo vip card tidak saya temu mohon jelas pihak lazada dan juga pada setting tv saya tidak aktif jadi saya tidak dapat atur cerah gambar,negative
produk bagus cuma kurang gede dikit yang pasti lumayan lama namaya juga produk luar negeri,positive
sangat mngcewakan karena produk yang aku terima bukan produk trsbut barang sudah aku kmbalikan tapi kenapa pnmbalian dana enggak di proses sampai saat ini tolong jangan sampai mncoreng nama baik toko andalazada mohon untuk sgra di tindak lanjut,negative
pesan tanggal 02 juni estimasi sampai tanggal 04 07 juni lah ini sudah tanggal 11 juni belum ada kabar juga,negative
barang sudah sampai moga awet dan jual nya sangat responsif maaf belum sempat di coba,positive
kurir ya enggak benar barang belum di terima,negative
tv cooca 4k uhd 50 inch sudah unboxing pakai ok kualitas gambar bagus sudah di test 4k ok suara bagus hanya perlu ajar cara operasi remote karena tidak ada instruksi detail terima kasih,positive
kirim cepat hari deh sampai tapi sayang enggak packing kayu untuk barang seperti ini harus packing kayu alhamdulillah tv darat dengan baik dan semua normal mudahmudahan tvnya awet,positive
mantab,positive
rusak barang tiba ke aceh tv hancur,positive
barang cepat sampai packing bagus,positive
bukan 64gb tapi 32gb kapasitas 32gb bukan 64gb tidak bisa simpan video,negative
oke barang,positive
sesuai pesan packing akan lebih baik jika tambah buble wrap good condition,negative
casenya bagus dan kuat agak besar tapi cocok karena saya mau pakai case busa dari segate juga tolong kebih teliti belum kirim karena tali tahan external hd saya terima hampir putus saya malas balikin jadk saya jahit sendiri,negative
laptop mantul sesuai dengan apa yang harap saya syuka banget,positive
bangsat benar nih barang enggak sesuai sama nyata kan anjing benar ini seller,negative
barang dalam kondisi bagus jempolkeatas,positive
ini yang kasih komentar sama yang kasih bintang lima temen2nya yang punya toko kali ya atau orangorang yang untung saya sangat kecewa barang kagak bisa pakai sama sekali moga berkah mas mbak jual nya ya amin,negative
kata ini 32 gb tapi nyata cuma 29gb dan made ini china bagaimana sih padahal official store loh ini,negative
enggak bisa buat nyimpan video,negative
saya sangat puas beli tv philips 32 led hd tvhitam baru pesan hari sudah di kirim,negative
barang sampai cepat tapi coba copy film tidak ada yang bisa baca,negative
recomendet seller,positive
sudah tahun saya pakai sangat bagus,positive
nyalin file nya enggak bisa banyak enggak bisa dilihatdidengar 97 enggak bagus sesal padahal baru pakai,negative
best quality,positive
bagys,positive
bagus sesuai gambar tidak kecewa,positive
hubung saya sudah beberapa kali laku beli di lazada dan muas akhir saya putus untuk beli tv ini di lazada saya order tanggal 31 mei 2017 untuk kirim di kantor saya dan tanggal juni barang sudah sampai kantor hubung saya sudah pulang akhir saya putus untuk ambil tv tanggal juni 2017 dan kondisi waktu itu packing dengan kayu rapi namun alangkah kejut telah saya bongkar nyata layar tv sudah pecah parah saya sangat kecewaapakah bisa barang di tuker,negative
sangat mamuaskan recommended lah pokok,positive
bagus top deh,positive
keren kirim cepat kurir ramah moga awet cuma tidak pack kayu,positive
rekomende seller barang sampai lebih cepat dari kira dan sip barang,positive
barang cepat sampai meskipu barang yang kirim warna putih tapi ok banget lah,positive
kapasitas boleh gede tapi enggak bisa di format atau hapus file hatihati enggak ada garansi pula,negative
alhamdulillaah sampai dengan selamat ke madura sampang tamberu moga awet terima kasih pakai kurir yang ramah terima kasih lazada,positive
bagus dtgnya cepat banget,positive
sesuai detail pesan harus barang sudah saya terima maksimal tanggal 23 desember 2016 bahkan barang sudah kirim tanggal 16 desember logika nya kalau memang jual dan barang ada lokasi di jabodetabek apakah perlu 10 hari lebih untuk kirim barang ke alamat saya di bekas minta cancelrefund tidak pernah bisa dengan alas barang sudah proses kirim padahal tidak ada bukti otentik bahwa barang sudah di kirim no resi yang beri tidak bisa di lacak di website kurir kirim lebih baik belanja di website online lain yang lebih percaya layan lazada tidak professional sudah 5x lebih komplen jawab hanya akan ditindaklanjuti ke pihak kait,negative
baru hari pakai sudah kena power nya harus di garansi dan tunggu sparepart dari jakarta,negative
barang sudah mpai wlpun ada masalah sedikit tapi syukur barang amancuma enggak kayu padahal dichat terterah pakai kayu enta masih nyalah atau gax belum coba,negative
kok belum datang ya,negative
thx barang sudah datangbarang bagus sesuai di gambar cuma kirim nya saja yang agak lama,positive
kualitas produk baik harga cukup saing,positive
barang sudah sesuai cuman fre pengin sama ponch nya enggak ada,negative
barang 64 gb tapi pas di isi data nya cuma 8gb,negative
ini asli 32 gb gan,negative
enggak tau orisinal atau fake soal dulu pernah beli yang made ini malaysia beda ukur dan berat yang ini lebih kecil dan ringan tapi overal bisa pakai okok saja,positive
barang yang kirim sih packingnya bagus cuman ini bukan seri lc32le180i tapi yang kirim lc32le185i yang build quality nya kurang bagus apalagi warna putih yang frame tv nya lihat kayak baru di cat putih suara sih oke cuman tetap features nya itu loh standar banget gambar juga kurang tajem,negative
tv 40inc murah tapi dengan kualitas yang enggak murah sering saja ada flash sale biar makin banyak orang indonesia yang punya tv 40 inc hehe,positive
barang bagus harga nya ok,positive
enggak ada celana dalam rawa padahal di gambar ada sama plug buat ke proyektor apa bisa di kembali,negative
otg nya enggak fungsi terus kirim lama banget padahal sudah pesan di jauhjauh hari sandisknya bagus sesuai gambar ira ukur besar nyata agak kecil mks lazada,negative
barang sesuai pesan thx lazada,positive
mantab walaupun telat sampai,positive
barang terima baik working cuman layar saja ada gores dikit tapi enggak menganggu overal recomended banget,positive
barang nya juga belum terima tapi ada lapor sudah terima bagaimana urus,negative
mantab deh sampai barang waktu cek barang saya lihat puter puter barang untung indak ada cacat lagi promo awal tahun juga harga miring barang oke ty ya gan,negative
pakaging bagus sudah ditest gambar bagus suara ok sambung dengan internet ok tapi belum ketemu cara koneksi aux ini dengan home theater seller yahuuuudjempolkeatasjempolkeatasjempolkeatas,positive
buat kalian ini seler enggak recomended masa colok acdc nya beda enggak di cek dulu pasti,negative
kualitas produk ok di atas harap kirim lambat hari dari batas akhir,positive
terima kasih lazada terima kasih xiaomi barang nya terima dengan baik walau hanya dar bungkus bubble wrap,positive
harga yang bayar tidak sesuai harga flash salelebih mahalhati hati buat yang lain proses batal tidak bisa laku dan aju batal batal via jalur lain pun tidak di tanggap lazadaparah baru kali ini kecewa berat,negative
muas hari order langsung samappai,positive
produk bohong fre otg tidak ada mohon di ban toko kayak begini lazada,negative
terlalu sangat lamapengiriman gambar sampai saya harus hubungancs pusatnyamungkin bisa di kasih pilih opsi jasa pengirimanjangan langsung otomatis,positive
trimakasih ya braketnya sudah tiba kirim hanya hari,positive
kenapa belum sampai juga dari tanggal 15 desember mesan nya,negative
kata packing rapi bangetdibikin takjub bareng keren sesuai gambar warna juga jelasinput banyakserba bisa terima kasih,positive
semua fungsi dengan naik,positive
paket cepat kurir oke banget mudah an barang lebih oke dan tahan lama apa lagi garansi umur hidup ini kalou eroor nanti janji harus di ganti ya tks sukses selalu,positive
packing wrapping juga bagus tv nya bagus,positive
flashdisk awal bisa untuk simpan data tapi langsung error dan tidak bisa baca dan buka wajahterlalulelahwajahterlalulelahwajahterlalulelah,negative
pesan flasdisk malah dpet memory bagaimana ce bisa di retur enggak nech sebal nunggunya lamad dpetnya malah enggak memuaskn seperti ini hadeeech wajahtersenyumsombongwajahtersenyumsombongwajahtersenyumsombongwajahtersenyumsombongwajahtersenyumsombong,negative
min ini ada tempat celana dalam nya enggak,negative
sumpah kecewa banget sama lazada baru kemarin beli flashdisk ini pakai buat copy tapi filenya enggak muncul cuma shortcutnya doang enggak banding dngn harga yang mahal,negative
tidak fungsi dengan baik sangat kecewa,negative
kirim nya cepat terimakasih,negative
barang sudah terima,positive
bagus belum ada kendala tapi ngirimnya hanya bubble wrap overal enggak ada masalah,negative
asli bagus packing aman sentosa harga murah real capacity,positive
saya sudah pesan dari minggu kemarin tapi belum sampai sampai kalo di lihat dari informasi akan sampai pada hari jumat lalu tapi belum ada juga,negative
barang nya enggak bagus,negative
barang sesuai dengan judulcepat sampaikemasan baikbanyak bonusnyapokoknya tidak kecewa,positive
barang sudah terima sesuai pesan fungsi dengan baik tidak ada kendalaharga murah dari situs online yang lain terimakasih lazada,positive
worth itu sukaksemoga awet barang sudah terima tanggal 25 mau 2019,positive
masih bingung ini orisinal apa bukan karena enggak ada hologram garansi 5thn nya yang di pojok kiri,negative
datang dalam ada cuma pakai bubble wrap selap tanpa packing kayu sempat khawatir karena beda pulau kaltim utgnya buka dus semua normal fre backet itu omong kosong kalau harga tanpa promo gratis bracket 99rb harga 1699 kalau lagi promo potong 100rb harga jadi 1599 tapi fre bracket di hapus sama saja bohong wkwkwkwk dolby audio sprtinya cuma gimmick audio cuma bisa mono doang sudah coba cari settingan agar bisa stereo enggak ada di manual book juga enggak ada speaker tv bawa suara enggak bagus harus pakein speaker eksternal atau soundbar biar suara lumayan enak jernih layar masih jauh dari tv merk jepang ya ada harga ada rupa enggak usah trllu harap banyak tv sampai dengan selamat saja sudah syukur wajahgembiradenganmatabahagia,negative
syukur dapat sandisk harga murah terima kasih lazada,positive
packing nya rapi dan aman cuma sedikit kecewa karena kapasitas nya enggak ful 2tb kapasitas nya cuma 17tb selain itu sih puas lah,negative
barang datang lambat hari dari waktu kirim sudah cek packing bagusrapi dan fungsi normal,negative
bagus bangus banget kirim cepat jugamantap mau beli lagi,positive
ini tidak begitu bagus batrai hari habis bagaimana pun juga nama barang murah kualitas tetap jauh dengan yang mahal dan paling tidak suka selalu keluar iklan walaupun teh tidak di pakai,negative
saya enggak terima barang nyakok stts sudah terima ya,positive
kirim tidak sesuai tanggal yang tera,negative
enggak sesuia dengan spec yang di gambar kata bisa usb ini nyata enggak bisa bagaimana ini mau saya kembali bagaimana cara retur ya,negative
suara laptop kok berisik ya entah kipas atau hardisk nya,negative
good price and product,positive
tv bagus harga murah,positive
kau nih barang tapi wajar sih kalo lihat harga,negative
barang mantap mkasih,positive
paket sampai lebih cepat dari kira quick respon hari telah bayar ada sms sari merchan warna gold tidak available dan tawar warna ganti silver cukup keren,positive
algamdulillah percaya barang sampai kurang dari minggu ke bontang kalimantan timur fre ongkir barang juga sesuai terima kasih,positive
sempat khawatir tentang kirim barang yang kata sering tidak sampai atau telat bangetbanyak sih ke khawatir yang lain seperti barang rusak dlalhamdulillah pesan kamis malam sabtu sore sudah sampaibarang mulusfungsi normalsemoga awet dan canggihtapi belum semua siar tv tertangkapkenapa ya padahal lokasi rumah di kota bekasimasih coba search untuk indosiartrans tv dan trans 7siaran juga cenderung banyak semutmungkin ada saran supaya lebih jernih padahal pakai antena luar,positive
packaging rapi barang sampai dengan selamat terima kasih,positive
flashdisk nya bagus packing ok recommend bangethatihitam,positive
tidak bisa fungsi simpan data,negative
agak kecewa sama ekspedisi yang terlalu lama bahkan lebih estimasi dari puhak lazada h1 ekspedisi alhamdulillah barang sampai packing kayu aman enggak ada lecet dan macemacem jauh ini barang masih oke punya dapat flash sale harga lumayan oke kualitas standar led tv pada umu suara juga cukup okecukup ya tapi dari segi harga ini worth itu banget harga tanpa flash sale pun masih bisa di bilang worth itu cuman sayang kalau di sambung ke pc alias jadi monitor tidak bisa ful hd karena layar potong enggak tau kenapa jadi harus kompensasi sdiiit turunin resolusi di 1600px tapi enggak terlalu jadi masalah terimakasih lazada barang oke cs nya ramah sampai di telfon 2x telah lapor barang lambat datang moga barang awet2 saja,positive
barang nya bagus sudah dicobagambarnya jernih banget suara juga oke dan fre bracket hanya saja kecewa di pengirimanlewat dari tggl estimasinyamohon tingkat lagi layan nya karena saya langgan setia lazada,positive
gan bisa instal win enggak ya,negative
kirim cepat tapi sayang barang enggak orisinal,negative
saya puas sekali dengan barangnyatapi jne nya yang lama,positive
barang sampai dengan selamat tepat waktu walaupun belum saya coba,positive
puas dengan kondisi yang sama seperti pict cuman sayang belum terinstal apa,positive
garansi nya garansi resmi enggak pak,positive
sudah beli 3pcs di toko ini bisa langsung colok ke tv dan yang enggak bisa,negative
barang good sudah di pakai dan tidak ada masalah untuk guna mac pouchnya juga bagus,positive
tak sesuai dengan apa yang di tulis tidak satu pun dari bonus yang saya dapat yang saya dapat malah kabel data miniusb fan dan usb light,negative
packing rapi cuma kirim agak lambat,negative
luar biasa sudah 20 hari sejak mesan enggak sampaisampai nih tv padahal sudah ready kok kalau itu tv nya sampai kecewa,negative
barang belum saya terima masih di kurir belum di antar ke alamat saya,negative
kapasitas 29 gb bukan 32,negative
barang okrealpictrecomended,positive
barang cepat sampai dalam kondisi mulus warna sesuai minta,positive
lama kirim tapi barang dalam kondisi yang baik,positive
darat dengan selamat barang sesuai gambar moga awet kuriry sopan rama sangat puas belanja di sini trim,positive
product ok saya suka dan sudah coba wajahtersenyumdenganmatabahagia saya suka dan packing kirim rapi banget ty jempolkeataswarnakulitcerah,positive
keren ah suka banget original pula,positive
cara bagaimana ya,negative
enggak bisa pakai begitu copy filenya hilang,negative
tv saya beli ketika flash sale 0909 bulan lalu bulan pakai tv normal tidak ada kendala baru kemarin tv tidak bisa nyala ketika kabel power di colok ke listrik seperti tidak ada power listrik masuk bagaimana saya cara klaim garansi tv nya dengan unit baru saya punya cooca vip card replacement guarante,negative
mantap tidak meleset dari jadwal kirim dan kurir ramah kira pakai sepada motor nyata kurir nya pakai mobil mantap deh lazada jempolkeatasjempolkeatasjempolkeatasjempolkeatas,positive
flashdisknya error sering enggak baca di komputer,negative
barang ok kirim agak lama,negative
flashdisk nya lihat bagus tapi rusak enggak bisa pakai,negative
bagus murah kwalitas enggak murah lho,positive
kirim molor minggu saya kecewa,negative
fre headset tidak ada tidak sesuai promonya aplikasi word tidak ada,negative
digital tv nya sama sekali enggak nangkep ubtuk daerah purwokerto,negative
terima kasih lazaad sellerbrng sudah datangtapi kok enggak dah kartu garansinyatolong dong unyuk kartu garansi kirim alamat saya,positive
alhaddulilah sampai degan selamat fungsi dengan normalwajahtersenyumdenganmatabahagiajempolkeatasjempolkeatas,positive
sudah terima tapi belum pakai thanks,positive
barang mulus ok banget terima kasih lazada,positive
pesan 364549487 di pesan pada 04082016 sandisk flash disk cruzer blade 32 gbsampai detik ini tidak terima tidak ada penyelesaianx,negative
kecewa flashdiskny enggak bisa format ke ntfs copy file gede corrupt mau jdiin bootable windows eh detect nya bukan 32gb malah jadi 33gb abal nih fd kekny,negative
nyata benar ya lot habis etik saja bisa tinggal huruf internet pun sampai bolot cuma menang layar saja 15 sayang mau yang pakai pros a4 habis,negative
sue sue data ku hilang semua kga bisa di bukausb macam apa iniaduhbagaimana nih kalo deh beginil,negative
barang sudah darat dengan selamat di denpasarwalau packingnya cuma pakai bubble wrap tapi tangan nya oksemua jalan normal tanpa ada kendalaterima kasih cocca lazada,positive
barang rusak enggak bisa di pakai,negative
barang sudah terima terima kasih dan fungsi,positive
kapasitas 29 gb,positive
tulisanya 32 gbaktual 389 gbkecewa,negative
netflix nya juga masalah di seri ini,positive
lumayan speed read 80mbsi write speed 40mbsi,positive
produk bagus banget ayam pelihara saya pada suka dibikinin kandang dari kardus saya cuma butuh kardus buat kandang ayam tv nya malah buat main karambol anak saya,positive
yang datang ryzen guys tidak sesuai ekspektasi sudah saya kembali dan tolong tanggung jawab,negative
kualitas produk banding dengan harga tapi bawah harap saya dengan nama besar philips,negative
barang original packing rapi dan kirim cepat sampai,positive
kok di play di tv enggak ke baca ya,positive
barang cepat datang packing bagus bonus mantul,positive
barang yang kirim tidak fungsi,negative
baca ulas pada bilang sudah digital tapi nyata masih mono buat tonton film gambar jernih tapi salur tv jelek pakai antena dalam no signal sering,negative
sandisk selalu uji tidak pernah ragu,positive
mantap3 hari sampaikapasitas 64gb fre 595gb,positive
luar ok kapasitas ok tapi sayang tidak bisa simpan video,negative
barang cepat sampainyadeh pakai dan bagus packing rapirekomend deh,positive
barang nya sesuai sih sama bayang aku tapi telah cek kok cuma 28 gb saja ya terus baru colok beberapa menit sudah panas begitu kenapa ya,positive
barang sesuai dengan pic mantap,positive
enggak becus kau jual tutup saja toko kau apa yang minta enggak sama dengan yang kau kirim kau pikir aku enggak bisa beda mana yang micro usb dengan yang typesih aku pesan dua tapi bukan dua dua micro usb,negative
barang bagus fungsi mungkin tambah saja perlu perhati dalam pengepakanya lebih baik lagi skalian mu tanya tv ini belakang ada lubang usb apa tv ini sudah bisa usb move,negative
tv mantap ini baru tv kemarin punya saya menang harga doang mahal kualitas nya msi oke xiaomi ini bisa youtube lagi puas banget dah thank si lazada,positive
tidak bisa simpan video banyakbanyak,negative
barang belum datang,negative
mana ini pesan saya saya sudah tunggu hari tak kunjung datang,negative
real pict thx lazada,positive
kok pesan saya di batal ya ada apa ini padahal kurir deh sempat ke rumah nganter barang terus karena saya tidak di rumah pas dia bawa barang kata hari senin mau ke rumah lagi kurir telah saya cek email kata barang yang saya beli di batal mohon informasi lebih jelas agar saya bisa pesan kembali jika itu benar di batal,negative
saya kecewa sekali dengan layan lazadapratama store saya beli dua macam bareng flashdisk hp32 dan sandisk micro sd32 yang datang barang satu macam saja yaitu dua buah flashdisk apa bisa flashdisk kembali dan ganti dengan sandisk karena selisih harga yang lumayan terimakasih atas atentionnya,negative
bagus laptop ya,positive
rapi banget packingnya,positive
barang sudah sampai baru buka belum di periksa kirim lumayan cepat kurir juga ramah mudah an barang tidak kecewa,negative
nilaiseratus original,negative
barang bagus sesuai harap,positive
barang sesuai di gambar packing rapibiasanya kirim masalah kali ini lancar dan cepat sampai puas deh sama produk ini thx lazada,positive
barang bagus dan sesuai tapi kirim lelet banget,negative
alhamdulilah sudah terima sempat was2 bareng kali enggak muat lu tempat pb vivan ku syukur muat,positive
sangat bagus tingkat layan dan jaga percaya langgan,positive
barang nya enggak bagus,negative
barang sampai dengan selamat dan lengkap sesuai pesan tanpa kekuranganpatunglibertypatunglibertypatungliberty,positive
bagus banget barang nya,positive
flashnya mantap,positive
bima,negative
paket cepat paking rapi barang mulusterimakasih lazada,negative
kirim cepat barang datang mulus tanpa penyok barang sesuai foto dan bagus harga juga bagus buat kantong,positive
tapi fre pouch dan mouse pad tidak sesuai dengan gambar pouch dapat yang tas kecil tidak seperti gambar mouse pad gambar bukan merk seagate lain winnie the ph lebih saya puas terimakasih,negative
product sesuai deskripsi kirim cepat dan aman sayang enggak ada informasi soal vip cardnya,negative
tv pintar bagus dan komplit,positive
good job no complain,negative
barang sudah sampai packing cukup lengkap aman hardisknya jauh ini coba fungsi dengan baik terimakasih,positive
sudah minggu pesan belum datang juga bagaimana ini lazada padahal belum pernah kecewa belanja di lazada,negative
mantap recommend,positive
fd enggak bisa buat simpan video film,negative
paket sampai dengan selamat ke lhoksukont dan fungsi dengan baik gambar dan suara nya mantul moga produk ini awet,positive
barang sampai pancing rapi fungsi 100 namun kirim agak lambat hari,positive
harus yang asli,negative
mantap lur,positive
barang telah diterimauntuk klaim hooq nya xiaomi suruh hubung lazadalalu di pingpong lagi hubung xiaomiwaspada after sales nya,positive
barang sampai dengan cepatamandan fungsi dengan baik terima kasih,positive
thank lazada barang nya bagus pngriman nya juga cepat,positive
saya belum terima paket sayatolong eiadi tindaklanjuti ke pihak jne nyaknapa di terang psn dan email sayabarang sudah diterimapadahal saya sama sekali belum terima pesan sayatolong bantu dari jual dan lazadanya,negative
mantap banget harga murah tapi kualitas mewah terimakasih palem elektro terimakasih lazada barang bagus banget kurir sangat ramah love love love lazada,positive
kirim cepatoke bgtz,positive
sudah sampai dengan baik no cacat paking bagus kerdus saja mulus apalagi tv nyaterima kasih lazada,positive
barang sudah sampai tidak ada cacat fisik tapi kapasitas tidak work,negative
mantul,positive
ini saya pesan tanggal 12 terus tanggal 13 kata sudah proses kirim tapi sampai sekarang belum datang juga kirim dari mana memang,negative
jangan beli produk ini saya beli unit tidak di kirim dan di batal cara pihak terus di suruh tunggu uang kembali shit,negative
jika nanti ada salah dalam produk atau dalam order siapa yang akan tanggung jawab sini saya tidak mau jika nanti uang layang tolong lebih jelas lagi tempat jual dan identitas sih jual ya,negative
kecewa banget tidak fungsi alias tidak konek,negative
sampai juga nih terimakasih dipacking dengan baik dapat tas juga segel utuh,positive
jujur barang nya bagus banget dengan harga gin dapat smart tv yang keren desain juga oke gambar juga oke tapi sayang ada titik hitam kecil pas di tengah memang tidak ganggu tapi lihat jika background nya warna putih apakah pihak yang jual tidak di qc lebih dahulu dan di cek apakah ada cacat atau tidak dan apakah bisa di claim barang nya yang di takut untuk jangka panjang nya takut titik hitam sebut besar dan menganggu mohon tanggap nya dari pihak cooca dan lazaddathx,positive
barang yang datang tidak sesuai gambarpesanan saya malah di kasih fd model lama model yang tidak mau saya beli kecewa saya sama lazada saya minta kembali barang,negative
kapasitas hanya 564 gb,negative
kirim sangat cepat,positive
barang nya sesuai deskripsi,positive
barang enggak orisinal jual jujur dong jadi jual barang jadi enggak bisa pakai rugi saya beli,negative
kirim cepatpacking rapibarang ok terima kasih lazada,positive
sudah rusak panel,negative
kalo tonton dari samping enggak lihat harus dari depan,negative
dua bagus sekali,positive
barang deh sampai cepat peking rapi barang bagus tapi enggak bisa konek untuk pideo,positive
barang sudah sampai sesuai estimasi tapi sayang untuk otg nya enggak fungsi,negative
sangat amat kecewa hardisk tidak bisa baca sama sekali oleh komputer walaupun sudah coba komputer beda bagaimana bisa anda kirim barang yang rusak kepada customer terima kasih telah kirim barang yang rusak,negative
mantapharga bersahabatfre ongkirpaciing double safetypengiriman saja yang agak lamasok far sok good,positive
pas di ku mau pasti ada dvdroom apa enggak bilang adafoto produk pun beda dengan aslidfoto ada dvdroom blanja online sudah enggak bisa lihat produk speknya pun enggak valid ya sudah,negative
pengirima lama enggak tau salah siapa,negative
kirim sungguh sungguh lamban lebih dari minggu,negative
barang bagus dan awet,positive
barang sudah terima ambil sendiri kurir tolak antar sampai ke rumah dengan alas barang terlalu besar tidak bisa atar dengan motor padahal bisa kalau antar orang dengan bonceng lengkap barang kurang karena baut untuk stand tv tidak saya temu dalam box,negative
barang cepat sampai terima kasih lazada,positive
kemarin sore order sore ini dah sampai mantap packing juga baik moga awet ya,positive
love this sok much keren banget apalagi dapat harga wor,positive
tau,positive
produk sesuai sudah di coba dan bagus moga awet terima kasih,positive
pesan cepat pada kirim brang ok namun bonus rusak semua nama ya juga bonus hehehe terima kasih lazada,negative
ya standar sih lumayan usb 30 tapi kayak kurang kokoh dalam,negative
barang sesuai mudahmudahan awet,positive
fdnya fungsi dengan baik dapat otg juga cuman ada yang aneh barusan gua coba di hp realme enggak bisa tapi di redmi bisa wkwk tapi sok far puas lah produk sesuai sama yang gambar,positive
perfec,positive
barang sesuai gambar kirim tepat waktu enggak kecewa deh,positive
di terang speed nya 7200rpm tapi yang di kirim hd pipeline,negative
tv nya sih bagus tapi usb tidak bisa dpakkai hanya untuk service doang tidak sesuai deskripsi,negative
barang bagus sesuai deskripsi betul dapat pas samsung brand day jadi cuma dapat harga 206rb,positive
bagus dan cepat kirim,positive
belum ke pakai mudahmudahan bagus,positive
tolong kirim nya di baik,negative
thanks sellersaya puas belanja di lazadabareng baguskualitas bagus terima kasih seller,positive
pesan waktu ramadhan baru sempat di unboxing sekarang sumpah sesal banget baru buka sekarang saya kira tidak ada masalah nyata lcd nya pecah saya mau klaim harus mana min,negative
barang cepat sampai sesuai dengan pesan,positive
knapa pesan sayadi batal,negative
kirim cepatreal pict dan awet pakai sampai sekarang,positive
bareng ok sesuai deskripsi kirim ok buat simpan data terkadang baca kadang tidak,negative
barang sampai dengan cepat dan transfer file pun kilat thanks,positive
garansi berapa lama bos,negative
barang sudah terima dengan baik tetapi telah di coba tidak jadi mungkin karena bareng murah ya,negative
mantul cepat banget sampai barang nya belum sempat coba sih moga baikbaik saja dan sehat hardisk nya wajahgembiradenganmatabahagia seller nya juga baik awal nya pesan biru karena kosong dia tanya dulu mau enggak di ganti ke gold itusi okay yang penting samasama seagate produk wajahgembiradenganmatabahagia,positive
kirim cepat barang sesuai dengan gambar,positive
goods,positive
ini juga belum laku tak jual,positive
mohon maaf untuk kembali barang saya kirim krmbali barang dan sudah di terima telah laku evaluasi kenapa kembali dana via transfer saya belum juga di transfer ya terima kasih,negative
coba kalo kirim lalu lexpasti sudah sampai belum batas tanggal kirim akhir,negative
samsung 49 5series n5000 clas,positive
hahaha sampah,negative
hatur nuhun terimakasih sama sama,positive
barang bagus puas,positive
gila kirim lama sekali saya tinggal di jakarta bukan di iri atau papua yang jauh masa minggu barang enggak kunjung datang apa jadi nya itu barang di kurir minggu di ombang ambing enggak sampai sampai,negative
senang banget paket ya sudah yampe kualitas ya bagus banget tidak kurang apa dan tidak pecah pokoya sukaaaaabanget moga awet trimksh lazada,positive
body nya keren sihtapi untuk kualitas gambar dan warna kurang,negative
terima kasih barang sudah di terima packing baik,positive
barang sudah di yerima tapiprogram tvnya enggak bisa diam pindah pindah sendiri sangat kecewa tidak bisa nikmat tolong minta di tukar ganti barang tunggu respon sama jawab,positive
beda seri sama yang di iklankancoba saja order kalau enggak percaya,negative
kok bukan merk sandisk,negative
barang tidak fungsi hanya lampu led saja yang nyala,negative
di terang fre pouch dan pengintapi telah sampaionly producttau begini cari yang lainhaddeuuuh,negative
barang telah sampai terima kasih,positive
mantap kualitas oke harga lumayan jangkau sudah support dvb tt2 pula,positive
barang cuman tv ya saja yang nyampai apa memang itu cuman iming2 saja biar barang lku,negative
ira ada tutup,negative
parah isi 64gb yang bisa pakai cuman 10gb doang lebih dari itu filenya pada hilang kapok gue beli flashdisk toshiba made ini philipines,negative
sudah sekian kali saya beli memory card dan flashdisk di olshop ini barang original ada hologram cepat sampai jauh lebih murah dari yang saya beli di toko kamera packaging rapi dan aman untuk mesan kali ini saya pesan tanggal 19 juli 2017 sampai di rumah 20 juli 2017,positive
alhamdulillah sampai dengan harga murah flashsale tv kondisi baik thank lazada samsung,positive
barang sudah terima kondisi normal enggak ada cacat kurang kirim sangat lambat,positive
barang sudah terima sesuai deskripsiterima kasih lazadaseller dan ninjaxpres,positive
barang dterima dengan mulus tanpa lecetpengiriman cepattrmksh lazada saya sudah nyaman belanja dlazadasemoga awet,positive
barang bagus fungsi dengan baik,positive
sangat kecewa packing nya tidak rapi sehingga pesan saya pecah,negative
dari mulai pemesananpengepakan sampai kirim sangat muas good job pokok,positive
barang bagus sesuai deskripsi makasiih,positive
lazada lebih baik jangan pakai jne karena paket saya enggak antar rumah jne tracking datany paket sudah antar ke alamat tanggal 11 namun nyata tanggal 14 saya yang jemput ke kantorny jne pas tanya peg jneny malah ngeyeljangan sampai layan lazada yang sudah maksimal rusak citra oleh ekspedisi jne,negative
ucb elor copot lama lagi kirim,negative
pertama mau pesan seperti dalam gambar m3 nyata stok habis jadi pesan yang lain h3 overal barang bagus kirim cepat,positive
oke tv nya bagus dan dapat harga crazy deal,positive
barang bagus tapi sayang covernya tidak ikut kirim padahal gambar ada covernyajugawajahberkeringat,negative
laptop bagus kondisi fisik tetapi pas nyala masih excel dan word nya tidak buka saya mati dulu telah beberapa jam saya coba lagi malah blank enggak muncul apaapa saya chat tidak dibalas2 yasudah saya kembali saja karena rumah saya jauh dari tempat klaim garansi nya terima kasih lazada sudah bantu proses kembali nya,negative
product yang kami terima tidak kerja dan tidak dapat di guna mohon dapat ganti,negative
kirim cepat standard 2hari kecepatn flasdik usb mudahmudahan awet,negative
ok banget,negative
alhamdulillah tv aman enggak kecewa kaya pertama kali beli harus di retur tapi kayak nya belum ful hd enggak sesuai iklan nya overal baik karena dapat harga flash sale,negative
akhir bisa juga juga lihat ulas nih laptopterima kasih yahik hik hik,negative
tv tidak berfungsisaya coba servis centre klaim garansi alamat fiktifakhirnya barang saya retur ke lazadabuat yang tinggal di semarang jangan beli produk cooca karena service centre nya enggak aktifsaya coba datang kesana tidak temu gedungnyamasa sewa gedung habis,negative
sesuai dengan deskripsisemoga awet,positive
flashdisk beli sini enggak bisa guna barang reject jual slow respon komplain kembali sampai sekarang belum action,negative
walaupun barang ini datang telat dari estimasi waktu dan harus sedikit kerja keras antem dengan operatoroveral saya puas belanja dilazadatvnya darat sempurna dengan kondisi oke untuk tv murah inimantaplahkalo saya sih bilang tv murah tapi enggak murahansaya ikan apresiasi dan kredit point buat lazadayang tanggap untuk beri layan keluh langgan,negative
apa benar ini del indonesia saya sih ragu sama seller ini kata del indonesia di harbonas kemarin 1212 saya beli 1unit del inspiron 3180 telah buka paket saya kaget dan kecewa sekali unit yang saya terima itu body nya banyak sekali gores seperti barang bekas display kalau ini benar del indonesia kok bisa unit bekas display di jual,negative
barang bagus namun sistem layan dari lazada sungguh buruk sekali barang saya baru proses telah bulan tengah dan itu harus komplain ke cs lazada hingga 5x sungguh sesal untung barang nya sampai dengan selamat tanpa cacat mohon depan sistem nya baik sehingga tidak ulang lagi,negative
bisa kredit enggak,negative
enggak dapat kabel masa cuma case doang hiks,negative
bagus kirim cepat dan rapi,positive
pesan hari ini besok sudah datang,positive
mohon maaf gan apakah barang bisa kembali soal nya flashdisk ini enggak bisa ke baca di laptop maupun hp,negative
pesan saya kirakira sampai kapan ya karena harus titip sama yang ada di kntor no mesan,negative
tf senin siang rabu sore barang sudah datang fdotg nya juga like terimakasih lazada,positive
cepat buanget tiba barang pesan sekarang besok tiba tks lazada,negative
sesuai dengan deskripsi terima kasih banyak lazada,positive
kirim lalu ark expres sangat lambat dan tidak memuaskansampai saat ini belum datng jugamohon lazada konfirmasi pihak ark expres nya,negative
cepat dan baru produk,positive
barang bagus barang orisinal terima kasih lazada,positive
bagus barang bungkus nya rapi,positive
kok kapasitas cuma 288gb ya padahal saya pesan yang 32 gb,negative
layar tidak fungsi,negative
hardisk plug and play sangat muas,positive
pesan tidak kirim karena alamat tidak ditemukanpadahal saya sering belanja di lazada dan barang yang saya beli sampai di rumah kok ini enggak bisabagaimana nih,negative
kecewa bangetbareng palsuperlu di tindak lanjut tipu,negative
good stuf thank you,positive
file yang simpan semua hilang padahal isi soal soal semester yang sudah edit sampai sekarang belum saya pakai lagi,negative
barang smpenya cepat cuma kok lot ya tidak responsif,negative
barang belum di terima kok sudah kirim bagai mana ini,negative
thx gan,positive
mantap barang cepat pula barang nyampek,positive
barang tidak sesuai dengan deskripsi prosesor bukan octa core seperti yang di tulis di deskripsi memory ram hanya 1gb dan kapasitas hanya 16gb semua di cek pakai aplikasi sd insight bisa download untung barang bisa kembali untuk yang mau beli produk ini pikir ulang karena deskripsi tidak sesuai daripada capek buag waktu dan tenaga biasa baca review belum beli this item was not as described ini sellersi description the processor was not octa core but only dual core cheap proccessor from mediatek ram was only 1gb and storage only 16gb itu is easily revealed using sd insight from playstore please read review before you buy this item,negative
harga murah moga awet,positive
alhamdulillah sampai sehat wal afiat terima barang tanpa cacat sedikit terima kasih lazada kemarin dapat harga 145rb lagi moga barokah,positive
di tulis 16gb tapi gilir di colok masa jadi 146gb sisa mana itu aduh,positive
barang darat dengan selamat tank lazada yang beri harga yang sangat murahsemoga awet dan tankz buat seller kurir,positive
mana bonus bracket saya,negative
tolong dong judul deskripsi yang jelas kata eksternal tb eh yang datang cuma casingnya doang mana pesan lagi,negative
mantapmurah berkualitasmskpn kirim enggak pakai packing kayuternyata aman,positive
nol binatang total waste of money bought two coz they are sok cheap not much tapi lose tried tapi copy music and then photos acros from my laptop tapi each only few of each of the files transferred the rest could not then tried on genuine sandisk flash drive and al went acros smoothly and far more quickly to cheap tapi bother asking for refund of tapi gramedia tapi buy what know tapi be genuine brand service from the seller was excellent tho,negative
barang sudah terima barang sesuai dengan gambar bagus,positive
tak ada cacat fisik dan produk kerja dengan baik,positive
kalo pakai transfer data agak lamaisinya juga cuma 58 tapi bentuk unik dan bagus,negative
saya order warna biru yang kirim kok warna hitam tapi ya wislah,negative
harga barang sangat saing produk sesuai deskripsi proses kirim cukup cepat,positive
jos lazada perlu banyak baru toko2 yang nakal,negative
kirim lalu jne sangat tidak muas karena lama kirim padahal barang sudah ada sampai kota tuju tetapi lama sekali untuk antar ke rumah sampai harus ambil ke gudang saran saya lazada harus ganti partner kirim terima kasih,negative
baru pakai sekali sudah enggak bisa buat gantung kunci saja,negative
mantap banget sempat ragu soal kirim jauh luar jawa alhamdulillah sampai dengam selamat packing kayu dan buble wrap sehingga aman terima kasih lazada,positive
mantap dapat 64gb 2nya,positive
enggak ada remot dan tiang tv seperti enggak cek belum kirim jadi asal2an saja,negative
datang cepat packing bagus di setel bagus tapi aku mau tnyakan ya kenapa suara siar mono semua ya apa ada settingan nya,positive
alhamdulillah brggx bagus sesuai waktu thks,positive
barang sudah darat dengan selamat trimakasih lazada jempol deh,positive
gua jadi dinding sepiteng sama gua jadi kandang ayam dan bebek,negative
pesan dari tanggal baru nyampek sekarang benarbenar lot wajahbersungguhsungguhwajahbersungguhsungguh,negative
tv fungsi kirim cepat packing hanya pakai buble wrap kartu garansi tidak ada stampel tidak ada kwitansi beli tidak dapat kabel rca di deskripsi produk dapat service center tcl di tangerang tapi di kartu garansi lokasi service center hanya di jakarta,positive
kacau kacau beli tv 4k 50 inc 4juta kece badai terima kasih cooca lazada,positive
duh nih bagaimana kok begini enggak bisa di pakai jadi nyh,negative
mantap banget barang bagus bonus banyak terima kasih lazada,negative
brang sudah sampai kirim molor smpek minggu pesan dan bayar tanggal datang tanggal 15 kecewa sekali wajahtanpaekspresiwajahtanpaekspresi,negative
produk bagus kirim sangat baik semua fungsi baik suka banget,positive
alhamdulillah mantap respon cepat kirim juga cepat,positive
enggak bisa di pakai barang rusak kok di jual,negative
pengirimanx cepat barangx bagus banget terima kasih seller wajahtersenyumlebardanmatatertutupwajahtersenyumlebardanmatatertutup,positive
sampai sekarang barang pesan saya belum di terimadari tanggal 19 september 2017status di lazada sudah kirim tapi saya belum dapat nih resi pengirima sampai saat ini,negative
barang mulus cepat sampai tapi jangan di beli kalo enggak mau sesal,negative
nyata belum compatible digital broadcast dvbt2 siar digital akena tipu deskripsi,negative
bagus banget flashdisknya dan kirim cepat sekali,positive
tolong uang saya dibalikin,negative
hanya bisa guna sebentar sudah itu enggak tau jadi enggak bisa dipakek terus tidak bisa simpan semua file hanya file2 tentu yang bisa disave dan diibuka kembali kenbanyakan tidak bisa buka,negative
produk kualitas packing rapi dan kirim cepat,positive
mantab jual sampai yang beli bingung,positive
sandisk memang baik buat storage,positive
maaf belum nya kok ini sen nya belum sampai ya padahal pakai jalur hari sampai,negative
bagus kualitas tidak kecewa,positive
barang yang terima sesuai dengan pesan dan paking aman dan rapi tunggu next order nya,positive
sayang banget gan di hp ku vivo y53 enggak suport,negative
barang rusak enggak berfungsiotg enggak fungsi masuk pclaptop eror barang rusak kok jual bos,negative
tidak sesuai dengan harap karena telah coba isi file tidak baca banding dengan flasdisk yang sama pesan kami masuk kau alias baja,negative
kirim lebih cepat hari untuk barang lumayanmudahmudahan awet,positive
mantapbarang cepat sampailuar pjawa thanks lazada,positive
pokoe mantap,positive
kirim sampai tanggal 2022 nyata sampai tanggal 23 belum sampai juga,negative
sesuai dengan deskipsi,positive
packing bagus kirim cepat barang sesuai gambar dan sudah coba fungsi baik,positive
enggak bisa di pakai buat minda data gagal teruus,negative
rekomended barang sampai pada tuju dengan baik,positive
pengaturanya aneh sering layar sama suara enggak bisa di ting manual,negative
barang 1hr terima fast respon banget good service tq,positive
awet enggak nih,negative
mantul,negative
baru kemarin datang dan nyoba eh telah itu malah enggak bisa pakai dan enggak ke detected,positive
packingnya rapi sellernya soon pesan jumat barang sabtu sampai di tangan saya thx lasada,positive
usbny enggak bisa pakai,negative
connect lngsg ke wifi puas pokok,positive
barang bagus enggak ada yang cacat sip dehmelipattanganoke,positive
terima kasih barang sudah terima dengan ada baik,positive
saya beli yang 32 gb tapi telah saya cek hanya 29 koma tapi barang saya terima dalam kondisi baik,negative
sudah sampai dengan safety wajahtersenyumlebardanberkeringat cuma kok tidak pakai kayu ya hanya bubble wrap saja sedikit kecewa karena channel digital nya dikit terus terkadang patah istri saya komplain karena enggak dapat channel favorit di digital,negative
kecewa belanja sini sampai sekarang barang belum saya terima,negative
kecewa banget tv dtang ada hancur kardus sobek kam hanya pakai buble saja tampa ada kam kayu saya mau retur bagaimana cara,negative
barang sudah darat rapi,positive
produk sudah sampai alhamdulillah fungsi baik moga awet amin,negative
mantuuul bingitts,positive
untuk kirim dan kemas oke tapi untuk barang saya enggak yakin soal flashdisk toshiba itu nyala lampu kuning sedang yang ini merah dan saya enggak tau ini barang asli apa kau yang penting dosa tanggung sendiri kalo sampai nipu,negative
fungsi sih tapi yang buat dicolokin ke hp enggak bisa aku lihat laptop juga cuma 119gb bukan 128gb rada kecewa sih tapi terima kasih ya,negative
packing rapi pakai kayu dan bublewrap produk juga sip banget puas pokok,positive
terima kasih pesan sudah sampai dan sudah tes beberapa hari ini hasil puas deh cuma lubang braket ini benar aman cuma,positive
kecewa flashdisknya sih bagus tapi otg nya rusak di sambungin ke hp tidak bisa tidak baca,negative
alhamdulilah paket sudah sampaimudahmudahan bisa di pakai dengan sempurna dan fungsi dengan bagusterima kasih lazada,positive
mantab sudah saya terimabarangnya mulus dan sexy thx seller and lazada,positive
paket datang sangat cepat saya pesan kamis jumat nya sudah datanghatimerahhatimerahberkilaupusing,positive
yang order hitam yang dapat merah,negative
barang fungsi dengan baikhanya ujung agak bengkok,positive
barang original harga lumayan murah packing rapi kirim cepat tapi sayang pas colok ke komp isi cuma 28 gb doang,positive
baru kemarin mesen sekarang dah sampai wajahtersenyumlebardanberkeringat barang sesuai tapi belum coba sih moga bagus melipattangan terimakasih jempolkeatas,positive
bagaimana sayat kalau mau kredit,negative
terang 32gb tapi asli cuma 286gb proses copy lama,negative
packing rapi tapi barang agak cacat bagi ujung flashdisk buka moga saja ini awet,negative
kok dapat nya warna biru,negative
barang sesuai pesan puas performa transfering ke laptop cepat thanks lapak,positive
murah packingnya rapi cepat pula terus barang bagus asli lagi suka pokok,negative
saya kecewa sama barang ini di situ tera 16gb tapi pas saya beli di bungkus memang 16gb tapi pas saya di cek di laptop saya cuman ada 14gb kzl,negative
kirim cepat bangetdi luar ekspektasikurir ramah,positive
barang orisinal pas di cek memori nya ada 931 gb fungsi dengan baik freebies nya pada lengkap,positive
tidak bisa di guna,negative
paaaaaaarah,negative
sangat puas sesuai dengan ingin,positive
barang tidak sesuai gambar casingnya plastik semua tidak ada tutup,negative
produk original dan awet,positive
barang sudah sampai kabel otg enggak fungsi cukup 1x beli toko ini,negative
dear rekan untuk barang mantap fungsi packing kelas medium saran kalau mau beri kesan kelas profesional untuk produk yang hubung dengan kabelelektronik mohon auto packing type karduskotak dengan isi gabus supaya hindar driver dari kontakarus listrik dan barang tidak penyok seperti kepala usb yang penyok gambar lampir tapi masih fungsi kok karena saya baik sendiri next time jangan ulang ya wajahtersenyumdenganmatabahagia,negative
kirim lebih cepat dari kira tidak ada kurang apa saat di terima yang paling penting harga yang paling murah dari tv yang lain di ukur yang sama mantap terimakasih lazada cooca,positive
barang nya bagus jempolkeatas,negative
barang sudah sampai kirim cepat recomended,negative
proses mesan mudah kirim sangat cepat barang luar bagus dalem kurang cuma bisa untuk pindah file tidak bisa untuk simpan karena file akan hilang atau korup terlalu banyak file yang masuk juga dapat hilang file yang simpan di dalam kurang rekomen mending beli langsung dari toko gadgetaksesoris,negative
mantap,positive
salah kirim yang datang beda barangbukan flashdisk,negative
ini tv cooca 40 ini yang ke ku beli yang ke kirim agak lamayang saya sayang kenapa ada baret di bagi bawah tvkayak barang rejectan sajabisa ganti enggak ya,negative
gan ini barang masih ready stock kalo dari jakarta ke bandung kira ongkirnya berapa ya dan biasa sampai berapa lama,negative
barang lebih dari harap casing yang saya pesan saya kira sama dengan yang lama dan nyata lebih dari harap thanks gan saya sudah 2x beli sini dan hasil nya muas,positive
barang sampai dengan selamat sellernya ramah dan respon kasih bonus tas dan mouse hd tb tapi cuma satu partisi overal good thx,positive
barang bagus banget pengirimian cepat bange kemarin order hari ini langsung sampai barang bagus semua kecuali kulitas suara suara suka matinyala tapi sudah di atasain sama pihak cooca walaupun lazada tidak terlalu bantu tapi tetap bagus dan baik,positive
kirim cepat barang asli muas akhir bisa beli smart tv dengan cicil tapi kartu garansi kok enggak kasih ya kalo ada masalah bisa klaim kagak ya,positive
barang murah tapi tidak murah,positive
cara klaim garansi bagaimana ya,negative
rumah hardisk ini bozq,positive
sip,negative
pesan sudah dari tanggal 11 desember 2018 barang datang di kupang nt 10 januari 2019 parah padahal belum saya beli 40inc begini dayang minggu beli dua parah banget tapi syukur barang aman sampai kupang saya kasih bintang saja tks,negative
terima kasih tv ya bagus psen sore besok ya sudah datang,positive
tvnya sudah terima kirim sesuai estimasi moga awet terima kasih lazada dan kurir,positive
brng sudah sampai,negative
barang sesuai dan paking rapi,positive
tv nya mantul banget deh packing nya juga sip banget kirim juga cepat tv nya sampai dengan ada muluspokok nya sip banget dehterima kasih seller lazadaenggak sesal deh saya oeder tv nya,positive
saya mau tanya bisa enggak untuk ps2,negative
eren,positive
tepat waktubarang ditrima dalam kondisi amanmatur suwon,positive
untuk semua kurang sulit dpet chanel antv buat lihat sinetron india,negative
sesuai gambar cepat tanpa cacat mantap,positive
fungsi dengan baik tapi entah kenapa kemas kayak bolong kena benda panas sampai dalem sehingga tulis sandisk ikut hilang untuk tidak rusak baru kali ini belanja dilazada kemas rusak sampai kena barang,negative
bagus,negative
estimasi kirim terlalu lama baru kali ini belanja di lazada kirim jauh dari estimasi sudah begitu hardisk kadang suport kadang tidak,negative
barang bagus sesuai deskripsi puas belanja di sini terima kasih,positive
kirim cepat tetapi untuk pengoprasian awal tv agak susah utama pada remotnyanih lagi ajar dan coba dulu,negative
bagus brng sampai dengan selamat sesuai pict tks lazada,positive
enggak kecewa aku barang nya oke thanks ya,negative
bagus banget dan masih segel utuhterima kasih,positive
mantap original thanks,positive
thanks fungsi bagus,positive
suka banget sama tvnya tapi sayang di tv nya tidak ada tombol seperti tv pada umum nya takut kalo remot rusak atau hilang wajahberpikir,positive
foto video yang saya punya begitu pindah ke sd card enggak bisa semua alias hilang kecewa dengan produk ini,negative
bagaimana cara cicil nya,negative
barang baru sampai baru pertama kali di keluar dari dos dan di lcd ada garis vertikal sangat kecewa dari yang harap padahal belum ada jam,negative
case hardisknya oke punya tidak ada masalah sedikit saya suka sudah coba dengan hardisknya semua fungsi dengan baik,positive
saya sudah kali beli flash disk di lazadakonfirmasi via email barang sampai di saya dan minta isi survey padahal barang tidak sampai pada saya,negative
mantabbarang orisinalhanya kirim yang lama karena ninja expres,negative
kirim cepat tapi harus instal sendiri spesifikasi lengkap sesuai detail yang cantum thanks lazada,positive
tas enggakada,negative
estimasi datang april 27 maret barang sudah sampai di tangan ukur pas kualitas mantap terimakasih,positive
kartu sd real 32gbproduk mantulpengiriman cepatkurir baikterima kasih lazada,positive
barang darat dengan selamat tapi enggak ada breket nya ya enggak papah lah terima kasih lazada,positive
tv nya bagus kemarin sen tadi sudah datang alhamdulillah,positive
lot banget sesal beli nih laptop baru pasang software saja sudah lelet padahal baru enggak recomend buat beli nih sesal,negative
good job mantul jempolkeatassemoga tidak ada kendala yang aneh aneh,positive
kirim super cepat tapi sayang ongkos kirim mahal banget barang ok tanpa cacat moga awet sampai tahun lebih terima kasih ninja,negative
bagus sekali barang orisinal lagi cuman pas aku cek di macbook di info kata flashdisk ini buat 01 januari 1980 jam 12 malam aku bingung tapi enggak papa sih turut worth itu thx lazada,positive
kondisi barang rusak tidak dapat di pakai kecewa ini bukan orisinal,negative
recomend banget barang nya ok sudah di coba bagus banget deh pokok wajahtersenyumdenganmatabahagia,positive
antar sangat cepat kemarin sore pesan har ini datang tapi kecewa karena real kapasitas nya cuma 2971gb,negative
barang sesuai dengan ekspektasi kirim golong cepat respon cepat keren pokok,positive
barang enggak bisa di pakai ccd,negative
baru bulan sudah muncul garis garis pelangi,negative
kesel banget pertama enggak ada osnya dua sudah di instal masalah di instal ulang lagi tetap masalah ujung nya bawa ke service center,negative
kualitas bagus tv jalan dengan mesti packingnya kurang safetykarena hanya di bungkus plastik sajatapi puas untuk barang hanya respon cs toko nya lot alias tidak di balastolong di tingkat lagi yang jadi ke kurang,negative
barang bagus namun saya kurang keroscek belum mes nyata itu bukan hardist cuman hanya chasing doang itu salah saya terima kasih,negative
suka produk moga awet,positive
barang sesuai dan fungsi kurir ramah mantap,positive
barang bagus tapi paket gratis bulan nya belum kirim,negative
ini sudah bisa usb movei belum ya,negative
terima kasih gan barang sampai cuma dalam hari kemas oke rapi saya suka thanks lazada,positive
seperti biasa packing dari kenkez selalu rapi dan seg sampai susah buka di untuk barang sesuai lengkap aman dan untuk barang sangat pas dengan hd tidak goyang dan kocak mantap gan,positive
terimakasi wau barang bagus tadi saya kuatir sudah 10 hari belum kirim telah datang hati bahagia benarbenar kualitas bagus tv coocaanya sangat recommended untuk beli,positive
pesan bareng tanggal 10 desember bareng datang tanggal 17 desember tanpa packing kayu padahal tulis besar dan jelas pada kemas packing kayu langsung buka oleh tugas jne untuk cek nyata tv dalam kondisi pecah turut terang perugas jne bareng harus bawa kembali untuk direturn ke lazada sampai saat ini tidak jelas apakah barang akan ganti atau dana direfund sudah kali hubung live chat lazada jawab tidak muas dan hanya suruh tunggu mudahmudahan prosesbdan selesai bisa cepat,negative
enggak bisa pakai,negative
kenapa barang jadi enggak bisa kirim ke daerah tempat saya tinggal telah sekali order padahal bayar di tempat fre ongkir adalah fitur yang sangat saya suka kesan nya cuma boleh order satu kali,negative
mantul tks lazada dan kurir,positive
terlalu berani untuk kelas barang elektronik dan kirim hanya dengan di balut plastik wrapping overal good,negative
overal memang bagus mulai dari barang dan kirim sampai proses refund dsb cuma tolong jangan main main dengan deskripsi barang di deskripsi tulis dvbtt2 nyata ini cuma dvbt saja tolong baik terimakasih,negative
barang ok packing rapi mantap,positive
sudah pakai mantap,positive
kecewa tidak bisa guna ke iphone,negative
mantul meski enggak 32 ful tapi murah dan enggak murah,negative
mantap sihtapi iya itu masih analog asa noisenya di adu sama merk belah dengan antena yang sama krg bagus tv nya siar antena biasa buram muluantena sudah beli yang paling bagus,negative
paksa asih bintang,negative
packing rapi barang bagus note pindah channel ke channel lain lama sekitar kurang lebih detik,negative
mantap moga awet,positive
mantap kirim nya cepat barang belum dicona,positive
telah buka packing nyata layar monitor pecah mana dan bagaimana cara saya komplain,negative
orisinal asli mantap,positive
dapat harga promo,positive
sesuai dengan yang di iklan mantab,positive
barang telah ku terima buat copy baru giga langsung enggak bisa ke baca enggak bisa buat copy selalu ada tulis parameter incorrec telah itu flashdisk ku colok di pc lain enggak kebca hingga sekarang pakai software apa tidak bisa terbacasungguh kecewa barang sangat buruk menyesalbelum guna sudah matitidak fungsi,negative
transcend tahan lama sudah punya belum pokok enggak kecewa,positive
barang sesuai bracket gratis juga dapat tks,positive
barang datang sesuai dengan estimasi kedatanganbagus ok barang dengan harga cuman rp1679000,positive
barang ringkih goyang enggak ke detect komputer,negative
waktuwaktu enggak seperti yang di bayang,negative
barang yang di terima suka hang pada saat copy,negative
sudah order sejak tanggal 121217 target kirim paling lama tanggal201217 sampai tanggal080118 barang belum juga terima tanya ke cs sampai 3x selalu suruh tunggu minta batalin enggak bisa ini benar jual fiktif atau bagaimana,negative
rapi sih tpmsh belum coba,negative
tv nya fungsi dengan baik moga awet awalawal agak kaget salur tv enggak sedia tapi pas di caricari disettingan akhir ketemu thanks lazada,positive
mantapbarang baguskerentv android mantap deh pokoknyaterima kasih lazada dan cooca tv,positive
enggak ada office produk keynya jdnya trial aku kira ada,negative
minbarangnya sudah sampai sore tadi packing serta kurir juga baik ramahnamunsayangnya saya kecewa dikitkarena bracketnya seperti iklan enggak ada ternyatamohon depan lebih tingkat min lazadathanks,negative
velum bulan sudah matotkecewa banget,negative
fast delivery great product very easy tapi set up and the quality is really good,positive
sudah di terimasemoga brfungsi dengan baik,negative
trimakasih barang sesuai masih segelpengiriman cepat,positive
paket sudah tiba di packing plat kayu bungkus plastik rubber mantav deh lazada thanks hanya microsoft 2019 nya tidak terinstal lamgsung tapi masih tetap ok,positive
tv sudah terima walaupun sedikit kecewa karena kirim pertama gagal padahal pas itu ada diskon paksa pesan lagi yang dua kali dan harga lebih mahal untuk tv televisi nya bagus sih buat tonton usb juga work moga awet saja melipattanganmelipattanganmelipattangan,positive
gue kena php harbolnas lazada kali musti tebal ilmu sabar dan ikhlas,negative
estimasi kirim ke jogja dari tanggal sampai cepat hardisk ok baik registrasi dan lain kabel enggak panjang sih boleh bagus,negative
layan cepat tapi wd tidak dapat baca di komp sehingga harus,negative
plasdis baru kok banyak virus enggak bisa di buka kecewa,negative
barang sudah datang paket lumayan sayang kirim agak lambat pesan tanggal naymapai sini tanggal 10 padahal jarak hanya dari jakarta ke bekas,positive
bukan merk hp dan kapasitas bukan 64 gb lain kan cuman 2gb,negative
edisi salah bacasaya kira 64 gb nyata 64 mbaksangat kecewa,negative
mengecewakandi situ tulisanya 32 enggakpas di coba di laptop cuma enggakbagaimana sih kenapa musti bohong sama castamer,negative
barang ok mantap,positive
enggak ful 32gb atau 31 gb ya oke barang sedikit kurang puas tapi yang lain oke mantap,negative
suara nya kadang besar kadang kecil sendiri,negative
ini penyimpananx tb kan msi ready enggak,negative
saya beli tv cooca pada 24 aug 2018 dengan alamat terima di manado dan sampai sekarang belum terima tapi status nya sudah ubah jadi telah terima mohon cek lagi,negative
barang terima dengan baik tapi saat di tanya lewat chat sama sekali tidak ada respon,negative
barang jelek kok masih dijualflashdisk baru 64gb masa ngopi file enggak ada yang baca korupmenyesal banget andai bisa dipulangin ini fd tolong lazada filter barangbarang yang kau alias kwalitas enggak sesuai enggak dapat izin jual,negative
senang sekalibarang bagus,positive
saya kira bagus saya buat nyimpan file semua sudah pinda saya buka mala enggak ada semua terimakasih atas kwlitas barang,positive
flashdisk yang 64 dan 16 tidak bisa guna tiap file yang pindah ke flashdisk selalu eror dan tidak bisa buka,negative
kirim produk yang beda mau retur malas ribet,negative
bagus moga awet,positive
alhamdulillah paket sudah sampai terimakasih ganbarang juga bagus fungsi dengan baik terimakasih juga buat kurir baik ramah terimakasih juga buat lazada,positive
fungsi dngn baikmoga awetjempolkeataswajahgembiradenganmatabahagiamelipattangan,positive
mantap paket aman jaya produk kualitas seller baik,positive
used space enggak ful 32 enggak,negative
barang packing kirim ok,positive
barang sesuai yang di order,negative
file enggak bisa baca saya kembali flasdisnya,negative
maaf baru beri ulasanbarang bagus terima kasih lazada wajahtersenyumdenganmatabahagia,positive
enggak bisa pakai rusak,negative
enggak bisa dipake,negative
pesan sesuai dan original sesuai deskripsi,positive
taaaaaaap mantap tv nya enggakada yang cacatkiriman cepat langsung di antar rumah,positive
enggak bisa buka,negative
mantap produk deh sampai orisinal,positive
barang rusak tidak bisa pakai sangat kecewa kalau kirim barang cek dulu,positive
barang bagus build qualitynya bukan kaleng jempolkeatas,positive
barang sesuai skripsi mantapcuma kapan ya saya dapat bonus untuk catchplay nya,positive
pesan sudah sampai kondisi mantap,positive
barang bagus tapi kirim telat 23 hari harus rabu tanggal 16 januari baru dtng jmat harus marah ini dulu jasa kirim baru antar mending begitu saya pakai kirim yang biasa saja lebih murah kalo sama saja hari juga expres apa hari,negative
terimakasih barang sudah sampai dan baik guna,positive
barang nya sih bagus sesuai pesan,negative
harga ok kirim oke barang oke moga awet,positive
alhamdulillah barang sudah sampai cuma pas di nyalain kok gambar nya afa kayak girimis girimis begitu ys,negative
tidak di paking kayu hanya buble wrap tapi isi aman tv di tes bagus hanya sempat kendala wifi yang sempat hubung tapi tidak ada internet tapi telah di setting tanggalwaktu jadi of normal lagi lebih enak kalau ada buku pandu lengkap sesuai hanya saja kirim sangat dan super lama di luar estimasi pesan tanggal 11 baru sampai tanggal 22 gila lama banget saya beli barang dari ln tanggal 12 tanggal 19 sudah sampai enggak jelas bisa nyangkut di gudang sortir berhari2 enggak jadi mau rekomendasi teman dan keluarga beli tinggal tunggu evip card nya saja yang kata mau kirim via email telah 15hari garansi lazada habis,negative
ini flashnya gim sih buat simpan file bisa tapi pas mau buka file enggak bisa terus,negative
otg nya enggak ada kabel enggak sesuai gambar,negative
normal semua tapi kok enggak ada kartu garansi nya,negative
kirim cepat barang sesuai pesan,positive
paket sudah saya terima tapi cukup sampai saya saja yang jadi korban nih produk palsu tolong yang mau beli jangan giur dengan harga murah dengan harga sih murah tapi falhsdisk enggak bisa pakai ini sama saja dengan tipu kalau bisa lapor ke pihak yang wajib biar tidak rugi konsumen,negative
pesan sampai barang fungsi dengan baik,positive
not recomended,negative
barang sudah datang barang juga bagus kirim lewat lex tidak pernah kecewa selalu cepat terima kasih lazada,positive
kapasitas enggak sama kayak yang di kirim sama spesifikasi,negative
flash disk nya kurang bagus,negative
tv nya sampai dengan aman meski tanpa packing kayu tapi saat pasang tv nya tidak bisa nyala adaptor infrared nya mati tidak bisa pakai remot juga tidak bisa nyala dari tombol power manual di belakang tv saya ingin aju kembali saja,negative
barang bagus kirim cepat terima kasih,positive
barang bagus harga murah enggak pakai curang,positive
bareng sudah terima dan fungsi moga last long,positive
respon jual cepat pesan jam siang pakai kirim expres jam malam sudah datang produk bagus sesuai display dan deskripsi,positive
barang cepat sampai baru pes hari senin sudah sampai hari rabu packaging nya bagus tapi kursor laptop enggak jadi bisa pakai mouse saja bagaimana min,negative
haha memang sih enggak mungkin 64 giga cuma harga segitu isi memang 64 giga tapi pas isi film yang besar gb atau lebih enggak bisa diplay yang kualitas 360p pun enggak semua bisa kapok deh gue,negative
toko onlinenye memang top sih tapi sangat rugi konsumen sudah beli barang malah di tolak begitu saja dengan se enak hati gilir urus refund waduh susah nya minta ampun benarbenar bad lah,negative
bonus fre iring nya tidak ada saya dapat bolpoint bonus tidak sesuai janji,negative
kirim dari surabaya nyata jack nya ygcabang 3harus beli lagi program ws nya harus di scan lagi repot sih thanks ya lazada,negative
harus apabila weekend dan hari libur national tidak bisa kirim same day delivery by system tidak akan muncul pilih same day delivery ini sangat kecewa saya tidak masalah 10rb tambah biaya kirim tetapi ekspektasi dan realita yang harap tidak sama mohon system sebut tinjau ulang dan moga tidak rugi beli yang memang butuh barang sebut segera moga ini tinjau dan tidak ada customer lain yang seperti saya,negative
thank youtv nya bagus enggak ada cacat sama sekali,positive
alhamdulillah sudah datang tvnya terima kasih lazada moga awet bagus juga tvnya,positive
over al ok tapi kok enggak ada kartu garansi ya,positive
barang sampai tepat waktu tapi flashnya bukan 16 giga hanya 14 giga saja,negative
untuk barang overal bagus docking tv nya dari plastik untuk jack slot pada tv bisa lihat di gambar terima kasih,positive
tv sudah smpae packing rapi dan responya sngat cpat sekali trimksih lazada,positive
barang ok alhamdulilah mulus tidak ada cacat moga awetjempolkeataswarnakulitsedangdapat harga murah tambah diskon pakai kakak cit wajahberkedip kira bakal lama dari seller ke kirim karena pas beberapa hari belum lebaran beli nyata cepat juga hari itu juga dititp ke jasa pengirimanwajahgembiradenganmatabahagia benar enggak kapok belanja di lazada tapi yang bikin kapok adalah patner jasa kirim lazada sekarang memikirmikir kalo belanja barang elektronik besar sini kalo patner jasa kirim lazada begini lagi wajahberpikirwajahberpikir alamat di gang bukan arti barang enggak bisa antar sampai depan rumah barang jemput angkut sendiri bilang sih kurir cuma sendiri enggak ada yang jaga mobil pada hal rumah dari depan gang cuma 200m belum pernah beli mesin cuci antar sampai depan rumah telah nego maksa minta antar tapi dengan tampang cemberut begitu saya kasih tips 50rb langsung senyamsenyum ramah saya yang ganti cemberutin wajahtersenyumsombong sudah begitu telepon konfirmasi barang mau kirim sudah kayak telepon pacar enggak ada sopan2 nya bilang di telepon susah banget tidakmelihat kata saya cuma aktifitasnya di depan hptertawaterbahakbahaktertawaterbahakbahak tolng timbang lazada untuk jasa kirim elektroniknyaokewarnakulitcerahsedang,negative
barang mantap thx,positive
mantap sangat puas barang paking bagus lcd tidak pecah jual dapat percaya bagus barang nya jangan jatuh bilang pecah ini jual jujur saya selalu ambil sudah ada 10 tablet tidak ada masalah dengan kirim mantap jiwa saya harap kalian yang baca pesan sini bintang jempol siiiip deh aaaaaaaasika,positive
datang cepatsemoga awet tv nya sellernya mantap fast respondthanks seller thanks lazada,positive
respon kurang baguspengiriman lamatapi barang datang dengan selamat,negative
tv ok kirim agak lama karena enggak pakai kurir lazad voucher hooq bagaimana,positive
bareng begini kok jual ya ampun deh cuma buat ngelabui customer,negative
hanya layar dan kabel listrik dan buku tunjuk kartu untuk produk cooca di lazmal store untuk garansi produk tinggal tunjuk saja invoicenya ke service centre cooca seluruh indonesia,positive
barang deh terima thanks lazada,positive
mantap barang pesan sesuai pict,negative
alhamdulillah barang sampai dengan aman packing sangat rapi pakai kayu sudah nyala semua fungsi dengan baik pokok recomended moga barang awet sukses terus sellernya dan lazada,positive
sudah terima kali ini kirim agak lambat packing bagus barang sudah pasti original karena official store jauh ini fungsi dengan baik,positive
estimasi akhir sampai bareng tanggal sept nih sudah tanggal seller bagaimana nih,negative
produk sudah sampai tapi lcd sudah deadpixel padahal baru hari ini buka dari kotak enggak yakin masalah dari kurir kalo kotak saja enggak ada rusa,negative
hardisknya sudah sampai packingan rapi cuma jadi khawatir nyata ringan barang mudahan2 bukan kwalitas kau,negative
barang bagus yang tadi 64 gb jadi 63 koma sekian tapi sayang enggak bisa di guna bagai mana mesti pertama kali mindahin film atau lagu sih lancar bisa di puter dan untuk yang dua kali jadi enggak bisa tampil lebih2 di coba di tv malah jadi hilang bagaimana nih apa bisa di tukar lagi enggak soal ini barang kan ada garansi saya yakin anda jual jujur baik yang enggak mau rugi sih beli tks,negative
produk lumayan bagus tapi sayang untuk pas layar kadang gelap input dari pas tidak deteksi,negative
mantap cepat sampai jos,positive
barang sampai dengan selamat packing rapi pakai buble warp,positive
kapasitas 16g harga murah dan yang penting fungsi sama,positive
tidak bisa pakai mengcewakan,negative
barang tidak bisa dipakek,negative
barang bagus walaupun datang parah sayang tidak dapat gamepad bluetoothnya sesuai promo,positive
mau kirim poto memory lagi ful sudah cek fisik allhamdulillah aman semua enggak ada yang boncel dl,positive
flisdish nya enggak ngebaca ke cdj and spiker aktif padahal buat lagu barang nob,negative
lumayan dapat flashsale diskon 130 ribu dapat tipi sudah digital sayang remote kurang resposif dan tidak suport google assistant,negative
layan cepat respon cepat barang lengkap kualitas fisik ok hanya asa lot padahal belum banyak program di instal sudah update windows dan kurang aplikasi program entah,negative
paket sampai sesuai estimasi seller cooperative response baik benar dapat fre packing kayu sangat aman sesuai amanah,positive
kirim cepat barang ajib hanya pulpen nyata keiko saja wkwk pouch juga sempit dikirain bakal lebih gede jadi enggak ribet masuk keluar hddnya,positive
untuk barang kualitas ok tidak ada cacat walau cuman di packing pakai bubble wrap saja utuk kirim super duper lama,positive
mas barang rusak jjangan di kirim dong,negative
mau beli untuk pos ronda,negative
alhmdulilah brang nya sudah sampai,positive
suka sama barang terimakasih,negative
cawak barang sampah kok jual bikin langgan kecewa kalau mau berkah jual barang yang bagusbagus saja bos,negative
mantapz barang nya bagus,positive
barang sudah di terimapacking sangat rapicepatbarang fungsi dengan baikkirir sangat ramahenggak nyesal belanja disinitrimaksih atas semuayamelipattanganjempolkeatasjempolkeatas,positive
tv oke original packing cuma bublewrap tidak aman untuk kirim paket tv hanya guna buble wrap yang betul di packing kayu juga biar lcd aman dan tahan sama goncangan lama kirim kirim terlalu lambat,positive
tv nya ada suara letup letupmeledak apakah bisa tukar,negative
flashdisknya enggak bisa buat simpan video,negative
kirim cepat barang belum di coba mudahmudahan fungsi dengan baik,positive
yang bonus enggak bisa di pakai yang satu enggak bisa simpan file,negative
barang sampai juga agak lama pengirimanya alhamdulillah barang enggak ada yang cacat,positive
pesan tgal 29052017 pakai jasa kirim gojek harap hari itu juga sampai tapi sampai tgal 31052017 siasia bayar ongkir padahal saya lagi butuh cepat terus antivirus failed terus enggak bisa di pakai tapi harddisk oke barang oke tingkat lagi untuk kirim,negative
barang sampenya cepat banget sesuai juga puas,positive
sudah dua kali di order pertama kali sampai bulan lebih enggak dikirim2 lalu sampai batal oleh lazada sekarang di order lagi dengan biaya hari sampai nyata tidak sampai juga problem mana lagi ya dulu mnrt lazada problem di logistik sekarang apa lagi,negative
barang sesuai dengan deskripsi dan packaging rapi1 hari sudah sampai thx lazada,positive
kalo baca ulas jadi ragu mau beli barang kayak beginitakut rusak saat pengirimantakut enggak di kirim kirimsebenarnya saya sih sering beli di lazadaselama ini sih masih oke oke sajatolong dong lazada jangan kecewain pelanggankalo ada keluh cepat respon,negative
barang jelek saya tipu,negative
kualitas mantap sesuai yang tampil harga kompetitif,positive
saya beli bulan jangan 2019 sekarang bulan juni 2019 baru bulan tv nya sudah rusak dengan timbul garis hitam setebal 10 cuma bagi atas seperti photo apa kartu garansi laku untuk ganti product mohon info ya,negative
gua tipu nih yang kirim flashdisk nya enggak sesuai yang di order kecewa berat yang di order sandish cz52 cruzer swith eh yang kirim cz50 cruzer blade hhu,negative
barang deh datang bagusmlm2 juga sampaihai puas,positive
bentuk kecil walaupun agak tebal tapi saya sangat suka terimakasih,positive
kirim ke surabaya kenapa enggak bisa ya,negative
warna tidak sesuai dengan warna yang saya ingin,negative
barang bagus sama kayak di gambar mantap lah,positive
sudah datang paket tvbarang ok,positive
barang sudah terima dengan baik dan tepat waktu,positive
kenapa di laptop macbook pro retina saya enggak bisa buka ya,negative
pesan hari minggu sampai pacitan hari jumat tapi its ok lah yang penting barang sampai dengan selamat sdhc nya bagus langsung coba transfer file2 dengan total size 125 gb selesai dalam waktu menit mantap lah pokok jempolkeataswarnakulitcerahsedang moga awet dan manfaat thanks,positive
barang cepat sampai packing rapi barang sesuai harga yang murah,positive
barang sampai dengan aman sampai rumah dapat otg sesuai jumlah fd yang pes thanks seller,positive
bisa simpan data tapi file nya buka tidak bisa,negative
produk bagus sesuai thank lu seller,positive
keren mantab jos,positive
good wajahgembiradenganmatabahagia,positive
paking nya sangat ragu tapi alhamdulilah selamat sampai tuju dan tidak kurang satu apa puntop,positive
barang sudah sampai barang sesuai dengan gambar kemas bagus aman sampai tempat tuju,positive
jelek data bisa ke hapus sendiri buat ngopy file enggak bisa,negative
display 35 barang yang datang 25 baru kali ini pesan barang tidak sesuai,negative
barang yang kirim beda sama pesananflash disk suka corrupt kecewa,negative
baru blnan tvnya rusak tibatiba mati cuma ada suara doang,negative
terima kasih kirim sampai lebih awal dari kira,positive
mantap pesan 16 mei malam tanggal 17 sudah terima item nya laptop sesuai deskripsi nya,positive
barang mantap sesuay semua fungsi dengan baik packing pun rapi,positive
teromaksih lazada barang sudah sampai,negative
kirim lama warna yang datang putih bukan hitam,negative
bagus enggak kecewa,positive
barang bagus sesuai,positive
kardus tv koyak panjang horizontal tengah entah salah di jne atau salah sejak dari gudanguntung remote tidak kececerdan pas bagi casing belakang yang alami kardus koyak terbenturtidak sampai rusak tvsudah diperiksatv dalam ada baiksemoga bisa dingkatkan lagi kualitas layan kirim,negative
dari segi packing kurang aman terus pas di buka lcd peyok dan tidak bisa di pakai lagi,negative
masa saya order yang kirim,positive
ya nyata bukan android tv os nya dari cooca sendiri dan susah juga buat aplikasi tambah nya apnya abalabal yang kepakek cuma youtube doang yang lain enggak kepakek mending yang 40 mah kalo gin harga agak useles osnya jadi tapi kalo memang pakai sering youtube saja sih lumayan,negative
sangat buruktidak bisa di pakaikatanya 64g tapi isi 8mbjempolkebawah,negative
muas sesuai pesan respon jual juga baik sekali tahan,positive
kirim sangat cepat pesan tanggal di kirim tanggal,positive
barang ok tapi sayang kirim lama ini juga kirim garagara di telp jadwal kirim akhir malam jam 10 baru di kirim lain kali jangan pakai jne,positive
barang sudah sampai dari kemarin hari minggu sjauh ini fungsi dengan baik semua terima kasih cooca sudah ngdiskonin nih tv yang smart hehe terima kasih juga lazada kurira wajahtersenyumdenganmatabahagia,positive
alhamdulillah baru saya ulas sekarang awal laptop lot mungkin karena instal sendiri tapi pas minta bantu dari sih tukang instal jadi normal dan lancar moga laptop bisa tahan lama,positive
barang enggak ok barang nya cuma punsi tapi enggak bisa simpan data dl,negative
paket terima dengan baik semua baik enggak ada masalahover al ok,positive
sofar soogood mantap deh barang deh tes nyala,positive
cukup muas,positive
top sesuai sama sampel jempolkeatasjempolkeatas,positive
enggak bisa buat nyimpan video tiap mau nyimpan data suka hilang,negative
sesuai gambar an minta recomended terima kasih,positive
mohon untuk jaga kualitas produk agar konsumen nyaman dan aman serta doa yang baik agar lebih berkah dan lancar amin,negative
pkt enggak muas enggak sesuai gmbarterus batrai cepat habis cuma jm tanpa di pakai kayak sudah soakkecewa deh,positive
waktu datang tvnya kurang lengkap untuk mur pangkon dudukanya tv tolong buat manajemen bagaimana nieh mosok tiap kale mau tonton tv disenderin ke lemari hadeh payah,negative
barang sudah sampai terima kasih mudah awet,positive
barang oke mohon untuk jasa ekspedisi lebih di tingkat lagi cepat kirim,positive
barang sudah terima dengan baik di kalbar bungkus dan tidak terpacking kayu saat terima nyata sudah buka dulu sama kurir karena susah bawa pakai motor haha sementara puas tidak ada kendala oke thankx cocca lazada kurir ninja,positive
barang mantap dapat pulpen sama pouch makin mantap sesuai dan cepat sampai,positive
kurir ramah sesuai estimasi dan alhamdulillah barang orisinal kualitas terimakasih lazada dan hak store,positive
alhmdllh di nympe moga awet,positive
parah saya belik cuman yang bisa belum saya terima saya sudah konfirmasi dulu untuk di cek jawab ok iya kak eh yang datang hanya yang bisa parah amat yang lain enggak ada yang bisa baik otg maupun ke pc atau laptop parah betul,negative
dari tanggal 12 pesan saya status kirim sampai saat ini belim datang,negative
paket belum saya terima mohon koreksi,negative
barang datang langsung coba mntabtapi kecil teenyata,positive
baru kali ini kecewa dengan lazada pertama saya pesan antar pakai gojek dan nyata barang hari baru sampai dua saya pesan yang model atm mandiri tapi yang datang baca tiga telah saya guna nyata flasdisk tidak bisa guna sangat sangat kecewa,negative
luar biasa perfect 30,positive
trimakasih barang sudah saya terima dalam ada baik sesuai dengan sepesifikasi,positive
barang sudah sampai,negative
terima dengan baik thanks,positive
kalo bisa lebih kuat bahan,positive
tepat waktupacking rapi sangat recommended,positive
puas banget barang orisinalmantul banget ganreal kapasitasa serta cepat tulis bisa vidio 4k rekomen deh enggak bakal menyesalwlopun lumayan lama sampaiatapi saya suka bayar di tempat sngat bantu bangetsemoga awetterima kasih samsung lazada jempolkeatas,positive
barang sesuai deskripsipenjual ramahrespon cepat,positive
promosi bonus nya mana pas di checkout tera masih dapat nyata zonk untuk tv nya sendiri bagus lah cuma yang bikin empet ya itu bonus enggak kirim ditelp cs malah ditawarin ganti voucher 50 ribu lazadut sehat bonus hmpr juta ganti voucher 50k,negative
barang datang tepat waktu dan sesuai dengan gambar nyajos terimakasih lazada,positive
degdegan dengan ulas yang rusak dalam pengirimanakhirnya datang jugadan coba fungsi normal,positive
sesuai pesan barang bagus,positive
barang sesuai dengan deskripsi,positive
kualitas produk oke original packingnya juga rapi mantap deh pkknya adminnya juga ramah oke,positive
mantap barang super bagus,positive
diharapharap nyata telah datang dan pas buka layar lihat pecah dan tidak hidup cara normal sekarang sudah kembali ke gydang moga cepat proses supaya tidak benarbenar kecewa langgan,negative
barang sudah terima dan kirim lumayan cepat tapi ada hal yang harus jual perhati di etalase tv jual dengan bonus fre braket tapi yang datang cuma tv nya doang braketnya enggak ada ongkir cantum rp 200000 saya kirim sesuai yang cantum tapi pas di cek di resi yang cantum oleh ekspedisi cobra ternyara cuma 75000 tetap konsumen yang rugi toko ini jadi catat buat saya kecuali menylesaikannya,negative
beli flashdisk 8gb bisa kepake nya cuma 47mb pantesan bagi enggak ke baca kapasitas cuma 47mb kecewa,negative
waktu saya coba format hanya ada exfat dan coba di format ntfs tidak bisa waktu saya coba masuk data banyak 2gb falsdisk tetap di 62gb ketika dicoma di buka nyata tidak keluar dan folder juga isi nol tolong solusi gan,negative
mantul tvnya wajahtersenyumlebardanmemejamkanmata packingnya rapi kurir ramah good dehtnggal tunggu gratis hooqny,positive
barang bagus packingnya tidak amburadul,positive
masih ada,negative
bagus micro sd nya,positive
memory nya enggak ful sampai 64 gb yang bisa pakai hanya 62 gb flasdisk nya lama ngebacanya dan berat di pakai untuk buka documentpokok nya enggak recoment banget deh,negative
pesan sudah terima dengan baik jempolkeatas terima kasih,positive
enggak fungsi,negative
barang palsu alias kau sama sekali enggak bisa di isi,negative
original bagus kirim cepat sesuai dengan prediksi yang janji,positive
alhamdullah,positive
barang bagus enggak bgecewain deh cuman kirim aga lama,positive
barang jelek bangetsudah beli enggak bisa di pakai semua malah data saya hilang semua,negative
maaf baru ulas karena baru datang antena toyosaki nya hari nih belum sudah ditest pas datang pakai antena tetangga kost an gmbarnya bayang saya pkir karena antena untuk tv biasa jadi harus pakai antena khusus lednah sekarang sudah pakai antena yang bagus kenapa masih bayang juga ya padahal sudah pakai antena yang bagus pleas respon seller dan lazada saya sangat kecewa kali ini beli coocapadahal belum beli cooca 40inc baikbaik saja sampai rumahthanks tunggu blsanha,negative
sok far sih not bad lah,positive
suara kurang bagus tibatiba kencang sendiri tapi untuk semua oke bagus,negative
sangat puas dengan produk terimakasih,negative
terima kondisi pecah,negative
belum di coba sih moga awet flasdisknya terimakasih,positive
terimakasih barang fungsi semua buat lazada top banget belum pernah kecewa,positive
harga jangkau untuk ukur tv led fhd 40inssetelah survey sana sip pilih sesuai kebutuhanakhirnya ketemu tv yang aku mau produk indonesiamudahmudahan awet cara garansi tahun pesan kemarinhari ini langsung di anter keren,positive
super mantap sesuai foto hanya man saja,positive
saya pesan minggu senin nya langsung sampai enggak ada cacat mulus packaging ok tv fungsi dengan normal recommended lah pokok nya,positive
port lama deteksi hardisk lelet gan sangat kecewa tidak sesuai terang produk,negative
sen 64gb yang kirim 32gb,negative
mantap tv nya mudamudahan awet dan kirim cepat tapi belem erti cara guna semua,positive
terima kasih barang sudah saya terima dengan baik di pakai bagus nyaman isi 585 gb cukup laah buat nampung beberapa file mungkin untuk jadi evaluasi perlu perhati koneksi ke dvdtape mobil masih belum bisa hubung tapi untuk barang mantab deeeeh,positive
flashdisk bodong 128gb cuman bisa simpan 31gb lebih error,negative
saya sudah beli tapi mana masa jabotabek kirim lama banget banget tolong dong jangan terlalu lama jelek bngat untuk kirim masa masih jabotabek tanggal 12 baru sampai lah yang benar saja kita mau cept tapi ini lama banget murah mah murah percuma kalau kirim lama sudah complain enggak ada tanggap dari lazada dan no resi enggak bisa cari lagi,negative
saya sangat kecewa rasa tipu dan trauma belanja online di lazada flasdisk 32g yang saya beli tidak bisa isi file lebih dari 3g saya ingin balik flasdisk ini dan dapat uang saya kembali,negative
soundnya jelek kalo pakai speaker aktif suara tv nya tepat ada,negative
barang nya bagus harga miring sudah ditest dan ok sayang packing agak resiko karena hanya bubble wrap tipis terus paket nya enggak ada tanda fragile untung saja enggak banting sama kurir,negative
sesuai barang terima kasih,positive
kecewa benar benar kecewa flashdisk ini jika di kirim file maka file sebut corrupt dan tidak bisa buka,negative
brecket enggak dapatdi chat baca sajakalo enggak ada gratis enggak usah di iklanin,negative
mantab lah,positive
ok tak ada masalah,positive
warna tidak sesuai pilih pesan biru tapi yang datang warna hitam,negative
satu adaptor tidak bisa pakai,negative
barang tak kirim tanpa pemberitahuan,negative
kirim sudah terima hari ini sesuai estimasi waktu kirim packing bagus dan rapi barang lengkap sesuai deskripsi langsung tes hasil muas terima kasih kenkez dan lazada,positive
bracket tidak ada padahal paket harus include bracket,negative
barang sesuai deskripsi packing rapi dan cepat sampai thanks lazada,positive
kirim barang cepat sampai produk oke tks lazad,positive
tidak akan sesal beli barang ini layar hd nya jernih dan nyaman pakai barang sesuai pesan suara speker sangat bagus ok sekali sangat rekomendasi untuk beli,positive
top deh,positive
kecewa banget ini enggak bisa di isi file apa mungkin kau,negative
gambar jernih suara stereo,positive
enggak fungsi minta sih di test dulu enggak saya rekomendasi kata dapat headset enggak dapat lagi tolong seller baik,negative
good jempolkeatas jempolkeatas jempolkeatas jempolkeatas jempolkeatas,positive
lumayan harga barang juga ringan dikntong dbwa,positive
kirim cepat,negative
pesan saya sih sudah terima di notif tapi bukan saya yang nrima tapi orang lain yang brnma budi utomo saya enggak kenal min dengan nama trsbt yang pesan saya yang terima orang lain akak 5g wajahgembiraberuraiairmatawajahmenangis saya saran ya dear min samsung untuk jangan gunain jasa itu lagi gjls yang nama ninja expres mending pakai jasa kurir yang alam seperti jne orang sajat expres yang bukti percaya saya mau psen lagi masih trauma min kalo jasa kurir nya masih ninja naruto wkwk,negative
model bagus tapi sayang suara televisi kadang keras terus tibatiba kecil dan hilang jadi seperti beli tv second saja tapi itu resiko kalau beli online kita tidak tahu apakah barang benar kualitas bagus atau barang second,negative
plashdisknya sesuai deskripsi tidak ada beda sama sekali moga saja awet tahan lama rekomend banget pokok deh di cek fungsi dengan baik packing rapi aman lah,positive
produk original mantab,positive
palet terima packing bagus tes lancar no problem jempolkeatas,positive
usb oke lahlampu led dapat belum pakai sudah rusak tutup lepaswajahtersenyumdenganmatabahagia,negative
barang bagus kualitas gambar jernihcuma bahanplastik tipis,positive
layan yang baik,negative
oke bos muas packinya,positive
baru pakai bulan sudah write protect enggak bisa apa apa micro sdnya,negative
kecewa sekali di sini di taro harga 70 kenapa kurir minta 90 ribu,negative
barang oke min packingan rapi dan safety terima kasih transcend,positive
alahmdulillah kirim cuma hari barang ok sesuai pesan pokok mantap,positive
gambar jernih suara nya mantap,positive
enggak ada invoice nya nih buat klaim garansi,negative
berapa inch ini,positive
ini flashdisknya bisa buat apa saja kan,negative
barang bagus di dalam kondisi baik sangat puas sekali,positive
usb 02 nya enggak guna enggak bisa hubung,negative
pket sudah sampai barang sempurna thank lazada,positive
fitur lengkap dengan harga yang sahabat,positive
kecewa baru beli tahun bulan tv sudah rusak bergarisgaris 34 layar,negative
saya belum tahu isi baik apa tidak cacattidak nyalatidak spek sesuai apa tidak inti barang sampai tanpa konfirmasi dulu kalo brng akan kirim rumah jadi saya belum bisa beri ulas karena halaman ini paksa lu isi kalo tidak isi akan anggap hilang ulas kondisi seperti apa terima bukan saya beli langsung karena kirim tidak kasih kabar sejam30mnt belum kirim rumah saya tidak bisa pasti barang baik atau tidak rencana baru besok pagi saya buka deliveri sampai rumah jam 2015 sabtu malam tanggal 21 terima ibu saya usia 80th tahu ya terima brng saja,positive
puas sekali,positive
karena pesan tidak sesuai dengan kirim dari warna saja saya pesan hitam dikirm putih dan tidak bisa pakai di labtop anak saya harus tidah seperti itu ya,negative
tv nya deh datang biar lambat asal selamet gan,positive
kenapa bonus malah kabel otg dan bentuk fd nya agak beda ya,negative
semua file jadi ghaib bila masuk ke flashdisk ini sejak barang datang aku curiga kenapa ada hadiah handsfre,negative
barun electronics read speed 71mbsi mantap write speed juga makjleb 34mbsi untuk harga gin worth itu lah,positive
produk tidak sesuai dengan gambar yang terima lcd maupun menu beda 100,negative
barang nya oke tidak ada kendalathk lazada,positive
mantap lazada pesan malam pagi sampai enknya produk lokal begini bisa langsung tes hehhehehhe succes dan berkah selalu lazada,positive
mantap luncur dengan mulus packing rapi sesuai deskripsi enggak sesal pokok,positive
lama enggak di respon sama jual flashdisk rusak harap baik lagi depan terimakasih,negative
mantappengiriman cepat pesan tanggal 10 tanggal 12 sudah sampai kurir baik jempolkeatasjempolkeatasjempolkeatas,positive
flashdisk tidak bisa untuk save data maaf tidak recomended banget untuk save foto dan film bisa tapi untuk save yang lain tidak bisa kecewa,negative
pesan malam besok antar tapi sayang saya masih sini sok nya,negative
brang bagus be sgel tpiblw tau kwltax soal blmq ba aha,negative
paan flasdisknya benarbenar enggak fungsi dan lagi enggak mutu enggak banget deh yang lain jangan tipu juga kayak aku ya,negative
kirim cepatbarang original,positive
menu remote kurang lengkap perlu juang untuk ting wifi manual lembar tidak jelas google play store untuk instal aplikasi ruangguru tidak bisa juga beberapa aplikasi lain,negative
bagus murah banget,positive
produk bagus fungsi,positive
barang sudah diterimaagak lama sampai tetapi barang terima dengan kondisi bagus,positive
kirim cepat thanks,positive
packing rapi dan kirim sangat cepat beli malam besok pagi sudah sampai kondisi notebook baik mulusaccessoris dan tas lengkap sedang coba untuk instalasi thank ypu lazadajempolkeataswajahgembira,positive
pesan cepat tidak ada cacat,positive
barang sampai sesuai estimasi work wel dan enggak pernah ada masalah lama bulan pakai data transfer juga selalu cepat thank you,positive
barang sesuai dengan deskripsi kirim sesuai estimasi kualitas unggul overal bagus,positive
terima dalam kondisi rusak seperti pada gambar,negative
barang telah sampai haritidak ada yang lecetgambar bagussuara bagusmantap lazadasemoga yang jadi planggan setia lazadadi kasih diskon,positive
alhamdulillah tvnya sudah kami terima kemarin dan hari ini sudah dicobasemua baikbaik saja mantapthanks lazada,positive
barang sampai dengan selamat tanapa ada cacat,positive
barang dapat guna mulus sudah masuk adapter nice,positive
bila bonus sudah datang akan saya tambah bintang tapi jika dalam satu minggu tidak datang2x saya kurang bintang,negative
barang bagus koneksi wifi ok gambar buagusmantaf trmksh lazada seller,positive
paket agak lambat pesan hari kamis malam selasa sore baru sampai padahal jne produk awal nya ada garis biru datar telah saya taruh balik terus di balik untung hilang terus ini kalo klaim garansi cara nya bagaimana kartu garansi enggak ada stempel enggak ada nota beli,negative
terima kasih barang sampai cepat,positive
bagus dan unik tapi sayang laser pointernya kurang terang tapi ya sesuai dengan harga,negative
lama ini suka ragu kalo belanja elektronik dari toko online baru sekarang berani diri belanja karena harbolnas harga miring tapi semua khawatir dapat barang tidak sesuai atau rusak bantah semua terima kasih samsung sekarang anak sudah bisa tonton di kamar sendiri enggak rese lagi kalo emaknya tonton yutub karena sudah punya sendiri dengan harga yang oke barang yang super bagus maaf baru kasih ulas karena ku coba dulu top habis tahan terus ya kualitas barang entar pasti order lagi wajahtersenyumlebarbermatahatiwajahmemberikanciumanjauh,positive
sip dah mantap pokoknyalazada maju terus,positive
kenapa belum di selesai ini penggiriman ya pak,positive
kirim cepat mantaptv bagos,positive
cara umum barang bagus saya beli flash sale dengan harga 73rb yang bikin agakkecewa harga barang saat tidak foash sale nyata 83rb tidak sesuai dengan harga yang coret saat flash sale,negative
barang original cepat respon jual sangat bagus,positive
suwe juga nih lazada enggak fair saya sudah ketik panjang ulas malah enggak tampil atau hapus inti saya cukup kecewa dengan tablet layar jauh dari kata sensitif mesti di tekan keras itu masih kadang enggak tanggap layar masih sensitif layar atm dan yang paling bikin kesel sering hank juga inti cuma buang buang uang saja awas ya lazada kalau hapus lagi komennya wajahbosan,negative
gan maaf tadi tvnya sudah sampaitapi pada saat kurir datang saya enggak suruh tunggu dulu telah saya cek posisi kardus tv baret saya pikir kondisi tv enggak apaapa tapi telah dinyalain layar kok rusak untuk komplain saya bisa hubung nomor yang mana ya,negative
oke mantap kirim ke jawa tengah super cepat komplit dengan braket paking kayu trmksh moga awet,positive
usb ini rusak tidak dapat guna untuk simpan data sudah di cek oleh itu kantor kami,negative
cuma bisa isi 2gb,negative
sesuai pesan packing rapi,positive
sempat khawatir tidak muat hard disk eksternal saya tapi nyata muatbarangnya bagus dengan bahan yang sesuai,positive
alhamdulillah barang darat dengan aman dan normal walaupun tanpa packing kayu jempolkeatas,positive
aman,positive
barang bagus dengan harga yang murah cuma untuk tangguh bisa pulih anda kena write protect belum uji 11 juni 2019 sayang sekali lagi lagi flashdisk ini nasib sama dengan flashdisk adata yang lain tidak bisa format dengan flashdisk format tool adata ijin tanya garansi umur hidup pada produk fd ini cakup apa saja,negative
mantap deh lazada sama samsung barang sampai tepat waktu,positive
produk sesuai gambar dan deskripsi,positive
usb nya sudah bisa putar video belum,negative
sangat kecewa minta warna hitam di kirim putih jual slow respon barang ok dan fungsi dengan baik,negative
barang sudah sampai dengan aman buat nina top banget terima kasih buat lazada dan ninja sukses terus,positive
alhamdulillah tv sudah datang moga awet,positive
barang okelaahtapi saya buat simpan folderbuat folder baru kok isi kayak corrupt,negative
barang bagusorisinaldan fungsi,positive
kecewa ram nya cuma 28gb,negative
bisa byr di tempat enggak,negative
cukup muas,negative
bisa kredit,negative
saya kira packingnya tambah packing kayu nyata tidak cukup lama kirim hampir minggu moga awettks,positive
produk ok cuma lemah tidak baca di tablet asus,negative
barang sudah di terima dengan baikcepat lengkap bostqjempolkeatas,positive
alhamdulillah sangat muas moga sukses selalu cooca official moga berkah amin,positive
deh sampai nyobanya tunggu pulang kerja hasil oke bos terima kasih moga awet banget nyampai bosanwajahgembirawajahgembirawajahgembira,positive
kemas rapi ada bubble wrap nya sampai hari telah order barang bagus tidak cacat moga awet terimakasih lazada dan seller,positive
barang sudah terima packingnya rapi barang sesuai mantap pokok,positive
kurir kasih lebih uang main pergi sajabukannya kasih tau kalo salah pembayarantagihan 1339 kasih 1400 malah langsung pergiyang kasih uang salah bayar uang,negative
moga awet,positive
packing lumayan kirim cepat hari untuk cod barang datang di test aman tidak ada kendala cuman non vga ya takut ada yang order hdmi ada usb ada cuman tidak ada vga reseler bagaimana cara klaim garansi untuk tahun terimakasih dan moga awet,negative
belum saya coba tapi yakin mantulini beli untuk ksekian kali,positive
barang sampai dengan baik,positive
beli enggak jalan semuasangat kecewa,negative
kualitas sesuai dengan harga lumayan,negative
kirim lebih cepat banding estimasi barang istimewa,positive
batang bagus dan fungsi normal terima kasih,positive
kabel otg nya rusak enggak bisa di pakai,negative
barang cepat sampai dan sesuai yang ingin mungkin fre kasperskynya habis ganti dengan gantung wd terimakasih,positive
barang mulu tapi sayang otg nya enggak sesuai pesan minta tipe sih ya meski bonus,positive
maaf barang nya enggak berfungs ratei bintang saja,negative
agak kecewa untuk ultra fit ini karena kurang banyak banget sampai 7gb saya ambil 64gb cuma dapat 57gb kalo memang baik saya mau minta tukar tks,negative
barang sudah sampai dengan rapi,negative
ini sony 48 inci apa 24 inci yang benar,negative
cepatmantapjos,positive
hebat,negative
bagus packing nya bareng cepat sampai bareng nya bagus,positive
kecewa remot tidak berfungsimasa harus pakai remot di hp android return barang sampai sekarang belum ada tindak lanjutnyalomplen ke cs tunggu 14 haritolong dong untuk ganti remot nya,negative
ok lah,negative
ulas buruk banyak aplikasi tidak sedia,negative
barang sudah terima dengan baik,positive
produk orisinal,positive
sesal se sesal nyeselnya barang jelek datengnya lama lama banget tidak sesuai tglnya jual juga tidak tanggung jawab enggak ada respon sama sekali dari toko sesal banget,negative
muas,negative
packaging nya bagus barang nya bagus dan bisa deteksi di laptop saya tapi lama banget barang nya sampai ke tangan ya overal bagus lah thanks lazada,negative
tidak bisa simpan data,negative
barang kualitas bagus kirim sesuai jadwal moga awet,positive
barang working good otg connect kit nya juga work good barang sampai hari enggak rugi tunggu,negative
barang tidak sesuai dengan iklan di iklam ram 432 tapi asli malah isi nya 116 saya ingin kembali barang,negative
barang rusak enggak bisa di pakai awal bisa transfer data pas di buka format ubah terus data hilang semua apalagi bonus enggak baca sama sekali banget mau di balikin lagi malas biar buat gantung kunci lumayan,negative
sudah di pakai dan lancar packing aman dan rapi cuma enggak ada nota beli jadi kalo claim garansi bingung,positive
mantaporiginal productmulus nocacat,positive
sip barang sudah saya terima terimakasih lazada,positive
tolong di per jelas deskripsi laptop plus tentang garansi,negative
kalau pecah bagaimana solusi,negative
barsng original harga murah tapi kualitas kyalitas sura sudah tidak ragu kalo polytron semua fitur fungsi dengan baik cuma radio fm memng tidak ada mungkin harus di edit info gambar overal good seller jujur recomended sangat thx ya lazada dan java elektronik langgan puas banget,positive
kecewa sdkiy se kali video nya yang ratus itu mp3 laguny lagu anakanak biasa bukan lagu anak islami lebih bgusan video yang di you tube daripada beli mahal2,negative
paket amanproduk fungsi normal sesuai dngn yang di etalasesemoga awet saja,positive
mohon ganti dengan barang yang sama yang kembali tanggal 24122016 mousenya tidak fungsi saya betul harus saat ini guna notebook sebut tapi barang rusak mohon asih pemberitahuan dulu cepat tks,negative
produk bagus dan sesuai dengan deskripsi sayang waktu kirim tidak sesuai dengan apa yang janji,negative
mantab juragan barang sampai dan sesuai,positive
ini malah pada becanda anjay wkwkw,positive
barang bagus bisa guna di usb20 juga,positive
pesan tanggal 11 nov sampai saat ini tanggal 26 nov 2017 belum datang untung saya pilih cod jadi saya enggak mau terima barang kalo datang untuk lazada mungkin seller yang satu ini direview kembali thanks,negative
barang rusak enggak pakai banyak virus kecewa pokok,negative
nota enggak ada buat klain garansi bagaimana kalo enggak ada nota,positive
barang mantultapi kapasitas tidak apaapa meski bukan 64 gb jos,positive
terima kasih bos barang sudah di terima barang bagus sesuai deskripsi mantul rekomended banget,positive
enggak bisa di pakai,negative
barang mantap kualitas bagus tes ok kirim hari pulau kalimantan sudah masuk ok,positive
isi kumpul video anak yang bisa di lihat di youtube cuma yang sini kualitas video kurang bagus,negative
enggak bisa pakai sangat kecewa,negative
tidak sesuai deskripsi 8gb,negative
proses cepat packing rapi,positive
bagus mantap real pic no minus tq,positive
barang sampai tepat waktu sesuai deskripsi kirim lengkap dipacking rapi ada bubble wrap waktu coba no problem masalah ada di software dukung bikin komputer saya stuck waktu shutdown akhir saya uninstal overal saya puas terima kasih,positive
packing brng sangat baik guna kayu rapi hanya saja bagi staples karton kaya pernah buka telah buka bagi sudut tv ada yang retak2 masa iya retak dalam jalan sdgkan kardus mulus enggak ada yang penyok takut bareng rejectrekondisi yang kirim ingat harga yang ditwarkan sangat murah saat ultah cooca 48jt sudah smggu tv masih aman moga awet dan tahan lama hanya kecewa dapat tv yang enggak mulus saja terima kasih,negative
barang darat dengan baik terima kasih lazada dan seller,positive
kata gratis bracket tapi tidak dapat cara seluruh gambar bagus dan kurir ramah,positive
barang sudah terima dengan baik walau sempat khawatir karena paking cuma kardus dan plastik bubble tv bagus cuman sound out nya enggak ada puas lah dapat tv harga murah kualitas terimakasih lazada sering sering kasih diskon ya,positive
mohon ganti gan flashdisknya enggak baca baru hari ini nyampai saya usep deny dari babakan tarogong bandung,negative
kalo nyimpan file upa folder selalu file empty,negative
kalo bagus saya beli,negative
pesan saya kenapa belum nympe ya padahal lihat status harus bisa saya terima tanggal 17januari 2018,negative
packing rapi dan aman pesan tanggal 13 langsung transfer tanggal 14 barang langsung sampai cuman saya enggak erti ini microsoft officenya kok masih trial ya apakah ada input khusus codenya,positive
epak rapi barang legit masih segel dengan segel seagate dan dapat warranty file di dalam storagenya sesuai deskripsi kirim agak lama tidak tahu sebab dari lazada atau sellernya,positive
terima laptop dari lazada saya mau tanya nih admin itu tanda putih itu laptop kenapa yasepertinya kayak ada yang pegang mudahmudahan laptop ini awet,negative
bonus stik bluetooth kok kgk ada,negative
oke gan mantaf,positive
bareng sudah guna dan memuaskancepat simpan data maupun filmsemoga awet,positive
oh ya maaf baru beri ulas barang sudah terima tepat waktu dengan baik dan kualitas barang sangat baik terima kasih,positive
kenapa saya pesan ini yang dtang malah jam digital apkah bisa di retur,negative
barang cepat sampai dan telah di unbox tv nya enggak bisa nyala nyata baterai remotenya yang masalah telah ganti alhamdulillah tv nya enggak ada masalah,negative
walaupun kirim lama tapi anak saya suka banget,positive
fungsi dengan baik terimakasih,positive
barang sudah saya terima tetapi saat guna tidak fungsi wajahsangatmarah,negative
barang bagus cuma sedikit lama proses kirim,positive
packing dan kirim oke kata dos tapi kok sudah diinstal os endles mana enggak erti ngapusnya jadi rada lot enggak tau berat atau apa,positive
kecewa kata dapat memori cuma flasdis doang,positive
mks barang sesuai sen,negative
telah saya pakai bulan notbooknya mati kenapa ini min pakai saya biasa tidak ada sama sekali jatuh kena air dl tapi tibatiba mati sendiri dan layar tidak nyala minta info nya saya sedikit kecewa,negative
lumayanlahuntuk simpan data foto,negative
packaging juga baguscepat sampa juga,positive
bagus sesuai pesan kirim lot banget,negative
barang enggak sampai di saya saya bayar via transfer bank tapi yaudalah karena cuma ribu rupiah bagaimana minta refund nya,negative
barang sudah terima lihat sangat bagus dan kokoh moga bisa awet,positive
enggak ada celana dalam driver nya,negative
alamdulillah sesuai harap barang bagus,positive
hari sampai batam tidak sesuai deskripsi dvb sis2 nya enggak ada jadi enggak bisa colok langsung ke parabola,negative
barang bagus disain nya juga keren anti air pula pokok ini keren deh,positive
kecewa flashdisk tidak bisa pakai file kerja yang sudah dicopy hilang semua,negative
ini tuh hardisk apa casenya,negative
sayang tidak ada bracket nya kata dapat gratis,negative
saya beli sini merk sama dengan kapasitas 64gb nyata palsu kapasitas asli hanya 4gb,negative
kirim bagus rapi pakai kayu juga biar enggak rusak barang nya mantap,positive
paket nila harga cara kwalitas baik mungkin yang perlu jadi perhati saat pisah monitor dengan docking harus hatihati karena lindung agak keras lebih bagussesuai dengan deskripsi produk,positive
barang terima dengan baiksaya suka,negative
kirim cepat rekomended banget,positive
sesuai pesan terima kasih,positive
barang datang dalam ada rusak jadi enggak guna,negative
2x saya mes barang dari seller ini dan 2x batal pertama saya pesan hanya dari seller ini kemudian telah bayar malah batal saya pikir salah sistem lalu saat saya pesan yang ke2 kali saya kombinasi dengan seller ini dan seller lain alhasil nyata hanya pesan dari seller ini yang batal nyata masalah memang ada di seller ini belanja online itu paling ribet kalau refund,negative
tidak ada respon di tanya gratis hooq yang bulan suara dari tv cuman mono dan jelek sekali selain itu ok bintang karena servis yang parah dan iklan yang tidak sesuai,negative
ini harga benar dengan ukur 48 inch,negative
kirim lebih cepat packing rapi dan barang sesuai gambar terimakasih lazada,negative
sudah senang nya tv hidup eh malah remote nya enggak bisa bagaimana min kasih solusi,negative
saya suka dengan layan barang sangat bagus,positive
barangnyq ok banget tapi sayang kirim lama bangetpesan tanggal 16 des datang tanggal 30 despacking hanya plastik gelembung moga awet,negative
barang cepat rusak baru di pakai minggu data deh corrupt kena virus,negative
saya beli dan bayar untuk cooca 55 inch tapi yang kirim nyata cooca 50 inch salah fatal dan lihat tidak ada cek ricek barang yang kirim kepada konsumen saya ingin tukar barang yang harus nya yakni cooca 55 inch dan saya sedia tukar nya tapi atur kaku lazada hanya bisa refund harus nya bila barang sudah di beli dan di bayar konsumen barang itu ada dan bila salah kirim harus nya bisa tukar karena bukan salah konsumen saya yakin banyak kasus seperti ini,negative
barang cepat sampenya dan fungsi dengan bagus,positive
bareng fungsi baik packing safety pakai packing kayu cuma volume agak krg max,positive
kecewa pesan 32gb kirim 4gb lah coba itu sakit tuh sini,negative
pesan saat flashsale biji nyata datang tanpa packing kayu cek satu satu yang nyata adalah satu pecah sedih wajahmenangiskeras,negative
jempolkeatas,negative
nih laptop speck nya apa barang hidup atau tidak,negative
flashdisk yang unik dan lucu punya daya tarik mata yang lihat dan ingin milik namun flashdisk ini hanya muat 15gb barang juga kerja sangat baik dan baca terima kasih saya sangat puas dengan produk yang satu ini,positive
flashdisk murah bagus dan fungsi dengan baik,positive
kok belum sampai ya estimasi sampai rabu atau kamis minggu lalu dan nomor resi yang kirim salah alias tidak temu ketika di cek lumayan kecewa dengan layan kali ini tolong seller batal pesan ini uang mau buat beli di lapak lain,negative
barang sudah terima dengan ada yang baik dan cepat sampai,positive
sesuai dengan deskripsi yang ada hanya saja joystick yang ada dalam foto promo tidak ada dalam kemas lewat atau memang tidak beri,negative
sesuai pesan terima kasih kak,positive
awas jebak foto jangan beli karena datang nya tidak sesuai ukur nya parah,negative
bagus tapi masih heran kok saya enggak bisa mirroring pakai hp ya,positive
barang nya sudah sampai dan sudah coba slim layar oke kirim cepat thankyou lazada,positive
tak coba dulu bro kalau bagus pesan lagi dilazzmal,negative
barang cepat sampai unik lucu tapi sayang kalo gue pakai di android gue lewat otg suka keluar sendiri sering banget force close ya jadi harus pasang cabut pasang cabut terus,negative
barang datang dengan baik original produk real capacity sesuai dengan yang tawar,positive
pesan datang hari size 64 nya sesuai walau jadi 59 gb cuman sayang cepat transfer nya cuman 14 mbps,negative
baru pakai 2x sudah enggak baca saja,negative
barang bagus tapi tidak sesuai iklan no bracket,negative
baru beli sudah rusak filenya langsung jadi karakter aneh untung filenya enggak di cut,negative
juara banget,positive
barang terima dengan baik dan 100 orisinalwalau agak sdikit lama menungguhehehehe,positive
barang enggak fungsi sama sekali bagaimana tanggung jawab seller,negative
di judul 48 di deskripsi 24 mana yang benar di judul juga di tulis smart tv tapi di deskripsi enggak dijelasin banyak gadoin micin nih seller,negative
kirim cepat,positive
cepat kirim mantap kirim ke mojosari kabmojokerto jawa timur cuma 2hari tvnya juga sangat bagus,positive
cepat sekali sampai di kita padahal libur panjang akhir pekan mantap paket rapi pula,positive
bagaimana sih pesan ya flasdisk malah yang di kirim memorycard kacang banget nih yang jual tidak profesional,negative
allhamdulillah barang sampai dengan cepat hanya hari moga awet terima kasih lazada gojek dan ridista online,positive
kecewa pas coba pasuk data lancar tapi pas mau mindahin data nya data data saya malah jadi hilang padahal itu data penting tapi yasudahlah,negative
barang bagustapi bahan plastik lihat ringkih kirim kurir cepat hari yapi sangat sayang bagi logistik lazada tidak profesional layan konsumen barang bayar tanggal 15 status siap serah ke kurireh masa iya siap lama bangetbaru diserahin ke kurir tanggal 20wow lama bangetyasudahlahhatihati ya dengan kirim logistik lazadaestimasinya tidak masuk akalluaaaama,negative
product sesuai harap good,positive
barang sangat bagus dan kirim cepat,positive
antivirusnya kok malah jadi kaya virus tiap di pakai komputer aku jadi lot,negative
thanks untuk cooca yang promonya tidak sesuai janji beli smart tv cooca 50 fre tv cooca 24 nyata fre tv nya tidak ada telah barang datang dan terima barang saya kembali saja kecewa,negative
not recomended seller di kirim lama sekali nya di kirim flashdisk tidak guna,negative
estimasi terima tanggal mei eh tanggal 29 april sudah sampai thanks lazada ninja expres tanggal 30 di pasang baru 10 menit mati tiap di colok kabel power selalu mati listrik seperti ada yang konslet ini ke garansi atau return barang baru kok begini,negative
windowsnya tidak bisa buka alias tudak fungsi layar langsung on tanpa tekan tombol power sudah lima hari produk kembali namun uang kembali belum kirim,negative
saya sudah aju retur barang langkah lanjut nya bagaimana tv cuma nyala menit langsung mati total sudah saya bungkus lagi,negative
bagus walau kirim agak telat dikit,positive
barang terima dengan baikmaaf mau sih saya cancel tetapi alhamdulillah saya terima barang bagus dan fungsi dengan baik spesifikasi moga sama seperti yang tera kurir juga ramah terimakasih lazada,positive
alhamdulillahpaket sudah kami terima dalam ada baik gambar bagus kurir ramah trimakasih lazada,positive
packaging nya bagus kirim mantap,positive
sesuai sih tapi enggak sampai tb cuma 931,negative
beli barang barang nya sudah lazada dari tanggal 13 des 2016belum di kirim juga enggak jelas dan saat ini tidak ada comantar nih,negative
enggak bisa baca data,negative
alhamdulillah bareng sudah sampai jeran juga kenapa enggak pakai packing kayu ngeringeri layar hancur tapi telah dcek aman semua tadi saya videoin pas buka,positive
produk sama dengan asli tepat antar sampai rumah bisa byr tempat lazada thanks biar terus langgan deh,negative
kirim cepat barang sesuai pesan,positive
hari ini estimasi hari akhir tolong kirim baru kali ini kecewa dengan layan,negative
kata paket akan tiba pada 13 desember 2017 sampai saat ini 14 desember 2017 masih belum saya terima jasa kirim oleh ark bulky mohon tindaklanjutnya saya kecewa lazada,negative
paket sudah terima masih di bungkus belum di coba telah di test barang tidak bisa tulis dan baca dengan baik dan benar,negative
overal bagi saya smart tv lite cooca ini masih kurang dan lebih baik pilih yang 32 biasa tanpa embel smart karena kurang banget fiturnya tks cooca jempolkeatas,negative
real kapasitas cuman 30gb,negative
kalo jual yang jujur dong kak enggak usah dipaksain kalo memang tidak ada saya pesan yang 62gb malah datangny yang 32gb tidak takut dosa ya mau di retur juga sudah malas takut uang enggak kembali lagi lain kali jangan kecewa langgan bos,negative
cara cicil nya bagaimana ya kak,negative
produk baru saja saya terima telah lebih dari minggu dan lebih estimasi kirim itu ambil sendiri ke ekspedisi hari telah order dan transfer status pesan telah terima tetapi saya belum terima pesan saya saya dapat noresi tapi tidak bisa lacak tiap hari saya follow up ke lazada dan ekspedisi tidak ada jawab yang pasti hari telah itu no resi sudah bisa lacak hari ke saya ambil sendiri paket sebut di ekspedisi untuk barang sendiri fungsi dengan baik dan bonus tas laptop,negative
ini sudah win10 belum,positive
sesuai expetasi saya,positive
maaf bintang saya rubahbaru bulan pakai lcd sudah bergarisini komplennya ke lazada atau ke tcl langsungkarena saya beli di lazmalkalo cepat tanggap dan kasih solusibintangnya tak rubah lagi jadi bintang,negative
warna sesuai gambar cepat transfer data cukup baik,negative
barang telat layar tv pecah komplain enggak ada kontak juga enggak jelas alam pertama yang bikin trauma,negative
kirim lumayan cepat barang rapi dan utuh performa bagus mantap kali deh,positive
aduuuuuh rugi aku beli flesdis rusak semua,negative
fre bracket cuman hoaxpengemasan bagus,negative
barang nya sudah sampai tapi kabel hardiksnya enggak ada cuma ada casing doang tanpa kabel,negative
kecewa berat pokok buat lu pada yang mau beli pikir dulu saja gua saran sih kga usah beli respon lama tadi mau buqt kado malah jadi kga ngado salernya banyak mecin,negative
aga sesal beli beli smart tv untuk bisa instal netflix tapi tv ini enggak bisa instal netflix jadi mubazir ada yang mau beli lagi,negative
kirim baik produk baik mudah an awet dan manfaat,positive
ok goodpengiriman super cepat2hari dari pemesananhari pesanhari ke2 dtngsemoga awet tv nya,positive
kualitas bagus,positive
kirim cepat terimasih lazada,negative
kirim cepat barang sesuai,positive
langsung di cobabagus,positive
windows asli dapat tas laptop ram gede cuman microsoft office harus donwload sendiri atau pakai polaris desain bagus warna biru tua kirim cepat packingsangat rapi masih segel thanx lazada,negative
barang mantaf rapi,positive
barang benar ok masuk dapat bracket untuk yang enggak dapat pasti pesan via website sesuai syarat tapi kirim lama banget entah salah ark bulky atau lazada lebih baik timbang kirim pakai internal courier saja demi jaga nama baik komplain 2x cuma dapat panjang estimasi terima tanpa ada investigasi lebih lanjut parah dengan cs yang cuma bisa hubung via chat nomor telp lazada enggak guna cuma info untuk chatting selesai komplain lazada buruk banding ecommerce lain,negative
barang sudah terima kirim cepat packing bagus sesuai dengan spesifikasi terimakasih lazada,positive
thanks paket nya sudah terima barang nya ok kirim juga cepat,positive
kirim cepat fungsi normal namun fre iring nya kok enggak ada,positive
barang datang agak lambat gambar agak sedikit kabur kata digital tapi begitu nyala gambar enggak bisa jernih kondisi barang tidak segel seperti barang sudah pernah pakai,negative
barang bagus kirim cepat walau pengin nya tidak sesuai dengan gambar,positive
kirim sesuai dengan pesan dan pasti original muas,positive
packaging sangat bagus karena di pack dengan kayu design bagus tidak kayak tv murah kualitas gambar tv sangat buruk mungkin apa karena harga nya murah ya warna sangat pucat dan sangat susah untuk di setting karena halang oleh tampil menu akan lebih baik kalau ada informasi settingan gambar yang optimal kualitas suara tv lumayan,negative
maaf baru buat ulas sudah pakai bulan lebih barang after al keren deh cepat dan tahan good keep itu up,positive
saya sering pesan barang di lajada selalu sampai ke alamat saya tempat saya kenapa pesan saya yang satu ini di tutup dengan alas tidak mrnemukan alamat saya sumpah saya benar kecewa dengan lazada tidak usah banyak alas tidak temu alamat karena saya sering pesan barang di lazada barang yang saya pesan selalu sampai kalau pun barang sampai saya akan bayar kok sesuai nominal yang ada dalam janji jual beli sumpah saya benarbenar kecewa terima kasih lazada,negative
ok sip,positive
good product fast delivery,positive
barang sampai sesuai jadwal,positive
apa ini mah bukan buat tv32intapi buat tv 21inmau aku blikin biar tambah,negative
perfect,positive
mantab barang bagus harga bagus,positive
kecewa barang pecah baru kali ini belanja di lazada rasa di rugi bagaimana solusi buat jual,negative
the product is good,negative
barang terima dengan baik dan bagus,positive
hari sudah sampai barang belum di coba sih moga awet,positive
kirim cepat original,positive
apakah harga produk dan kirim di area jogja tetap sama seperti itu diskon dan harga sama atau beda,positive
cepat barang ini barang sampai order tanggal 18 sampai tanggal 22 badahal barang gede mantap kirim,positive
puas banget tvny sampai dengan baik tqu ya lazada,positive
bagus dan cepat banget sampai pakai ninja expres keren padahal pesan jelang lebaran kemarin hari langsung sampai,positive
cepat datang barang bagus recomended seller,positive
paket terima dengan baik belum saya coba tapi cukup puas belanja di lazada dan ini untuk dua kali nya saya beli tv dilazada terima kasih lazada tunggu lagi harga diskon berikuty,positive
bagus sampai dengan selamatkiran agak lama datang ya lah ini malah capcus banget terima kasih moga awat terus jadi langgan lagi,positive
pengrma cepat dan sesuai dengan deskipsi gambar moga enggak cepat rusak,negative
sesuai yang di ingin,positive
barang mantap dan rapi recommended,positive
respon cepat barang bagus,positive
plashdisk ya enggak bisa pakai format ntps,negative
barang yang pes tidak sesuai yang pes itu flash disk tapi yang datang micro sd hadeh mohon lebih teliti lagi barang sudah saya kembali mohon segera proses,negative
ini layar bisa di sentuh enggak ya,negative
baranga okedua hari barang sampai isi juga sesuai dengan deskripsi thx lazada seller,positive
packing nya tanpa bubble wrap juga dari kurir nya ada lambat overal good,negative
ada beberapa tombol remote tidak fungsi solusi bagaimana,negative
sangat burukkedua plasdis tidak bisa pakai,negative
ok banget jempolkeatasjempolkeatas kapasitas besar diskon besar ada pswordnya warna cantikwajahtersenyumlebarbermatahatiwajahtersenyumlebarbermatahati cuma saya enggak dapat nota pemesananpembelian via email apa bisa kirim ulang oleh lazada melipattangan terima kasih,positive
ya lumayan awal yang di tawar sesui gambar untuk hardisk 500 gb telah komunikasi barang ready tapi telah transaksi ada sedikit kecewa katnya yang 500 gb enggak ada kecewa sih sebab belum bilang ada awar kan hardisk 320 gb otomatis harga beda dengan blabla akhir saya mau tetap kirim dan sisa uang di ganti flash disk dan mouse wireles respon jual baik barang baik cuma itu saja sih,negative
kan di iklan flashdisk 16gb fre falshdisk 8gb tapi barang sampai cuman yang 16 gb doang,positive
hp dan memory ok terima kasihjempolkeatasjempolkeatasjempolkeatas,positive
bisa guna dengan baik,positive
mantaaaaab,positive
saya puas lazada kirim cepat,negative
mantabbs cocok tinggal di coba saja,negative
lama banget datang barang mungkin karena jauh juga kali ya jakartariau em terus tapi enak banget suara speakernya ngebas abiz enggak kecewa deh beli speaker bluetooth polytron utama pma 9310 puuaas banget is the best lah pokoke jempolkeataswajahgembiradenganmatabahagiawajahgembiradenganmatabahagia,negative
datang dengan selamat walau tanpa kartu garansi,positive
mantab tv nya bisa tonton drakor langsung ditv tanpa iklan walau harus langgan aplikasi dulu sih sayang aplikasi android tvnya belum banyak btw sudah mggu tv ada drmh tapi belum nemu tombol tv manual jadi kalo enggak ada remot enggak bisa nyalain tvnya hehe,positive
ntaps dapat 1077 barang segel no lecet oia ada bonus tak ya,positive
bagus dan asli,positive
kok ciuma 14 gb enggak 16 gb,negative
barang terima dalam ada tidak rusak tidak nyala cuma warna biru di layar bagaimana bisa tukar tv ini yang saya pesan min,positive
wd my passport 4tb harga paling murah banding tempat lain sudah cek online dan offline barang bagus sudah di cek total kapasitas 364tb original bisa register ke web wd nya untuk garansi tahun beri beberapa software utility fre antara wd security untuk protect hd agar tidak bisa buka orang lain dan ada bonus pouch lumayan buat tempat hd nya,positive
akan lebih baik lagi kalau harga lebih murah,positive
barang okepengiriman cepat,positive
gambar jernih pokok nya enggak sesal deh belijempolkeatas,positive
barang cepat sampai nyakurir ramahsudah langganansiiiip,positive
alhamdulillah senang banget packingan rapaih barang bagus fungsi warna terang keren pokokewajahmenikmati,positive
qualitas gambar pecah padahal dengan tv belum gambar mulus2 saja,negative
barang rusak retak dan tidak fungsi normal,negative
barang datang dgb cepat dan barang luar biasa,positive
flash diak rusak kecewa saya,negative
pengin beli cuman ragu ragu nih soal ulas pertama saja sudah begitu apalagi nanti kalo aku beli,negative
barang sudah datang terimakasih,negative
barang sudah sampaipaket rapi tapi kemarin ada misi kemarin harus saya minta antar pakai gojeg tapi kok di rubah pakai kirim biasatanpa konfirmasimungkin itu masuk saya untuk yang lain oke,negative
maaf tv samsungnya sekarang tidak bisa nyala tlng bagaimana itu belum tahun beli,positive
alhamdulilahok,positive
proses cepat order tanggal 24 tanggal 25 sore paket deh sampai packing bagus bareng ok sesuai moga awetgood jpb,positive
sesuai pesan top,positive
kirim cepat paket rapi telah saya coba kecewa habis copy paste hari ini baikbaik saja set dua hari filenya enggak bisa di buka bagaimana ini solusi sudah,negative
saya kecewa barang nya enggak bisa di pakai sama sekali kak di tukar bisa enggak kak,negative
saya pesan barang ini di tanggal 14 des 16 ketika sampai warna salah sehingga saya retur untuk minta ganti dengan warna yang tepat turut sistem lazada barang ganti sudah di kirim tanggal 24 des 16 tetapi saya tunggu sampai jangan 17 belum datang ketika saya konfirmasi ke lazada nyata barang telah kirim ke alamat lain bagaimana bisa lazada begitu teledor begini lebih kali saya alami hal rupa dalam jangka waktu kurang dari bulan saya akan ganti rating apabila barang ganti yang tepat telah sampai,negative
otg nya tida guna sama kalih,negative
barang lucu bentuk nyakualitas bagus recomended,positive
pngriman cepat sekarang order besok sudah masuk pngriman by tik bracket ada bareng komplit overal okay tidak mngcewakan,positive
quality hd sangat jelek tidak fungsi layak sangat kecewa hd yang di jual bad sector,negative
the flash drive has arrived today after weeks since order itu but cant use itu unreadable unable tapi format can return itu,negative
mantul orisinal,positive
habis copy video di flashdisk lalu tidak bisa ke buka video nya,negative
gan ini apa beda dengan yang sharp aquos 170i ya,positive
samsung micro sd sesuai pesan cepat kirim puas terima kasih,positive
status sudah kirim tapi deskripsi nya baru di terima sama jual tapi saya belum terima barang nya nih deh lewat dari tanggal kira harus akhir tanggal 30 sekarang deh 31,negative
barang pesan belum sampai ke sayasampai sekarangdan sudah ada email masuk barang sudah di terimasiapa yang terimalazada bagaimana tanggung jawab,negative
frem tv nya buka jadi silao,negative
duh bagaimana sih nih toko pesan merah datang biru tolong yang benar dong ke konsumen parah banget,negative
barang dalam kondisi baik dan fungsi dengan baik packing rapi dan tiba di tuju dengan aman walaupun lambat dari estimasi overal good,positive
barang datang sesuai pesanansemoga awetkurirnya juga ramahthanks lazada,positive
enggak bisa nyala,negative
kirim lamabarang bagus dan sampai dengan selamat,positive
barang terima dengan baik overal fungsi baik tapi kok capacity storage nya cuma 57 gb enggak sesuai tulis 64 gb,negative
siiiiiiiiiiip,positive
flasdisknya kena virus,negative
mantap thanks lazada alhamdulillah dapat pas flsh sale ultah lazada,positive
puas belanja di lazada,positive
tidak sesuai dengan di gambar di gambar warna hitam sudah di coba sama lagu enggak bisa di putar kecewa banget jadi sampah segel pun bekas di buka,negative
pesan apa kirim apa saya sangat kecewatolong dong kalau mau kirim barang teliti jadi enggak bisa pakai ini,negative
halah baru pakai bulan tiba corrupt enggak bisa di baca kartu sudah pakai card reader tetap enggak bisa di hape lain tetap enggak ke detect kecewa,negative
sangat kecewa pesan nya hello kitty yang datang malah hulk padahal belum nya sudah chat dan bilang kalo hello kitty nya readywajahmenangiskeraseeh pas datang malah bedawajahmenangiskeras,negative
packing nya rapi kirim cepat tapi yang itu packing kayu nya lama amat ya minggu lebih tapi tidak apa karena tv nya darat dengan selamat moga awet amin,positive
bagus barang,negative
harga jangkau dengan kapasitas besar produk juga telah guna dan kondisi prima,positive
kirim lama barang belum coba mudahmudahan sesuai spesifikasi nya,negative
kok enggak ada otg nya bisa di kirim lagi enggak,negative
barang sesuai kemas baik hari ke1 pesan hari ke ke3 terima,positive
dari flasdish hanya yang fungsi dengan baik yang lain tidak bisa guna,negative
terima kasih sementara produk belum guna,positive
barang kurang bagus cuman nampung 1film 360mb,negative
edisi salah baca ira 64 giga nyata 64 mbak but yes oke barang bagus packing oke thanks lazada,negative
barang sesuai deskripsi tetapi kirim lama dan juga tidak bisa menghungi jual,negative
barang sudah sampai tempat tujuancepat juga pengirimannyapacking rapi cuma belum saya uji saja terima kasih ya gan mudah mudahn awet,negative
jual yang tidak tanggung jawab kata barang garansi resmisetelah saya terima barang tidak ada kartu garansinyadi chat enggak balas chat dari saya tsaya sangat kecewa sekali dengan beli saya,negative
kurir mitra tidak profesional enggak ada kata lagi untuk nge ganti kata buruk,negative
mantap recommended,positive
saat di buka minta format gilir di cek kapasitas cuma 8mb bukan 64gb jauh sekali beda sesal sangat lah,negative
mantap sih cuma bohong enggak sampai pun 40 inchi kardus saja cuma 98cm kalo 40 inchi101 cumatapi manakatanya pakai remote untuk google assistant enggak bisacuma berapa hari doang bisa,negative
barang sampai dengan selamatterima kasih gan,positive
thank,positive
barang saya terima dengan kondisi rusak monitor pecah saya kembali retur saja bagaimana cara mohon lampir no telepon toko yang bisa saya hubung ini bagaimana kembali sudah 10 hari kok tidak ada respon,negative
paking rapi tapi sayang barang eror,negative
produk belum sampai tang rumah lapor dari jne paket sudah terima di pulau yang beda moga bisa di edit enggak tega asih bintang,negative
paket sudah darat dengan amanbarangnya bagus buat tv jernih buat youtube juga lancarterima kasih banyak moga awet,positive
sedikit kecewa enggak sesuai 32gb paling 200mb yang bisa masuk,negative
pertama datang di cek isi 526 gb hari ini coba pakai enggak bisameminta format2 terus kecewa baik beli di toko komputer saja beli di lazada kayak beli kucing dalam karung sekarang barang enggak bagus mulu kualitas kapok sorry tapi lazada,negative
barang sesuai kirim cepat,positive
kerja cukup buat bagus kerja kantor sayang ram enggak bisa diupgrade bareng juga cepat sampai,positive
produk sudah sampaikondisi baru tidak ada yang rusak dan emas sangat rapi,positive
bungkus nya tidak profesional harus pakai gelembung,negative
barang sesuai deskripsi hari sampai pokoke mantap jivva,positive
bagus apalagi yang antr paket ok pis euy,positive
lumayan,negative
enggak ada gratis seperti yang janji,negative
pengin gua babet error enggak bisa di gunain,negative
barang nya sih bagus tapi sampai rumah lama lambat kayak siput,negative
terima kasih barang sudah sampai,positive
kirim cepat untuk barang yang kirim dari luar negeri produk bagus bisa muat harddisk eksternal kabel2 flashdisk juga dalam satu tempat,positive
kualitas ok,positive
tidak serta kartu garansi padahal di skripsi jual tulis lengkap salah satu nya kartu garansi,negative
paket sudah saya terima tapi kok merek samsung ya tapi kenapa pas di hp saya xiaomi 4a enggak bisa di gambar enggak ada terang merek samsung pas terima begitu kirim cepat dan sangat baik tapi ya itu enggak bisa ke baca di hp gua parah,negative
alhmdllah barang sudah tiba dengan selamat,negative
saya pesan warna hitam yang datang warna biru,negative
mantap moga awet kirim cepat,positive
alhamdulillah paket rapikurirnya baikcuma barangya mengecewakanenggak bisa simpan,negative
lumayan bagus,negative
ah kontol lu bikin susah gue saja jadi orang jual barang itu yang benar ini apa falshdisk kagak bisa di guna sama sekali boro baca di pc makan itu duit hasil nipu orang biar keluarga lu kena balesan ya sama allah karena lu itu cari uang kagak halal tukang tipu orang,negative
barang sudah di terima tapi tidak pungsi di hp saya bisa di tukar kah,negative
saya kira sama hardisk nya nyata cuman alat transfer doang bagaimana nih saya beli jadi enggak di gunaiin,negative
saya sangat kecewa order yang sesuai gambar malah yang begini kirim sellernya bagaimana sih kok bisa sampai beda sama yang di gambar yang di kirim,negative
barang orisinal 64gb lumayan cepat untuk nyimpan data,negative
ini vga nya sudah dual grafik vga kah,positive
meski enggak di packing kayu tadi nya was was alhamdulillah selamat sampai rumah kerja dengan baik mantul pis terimakasih,positive
barang saya kok belum sampai dari tanggal 17 jangan,negative
produk bagus standard xiaomi pwngiriman buat jakarta agak sedikit lama padahal status sudah di kurir itu untuk bonus iflix 12 bulan bagaimana ya sama hooq kok cuma dapetnya bukan bulan tapi bulan,positive
kirim cepat dipack dengan rapitapi ukur enggak 16 gb tapi hanya 14 gb over al enggak sesal deh beli sini dengan harga segitu dan barang pun orisinal thanks,positive
kirim sesuai estimasi kualitas produk baik speaker mantap colour okkurir ramah kalo mau kirim balik surat garansi bagaimana ya,negative
kualitas barang good sampenya juga cepat,positive
barang sudah saya terimapaking ya bagus dan rapiini saya lagi coba flasdisk yad hasil bagus semuanyaenggak ada yang kurangfile musik saya ful masuk di 64 gb terima kasih lazadasukses ya,negative
fast responpengiriman cepat hari sudah sampai packing rapirecomended pokoknyajempolkeatas,positive
barang enggak bisa simpan file besarfile kecil juga bisa banyak sisa 50gb sudah error,negative
terima kasih lazada barang lebih cepat datang dari pada waktu standard,negative
pesanam sampai dengan selamat utuh barang okdapat harga murah harbolnas voucher thanks,positive
barang mulus casing 64gb isi 585gb buat harga segitu muas,positive
barang okepengirimannya cepattapi harga naik turun,negative
niat jual enggak kenapa barang enggak di kirim sampai sekang sudah tahun langgan di lazada baru kali nih pesan barang sampai lewat tanggal estimasi tapi belum di kirirm barang nya,negative
produk bagus banget orisinal dan bagus lah cocok pokok,positive
ya bagus jugasaya pesan 14 inch tapi yang dtng 156 inchtapi enggak apaterima kasih,negative
suka banget sama paket sesuai dengan ekspetasi saya datang juga cepat,positive
belum pakai moga fungsi dengan baik,positive
barang sudah terima,positive
sudah kirim nya lama malah naik ongkir nya babi lah,negative
barang bagussemoga awet,positive
barang sampai dengan selamat tv fungsi dengan baik jempolkeatas,positive
tv tidak ada optional usb malah ada av,negative
barang bagus packingnya rapi dan banyak lindung hehe jadi laptop tiba dengan mulus sampai di tempat pada estimasi kirim fast respond saya tf pada jam malam pada jam 10 sudah kirim terimakasih lazada,positive
bagus banget jadi pengin beli lagi,positive
barang yang di kirim rusak panel tv nya retak how come lazada enggak ecek dulu barang yang di kirim kecewa plus proses kembali yang ribet tv gede itu misti di bawabawa kantor pos enggak ada solusi lain customer di bikin susah sesal belanja sini,negative
barang sampai sekarang enggak sampai saya kurir sajat nya enggak tanggung jawab telpon enggak mau angkat sangat kecewa,negative
pilih koneksi usb tidak ada,negative
rekomendasi banget nih,positive
file hilang,negative
alkhamdulillah barang jalan baik lancar moga awet hanya tidak ada untuk play usb saja lebih baik,positive
tqgood,positive
kok 64 enggak kan 32 enggak soal kapasitas kamera 32 enggak bagaimana dong bisa tuker enggak,negative
barang sudah sampai lumayan cepatkurirnya juga baikbarangnya bagusbisa pakai langsung,positive
tanks lazada kirim ramahbarang rapi sampai ditempatcuma belum dicobakarena saya buat jual lagi toko sayamoga bagus jempolkeatas,positive
kirim minggu lumayan cepat karena memang posisi yang di luar pulau jawa barang sesuai gambar dan spesifikasi cepat baca dan tulis cukup cepat,negative
hasil rekam lagu data tidak bisa putar,negative
kirim cepatbarang mantapthx,positive
saya pesan yang 16gb tapi yang saya terima 4gb mohon tanggung jawab saya kecewa banget pesan dari 16gb jadi 4gb jauh banget beda,negative
bintang untuk produk dan kirim yang cepat sayang saya enggak bisa cek lengkap serta bonus2 nya karena ini produk sen bos hingga sekarang enggak ada komplain untuk produk moga lanjay dan awet terima kasih,negative
paket nya sampai sangat cepat tapi sayang promo bonus braket nya enggak ada dalam paket,negative
untuk harga yang tidak terlalu mahal barang bagus kualitas oke kirim cepat dan packagingnya aman,positive
packing rapi fungsi dengan baik kapasitas 18tb,positive
gambar bagus tampil elegan sangat muas,positive
bungkus hardisk nya besar banget,negative
okay barang,positive
barang bagus dapat marchendise dan brosure,positive
masih segel atau sudah second,negative
flashdisknya fungsi dengan baik dan hadiah2nya pun oke punya moga awet ya thanks lazada,positive
emas ok kurir baik,positive
alhamdulillah darat dengan selamat packing rapi dan aman kirim standar,positive
barang sudah sampai terima kasih moga awet,positive
product sesuai ekspestasi recommended jempolkeatasjempolkeatasjempolkeatas,positive
mohon maaf sebelumnyasaya beli codpas barang nya sampai saya cukup yakin karena packing kayu nya masih bagus dan lihat cukup baiktetapi telah buka nyata layar sudah retaksaya sudah klaim kembali barang ke lazadasaya sedikit kecewa karena saya mau pakai tv ini untuk lebaran idul adha inimohon segera untuk ditindaklanjuti dari coocaterima kasih,negative
barang sudah terima dengan baik terimakasih lazada,positive
cara bayar tanpa kartu credit cicil bisa tidak,negative
handsfre headset yang di janji tidak adatolong baik jangan di cantum kalo memang tidak ada,negative
overal bagus cuma kipas pakai bagaimanakok enggak nyala,negative
barang rusakmemasuki data corrupt enggak bisa masuk,negative
real pict keren,positive
diskon lazada memang dahsyat terima kasih banyak lazada moga tambah sukses dan kembang terus jadi no the best online shop,positive
nyata lama tunggu enggak datang alas alamat tidak di temu padahal lengkap,negative
sok far sok good,positive
mantap barang nya memang produk adata no kwkw layan ok ramah garansi resmi pula mantap,positive
barang orisinal packing bagus dan kirim super kilat jempolkeatas terima kasih,positive
kata ada garansi tahun dari apa sih saya enggak temu kertas garansi kalo sudah di jawab nanti di tnbh bntangnya,negative
jual barang yang jujur dong kalau barang rusak mending enggak usah di jual enggak usah juga pakai bonus kalau enggak ke pakai juga ini kan ujungujung nya cuma jadi sampah semua,negative
produk kualitas dan sesuai deskripsi kirim hari lebih cepat,positive
mantul fdnya,positive
tepat waktu moga awet,positive
saya pesan flashdisk doraemon kenapa yang di terima hulk saya enggak mau di tuker atau kembali uang,negative
jelek banget benarbenar kecewa fd nya corrupt enggak bisa mindahin file baru kali ini kecewa beli dilazada,negative
rusak fisik layar led pecah dan baret2 baru prtama beli malah kayak begini jadi sesal moga proses refund jalan lancar sudah tau fragile kenapa tidak dipacking kayu,negative
sesuai pesananlumayan,negative
kirim lama,negative
barang bonus terima cepat dan baik tapi telah beberapa lama pakai barang masalah,negative
barang sampai tepat waktu packingannya rapi good dahwajahtersenyumlebardanmatatertutupwajahtersenyumlebardanmatatertutupjempolkeatasjempolkeatas dan juga dapat hadiah pulpenwajahgembiradenganmatabahagiawajahgembiradenganmatabahagia mudahmudahan awet,positive
kecewa deh hadeh,negative
barang sudah sampai packing aman dan rapi produk original masih segel sesuai gambar spesifikasi sesuai waktu kirim normal 3hari terima kasih lazada asus,positive
celana dalam rom for driver nya tidak ada,negative
barang saya terima dengan aman dan packing juga sangat rapi tetapi memori tidak ful 64gb tidak bisa guna untuk sharing ke perangkat lain dan kapasitas yang guna hanya bagi kecil data yang bisa baca tidak lebih dari 15 gb jika saya send file data lagi ke flashdisk ini file sebut hilang dan tidak bisa akses saya sangat kecewa,negative
hm perlu nih hdmurah banget,negative
sok far ok banget barang nya the best cuma hari kirim wajahtersenyumlebarbermatahati,positive
kirim cepat barang ok kurir ramah,positive
pesan tanggal 15 baru kirim tanggal 20 padahal lagi butuh banget kemudian pas sampai kaget banget beli laptop di jadi wrap bubble alhasil kardus penyok2 parah beli laptop 17 juta biji asa beli barang murah untung laptop enggak kenapa2 dan kerja dengan baik,negative
sesuai dengan gambar asli,positive
kirim tepat waktujurue ramah peking kurang baikcuma di taruh di amplop kecil alhamdulillah brang sampai dengan kondisi baikterima kasih lazadasukses selalu,negative
kecewa enggak ada headset nya bohong publik,negative
terima kasih kirim nya sangat cepat dan barang muas bagus banget thx moga makin jaya lazada,positive
enggak bisa di format bingung mau di apa lagi,negative
barang tidak fungsi mungkin seller laku kece lebih dahulu tapi ingat kirim dari luar negeri sehingga lewat bagai macam halang untuk dapat sampai ke alamat saya sehingga wajar jika tak fungsi sedih sih mau di kembali tapi ongkir lagi,negative
fd rusak enggak bisa baca dan gila yang di pindah jadi rusak,negative
kacau,negative
tv sudah saya terima saya mau tanya buku garansi kok tidak ada ya,positive
apa nih colok kagak pas sama laptop kecil amat,negative
tv sampai coba fungsi normal,positive
mantab jiwa sesuai deskripsi dan fungsi normal packing pakai dus mantab,positive
flasdishx imudbagustapi belum tak coba ce moga enggak ngadat,negative
barang sesuai dengan dengan gambar,negative
surat garansi tidak ada mohon di kirim,positive
fd nya palsu tipu,negative
produk sesuai pesan kirim cepat produk fungsi dengan baik,positive
bagus moga awet,positive
pesan sandisk usb flasdisk cz33 32gb cruzer hitam tanggal 11 jangan 2016 kira barang sampai 19 jangan 2016 barang terima tanggal 15 jangan 2016 kemas rapi barang sesuai pesan kondisi baik highly recommended,positive
akhir dtng juga gratis tunggu minggu lebihtv dtng lebih awal bagus enggak ada masalah trimakasih lazada,positive
layan bagus sih cuman produk yang enggak bagus,negative
bagus kualitas gambar awal susah cari setting ke tv analog sip garansi resmi bahasa indonesia juga rakit lokal indonesia tinggal tunggu email premium voucher hooq dan iflix moga cepat datang,positive
mantap barang luncur aman dengan lex belum tanggal yang di jadwal packing rapi barang sesuai gambar deskripsi normal,positive
barang sudah terima dan kerja dengan baik packing rapi sesuai dengan harap kirim juga cepat tapi kurir kurang ramah barang enggak di antar sampai alamat cuman di titip sampai agen but overal good jempolkeatas,positive
barang sampai dan bagus cuma enggak ada obeng sama soft casenya seperti di gambar,negative
sip,positive
sampai sekarang masih lancar jaya,positive
tq lazada,positive
barang sudah sampai pas di coba aneh enggak bisa nyimpan saya beli hanya ingin bukti saja nyata barang nya jelek,negative
hari ini bayar besok sampai bagus cepat kirim data bonus belum di coba,positive
alhamdullilah senang banget sama flasdisknya,positive
bonus tidak sesuai yang tera di katalog body minta warna putih di kasih item respon kurang baik di katalog toshiba canvio ready yang di kirim canvio basic kabel konektor nya jauh beda dengan yang saya beli di toko lain dan ketika di colok ke body hardisk susah untuk di cabut tepuktangantepuktangantepuktangan,negative
barang jelek banget file video enggak bisa baca kalo masuk flasdisknya bangke,negative
overal good harga jangkau barang cepat sampai kurir ramah trimakasih melipattangan,positive
barang tidak bisa di pakai jangan di jual,negative
barang mantappengiriman cepatbarang belum coba sihtapi moga awet2 saja,positive
buku garansi mana kok indak ada dalam kemas,negative
barang bagusjempolkeatasjempolkeatasjempolkeataspakingnya juga rapih,positive
awal ragu tapi pas sampai mantap betul kirim cuma hari ke padang packing lumayan rapi harddisk sesuai pesan ukur harddisk real 2tb,positive
bisa buat dvd gaj,negative
mantul terima kasih lazada berkat flash sale bisa upgrade memory,positive
pesan yang 64gb antar yang 16gbwajahsangatketakutanwajahsangatketakutanwajahsangatketakutanwajahsangatmarahwajahsangatmarah,negative
thanks lazada pesan saya sudah sampai expres sekali saya pesan kemarin siang pagi pagi sudah sampai flasdisk nya bagus sesuai sama yang ada pada gambar,positive
kualitas layar kurang bagus banding cooca yang versi non smart tv dengan ukur yang sama tidak bisa instal netflix dari ap storenya juga,negative
barang sesuai gambar dan jelas thankyou lazada,positive
barang kualitas bagus,positive
mantap gan sudah coba sukses selalu,positive
mantul,positive
belum di guna,negative
kirim barang sempat tertundaharus telepon kantor pengirimandan minta kirim ulang dan akhir sampai sesuai pesananterima kasih,positive
sangat kecewa baru saya terima barang nya kabel otg sudah tidak bisa berpungsirusak barang bekas kok di jual,negative
guuud pngiriman tepat waktu,positive
barang sudah terima tapi pouch dan pengin tidak ada bagaimana sih ini,negative
luar biasa dengan beli tv ini nyata dapat bonus unit rumah type prt nya langsung lakon oleh jual ful service waranty tahun jos bos,negative
packing rapi dapat obeng dan speed lumayan karena hd saya sudah lemah tapi bisa 10mbsi,positive
sangat sayang kan barang yang saya terima kondisi panel pecah wajahmenangis turut saya mungkin karena tv hanya di kemas dengan plastik bubble wrap saya rasa kurang safety harap saya bisa lebih baik ke depa mungkin dengan kemas yang lebih safetyaman,negative
sampah,negative
tak bisa guna,negative
seue pesan sesue harga,positive
plashdisk palsu kecewa data nya korup mulu,positive
barang baguspengiriman lamapakai expres harisampai haritau begitu mending enggak usah pakai kirim expresalesannya terima batal kirim pada hari yang samapadahal ninja yang batalin,positive
tv bagus tv enggak bisa di taruh di meja tv karena enggak bisa di lihat dengan jelas tv ya gelaptv ya di taruh di bawah,negative
barang bagusterima kasih lazada seller,positive
cara umum tv ini bagus kualitas cuma built quality belum muas,positive
good alhamdulillah paket darat dengan baik dan selamat tidak ada cacat satu,positive
produk bagus cuma kirim nya saja enggak di packing kayu cuma di wrap lapis,positive
tva bagus pengirimana cepat banget cuma hari dah sampai moga tva awet mks lazada,positive
pesan tanggal sekarang belum di kirim malah pihak toko nya minta tambah uang,negative
enggak bisa pakai,negative
barang sudah terima cepat dan rapi barang top banget,positive
produk original tinggal di coba,positive
barang rusak parah enggak bisa di pakai,negative
barang bagus alhamdulillah barang terima dalam ada aman meski packing tidak pakai kayu hanya bublble saja tapi semua lancar dan aman kurir juga ramah meski kirim agak lama terima kasih lazada,positive
barang sudah terima dengan baik sesuai dengan yang iklan dipacking dengan sangat rapi tks seller dan lazada,positive
barang cepat banget sampai nya mantap deh pokok pesan sekarang besok sampai,positive
plasdisk nya eror tidak bisa di pakai saya harap bisa di tukar di ganti bukti kalau toko babyshop baik untuk konsumen melipattangan saya tunggu barang yang akan di ganti yang ini tidak bisa di pakai terima kasih,negative
terima kasih sukses selalu,positive
kualitas barangny bisa di jamin enggak ya,negative
mantap fungsi dengan baik,positive
tva bagus moga kalo ada rusa pas klimnya tidak di sulit,positive
barang enggak bisa di pakaierorenggak bisa di isi,negative
sisi ujungujung sudut agak gelap sehingga warna tidak rata atur cahaya ke aplikasi youtube rujuk ke setting source input yang pertama,negative
packing rapi barang sesuai dengan yang di iklan kirim kurang dari minggu thx reseller lazada,positive
mantab barang datang dengan selamat,negative
whatta big size smarttv saya suka barang hasil tvnya pun bagus dan jernih,positive
kondisi packing saat terima dapat besot pada plastic dan kardus pada saat buka harddisk kondisi ada lecet kes tidak seperti baru kuningan pada slot sata power bekas seperti telah guna dalam waktu yang cukup lama belum magnetic disk macet saat putar padahal sudah ganti kabel sata yang lain tentu tidak baca oleh pc saya,negative
lol,positive
produk sudah terima dengan baik,positive
kecewa tapi saya enggak bisa salah selain diri sendirikarena bal usb yang saya kira 64 giga nyata 64 mbak isi apa lagulagu saja enggak muat parah,negative
entah bagaimana yang saya dapat ini seperti body flashdisk agak renggang sehingga saya perlu rekat dengan alteco telah itu oke tapi jadi agak jelek karena alteco,negative
alhamdulillah beli dapat maksh lazada produk top,positive
yang lain oke kabel otg enggak fungsi,negative
barang standart terlalu mahal itu harga dan kualitas begitu,positive
bagus murah manfaat,positive
flashdisk oke sudah di terima bisa di guna dengan baik,negative
mantap kualitas mantap harga pokok top banget,positive
bagus sip,positive
percuma enggak baca,negative
barang datang cepat packaging bagus sayang kapasitas terlalu sedikit,negative
kecewa banget flashdisknya enggak bisa pakai simpan data,positive
bagus flasdisknya thanks lazada,positive
barang sesuai pesan dan kirim cepat,positive
datang sudah retak langsung untung bisa di retur barang nya dan saya waktu buka sudah ada videoin bukti,negative
untuk kirim oke sangat puas tapi kapasitas cuman muat 8gb saja padahal di cek properties nya sih memang 16gb,negative
beberapa data hilang dan tidak kebacasaya sesal yang sangat dalam,negative
alhamdulillah paket sampai cuman hari barang bagus original recommended,positive
keren mantappl tv normal dan bagus,positive
sis kok kabel enggak sambung ya jadi ke laptopnt kayak kendor begitu,negative
keren mantap bisa yutuban,positive
kenapa saya bilang omong tok karena saya pesan dari tanggal 21maret2017 13april2017 barang tidak sampai ke rumah saya,negative
kirim sudah terima sesuai kira waktu tiba barang keren moga awet,positive
baru sampai kemas bagus kualitas belum original made ini china moga awet,positive
kirim oke cuma hari sampai barang oke tapi sayang enggak bisa baca flashdisk padahal ada port usbnya slain itu brfungsi dengan baik,negative
enggak sesuai nyata lampu indikatorx warna merahbukan warna hijautrz pas ngisi mp3 file tidak dapat di putar sngat kecewa,negative
harga murah kirim ok lah cepat gratis ongkir lagi moga awet,positive
barang terima dengan ada baik bisa langsung fungsi tapi kenapa pas saya cek cuma ada 14 gb ya padahal kosong ini barang baru atau second ya sedikit kecewa sih tapi lumayan daripada lumanyun harus harga bisa lebih murah karena memori kurang belum guna tq,negative
kenapa barang yang kirim isi sepatu,negative
maaf gan barang yang di kirim sesai gambar tapi dengan kondisi rusaksobek bagi bawahsaya retur saja dan ganti yang baru bisa kan,negative
barang sudah darat dengan baik hasil dari flashsale barang mantul kirim 5hrian tapi enggak masalh yang penting barang oke terima kasih lazada,positive
barang mantap gan,positive
good product,positive
pesan tidak pernah sampai pihak lazada susah hubung via web chat twitter semua no respon resi tidak bisa di cek baru kali ini di tipu sama lazada uang hilang barang tidak sampai buat para beli yang lain hatihati,negative
saya sangat kecewa dengan barang ini saya masuk video ke dalam flashdisk dan saya cek kembali eror lalu saya cek kembali nyata ukur asli flashdisk 64gb cuma 500mb ke paksa saya pangkas jadi 500mb dari pada enggak bisa di pakai sama sekali,negative
jos gandos,positive
barang lumayan bagus tebal jadi aman untuk harddisk harga sesuai,positive
terima kasih lazada barang sudah sampai tapi sedikit kecewa karena kurir enggak sabar masa minta di jemput,negative
barang rusakenggak bisa di pakaimending beli martabak,negative
barang sampai kondisi bagus moga awet,positive
produk ok dan mantap di luar ekspektasi bagus banget tq lazada tq cooca tv kirim sesuai estimasi moga tv nya awet,positive
barang nya mantul top banget wajahtersenyumlebarbermatahati,positive
packing nya okehkurir nya ramahbarang nya sesuai deskripsi kirim nya cepatmantap lazadabisa belanja terus nih,positive
judul sama deskripsi produk kok beda lazada harus sortir seller yang kaya begini nih masuk tipu hlo,negative
tidak dapat braket sticker segel juga sudah kelupas seperti bekas service,negative
darat dengan selamatlazada mantul moga tv aweet,positive
mudah mudah bisa beli laptop mahals kalo bisa beli asus rog saja wkwk,positive
barang sudah dtng kirim super cepat tapi sayang yang kirim malah yang wd mybook new design enggak yang tera gambar untuk epak barang tanpa rubber warp cuma kota box doang enggak lah untung enggak ada cacad brngx maaf buat kali ini coba dulu min moga awet,positive
lihat review kata kirim lama ada yang minggu enggak sampai sampai tapi aku baru pesan kemarin pagi hari ini sore jam tv nya sudah sampai hehe selalu puas belanja di lazada tv nya belum di coba moga saja bagus enggak ada masalah hehe,positive
puas sesuai gambar,negative
saya kasih bintang dengan notes sebab untuk layan sebab saya pesan lewat flashsale 1111 tapi barang baru kirim tanggal 22 telah saya komplain ulang alhasil baru terima barang telah tanggal 27 itu saya jemput gudang ninua expres dari jakarta ke jogja 10hari lebih paking tanpa paking kayu untung barang terima utuh bau tv tidak sedap ketika posisi nyala seperti bau plastik aneh software android bawa belum sempurna buku pandu manual minim sekali pandu online pun belum ada overal untuk produk jalan dengan baik belum ada kendala plus ada dapat vip card walau hanya di email untuk garansi tukar baru bila rusak belum 1thn,negative
cepat sampai bareng aman meski tanpa packing kayu,positive
kecewa sihbanyak virus,negative
maaf kecewa sekaliflashdisk tidak bisa guna,negative
barang bgus sih tapi saya kecewa karena pointernya enggak bisa gregetan,positive
ini layar sentuh bukan ya,negative
mohon bantu tv nya mati sendiri layar lcd nya,negative
barang sudah sampai tapi tombol keyboard nya tidak fungsi semua saya mau return saja,negative
kirim cepat mantap kondisi 100 aman semua,positive
saya bayar lebih untuk kirim same day service gojek malah kirim hari telah beli dan bayar tanggal 19 juni belum makan siang sengaja bayar lebih karena butuh cepat dan sudah kejar libur lebaran barang malah kirim tanggal 21 juni lebih dari 24jam mana kantor saya sudah libur lebaran kirim nyata pakai ninja expres entah reguler atau bagaimana padahal sudah bayar 10rb untuk ongkos kirim same day service ketika ditelp ninja expres tanggal 21 juni jam 1730 an akhir saya paksa minta titip ke orang lain di daerah sekitar kantor saja karena sudah tutup kantor tumben kenkez kecewa,negative
belum saya sempat kesal buat oleh lagi dan lazada serta jne karena masalah komunikasi antara mereka kurang beres imbas malah kena ke langgan saya yang harus tunggu lama barang kirim kirim bisa lihat di komen saya di bawah telah lalu proses panjang akhir barang langgan saya tiba dengan selamat ajar untuk lazada lagi dan jne komunikasi dan tepat waktu itu penting dan saran saya kalau kalian memang tidak mampu atas cukup kembali dana kami serta biaya kirim beres kalian ke saya aman saya ke langgan saya juga aman untuk masalah barang tarik ya kalian yang atur tapi karena kalian sudah bukti omong salut hormat saya buat kalian semua yang urus kirim terimakasih,negative
product originalenggak sesal deh,positive
saya pesan sandisk flash disk cruzer blade 16 gb namun yang kirim cruzer switch usb flash drive 16 gb,negative
produk baik cuman kirim terlalu lama jakarta ke bari 12 hari tumben saya terima barang kirim seperti ini,negative
mohon bantu karena hardisk yang saya terima tidak bisa untuk simpan data maupun di format,negative
kualiatas orisinal moga awet tv nya,positive
barang sesuai gbrdan kerja dengan baik lengkap dengan kartu garinsanya,positive
layan bagus kirim cepat kurir ramah packing rapi barang orisinal garansi jelas memory high quality recomended thanks lazada,positive
tvnya keren mantap,positive
kirim cepat pesan kemarin siang antar besok dan bisa janji antar tv nya juga oke banget ringan dan yang saya suka hdmi plug nya ada moga awet,positive
masih enggak bisa di pakai file yang saya simpan di usb malah hilang,negative
tv nya bagus,positive
barang datang lebih cepat dari target saya coba yang 64 maupun 16 dua nya lancar jaya thanks nyesal kalau enggak beli dapat saya kalau yang lain enggak tau,negative
status sudah dterima tapi saya sendiri tidak menrima bagaimana lacak,negative
laptop bagus tapi officenya trial doang hmn caranyadichat malah diread doangsudah tanya belum beli officenya asli atau enggakbisa siap pakai atau enggakternyata trial doangini bagaimana beli tapi enggak ada solusi,negative
gan order saya 3948348346 ngorder dari tanggal 10 jangan 2018 kok belum nyampe2 hingga hari ini tlong konfirmasi thx,negative
bagus overal cuman agak longar saja penjepitny,positive
kirim super lama tapi datang juga sih,negative
sangat kecewa dengan flashdisk 16 gbnya mindahin data malah enggak simpan data,negative
bagus tapi belum di cuba,positive
seep gan barang sampai sesuai pesan dan cepat sampai langsung di tes memang ok,negative
enggak sesal lah barang dari datascript distributor dan djamin original,positive
brang yang datang sesuai dengan pesananan terima kasih,positive
kirim lamawajahtanpaekspresi,negative
barang tidak deteksi di laptopkomputer,negative
barang nya tidak baca di laptop,negative
terimakasih barang sudah sampai cepat dan selamat moga makin maju lazadacom,positive
kok pas di nyala layar nya hitam suruh instaler windows sih kan win 10 home malah masih dos,negative
layar jernih mantap cukup puas,positive
bagus packing aman sampai tuju barang fungsi normal sudah minggu ini,positive
kirim cepat barang original,positive
barang sampai belum waktu nya thx lazada lucu imut bentuk nya tapi belum di cubasemoga aweet,negative
original dan sesuai pesan bagus pokok,positive
saya beli falsdisk ini 1pcs otg yang 16gb 2pcs kok yang di kirim falsdisk semua nya bagaimana sih,negative
packingnya bagus cepat sampai juga terimakasih,positive
barang bagus packing ok kirim cepat thanx lazada,positive
kirim cepat isi nya cuma 14 gb,negative
kualitas oke kirim cepat,positive
tv cukup bagus untuk harga juta an,negative
saat barang datangsaya langsung coba awal bisa buat copy file telah colok ke laptop lain malah minta di format seperti ini barang rusak yang jual,negative
barang saya kok enggak ada ya padahal saya asih alamat benar dan saya cek di situs jnenya alamat tuju kok salah mohon periksa kembali saya beli barang bebarengan dengan yang lain yang lain sudah sampai tapi beli di sini enggak ada barang sampai sekarang,negative
barang sesuai dengan yang di janji seller lengkap thanks,positive
thx lazada kirim nya telah sampai dengan kondisi barang amat sangat baik succes buat lazada,positive
barang bagus hanya sayang kirim nya lambat mohon di tingkat untuk kirim,negative
alhamdulillah fungsi cuma hariterus pas mau nyimpan lagi enggak baca filenya bijimane nih,negative
telah barang datang bukan tv malah papan tulis hadeeeh,negative
baru sempat kasih ulas alhamdulillah barang sampai sesuai harap tanpa kurang suatu apa kecuali kartu garansi overal puas chanel ada yang biasa masih ada bintik sama chanel yang digital hd mulus banget,positive
awal saya terima barang dan coba senin agustus 2019 laptop kena masalah di kipas masalah persis seperti di salah satu thread forum msi saya enggak bisa kirim url di ulas saya langsung tanya ini ke seller dan official pagenya msi langsung hari lalu dan tidak ada jawab sama sekali ini kali pertama saya laku baik ini oleh seller jangan salah paham laptop msi bagus kok mungkin lebih bagus dari produk yang lain dengan harga yang sama jika anda ingin beli sila saja tapi jika ada masalah di laptop seperti yang saya alami moga untung,negative
flashdisk nya jalan pungsi dengan baik,positive
murah riah,negative
rekomendasi untuk para pulung film,positive
brng sesuai pesan dan trimakasih ninja,positive
mantap tapi mouse dan mouse pad legion tidak ada di paket,positive
mantul lah sandisk,positive
saya enggak dapat buku garansi sama kwitansifaktur jual nya,negative
barang sudah sampai sesuai pesan thankz,positive
cukup puas untuk tahan coba dulu,positive
mas tolong order atas nama ahmad abidin di batalin ya maaf ya belum ya,negative
saya sudah pesan transfer uang 77000 tapi mau di laku mesan lagi dengan barang yang sama di bagi ulas terakir tentag barang pesan bknnya tulis harga 77000 tapi harga jadi 308000 padahal di letter dpan barang masih tera harga 77 000 bagaimana ini plis fast respon,negative
sesuai,positive
pesan saya belum datang juga sampai sekarang tiap pesan dilazada walaupun enggak pernah kecewa sama produk tapi selalu kecewa sama kirim,negative
kualitas kurang bagus harga memang tidak pernah bohong not recommended,negative
barang baru datang tapi sudah enggak bisa pakai enggak mau baca ke laptop padahal hardisknya bisa kerja,negative
mantap tv nya sudah murah kualitas keren packing nya juga rapi dan aman pokok keren btw tv cooca ini enggak ada colok componentnya ya overal good banget lah,positive
saya tes cepat baca cuma 25 mbps,positive
ok barang sudah darat dan terima bagus,positive
sesuai gambar sedang setting moga2 awet pesan teman sih,positive
barang nya bagus sangat guna dan bantu,positive
bareng nya sudah sampai dengan aman baik peaking nya rapi mkasih lazada tetap sukses majujempolkeatasjempolkeatasjempolkeatas,positive
sofar ok tapi sayang baut yang tempel di tv untuk bracketnya enggak ada ya,positive
senang dan gembira saya beli barang sini reconended banget seler ramah kurir juga aramah barang sampai dengan cepat dan real 32gbdan original asli dari samsung tanks lazada dan samsung,positive
packing rapi walaupun cuman pakai bubble wrap tapi selamat sampai tuju product gambar yang pajang beda dengan unit asli karena gambar yang pajang di etalase toko ini ialah versi yang 40 inch bukan yang 32 inch bisa kalian lihat di beda model kaki bisa chromecast dari smartphone cukup pakai jaring yang sama bezel yang lihat tipis nyata masih tebal sekitar 15 cuma gambar bayang dan lihat pecah walau putar video kualitas 4k cepat buka youtube baik cuman ribet banget saat etik yang ingin cari suara gelegar cukup volume 20 30 sudah sangat keras os yang pakai adalah cooca lite os wajar karena bukan android kalo mau android cukup belikan android tv box gambar tetap baik walaupun lihat dari samping tapi ya itu masalah karena cuman hd jadi kualitas gambar yang keluarseadanya kirim tanggal 24 sept saya mes dan langsung proses masuk di kurir dan tiba di stasiun sortir ninja xpres tanggal 2526 sept saya tanya csnya kata mereka barang sedang dalam jalan lewat udara ke ambon tanggal 2729 sept saya tanya csnya lagi nyata mereka bilang barang masih di gudang ninja xpres jakarta loh padahal hari belum mereka bilang sudah dalam jalan tanggal oct status barang ubah jadi tahan telah komplain saya malah suruh tunggu 5x24 jam untuk jadwal ulang tanggal oct barang baru sampai di ambon tapi tahan lagi di gudang ninja xpres malu tanggal oct barang baru sampai di tangan inti layan ninja xpres sangat lelet serta tidak ada jelas dari pihak cs barang yang harus saya terima di batas estimasi tanggal oktober akhir molor sampai tanggal oktobermolornya minggu tolong likenya jika kalian suka ulas saya wajahtersenyumdenganmatabahagia,negative
produk bagus tidak ada eror,positive
barang sudah sampai tapi belum saya pakai,positive
saya order flash disc 16 gb kenapa kirim micro sd 32 gb baik suplier toko tutup saja karena sangat kecewa dan tidak profesional,negative
dengan harga jangkau kirim bisa cepat besar simpan good,positive
kirim,positive
flasdis nya enggak bisa di pakai soal nya pas di simpan poto vidio di keluar hilang terus enggak baca kurang bagus kualitas,negative
sesuai deskripsi moga awet tahan lama,positive
parah ini mah file nya corupt baru juga pakai,negative
parah baru satu hari tibatiba layar blank hitam,negative
gooood packingnya bagus juga terima kasih ya lazada,positive
saya sudah pesan dari tanggal 25 desember 2017 sampai hitung sudah hampir minggu ini barang belum terima saya coba cek nomor resi yang kasih pihak lazada tidak ada data dari pos indonesia saya coba hubung customer service pos indonesia juga tidak ada data dan minta untuk konfirmasi kembali ke pihak lazada saya sudah live chat 2x responnya sama mohon agar tunggu dari pihak kami untuk di tindaklanjuti padahal kalau cara jual jual langsung oleh lazada bukan marketstore lain yang jual mohon bijak untuk segera selesai masalah ini terima kasih,negative
maantap paket sudah darat dengan aman terima kasih sukses selalu,positive
barang oke kirim cepat kecewa kecewa,negative
paket sudah terima sempat kendala ekspedisi kirim hari minggu dan tak ada konfirmasi sempat juga status,negative
barang sampai sesuai iklan di lazada,positive
puas barang orisinal packing rapi,positive
sesuai dengan deskripsi nya copy file juga enggak lama kok,positive
produk sangat baik reccomended lah,positive
kualitas bagus barang orisinal keren deh,positive
tv fungsi dengan baik tapi kenapa remotnya tidak kerja sama sekali bagaimana solusi untung bisa pakai aplikasi remot tivi android jadi remotnya pakai hp saya,negative
saya pesan 4cea usb 16 gb kirim usb 32 gb dan headset barang akan saya minta dikembslikan karena tfk sesuai pesan,negative
apakah pakai sim card dan sudah 4g lte,negative
barang bagus cuma kurir muka cembetut saja epek lapar puasa kali ya thanks lazada,positive
trimakasih seller lazada barang cepat dtang seler juga ramahmoga makin maju lazada,positive
sudah terima dan coba cukup baik gambar nya,positive
flashdisk nya kau nyimpan satu film saja enggak bisa pasuk data kalau kebanyakn file enggak baca eror,negative
maaf baru kasih feedback barang deh sampai saat ini masih fungsi denganbaik,positive
bagus dan sesuai pesanancuepet sampai barang buagus,positive
48 inchi atau 24 ini,negative
keren deh,positive
saya pesan usb flashdisk toshiba 8gb untuk hadiah orang nyata telah di cek kapasitas cuma 128mb harga memang murah tapi hatihati waktu terima barang kecewa berat beli pcs enggak ke detect enggak benar,negative
ada apa dengan flashdisk ini karena untuk simpan file selain video selalu hilang dan seperti hapus sendiri,negative
sangat memuaskanproses oengiriman super cepat,positive
barang nya tidak sampai kemudian driver gojek yang kirim telah di hubung tidak rasa rima order,negative
barang bagus sesuai digambarpengiriman cepat enggak sampai 2hari ke bandar lampungthks jet store thanks lazada,positive
barang deh sampai walaupun tidak sesuai dengan yang gambar but its ok sudah coba speednya 15mbsi kapasitas tulis 16gb tapi real baca 143 gb coba pasang pada hape transfer beberapa file oke telah lepas dengan prosedur lepas yang sesuai agak kaget karena dual drive usb asa panas moga hal ini normal thanks,negative
biar bintang yang bicara,negative
belum terimakasih paket sudah saya terima dengan baik untuk kualitas barang cukup oke walaupun saya belum tau awet atau enggak moga saja awet yang sayang adalah proses kirim yang lama dari order sampai barang kirim perlu waktu hari tambah kirim ke receiver perlu waktu hari kalau di total waktu sampai saya terima barang sekitar 6hari dan turut saya ini cukup lama karena biasa hanya hari kerja lebih lagi respon seller yang tidak tanggap tanya saya ini arti seller tidak konsen dengan layan pada customer tolong untuk baik masalah tangan complain ini jangan hanya customer sudah order arti sudah bukan tanggung jawab seller lagi inti tahan customer lebih sulit dari pada cari customer jadi tolong baik layan depan dan saya harap adabila ada keluhan2 lain bisa dengan cepat tanggap terimakasih,negative
original kirim cepat barang fungsi dengan baik,positive
barang bagus sesuai deskripasi hanya kirim agak lama thx lazada,negative
paket sudah sampai dengan selamat,positive
barang sudah sampai thks lazada belum coba sih moga bagus,negative
barang pecahhancur,negative
kecewa banget barang datang dengn ada rusakwajahmenangiskeraswajahmenangiskeraswajahmenangiskeras layar pecah jdinya screeennya enggak fungsi sama sekali,negative
kualitas orisinal tanya karena tidak bisa di password mudahmudahan saja tidak ada masalah depa,negative
kok barang saya beli mahal2 pas mau guna nyata tidak bisa menyalamohon ganti dong barang yang saya beli ini,negative
produk bagus dan speed kencang,positive
saya sangat kecewa dengan lazada dan lex barang tidak ada saya terima tapi saat di tracking tera barang sudah terima tolong cek kurir karena di bilang akan antar senin nyata enggak ada untuk kurir yang ambil tv yang saya beli saya harap tobat dan tidak buat seperti itu lagi karena sangat rugi banyak pihak,negative
saya krang puas karena micro sd tf tidak ada kartu memori cuman tempat saja,negative
packing fragile,negative
mantap deh pokok,positive
kecewa,negative
kartu garansi kok enggak ada bagaimana mau claim kalo ada rusa packing kurang safety karena enggak pakai packing kayu hanya pakai buble wrap,positive
produk yang saya terima selalu saja bagus dan semua sesuai harap tq lazadayoure my best friend on the online transaction,positive
keren stylishpacking rapi tapi lain kali packingnya kalau bisa pakai kayu dong biar lebih aman,negative
tombol remote sudah tidak semua fungsi jaring sering hilang tidak bisa netflix,negative
baru isi file sedikit langsung corruptya memang harga tentu kualitaswajahtersenyumdenganmatabahagia,negative
sampai nya sangat telat tidak muas yang anter enggak ada pintar untuk men setting telat sampai minggu padahal saya bayar lebih untuk ongkir,negative
lumayan produk layan banyak varian inch atas yang bisa cod biar enggak usah jauh2 beli,negative
produk yang kirim tidak sesuai warnabonus anti virus tidak jalan,negative
siang tadi datang saat saya enggak di rumah tapi selamat tang tetangga saya belum di coba tapi thx untuk kirim yang cepat,positive
tidak ada hologram hanya tempel biasa tulis genuine product dan sekarang sudah rusak dari beberapa bulan yang lalu,negative
tv bagus enggak ada yang cacat sayang kualitas tv jelek untuk lazada keren banget kirim lebih cepat,negative
parah nyata isi memory nya hanya 16 mbak lapak tipu tolong pihak lazada segera tindak tegas hadap para tipu seperti ini karena pasti pengaruh hadap percaya para consumen yang ingin belanja di lazada,negative
yang datang 32gb nyata cuma 389gb wajahtanpaekspresi,negative
paket sudah terima dengan baik barang original kurir juga ramah thanks lazada,positive
kok sering muncul suara tet tet tiap detik ya apa bisa dretur,negative
selamat pagi dengan hormat saya agak sedikit kecewa dengan lazada kirim tidak sesuai barang yang di pesan dan nama beli tidak sesuai nama asli untuk itu saya harap depan lebih teliti lagi dalam mempacing barang agar konsumen tidak kecewa terima kasih hormat saya surma muhdiana,negative
moga awet ya,positive
lumayan bagusthx lazada,positive
kalau buat anak di bawah 12 tahun lumayan tapi jangan buat main game online buat offline ok untung saya dapat harga kaki lima jadi tidak terlalu rugi,negative
barang sesuai gambar dan hologram resmiwajahtersenyumdenganmatabahagiatop sellerrespon cepat dan kirim pun enggak sampai harithnkz,positive
bagus tv nya gambar jernih suara bening dan kencang packing rapi sampai cepat banget,negative
puas dengan produknyadapat hrga murahpengiriman standar,positive
mantul,positive
assalamualaikum gan krim saya dari tggl 19012018 sampai sekakarang kok enggak smapai2,negative
sangat kecewa semua data hilang saat pindah ke memory sebut,negative
trimakasih lasada bara sudah ku terima,negative
kaki kanan yang belakang patah pas baru buka,negative
produk sesuai dan manfaat,positive
barang jalan normal baik,positive
barang sesuai display paket kirim safety,positive
lumayan sesuai harga lebih bagus yang seri kknya 5g,positive
cepat tepat sesuai bagus packing ok terima kasih gan,positive
telah tunggu hari akhir sampai juga,negative
paket datang langsung unboxing telah semua beres enggak ada masalah pasuk kardus lagi buat nanti serah wkwk pesan pas tanggal 99 baru sampai malam ini best seler melipattanganjempolkeatasjempolkeatasjempolkeatas,positive
pesan merk ini yang di kirim yang lain,negative
barang belum sampai ya estimasi sampai sabtu 23 des 17 jual nya serius enggak ya,negative
overal produk bagus sesuai dengan spesifikasi lebih tingkat lagi jangka waktu kirim,negative
case designnya ok dan kuat bisa aman harddisknice item,positive
good quality dengan fitur yang mumpuni,positive
mantap hari sampai,positive
suara bagus layar oke kirim mantaaaaap pesan sore pagi sudah sampai moga barang awet ya tengkyu,positive
kak cari uang yang halal kak barang rusak di kirim wajahmenangiskeraswajahmenangiskeras,negative
mantap,positive
barang sudah darat untung dengan selamat karena bingkis tanya ada lindung atau hanya langsung dengan kertas saja dan ini baru saja saya coba dan fungsi tetapi sayang nya baru saja coba kurang lebih menit sandisk otg ini langsung panas dan itu hanya saya cek fungsi saja dan belum saya guna untuk pindah file saya dan untuk seret atau buka sandisk agar keluar itu agak susah ya tapi tidak apa apa mungkin karena masih baru jadi masih susah itu ulas saya untuk produk ini cara pribadi terimakasih,negative
joos,positive
barang darat dengan selamatkurir ramah termaksih buat lazada smiling face,positive
sudah mpai aman,positive
tiba dengan selamat kondisi segar rapat packing oke fungsi dengan baik terimakasih,positive
awal ragu belanja elektronik di lazada tapi pas sampai barang sesuai barang original jangan takut belanja di seller ini terimakasih lazada,positive
bagus aman selamat smapai rumah kurir juga ramah,positive
barang jelek enggak fungsi sama sekali,negative
mau tanya ini cicil pakai apa yac bukan,negative
pesan mingguselasa dtngtapi sayang otg enggak bisa di pakaipas di pasang ke hp,negative
kecewasaya mesan tanggal 29 september barang sampai nya tanggal 20 oktoberkurir pun datang ke alamat enggak asih kabarnot recomend lah pokok kartu garansi pun kagak dikasihcari seller yang lain saja kalau mau beli,negative
terima kasih barang sudah sampai aman tanpa kurang pesan tanggal 20 sampai seram tanggal 27 paking sangat rapi sampai lap lapis kurir juga ramah terima kasih lazada,positive
barang sesuai dengan yang diharapkanthanks,positive
produk jelek enggak bisa pakai,negative
alhamdulilah barang sampai cepatkurirny ramahbarang mulus no lecet2 selalu puas belanja di lazada thanks lazada,positive
sedikit kecewatertera di bungkus 32gbtapi nyata kapasitas hanya 16gb,negative
barang bagus enggak kecewa sama sekali,positive
sudah saya terima dalam ada baik dan herfungsi terimakasih banget,positive
waktu beli tv ini atas duajuta kemarin cek 1850 sekarang 19lebih sedikit hahaha,negative
harga promo dan kualitas bagus thanks lazada dan cooca,positive
barang telah terima dengan baik dan fungsi dengan baik hanya untuk paking kurang aman lebih ok,positive
kirim cepat dari jadwal dan flashdisk nya bagus,positive
barang bagus mantap thanks,positive
barang nya sudah sampai rapi sudah di cek rapi dan muas thak gan,negative
bagus dan sesuai cepat kirim,positive
bagaimana kakak flashdisk kingstone yang 64 gb pesan kok enggak dkirim,negative
puas pokok,positive
terimakasih lazada barang sudah sampai dan sangat bagus,positive
produk tidak fungsi dengan baik,negative
bagus flashdisk nya,positive
bos pesan saya sudah cukup lama tapi bareng belum saya terima sudah lewat waktu yang tentu yakni 1520 desember 2017 no pesanan3714253532bgimn bos ku tolong blsn dan kbrnya tq,negative
bagus murah hemat,positive
barang sudah terima moga enggak ada masalah untuk kirim super cepat makash sukses terus lazada cooca,positive
sesal belanja toko ini waktu kirim lama pesan yang kirim 4sangat kecewa sekali,negative
tolong dong seller harga jangan dinaikin lagi kemarin enggak sgitu harga,negative
bisa nampung data dengan baik dia tapi pas di save buat diplay di tv kadang video crash enggak bisa putar,negative
fisik bagus kirim cepat tapi isi kurang bukan 16 gb cuma 145 gb tapi tetap oke,positive
barang sudah kami terima dan fungsi dengan baik terima kasih,positive
barang rusak kok kirim mana deh enggak bisa kembali barang lagi buang2 duit cuma buat barang rongsok seller payah barang rusak kok jual data masuk tapi lagi2 hilang sendiri data nya bagaimana mau instal kalo data nya saja hilang terus,negative
cepat korup,negative
sekian lama nanti akhir datang kemarin tapi ada sdikit kcelakaan dan langsung di retursekedar masuk buat pihak lazada kalau kirim brang khusus elektro tolong di pakai kayu biar lebih amansemoga retur cepat di actrimakasih lazada,positive
barang sesuai dengan yang dipesanpengemasan baik dan rapiwalaupun sampai nya lebih 2hari dari estimasi lama,negative
maaf baru asih ulas soal nya tv nya baru di coba sempat kaget sih kok tv nya enteng banget biasa nya kan berat wajahgembiradenganmatabahagia tapi bagus banget sih pas di coba terima kasih saya suka tv nya wajahmemberikanciumandenganmatabahagiawajahmemberikanciumandenganmatabahagiawajahmemberikanciumandenganmatabahagia,positive
murah berkualitastanks lazada dan layan jual,positive
bagus sandisk nya tapi usb otg nya tidak fungsi apa karena gratis thank lazada,positive
kirim cepat dan produk sama dengan yang ada di gambar,positive
fungsi dengan baik overal good good job lazada sandisk,positive
harga standar fd fungsi dengan baik tidak ada kendala sama sekali dalam pakai pokok bagus banget terimakasih lazada dan seller,positive
unit lihat baru tapi saat tengah pakai mouse tidak bisa bergeraklayar nyala tapi tidak bisa di operasional saya coba batrai di copot baru mau nyala kembali dan info display batrai masih jam tapi dadak mati,negative
trimakasih ya bantu alhamdulilah,positive
enggak ada kartu garansi warna black yang kirim silver,negative
gambar bagus untuk suara saya kasih nilai karena agak dengung port hdmi cuma lebih hanya tv besar saja,negative
barang sampai hanya lama dalam kirim,negative
sudah di ting semua apa belum,negative
maaf baru nilai barang oke gan,positive
mantaaf,positive
untuk per file an its okey tapi untuk play di mp player tidak okey selalu gagal muncul nya nofile enggak tau hanya saya saja atau ada yang lain harga nya sesuai dengan kau nya nyata juga beda dengan v250 milik saya yang dahulu,negative
barang bedacepat panas,negative
terima kadih lazada pesan tanggal 16 malam tanggal 19 siang batang sudah datang kurir baik dan ramah saya sangat puasjempolkeatasjempolkeatasjempolkeatas,positive
flashdisk semua fungsi dengan baik flashdisk nya orisinal mantap,positive
kirim cepat packing rapi sesuai deskripsi,positive
please refund dana dong gue saja bingung ini cara balikin barang bagaimana,negative
kirim cepat packaging rapi flashdisknya baru fungsi tapi otg rusak,negative
barang di terima dalam ada lcd nya pecah bagaimana proses retur nih,negative
kecewa untuk video enggak bisa,negative
terimakasih ya tv nya sudah sampaisemuanya rapi muas jempolkeataswarnakulitcerahjempolkeataswarnakulitcerahjempolkeataswarnakulitcerah,positive
enggak bisa buat simpan video,negative
kurir ramah,positive
untuk sambung kabel tidak fungsi tapi untuk flasdiknya sudah ok,negative
barang sampai ya agak lama sih tapi gapapa terus barang juga fungsi dengan kapasitas 145 gb cepat sih biasa saja karena memang kayak begitu thank you,positive
alhamdulillah paket sudah tiba lumayan cepat kirim kondisi bagus dan moga bisa fungsi dengan baik,positive
tv yang saya beli sudah rusak lagi masih garansi apa enggak,negative
usb enggak guna tiap di pasuk data malah hilang semua asu,negative
sempat waswas saat datang tv nyarupa2 nyatv nya kirim ke aceh sangat aman telah buka alhamdulillah tv nya baik dan fungsi sempurna tidak ada lecet apa suara tv bagus gambar layar pun baguspokoknya top dehterima kasih lazadapertahankan kwalitas produk konsumen,positive
hardisk enggak bisa di instal dan lampu power enggak nyala,negative
flashdisk baru hari sudah rusak di format di gdb tidak bisa malah lot laptop,negative
barang sesuai skripsi dengan harga yang baik thx,positive
jangan ada yang beli tablet ini barang tak bagus,negative
pesan sudah sampai tapi fre bracket nya kok enggak ada bagaimana lazada bisa bantu soal ini,negative
pas di format cuma 32gkacau,negative
barang bagus banget jempolkeataswarnakulitcerah cuma ekspedisi harus dibawelin dulu minta kirim yang sameday tapi enggak ada jelas barang kali nelpon cs baru sampai barang untung kurir ramah tapi puas lah lihat kondisi barang yang enggak ngecewain thanks lazada,positive
sampai nya cepat barang sesuai banyak bonus,positive
waktu kode aktivasinya masuk untuk aktif tech titannya malah enggak valid dan dapat email yang memberitahukan kode enggak valid,negative
lumayan,negative
barang bagus kualitas sesuai dengan harga yang murah tapi tidak lihat murah hanya saja hati hati dalam simpan file yang sangan amat penting karena khawatir file kunci dalam tidak bisa di edit dan tidak bisa di buka,negative
kami mohon hanya jual produk original garansi resmi dan proses kirim harus di cepat terima kasih,negative
kaget dengan harga segitu nyata isi real memori 125 giga wajar lah tapi keren,positive
kecewa dengan layan pesan sameday tapi enggak antar dan enggak ada kontak kurir dan toko,negative
mantap tv nya gabarnya bagus terima kasih lazada,positive
bagus dan fungsi telah saya tes,negative
tipu bangke kagak bisa di pakaiwajahmarahwajahmarahwajahmarahwajahmarah,negative
oke,negative
alhamdulillah tv sudah terima dengan baik karena codsebelum bayar saya cek kondisi fisik barang takut ada cacat kurir ya tolong buka kardus packing alhamdulillah barang mulus malam langsung di test dan hasil wow haha kayak orang norak ini nama ponsel sih pindah ke tv langsung connect wifi luncur deh seller fast respon thx sellerlaz,positive
barang original mantaps speed copy cepat abisse,positive
barang bagus dos packing bagus tapi dalem real packing fd nya hancur banget padahal niat mau pakai buat gift sudah begitu enggak di seal,negative
tulis nya buy get tapi yang kirim satu saja sungguh kecewa di bohongin begini,negative
pesan warna biru kasih warna merahsudah saya instal windows 10 tapi touchpad tidak berfungsimungkin harus cari dulu drivernya,negative
barang deh sampai tapi ketika coba malah errordata enggak masukenggak muncul pemberitauan pas di pasang di laptop,negative
barang bagus dapat harga diskonsama kasih lazada,positive
mantap barang bagus,positive
storage capacity hanya 145gb tidak 16gb,negative
stock nya ada lagi enggak gan,negative
lebih harga murah kualitas oke packing rapi respon baik dan cukup cepat kurang ukur case lebih ekspektasi terlalu besar untuk hd eks tapi enggak apaapa bisa untuk simpan hp dan lengkap gadget yang lain muas terima kasih,positive
telah barang sampai dan dicheck nyata flashdisk tidak kerja minta di formatteapi selalu gagal tengah proses capcity juga tidak sesuai dengan label lebih kecil label tulis 16gb tapi nyata di ckeck di computer cuma 8gb itu tidak bisa pakai,negative
barang sampai dengan aman dan telah coba barngnya mantul alias mantab betul thanks lazada happy anniversary tambah sukses selalu,positive
flash dishny buat untuk ponsel zenfone go bisa enggak,negative
barang datang lumayan cepat dan semua lengkap jauh ini semua masih ok thanks lazada thanks seller gbu,negative
nice product with great price bagaimana dapeti hooq gratis nya,positive
banyak aplikasi tv yang enggak support dan ketika ganti wifi selalu restar jadi makan waktu,negative
bagus murah terimakasih fungsi dengan baik harga diskon moga awet,positive
harga murah kualitas oke pouch nya bagus orisinal,positive
gan kalau mau pesan lagi bagaimana ya kok enggak bisa terima kasih barang bagus looop,negative
kirim lambat,negative
alhamdulillah sampaicepat sampai nya lagi,positive
kapasitas tidak ful 32gb baca hanya 286gb,negative
produk terima dengan baik packing rapi dan aman untuk sementara bintang dulu kait kualitas produk belum bisa beri review,positive
pesan sudah minggubarang belum nyampe2bagaimana lazada tehbiasanya aku sering pesan sampai hari juga deh sampai,negative
terima kasihbarang darat dngn aman,negative
darat dengan sempurna terimakasih,positive
tombol google assistant muncul bluetooth mulu telusur aksesories tolong segera bantu bagaimana cara aktif fungsi tombol sebut kalo tidak bisa saya mau retur saja,negative
ada beberapa faktor yang akan saya ulas kirim cepat pesan tanggal 24 okt tanggal 25 okt sudah on hand ada cacat produk upa garis death pixel pada bagi bawah respone live chat sangat baik cepat untuk bahas kembali barang sayang enggak bisa tukar produk hanya uang kembali 37hari telah produk di cek oleh lazada tanggal 26 okt produk saya kirim ke gudang lazada sidoarjo tanggal 28 okt dana sudah kembali ke rekening saya dari lazada untuk produk sendiri sudah baik dengan harga 25jtaan hanya perlu tingkat qc saja belum kirim untuk meminimalisir pengembarian produk utama elektronik,negative
barang sudah nyampek dengan selamat packing rapi kurir ramah moga awet ya terima kasih,positive
thanks lazada barang sudah sampaipackingan rapidatang nya juga lebih cpatdari tanggalnyamudahmudahan awetsnang blanja di lazadasudah sering blanja hasil selalu puas,positive
dapat harga the best waktu sale 99 kirim tidak ada masalah kualitas tv dan remote juga ok software android tv tidak masalah cuma kadang2 wifi nya connected but no internet tinggal dimatiin dan dihidupin lagi tv nya,positive
barang nya jelek,negative
mantab mantanbarang baguscepat sampaijos,positive
kirim cepat dan moga awet,positive
itusi ok,negative
beli pas harbolnas dapat harga 35ribu dan awet sampai sekarang cuma isi enggak bulat 16gb cuma 14gb tapi enggak apa yang penting bentuk lucu,positive
gan kok punya saya belum kirim kenapa ya,negative
pesan saya kemarin sudah saya terima tetapi nyata tidak bisa pakai di windows xp tidak sesuai spec,negative
ragu gue yang komen enggak banyak,negative
lexnya dtng malam banget jadi barang yang terima orang di rumah belum di cek,negative
terima kasih ya barang nya sesuai wajahtersenyumlebarbermatahatiwajahtersenyumlebarbermatahatiwajahtersenyumlebarbermatahatiwajahtersenyumlebarbermatahatiwajahtersenyumlebarbermatahatiwajahmemelukwajahmemelukwajahmemelukwajahmemelukwajahmemeluk,positive
produk sudah sampai dalam kondisi baik sudah guna dan semua lancar recommended seller cuma mohon info soal gratis hooq nya telp ke cs xiaomi info tanya ke sellerlazad thanks lazada,positive
jual kasih garansi berapa bulan nih bisa asus 24 bulan tapi ini kok cuman tahunjadi ragu mau beli,negative
sudah saya return gan salah order direfund saja yathx mohon transfer ke rekening bank mandiri cabang tmi jakartaan dedy acct 1290007951714,negative
sudah hari mesan kenapa statusny masih di proses ya,negative
bagus flasdisk nyaya moga awet,negative
murah tapi data saya hilang semua,negative
lumayan untuk lindung harddisk ira saya hardcase nyata enggak,negative
barang bagus sesuai gambar dapat fungsi dengan baik,positive
product bagus reccomended,positive
orisinal awet,positive
barang yang saya terima cacat cacat cacat hancur parah led tv nya saya sudah kirim form kembali dan sedang proses kembali tolong di urus segera saya sudah cukup tunggu lama sesal beli elektronik di lazada not recommended,negative
kak kok enggak pakai semua baru 12 gb saja semua nya ke hapus otomatis,negative
kecewa padahal waktu beli ada promo bonus braket pas barang datang tidak bonus braket yang janji,negative
rusak,negative
data yang saya simpan hilang sekali ada enggak bisa di buka yang bagus cuma kabel otgnya doang,negative
barang sudah sampai pesan kemarin siang ini sampai baru coba pasang hd nya belum tes speed nya overal good lah,positive
flashdisk baca 64gb tapi sayang saat copy paste banyak filenya tidak baca dan tidak bisa buka,negative
kecewa pakai banget barang rusak yang di kirim saat ditest layar tv ada garis hitam tebal sehingga barang saya kembali repot beli pokok pokok kecewa,negative
sudah pakai lama berbulan2 enggak ada masalah dan lancar2 saja sengaja kasih rivew lama biar jadi bukti kalo barang sini memang bagus,positive
kecewakatanya 64 gbternyata cuma bisa muat 64 lagumenyesal gue beli,negative
paket sudah diterimasejauh ini saya isi dengan file film tidak ada masalah,negative
pesan ryzen yang datang malah ryzen barang kembali dana harap segera kembali di kardus ryzen tapi isi ryzen,negative
sesuai dengan foto good quality,positive
saya pesan flashdisk bukan memory card,negative
hadiah sound bar enggak kirim,negative
proses cpat pegirman baik barang sesuai pokok nya ok terima kasih,positive
baru nih belanja dilazadadapat seller yang mantap betultrnsaksi kemren hari ini bareng sudah sampaipokokny jos gandoos lah buat seller nyaproduk juga oke punya semua brfungsi dengan baik,positive
produk yang jual asli dan kualitas,positive
pas datang barangya bagus kok completeorisinil jugathx lazada,negative
barang muas tapi packagingnya manfaat kardus bekas yang di lakbanin kabel adapternya juga cuma 34 meter tapi ok lah,positive
bagusmungil tapi kualitas oketransper filemusikvideo lancar mantap lah pokoknamh,positive
bagus muas sesuai ekspektasi,negative
pesan tanggal 15 agustus pas promo merdeka dan sampai tanggal 20 agustus worth itu sih karena kirim dari jawa barat ke pidie aceh sempat waswas takut tv nya kenapakenapa namun pas telpon kurir ninjaxpres untuk di antar barang saya tanya packagingnya pakai bubble wrap saja atau bagaimana ke kurir saya tanya karena lihat ulas rekan lain ada yang kirim guna bubble wrap saja dan sangat rentan bahaya terus sih kurir bilang packaging nya guna kayu pak dalam hati langsung kata alhamdulillah ok mas di antar saja saya bilang dan barang di antar serta kasih laku serah uang karena saya pilih sistem cod alhamdulillah packagingnya lapis lapis bubble wrap lapis kertas hitam lapis karung goni macam karung pakan lapis kayu lagi kayu bagus buka saja susah hehe lapis plastik wrap benarbenar aman karena tv sesuai order tonton bola feed siar favorit jadi betah thank you lazada thanks cooca thanks ninjaxpres,positive
alhamdulillah sampai tuju selamat enggak dah yang cacat gambar lumayan ok dengan harga segitu sayang layar masih tft belum fhd fasilitas juga belum lengkap tapi enggak apaapa terima kasih lazada,positive
thanx lazada bareng keren,positive
barang oce,positive
belum terima barang kok di keteranganx sudah terima spa yang terima,negative
ini bagaimana ya gan kapasitas makan 15 gb jadi bukan 16gb atau 159gb tapi 145gb kecewa banget,negative
barang bagus mantap enggak ada cacat sampai cepat mudahmudahan moga awet,positive
barang baguslumayanmeski kirim lama,positive
percuma barang nya enggak bisa dpake deh tunggu lama kalau jual yang benar bos biar hidup berkah,negative
bsrang abalabal kulitas buruk,negative
flashdisk yang saya terima dalam kondisi baik,positive
barang sampai dengan baik kirim sesuai estimasi packing dengan kayu tv jangkau dengan kualitas oke,positive
good product yang penting garansi jadi nyaman pakenya,positive
oke sangat jangkau untuk mahasiswa kualitas top thks ndan,positive
semua memory tidak ada yang tepat sama gbnya kan isi software juga coba cek merk lain juga begituhaya,positive
tidak bagus,negative
bilang estimasi tanggal 1315 tanggal 13 bilang sedang kirim jalan tapi sampai sekarang belum ada kabar tolong dong di proses kirim saya perlu flashdisknya buat besok,negative
barang bagus sudah tes fungsi dengan baik kapasitas nya real 124gb oke cuma kirim agak lambat,positive
di tulis bisa cod begitu proses rupa enggak bisa,negative
thaks lazada,positive
mantul banget kirim cepat rapi dan safety kualitas sangat muas alam pertama belanja di lazada mal jos,positive
lmyn barang deh coba,positive
barang terima sesuai dengan spek yang beri harga murah dengan spek yang beri terima kasih lazada,positive
real capacity original mantap pokok packing muas rapi sangat hehe micro sd made ini phillipines adapter made ini china,positive
min tv nya sampai dalam ada pecah wajahmerenungwajahmerenung tolong ini garansi bagaimana,negative
saya belum terima tv nyadinyatakan sudah terima kecewa dan jelek sekali layan nol besar lazanda kecewa,negative
kalau boleh jangan di jual lagi produk ini kasihan yang lain pasti sama dengan saya edisi salah lihat,negative
tolong dikirimin barang dalam hari saya lagi butuh banget untuk tugas sekolah saya,negative
sip bagus,positive
kirim tepat waktu flashdisk nya juga fungsi dengan normal mantap lah lazada,positive
cepat sampai sesuai pesan,positive
saya pesan hardisk ini tanggal juni dengan fasilitas gosend sampai hari yang sama tapi sampai sekarang belum sampai mohon segera di proses,negative
sangat tidak bagus memory rusak sudah diback up data dari hp ke memory nyata memory nya abal data tidak baca data kosong padahal sudah masuk ke memory data2nya dan sekarang file2 fotofoto video saya hilang semua enggak baca sama sekali malah belum diback up dulu ke komputer wajahmenangiskeras sangat tidak recommended,negative
barang tidak bisa guna bagaimana fungsi,negative
barang rusak jangan di jual gan kecewa sekali pokok,negative
kirim cepat sesuai pesan barang juga bagus dan baru namun qualitas barang masih sedikit kurang perfect gbr tidak maksimal ada suara kresek2 saat setel music,negative
jelek hilanghilang terus data buat,negative
paket bisa tukar,positive
sampai cepat sih tapi agak kecewa karena lihat di mal nyata lebih murah hehe,negative
ok lah top gan,positive
pesan sudah minggu yang lalu sampai sekarang belum notifikasi barang sedang kirim loh,negative
tidak fungsi wajahkecewanamunlega,negative
kualitas sesuai harga,negative
barang nya agak lama sampai tumben enggak biasa nya kirim lebih cpat kalau lewat lex drpda jne,negative
barang bagus sesuai dengan pesan dan kirim sesuai estimasi waktu puas cuma agak kecewa nyata tipe ini belum dukung fitur multimedia lalu usb tapi lebih ok,positive
mkasih barang sudah sampai semua fungsi moga awet ya,positive
belum bulan ada garis di layar makin hari tambah panjang dan lebar,negative
barang ready mantap,positive
murah riah fitur limpah pure android tv,positive
paket sudah mendaratsangat di sayang paket elektronic seperti ini di antar guna sepeda motortumpang tindih dengan barangbarang yang lainintinya kecewa dengan cara pengirimannyaselebihnya the bestcocok untuk ruang kecil seperti istana iniwajahmenjulurkanlidahwajahmenjulurkanlidahwajahmenjulurkanlidah,negative
bagus banget sudah support digital channel dan fitur smart tv lain,positive
kirim ok barang ok,positive
masih ada enggak,positive
deh di coba ok tidak ada kendala cuma rada lama mungkin rumah agak jauh saja,negative
tlong dong brang kalo tidak fungsi jangan jual ngeceewain planggan saja,negative
kecewa dengan lazada sedia layan cicil dengan kartu kredit tapi praktek tetap tagih seluruh harus konfirmasi lebih dahulu kes jebak konsumen,negative
little smaller tahan what thought but stil good quality,positive
sangat kecewa flesdisk nya enggak bisa di guna sama sekli,negative
tv nya mantap jos fungsi normal 100 yang bilang enggak ada garansi nya itu orang enggak baca buku pandu kartu garansi dapat di buku pandu biasa baca bos,positive
mudah pesan cepat antar barang terima dengan baik,positive
barang sampai tinggal di test thanks lazada,positive
aduh csnya kurang komunikatif enggak bantu bahkan jne tidak packing kayu kalo bayar kasih di menu pilih kirim dong tapi harga ok warna ok 4knya ok,negative
kecewa dengan flashdisknyaenggak sesuai,negative
seller penipuorder memory card kirim sabuk gesperbajingan,negative
sampai dengan ada layar pecah jadi paksa kembali wajahketakutanberkeringat,negative
barang bagus terima kasih lazada,positive
alhamdulillah barang sampai dengan selamatmaaf enggak nyertai foto nya karena lagi kerja siangmantap banget tv nya nyala dengan sempurnadapat flash sale juga,positive
mantap seperti mantan yang sekarang sudah jadi istri orang hehe,positive
memuaskn barang pokok oke,positive
kualitas bagus sesuai dengan gambar,negative
priduk cacat mau pakai malah bikin listrik turun,negative
ini benar 48 inc atau 24 inc sih yang benar yang mana,negative
cara umum laptop bagus tapi nyata windowsnya trial cuma 15 hari saya rasa tipu karena di terang tidak tulis trial baik seller tulis terang yang lebih jelas bahwa produk windows ini trial agar beli tidak rasa tipu,negative
enggak langsung ke costumer tapi titip,negative
usb desain klasikkualitas oke,negative
keren lah barang orisinal speed oke,positive
rumayan bisa pakai hampir nyaris sesuai harapn,negative
barang yang kirim sesuai dengan pesan semua bonus ada lengkap packing rapi dan aman kirim cepat dan ramah terima kasih lazada maju terus,positive
mau cicil bagaimana caranya6,negative
sempat lama sih kemarin dilayaninnya hampir hari packing rapi dan kemarin juga pernah beli dari seller ini untuk barang yang sensitif akan bentur aman sellernya deh sip sih jadi percaya buat beli lagi terima kasih lazada layan cukup baik lebih percaya belanja di sini,negative
tidak sesuai gambar,negative
lengkap dengan bonus dan kartu garansi,positive
tidak ready pakai harus di instal dan hanya dengan win 10 enggak recomended,negative
tanks lazada paket sudah kamiterima,positive
kapasitas sesuai sayang enggak bisa buka format video di tv,negative
hanya bisa nyimpan data 700 mbaksaya kecewa beratlazada kecewa,negative
sering eject sendiri dan tidak bisa untuk copy,negative
di pakai hari langsung enggak bisa on cuma standby saja apa masalah ya pokok apes deh saya,negative
desain keren jempolkeatas fitur mantap mirracast lancar mudah nyambungnya double usbnya sangat guna untuk usb film anak usb film orang tua speaker suara enggak cempreng volume 35 kamar sudah keras untuk film action bassnya nendang gambar hd cukup untuk ukur layar 32 inch digital tv juga mantap walaupun hanya pakai antena dalam dapat harga murah lagi akses youtube juga mudah cuma loginnya saja yang susah,positive
kok,positive
bahan tipis pasag ddindingaga was2 takut pecah psg breket enggak dpat baut xtra buat breket juga,negative
barang bagus fungsi dengan baik dan cepat sampai,positive
kamas rusak,negative
di deskripsi produk tulis input type usb nyata barang nya tidak support usb saya coba return kalo ada yang mau beli produk ini sila bayar saja punya saya no hp 087888985338,negative
barang bagus tidak kecewa,positive
simpan dengan aman,positive
cepat kirim dan packing rapi ok lah,positive
suara nya ituloh enggak nahaaaaaaaaaaaaaaaan wkkwkwkwk,negative
sesuai harap kapasitas sesuai kirim sesuai estimasi kurir ramah,positive
mantul terima kasih,positive
flash disk data sudah di simpan tapi hilang sendiri,negative
barang sudah terima hanya hari dari proses mesan barang sudah sampai dari prosepengiriman dan terima masuk cepat sukses terus yathanks,positive
barang nya enggak bisa fungsi enggak baca sama sekali,negative
barang nya dapat yang seret geser,negative
ok barang nya sudah saya terima,positive
rusak tidak bisa di paki,negative
sudah terima barang bagus sesuai pesan,positive
barang sampai dengan selamat kemas ok isi lengkap moga awet,positive
terima ksih paketany di nyampek mantap peking ya juga rapih,positive
flashdisknya sudah sampai dengan selamat tapi flashdisk ya kayak bekas bukan yang baru soal pas pertama di pakai langsung minta format terus telah data di pindah ke flashdisk semua hilang baru kali ini belanja di lazada kecewa tolong di baik buat depan terima kasih,negative
kirim lama pakai banget padahal di wilayah tangerang selatan lebih dari 10 hari kurir tidak profesional no resi tidak dapat ditrack di situs resmi lapor ke cs lazada juga slow respon layan tidak muas kecewa,negative
flash disk enggak fungsi cuy,negative
barang bagus terima kasih lazada,positive
joz tvnya sudah dua kali beli tetap bagus terima kasih lazada,positive
saya sangat kecewakarena saya pasuk file musikbukan nya kurang tapi malah enggak berkurangterus lagi pas diputartidak bisa saya sarankankalau jual yang manfaat saja walaupun barang kau tapi harus bisa dipakaiitu saran dari saya jangan jual yang tidak bermanfaatini jelasjelas karena di flashdisk nyatidak cantum merek ce yang asli dari flashdisk toshiba ada nama ce nya,negative
kualitas lumayan tapi tidak sesuai dengan pesan,negative
darat dengan amanlangsung di tes dan fungsi dengan baikterima kasih,positive
produk sesuai gambar cyma belum coba,positive
belum bisa review karena belum di coba maaf ya,positive
flash drivenya kadang baca kadang enggak,negative
telah coba copy paste banyak file beberapa kali flashdisknya cuma sukses copy file per guna,negative
produk baik gambar dan suara normal semua fungsi dengan bagus,positive
barang oke kirim sangat lama,negative
kirim cepat produk original mantaps,positive
telah bulan guna cukup puas tanpa ada keluh,positive
tv sudah terima hari enteng beratnyamur belakang untuk tempel dinding ada yang agak terlalu masuk jadi musti diakalin sok far ok hanya saja jelek tiap kali mau tonton tv dari sumber lain hdmi harus pilih manual tidak bisa langsung seperti tv yang biasa saat nyala ulang kok saya belum di email untuk bonus bulan langgan online hq,positive
barang oke kirim enggak oke,positive
tera fre bracket tv sudah terima tapi tanpa bracket mohon lazada cek ulang apa tinggal di warehouse lazada atau di jasa kirim,negative
alhamdulillah yang saya tunggutunggu dengan ke khawatir takut tv enggak sampai atau rusak nyata tv sampai dengan cepat dan tidak ada cacat kendala apaapa,positive
enggak pakai lamakiriman langsung dtang,positive
bagus orisinal,positive
mungkin karena otgnya gratis jadi enggak bisa pakai rusak peot2,negative
lumayan meski di toko lain ada yang lebih murah,negative
barang pas untuk harddisk saya,positive
cepat tepat tidak kecewa terimakasih wd official store terimakasih lazada,positive
baru pertama kali beli di lazada kirim cepat banget kira sampai tanggal 15 19 tau tanggal 14 sudah sampai moga awet,positive
dear admin kalo kasperskynya dalam bentuk celana dalam atau software biasa apakah kaspersky premium atau freeware,negative
di iklan bilang 64gb tapi pas di cek cuma 512mb barang kau di retur bisa balik duit atau tidak ini,negative
saya sangat puas kualitas sesuai dengan gambar top tak lazada packaging juga rapi,positive
alhamdulilah barang sudah ke terima terima kasih lazada,positive
recommended banget deh pokony,positive
mantaaaaav jiwa,positive
apakah sudah sedia arduino untuk hubung ke harddisk,negative
barang sesuai spesifikasi dan kualitas bagus kirim cepat banget hari ini transfer langsung dikirimbesoknya nyampe mantap lazada selalu puas belanja di lazada,positive
os sudah isi kan kalau sudah pakai os win berapa gan,negative
fast delivery,positive
kata fre handset tapi kenapa enggak ada ya kalo jual yang benar dong,negative
bagus sesuai kapasitas,positive
barang sudah saya terima enggak sangka kalo barang terima lebih cepat dari estiminasi padahal di terima tanggal malah di terima kemarin tanggal 28,positive
ok tks barang sudah sampai di rumah sayatapi warna kurang jernihsetelah di tes,positive
kirim cepatpacking rapih garansi adaoke bagus,positive
bagaimana sih ini yang di kirim kok yang 16gb padahal di terang produk 64gb,negative
barang baguscuma kirim yang sangat lambat,negative
bagus sesuai deskripsi ada lampu indikator data proses baca data sangat cepat moga awet trimakasih,positive
sudah semangat banget awal eh sampai sekarang barang enggak sampai,negative
baru buka layar pecah mau direktur bagaimana cara,negative
barang tidak bisa pakai hanya bisa simpan gambar,negative
mana barang sudah minggu belum sampaibagaimana nih pelayanannyaseller kok ngecewain,negative
thanks barang sesuai pesan,positive
lama kirim nyapesan 31 des sidi hari ini belum saya terima,negative
produk datang cepat hari telah mesan lebih awal dari kira seller packing rapi dan aman antar jne kondisi produk sangat baik dan tidak ada masalah seller dan produk sangat direkomended,positive
paket terima dengan baik dan cepat tapi sayang file yang simpan dalam memori sebut mudah hilang kecewa dengan kwalitas ini barang,negative
barang asli good jempolkeatasjempolkeatasjempolkeatasjempolkeatasjempolkeatas,positive
kirim arti sudah kirim atau sudah di terima saya tak ada di rumahjadi yang terima siapa ya,negative
saya terima product yang sesuai harap walaupun bonus nya maafhanya ala kadar,positive
saya suka produk tapi produk yang saya terima cacat sudah complain lewat chat tapi pihak acer nya acuh berteletele perihal cacat produk yang saya terima maksud hati ingin ganti barang tapi paksa refund dana karena seller acer nya tidak peduli dengan customer mau cacat atau tidak pokok terima saja untung pihak lazada mau kembali dana saya terima kasih lazada atas lindung customer nya,negative
fungsi walau proses baca agak lama,negative
barang cukup bagus,negative
estimasi pesan akan terima tanggal 1820 juni nyata tanggal 12 juni pesan sudah sampai rumah saya thanks lazada,positive
remote tidak ada di paketsudah hubung pihak ichikomereka kekeuh bilang sudah ada di dalam dusmengapai saya bohong remote tv abalabal harga paling 50rb belum sudah pernah pesanyang sampai tv bergarissudah saya kembaliin jugamerk sampahcs sampahtidak layak beli,negative
barang datang cepat tapi sayang banget entah ini tv di banting atau bagaimana kami buka kardus dan maaf sekali layar pecah semua mohon untuk kemas dengan rapi bisa di double atau pakai kayu lap karena ini barang pecah belah bukan kirim bajumohon untuk kirim guna mobil tadi kirim guna motor dan di tibantiban dengan barang lain hasil saya buka layar tv pecah cepah belah,negative
lumayancuma resleting jaitanny miringsesuai harga pokokny,negative
lumayan kecil,negative
beli dua kok kabel otgnya cuma usb lumayan tapi foto foto enggak ke baca,negative
pakcking aman sesuai descripsi terima kasih blanja murah dan lazada,positive
barang yang terima dalam ada baik pakai box ada juga lampir kuitansi bayar namun bonus hanya softcase saja tidak ada bonus 200 gb one drive cloud storage,negative
mohon kembali ongkos kirim rp 10000 sameday service karena barang saya terima lambat terimakasih,negative
barang ok harga jangkau kualitas tidak kecewa,positive
pesan tanggal januarisampai sekarang 17 januari belum nympe juga,negative
lumayan pas lah dengan harga,positive
nyata kecele dengan produk ini cuma ada colok untuk usb tipe sih untuk masuk ke hp saja tidak ada colok usb standar untuk di sambung ke laptop kurang etail baca deskripsi produk,negative
beli di official store sangat puas recomended,positive
beli pas lagi diskon puji tuhan 64gb dari yang harga 399rb jadi 175rb hehehe terima kasih lazada dan samsung official store wajahtersenyumlebarbermatahatiwajahtersenyumlebarbermatahati seringsering bikin promo ya wajahmemberikanciumanjauh,positive
flesdisk nya corrouo sehingga data hilang sendiri dari 32 giga cuma 115 giga yang bisa guna,negative
paking kayu tepat waktu barang mulus dan mantap recomended,positive
okmantaap,positive
pesan flashdisk 64 gb yang kirim coba 1gmn tuh kakakdi paket tulis 4itemisi cuma 1aj,negative
barang sudah sampai dengan selamat tapi waktu pngiriman lwat dari waktu yang di tentu terus model yang di pesan dan yang dikirm beda tapi kapasitas sesuai pesan,negative
flash disk sama otg nya bagus semua,positive
mantaplebih cepat kirim,positive
kembali karena rusak,negative
barang cepat sampai cepat banget dan barang juga bagus besar lagi suka deh,positive
masih segel brgnya ada stiker hologram tapi sayang pas di pakai buat nyimpan data enggak bisa simpul mungkin ini bareng reject kapok saya beli merk toshiba made ini philippines mending beli merk lain deh,negative
kata 16 gb yang ada 14 gb hadeh ini kenapa,negative
kata laptop gaming tapi lrmotnya minta ampun baru kasih play musik saja deh eror kursor hilang eror jadi bangkai tuh laptop enggak bisa pakai,negative
salah baca spesifikasi enggak bisa di gunain sama sekali karena memory sangat kecil,negative
bagus,negative
remote tidak bisaconnect ke bluetooth tvpairingpadahal sudah penct homekiri,negative
order dari tanggal 13 des 2017 tanggal 14 desember 2017 lapor barang sudah di kirim tapi mpe sekarang belum sampai juga hadeeeeh padahal rumah saya dket banget sama kantor orang gudang lazada di graha raya bintaro apa ngnterya muter dulu kali ya ke ke balaraja sukabumi ke bogor baru rumah saya mkaya mpe sekarang belum sampai sampai juga order saya,negative
tranfer data cukup cepat ukur kompak,positive
enggak sesuai bagaimana ini cara balikin ya di oper2 begini sama lazada sama ninja,negative
sangat puas barang bagus paket bagus kurir ramah lain kali mau belanja lagi di sini,negative
sengaja amnil yang large tapi tetap kecil,negative
masih ada enggak ini,negative
terima kasih paket telah terima namun belum di tes moga saja lanjar,positive
barang bagus sesuai di skripsi,positive
barang original packing rapi,positive
hati hati karena saya kecewa banget kita sudah percaya terus sama lazada tapi barang tidak kunjung datang saya batal malah status barang kirim sesak banget bingung mau bagaimana,negative
kirim cepatbarang ada sedikit buka bagi pojoksemoga awet sajaterima kasih lazada,positive
nyata tv nya kecillebih kecil dari yang 32 inchi padahal saya pesan yang 22inchi wajahgembira,positive
not working,negative
packing nya rapi cepat aku beli 32gb yang datang 64gb belum coba jadi review nya dikit dulu ya,negative
parah enggak bisa buka foto vidio selalu memory ful terus saya kembaliin nih,negative
baraangny sesuai dengan gmbar tidak mengecewakanterimakasih lazada,positive
enggak usah beli,negative
barang bagus tidak ada cacat dan juga kirim sangat cepatkemarin sore pesan besok siang sudah datang thanksi lazada,positive
mantul deh lazada dapat barang bagus harga bagus enggak sesal deh beli semua nya fungsi keren lah pokok,positive
wow murah sekaliharga segitu bulan gaji akuthanks ya lazada sudah kasih harga yang kompetitifmurah murah murah,negative
bagus mantap barang datang cepat dan pakai buble hardisknya,positive
barang sampai good condition kurir nya juga ramahjempolkeatas,positive
mau ngomentari kurir bisa kok lebih sopan maspak kurirtiga bintang saja,negative
tks barang sudah sampai tapi belum pakai original ada kartu garansi dan hologram tks lazada dan sukses terus,positive
thanks sudah sampai barang cuma kurir jne agak lama tahan di kantor mereka tanpa pemberithauan,positive
luar biasa belanja di lazadapengiriman cuma kurang dari 24 jampacking barang sangat sangat rapi dan aman,negative
barang cepat sampai tapi sayang antena booster nya kok enggak dahtolong di baik layan anter nya,negative
biasa hari sudah sampai sudah hampir satu minggu barang belum sampai takut barang datang posisi lagi enggak di rumah,negative
sangat baik tepat waktu sesuai kira dan barang sesuai dengan deskripsi orisinal sudah di cek di aplikasi mantap thx lazada,negative
tv nya bagus mantab moga awet terima kasih,positive
sampai dalam ada rusak panel bagaimana ini ngebalikin ke lazadanya atau minimal bisa di service di cooca resmi mohon tanggap,negative
bagus banget sudah begitu cepat banget kalo di pakai transfer data harga juga lumayan murah tapi kualitas bagus,negative
samsung jos ninja van jos pokok mantul kartu garansi enggak ada tapi bisa pakai invoice yang kirim di email moga barang awet,positive
barang fungsi baik dan kirim cepat,positive
ini widows apa ya,negative
chanelnya kok enggak bisa di simpanbagaimana cara simpan channel nya,negative
pesan barang dari tanggal 070217 dan destinasi sampai tanggal 0914 tapi sampai sekarang belum sampai juga nih barangkali ini kecewa lah masih kirim terus kagak sampe2ngada konfirmasi juga ke emailaduh aduh,negative
senang sekali barang ya orisinal dan datang juga cepat bangetharganya juga murahthanks,positive
barang sampai tuju cepat banget packing rapi dan aman recommended,positive
mudah rusak,negative
bohong banget tulis sandisk ultra usb 30 100mbsi flashdisk 32gb cz48 telah buka kapasitas bukan 32gb tapi cuma 286 gb 34 gb nya lagi mana hadeuuhenggak benar ini paket yang terima pun basah kotor dan bau,negative
ini 24 inch apa 48 inch yang benar yang mana,negative
tenks lazada mantap,positive
bagus dan murah pas flahsale moga awet saja,positive
tidak sesuai gambar dan deskripsi,negative
enggak bisa guna sama sekali sangat kecewa,negative
puas mantab seringsering diskon dan di gedwin lagi selamat ulang tahun lazada,positive
sudah coba colokin ke laptop dan speaker aktif agak seret nyolokin dan juga nyabutnya sementara itu saja,negative
tidak sesuai dengan apa yang pes harus 16 16 sama gb tapi jadi 32 16 gb tapi enggak apa lah packingnya rapi kurir ramah thnks lazada,negative
serasa tipu pas pesan hrga 89 ribu pas datang jadi 105 ribu kacau,negative
tv nya bagus saya puas wajahtersenyumlebardanmatatertutup moga awet terimakasih cooca lazada,positive
terima kasih,positive
produk jelek enggak bisa di pakai,negative
barang sesuai iklan fungsi ok kemas ok 5jam tangan bagus sesuai iklan fungsi kurang baik jarum jam tidak sesuai dengan jam digitalnyaet,positive
trimakasih lazada barang nya sudah darat dengan muas,positive
bagus sih cuman kalau di pakai untuk hardisk 500gb sudah enggak baca saya pakai buat hardisk yang 320 gb akhir kirim warna item keren,positive
pokok recomended banget,positive
kok harga kemarin saya pesan lebih murah sekarang kok beda ya harga kirakira produka bagus enggak ya jadi ragu moga bagus tv nya enggak ada kendala di remot atau tv nya amin,negative
goood kirim cepat,positive
barang bagus simpel solid banget bentuk nya thanks recommended banget,positive
sesuai gambar moga awet isi nya 624 gb,positive
mengecewakanbukan kabel data yang dikirm malah headset abalabal,negative
kecewa,negative
kirim cepat dan tanpa cacat,positive
untuk pasang di tembok apa ada pihak dari lazada yang memasanga terima kasih,negative
alhamdulillah tv ku sudah darat belum di buka mdh an semua baik saja thank you seller and lazada,positive
usb 20 nyata,negative
barang ok garansi resmi tidak cacat cuma kirim lama banget pesan dari tanggal 24 baru sampai tanggal feb padahal estimasi tengok 2526 sudah sampai itu pun harus komplen dulu ke echat lazadanya tapi enak nya bisa cod jadi enggak perlu takut tipu2,negative
barang sesuai pesan dan cepat terima kasih gan moga lancar,positive
lama,negative
cepat datang nya tapi antivirus nya pas mau di input kode aktivasi gagal melulu jadi harddisk nya enggak pakai antivirus,positive
2minggu remote rusak,negative
alhamdulillah bareng sudah terima dengan selamat dan fungsi baik,positive
pesan yang saya terima hanya case hardisk usb obeng dan sekrup saja tidak sesuai dengan judul iklan dan saya sudah aju kembali dana sesuai respon lapak trimakasih,negative
ini bagaimana ya saya pesan flashdisk kok yang kasih malah memoriyang benar dong,negative
isi enggak sampai gb baru kali ini blnj di lazada kecewa,negative
compatible buat linux enggak,positive
barang aman garansi tahun moga awet,positive
lumayan kwalitas yad saya sengaja kasih bintang,negative
barang fd hp saya sudah dtng tapi kok tidak bisa colok di laptop ya fdnya,negative
nyata kecil banget tapi tetap suka,negative
oke sepbrng oke packing oke cuma proses kirim sedikit lama terima kasih,positive
mantap dengan 32 juta dapat laptop 156 ram 4gb win10 orisinal tas orisinal dvdrw dl tapi agak lelet semua normal moga awet,positive
toko percaya,positive
mau coba dulusemoga awetterima kasih lazada,negative
barang rusak lo jual baru di isi 10 lagu sudah langsung hilang semua tiap di format ulang enggak bisa,negative
baru beli bulan langsung rusak led nya enggak nyala tapi suara nya keluar mau klaim garansi enggak bisa karena data langgan tidak kirim 14 hari telah kirim dan jauh di jakarta,negative
nyata kecil banget ya tapi barang sesuaitq,negative
ke tiga kali belanja di lazzada puas,positive
beli buat kado barang sudah sampai kirim cepat moga awet,positive
allhamdulillah kalau untuk barang sangat pas sangat mantab dan 100 lah poin untuk barang semua work cuma saya mau kasih satu komplain saja dan saya tidak tahu itu salah mana tapi barang sampai dtempat saya dalam kondisi basah kuyub kabel data basah tempat hard disk basah kotak dan buku pandu basah jadi remuk kotak dan buku pandu entah kenapa bisa basah begitu saya tidak tahu salah dimna saya harap hal itu tidak jadi lagi depan dan untung saya coba work sih cuma khwatir saja karat dan tidak tahan lama jadi maaf bintang saya kasih tidak ful agar dperhatikan,negative
mantapbarang sesuai dengan pesan packing rapi san amanpuas deh,positive
kualitas harga,negative
flashdisk nya sesuai dengan ukur,positive
barang sudah terima packing bagus dan rapi pas tes buat mutar video cuma sampai 10 menit terus enggak mutar lagi kualitas barang sangat jelek,negative
maksh lah lazada,positive
cara klaim garansi bagaimana ya saya baru beli bulan sekarang tidak baca di komputer,negative
begitu buka itu flash digunain deh buat simpan foto sama video eh malah enggak bisa foto tidak bisa muat,negative
barang pas terima bagus tapi pas sudah di pakai error kecewa kalo simpan foto atau lagu selalu hilang sendiri atau format,negative
pesan 1111 jam 0000 estimasi sampai 1911 datang 2211 sedikit kecewa sama kirim nya tapi lumayan maklum sih sama barang yang lumayan gede tambah lokasi yang jauh pas barang tiba dan lihat isi packing kayu jadi langsung rasa aman thanks cooca,positive
barang sesuai pesan,negative
barang bagus sesuai recomend,positive
please ya tolong balikin uang saya kirim lagi brang yang baru saya kecewa banget entah ini salah siapa tapi brang sampai dengan enas penyok bahkan sudah parah pokok jadi lengembalian barang saya mohon segera proses,negative
barang bagus jauh ini tidak ada masalah tapu yang nama gadget semua di awalawal serba lama tapi telah buka semua lancar sok jangan panik dulu bro,positive
sampah banget kecewa,negative
top barang mudah mudah awet,positive
barang sesuai pesan kirim cepat thanks lazada,positive
produk lumayan bagus harga ok enggak ada bonus braket enggak ada bonus kabel hdmi atur resolusi gambar dan aspek ratio enggak ketemu buku tunjuk tidak lengkap rc audio out enggak ada pantul cahaya kuat bikin mata sakit,negative
narang sudah sampai dan sesuai pesan terima kasih,positive
barang tidak bisa guna,negative
masih bingung instal office nya gan enggak kelar kelar,negative
sedikit kecewa karena tidak bisa mutar video mp3 dari usb usb hanya untuk perlu service dan itu tidak ada dalam deskripsi barang,negative
barang sudah dterima lancar semua cuman buat antivirusnya mesti di upgrade yang baru dulu baru bisa pakai,positive
selain lambat akses banyak bad sector sehingga perlu format dulu belum pakai beli unit hanya unit yang sempurna,negative
sudah sering repeat order untuk beli flashdisk ini barang fungsi dengan baik,negative
lelet,negative
paket datang hari barang lengkap bagus kirim ke kuta bal,positive
barang bagus sound bagus mantul semua,positive
barang cepat sampai pesan kemarin hari ikut sampai sok far untuk kirim oke barang sudah di coba anti virus sudah saya rendem aktivasi tapi pas saya instal program anti virus nya begitu saya masuk kode aktivasi yang di oleh di web nya incorect terus aneh entah kenapa ini harddisk copy data kapasitas 300mb saja bisa 10 menit lama banget,negative
mantap barang bagus packing kayu jadi aman suka dah,positive
laptop lebih bagus asli banding di iklan benar top deh kirim ke denpasar dapat estimasi akan terima antara 2124 agustus tetapi barang sampai tanggal 18 hari telah mesan keep up the good work,positive
kualitas dan orisinalitas ok barang kirim lalu ninja expres hari tunggu kirim bahkan lebih estimasi waktu sampai,negative
kirim cepat barang lumayan bagus sesuai harga layan mantap sukses ya bos,positive
lazada,positive
barang oke banget sesuai ingin,positive
casing baik yang pernah saya beli langgan terus ugreen,positive
kirim cepat dari jadwal barang sesuai dengan yang dijualterima kasih moga awet,positive
hardisknya enggak bisa baca automatisautoplay,negative
murah banget itu enga salah kasih harga tautau nati salah kasih info barang nya,negative
keren tv nya,positive
barang sampai masih dalam batas kirim barang bagus keren tidak kecewa tengkiyu program harbolnasnya tengkiyu lazada,positive
paket sudah terima sempat kendala ekspedisi kirim hari minggu dan tak ada konfirmasi sempat juga status paket terima padahal paket belum saya terima,negative
flashdisknya kurang kuat alias cepat longgar dari kulit luar,negative
bagaimana nih lazada saya lihat iklan flashdisk tapi yang kirim kok malah flashdrivemohon penjelasannyabarang sudah saya bukasaya baru kali ini kecewa,negative
barang nya bagus dua hari sudah sampai,positive
sudah saya beli mantappelayanan garansi juga cepatpertahankan cooca untuk awat nya,positive
barangkali tidak fungsi nyala tidak bisa hidup mohon untuk pengembaloan saja,negative
barang sih oke bagus tapi saya sangat kecewa karena yang tera di atas adapter tapi ini flashdisknya diang yang datang,positive
produk bagus hanya saja packing cuma pakai bublewrap tidak packing kayu,negative
barang sudah terima sayang cuman bungkus kertas tanpa bubble wrap,positive
bagus sihbody ringan banget copy paste supercepat cuma cepat overheat kalo sudah overheat jadi enggak kbaca storage flashdisknya,negative
barang bagus kerenpacking sangat rapi tq lazada,positive
saya sangat kecewa sekali teryata yang kirim barang palsuflashdisknya tidak bisa pakai,negative
good,positive
produk bagus mudah dioperasikanterima kasih,positive
saya belum terima barang sampai sekarang saya order dari tanggal 12 desember tapi saya sudah dapat email kalo barang sudah terima padahal brng belum saya terima bagaimana ini tlng cek ke expedisinya saya kecewa sekali,negative
packingnya rapi,positive
barang bagus dan muas kirim saja agak lambat sedikit kalo bisa pemberitahuan kirim barang diupdate terus sudah sampai mana biar konsumen tidak gelisah tunggu thanks lazada,negative
barang enggak bisa di pakai padahal sudah di format ulang,negative
produk sudah saya terimatapi sayang pesan tidak sesuai dengan yang diharapkanport otg untuk ke hp nya patah pas buka kemas,negative
kecewa fledis bj enggak ada yang bisa di pakai pas ada yang belik dan cek rusak semua,negative
mantaaaaaaap darat dengan selamat,positive
mantap walau kirim lambatjempolkeatasjempolkeatasjempolkeatasjempolkeatasjempolkeatas,positive
josh,positive
produk sampai dengan cepat packing rapi banget speed transfer data cepat moga awet,positive
mantap bangetjempolkeatas,positive
saya order tanggal 28 juni 16 dengan kirim standar tapi sampai sekarang bareng belum sampai jadi maaf bintang dulu,negative
barang ok packing okpengiriman juga ok,positive
barang enggak bisa hidup saya coba cas panas mohon lazada seller yang enggak kualitas seperti ini pecat saja,negative
puas banget pokonyatapi belum di coba buat di setel sih,positive
mantap barang orisinal,positive
bagus kirim ok lumayan lama tapi good lah,positive
saya kemarin beli ini tapi mengapa pouch yang kirim tidak sesui di deskripsi yang pouch wd tapi enggak apaapa wong wes kadung orang sudah lanjur,negative
ke madura cuma hari kaget barang bagus moga awet,positive
kualitas sangat baik kirim cepat,positive
ketika barang datang masih di luar kota minggubkemudian baru cek barang dari awal muncul tanya karena di bungkus sendiri tulis toshiba kapasitas gb sedang di flashdisk memang tulis 64 gb telah coba untuk kopi file nyata banyak yang failed dan yang hasil kopi nyata juga tidak dapat buka seperti ini hanya produk gagal buat oem yang buat asalasalan untuk jual murah dan pihak toko lanjur beli dalam jumlah banyak kemudian usaha jual dengan segala cara,negative
mantab,positive
barang sampai dengan amanpengiriman cepat,positive
jos barang nya cepat sampai,positive
barang bagus ful fungsi packing mantap tapi kirim lama mungkin karena flash sale bintang kalo kirim cepat,positive
kemas dan tampil bagus tapi fitur auto of tidak fungsi,negative
terima kasih lazada untuk discountnya,positive
ok bi,positive
brang sudah saya terima tapi kenapa gambar nya enggak cerah malah buram,negative
flashdisk enggak beres ngetes copy film dari laptop ke fd terus pindahin ke laptop lain itu film jadi eror padahal play di laptop yang pertama enggak ada masalah coba beberapa film sama semua begitu kecewa lah,negative
packingnya agar lebih rapi lagi dan wrapingnya di banyak,positive
barang sesuai pesan cepat sampaitks,positive
baru pakai beberapa hari sudah rusak kirim lama,negative
terima kasih sempat was takut rusak pas kirim tapi nyata barang sampai dengan selamat tepat waktu maaf baru bisa ulas,positive
barang ok tapi isi enggak sampai 64gb cuma 584gb,negative
overal lancar semuatopcer dengan harga dbawah yang lain proses kirim juga cepatthanks lazadacoocaninja,positive
jelek sangat kecewa,negative
laptop nya sudah terima maaf baru komentar telah sekian lama,positive
apakah ada garansi nasional dari lenovo dan kalau saya beli apakah ada nota beli untuk klaim garansi thx lu,negative
barang okeh kirim cepat tapi fre pounch dan pengin nya enggak kasih dalam kardus hanya ada harddisk saja tapi alhamdulillah komplain langsung ke lazada direspon dengan sangat cepat terima kasih fre pounch pengin nya dapat kagak ganti voucher saja di,negative
saya mau uang saya kembali,negative
bagussesuai yang tawar,positive
barang sesuai ekspektasi moga awet,positive
barang sampai dengan selamat packingnya lumayan barang fungsi sesuai yang harap mantap jempolkeatas,positive
barang sudah sampai dalam kondisi baik lebih cepat dari kira waktu kirim jauh ini tidak ada masalah terima kasih seller dan lazada,positive
kurang pas untuk flash disk ujung nya bukan sih tapi untuk phone,negative
barang sudah tibaterima kasih lazada,positive
barang original masih segel jempolkeatas,positive
kirim kurang cepat dan barang belum di coba moga awet,positive
sudah di terima terimakasih cepat banget sampai,positive
untuk order ke layar pecah sudah saya proses kembali barang,positive
kirim lmyan lama pesan dua otg yang satu jalan yang satu enggak,positive
barang oke murah banding yang lain cuma kirim lama sampai minggu lebihpadahal barang mau pakai cepat komplain lewat livechat sampai 3x jawab standar akan ditindaklanjuti komplain akhir lewat cs fanpage fb jawab sama tapi besok barang langsung kirim,negative
barng nya ok dan saya puas tapi adasaya satu tak puasketika beli baju cauple gues warna kuning beda ukur beda bahan beda warna,positive
enggak orisinal,negative
hardisk saya beli di desember 2018 dan jarang sekali pakai baru smlam saya mau pakai lagi tetapi tidak terdetect di komputer apakah garansi bisa pakai dan bagaimana cara pakai garansi,positive
barang sesuai deskripsi dan sesuai pesan moga awet,positive
barang sudah terima bagus packing aman respon cepat kalo ada diskon lagi pasti saya recommend ke kawan deh,positive
terimakasih barang sampai dengan selamat wajahgembiradenganmatabahagia,positive
beli beberapa tahun lalu tibatiba servis pas lihat isi toshiba barang bagus sih tapi buat simpan jangka waktu tahun sangat tidak saran,negative
gan saya order tv baru sampai tadi siang jam 1an saya pulang kerja jam terus saya buka tv teryata tv retak parah padahal dipacking kayu apa gudang sana kirim sudah cek benarbenar tv nya lcd aman jadi bagaimana proses ganti gan,negative
barang nya bagus sesuai dengan yang saya mau,negative
mantappengiriman super cepat,positive
bagus sesuai kira kalaupun ada sedikit yang kurang maklum nama juga second moga awet,positive
mahal enggak bisa cancel cod malas belanja di lazada mending belanja di bukalapak murah dan enggak ribet menang cod doang lazada,negative
ok barang sudah sampai thank,positive
kirim sangat lambat sehingga begitu sampai ada cacat saya sudah tidak bisa complain,negative
rusak sim cartnya rusak enggak bisa di pakai minta ganti dong wajahmaterialistis,negative
mantap gan,positive
kecewa,negative
barang tiba dengan mulus sesuai estimasi waktu yang beri kualitas bagus gambar jernih kirim area bandung overal puas,positive
sangat muas cepat dan tepat,positive
file tidak bisa akses,negative
yang lain sudah oke tinggal warna yang belum oke yang kirim banyak warna silver nya padahal minta warna bedabeda jangan satu warna saja handdeeeh,positive
tidak bisa ketv,negative
pesan dari tanggal 28 november 2017 sampai sekarang tanggal desember 2017 barang belum datang juga payah sangat kecewa,negative
saya beli waktu 1111 jadi dapat murah fre ongkir dan gratis soundbar samsung kualitas tv oke sesuai yang di rtings dot com cuman konektivitasnya input minim cuma ada hdmi usb antena lan wifi output port optical paket kirim via jne trucking jadi agak lama sekitar 10 hari sampai packaging bagus kasih box kayu,positive
mantaaaap,positive
suka harga murah tapi enggak murah terima kasih lazada,positive
tv keren banget dicolokin listrik baru hidup memang teknologi kelas agak kecewa karena kirim barang pakai becak terus packingnya jelek cuman kasih kerdus kecap jadi tv nya rasa manis malah makan anak saya sekarang tvnua tinggal separoh terima kasih kecap lazada,positive
flasdisk nya kgk bisa di gunain,negative
mantap brng ok,positive
barang sesuai description kirim cepat hd sudah di chek masih baru segel seagate moga tahan lama,positive
nice banget ini sesuai gambar dan skripsi kirim juga cepat pesan dan bayar tanggal 11 hari ini tanggal 13 sampai recommanded banget lah enggak sesal juga barang dipacking pakai bubble warp saja tapi untung tetap aman dan selamat sampai tuju,positive
pesan tanggal 13 desember 2017 telah ditunggutunggu akhir sampai juga tanggal 23 desember 2017 kirim memang lama tv nya ok coba kalo kirim cepat saya kasih rating tingkat kualitas layan,negative
saya sudah order bang jangan sampai kecewa langgan harap barang tidak rusak dan masih baru ini bintang saya kasih tiga dulu kalau barang sudah nyampai dan sesuai barang tidak rusaklecet baru saya kasih lima bintang,negative
mantap gan,positive
terima kasih moga anak saya suka biar enggak main hp terus,positive
order warna hitam kirim warna merah,negative
saya terima pouch ukur 35 bukan 25 kecewa,negative
barang nya bagus muas kirim nya cepat kurir ramah,positive
mantap,positive
alhamdulillah barang sudah sampai dengan selamatflashdisknya fungsi normalsudah saya coba buat simpan lagulagu mp4pengiriman cepat dan kurir juga ramah asik terima kasih banyak bintang merah store lazadasukses selalu,positive
produk okhanya jasa kirim buruk dapat pesan pemberitahyan pagi jm bahwa barang akan di kirim saya tunggu sampai jam sore tidak datang2 akhir saya inisiatif jemput bola ke tempat jasa kirim untuk ambil barang sendiri,positive
telah paket di terima dan langsung di coba overal itusi good and no problem serta sesuai pesan pesan yang 64gb datang 64gb dan real capasity thanksjempolkeatas,positive
kirim cepat murah hanya saja ada shadow di tiap pojok layar nanti tinggal claim ke cooca center tapi tv ini recommend buat yang sinyal analog jelek tinggal pakai antena digital wifi,positive
kirim cepat hari yampai barang alhamdulilah baik terimakasih lazada,positive
barang sangat bagus terima kasih samsung and lazada,positive
paket tiba di saat hujan deras sekalitapi kemas tetap utuh dan di kemas dengan rapithnks lazada kurir jne,positive
cukup baik,negative
barang bagus kirim cepat dan barang fungsi dengan sangat baik sangat recomend,positive
untuk perlu kantor meeting room kecil sangat bagus cepat sampai tanpa cacat,positive
barang bagus sesuai dengan yang di info kirim sangat cepat,positive
mantap terima kasih lazada tv cooca 40 sudah terima dengan baik sudah coba bagus recommended,positive
produk bagus mantap joz mudah mudah awet cuma yang saya sesal produk kirim lama banget jakarta palembang 14 hari saran untuk luar pulau jawa enggak usah pakai ninja van expedisi lain saja,positive
beli enggak bisa di pakai,negative
pecah belum sempat coba,positive
terimakasih lazada pesan sampai dengan selamat dan puas tv nya sudah saya pakai dan puas puas deh pokoke,positive
flasdis sudah saya terima kemas biasa cuman plastik tidak ada dus pabrikan merk juga tidak jelas moga awet tidak sering error dan bisa simpan data2 kerja saya,negative
order yang 32gb yang di 8gb kecawa kapok mau blanja di toko ini lagi orang enggak amanah,negative
kecewabatang enggak bisa pakai,negative
barang ok gratis ongkir satu hari harus sudah sampai cuma kurir saja gblk terimakasih buat lazada dan kurir,negative
alhamdulilah muas semua baik,positive
mantap cepat kirim terimakasih lazada,positive
beda model,negative
good really nice and fast order,positive
luar biasa pesan sore pagi deh sampai barang original harga kompetitif seler ramah recomended buat yang cari laptop buat sekolah anak terimakasih seler terimakasih lazada,positive
order dari tanggal 18 agustus tapi di kirim tanggal 30 agustus cocok di rasa chating ke cs malah enggak pham ini itu lah amsiong kali ah,negative
enggak ada file folder untuk encripsinya,negative
barang enggak sesuai gambar gede,negative
tidak sesuai dengan gambar 32 gb lakok isi nya cuman 29 gb,negative
bagus dan aman,positive
barang cepat sekali sampai senin pesan rabu sudah datang moga awet,positive
mantap awet,negative
kurir nya ngesot payah ark bulky mending jangan jadi kurir saja pihak lazada bantu push biar cepat barang yang sudah kirim ark boyot ngesot,negative
sesuai pesan paking pakai kayumantul,positive
flashdisk nya agak kurang mantap saat koneksi dengan handphone tidak dapat baca,negative
maaf baru asih ulas tv fungsi dengan baik mudahmudahan awet sangat recommended puas terimakasih lazada,positive
kirim cepat packing rapi safety recommended seller from lazada semua fungsi normal moga awet depan terima kasih jempolkeatas,positive
super mantap betul tv nya kualitas nya bagus sekali barang aman sampai ke kota bireuen aceh bareng di packing kayu bubblewarp lagi pkok nya sip deh puas banget thankz lazada cooca,positive
barang ok masih awet sampai sekarang mantap,positive
kondisi barang masih mulus baik tidak cacat fungsi bagai mana mesti dan masih segel,positive
termikasih kenkez lazada barang sudah sampai dengan cepat packing ok barang kualitas,positive
kapasitas flasdisk yang anda kirim tidak sesuai dan juga tidak bisa guna,negative
produk sudah sampailumayan cepattapi sayang windows yang diinstal belum di aktivasientah palsu atau aslitapi mudahmudahan bukan karena motherboardnya yang ganti yawajahmerenung pakai sok far sok good cuma ya itu musti aktivasi windows kalo enggak enggak bisa personalize pc nyawajahmerenung,negative
faskdisk tidak bisa di guna minta di format terus tapi tidak bisa di format saya perlu minta ganti yang baru tukar yang kondisi bisa di pakai dan normal,negative
otg ndk supot redmi,negative
barang belum saya terima tapi noticenya sudah kirim,negative
terima kasih barang sudah terima dengan baik dan sesuai,positive
original moga awet terimakasih,positive
barang tahi enggak suppoort data pindah malah hilangkomen komen disinibpalsu semua produk kecewa 100 jangan beli,negative
barang bagus sesuai hati ku,positive
kirim cepat seller dan kurir ramah mantaps tapi di dalam dus enggak ada kartu garansi tapi mudah mudah awet rekomen deh seller dan lazada suka suka suka,positive
mantab barang orisinal bagus cuma packagingnya enggak kasih bubble wrap langsung kerdus takut barang kenapa begitu wajahgembiradenganmatabahagiajempolkeatasoke,positive
alhamdulillah paket sudah sampai cepat banget,positive
barang bohong cuman muat 100mb,negative
barang bagus packing rapi kim cepat,positive
aduh edisi salah lihat ira 64gb nyata 64mb nyeseel banget,negative
warna ada yang lain enggak,negative
flashdisk sandisk ok banget ada bonus lagi terima kasih,positive
flashdisk bisa guna dengan lancar kapasitas sesuai dengan deskripsi,positive
barang sudah di terima kirim cepat hanya hari packing rapibelum di coba sih moga awet kurir ramah pokok nya top deh terima kasih lazada,positive
salah satu alas saya beli kembali fd adata c008 adalah karena hebat kenapa saya kata hebat karena saat fd merek lain kapar tidak bisa baik karena kena write protect adata bisa fungsi kembali seperti mula dengan software format toolnya nah ketika adata yang jual di lazada ada diskon tanpa lewat sempat saya langsung pesan pcs ketika fd adata c008 yang baru saya beli ini rusak kena write protect tidak baca di explorer pc saya tidak begitu cemas karena saya pernah kena masalah yang sama dan bisa selesai dengan software format tool adata tapi apa yang jadi nyata masalah saya tidak bisa selesai karena software format tool adata tidak nali id flashdisk saya tidak ada dalam id database wah bagaimana ini saya jadi sedih karena poin plus yang dulu jadi timbang saya kembali beli flashdisk adata nyata tidak saya temu lagi tapi saat ini saya masih optimis akan ada selesai hadap masalah saya ini kenapa karena saya yakin tentu bukan tanpa sebab adata berani beri garansi umur hidup hadap produk flashdisknya salam hangat dari saya user adata melipattanganmelipattanganmelipattangan,negative
barang bagus packing luar dalam sangat rapi layar ok touchscreen pun ok tapi kemarin di buat cicil tampak gagal padahal pada saat buat cicil di lazada nya sudah ok tapi ini di tagih ful dari pihak nya,negative
terima kasih saya puas,positive
hai okay tadi gua benar malas banget tulis nih review soal begitu barang sudah sampai ke gua kondisi masih baru ya meski gua enggak dapat pouch nya sesuai di gambar yang harus gua dapat itu tapi ya karena barang sudah sampai dan lebih cepat dari estimasi waktu which is good actually dan juga barang bagus benarbenar baru wel hopefully mau god be ini my side dan gua senang banget waktu itu karena ini pertama kali gua punya hd external yang bagus cantik kapasitas gede beautiful jadi turut gua enggak perlu tulis nih review tapi gua pikir kayak enggak ada salah gua asih review dan karena turut gua dia pantas terima review dari gua karena dia benarbenar tepatin janji nya man of word dan jujur awal gua berani beli ini karena bisa bayar sistem cod dan jujur gua takut waktu itu karena ini lah pertama kali gua shopping online dengan harga atas juta tapi sudah enggak perlu cemas lagi karena barang sudah sampai dengan aman dan hard disk nya masih gua pakai sampai sekarang shesi stil ini my side now and wil always be forever saran gua sih buat sang jual the seller buat depan mending apa ada saja tawar produk kalo memang pouch nya cuma bisa asih yang model biasa yang murah mah gapapa karena yang penting mah barang memang bagus memang benarbenar baru itu yang penting enggak usah tawar dengan fakta yang enggak benar itu sudah nipu nama oke deh itu saja buat viewer depan mungkin gua bakal copas beberapa nih katakata gua di sini buat di review yang lain karena gua capek etik panjang2 benar hahahah wel moga saja gua bakal ngereview lagi which means gua bakal beli barang lagi and which means again gua jadi sukses banyak rezeki getting rich ahahahah amin ya allah oke deh sekian review gua ya arigatou ini,negative
barang benarbenar original,positive
fakeenggak bisa pakai,negative
flasdisk nya di pakai copy data sering kali enggak bisa rekam data nya,negative
barang bagus tapi tidak sesuai nyata usb 30 tapi transfer ratenya kurang dari 130 mbaksi awalaupun lebih dari usb 20,negative
produk sesuai ekspetasi harga bersaingkomplit dan tidak jual di estore manapunbravo lazada,positive
transfer speed isnt as fast as what expected for usb 30,negative
kalau saya nyimpan file di flashdisk ini ada yang baca ada yang enggak saya heran sama flashdisknya saya mohon tolong di cekperbaiki lagi produk ya saya kewa sekali dengan bel,negative
ini benar 48inc kah,negative
enggak bisa baca dah simpan pas buka di pc lain data nya enggak ada,negative
sesuai pesan,positive
bagus banget kepake enggak rusak juga,positive
kirim cepat ramah dan barang packing dengan aman kemarin malam jam order besok nya jam 10 sudah sampai thx cooca and lazada,positive
tv ok kirim ok dengan jne belum kirim gagal oleh ninja saran ada baik langgan yang pilih jasa kirim jika tidak guna lazada expres mohon kir kode voucher hooqnya,positive
belum saya sudah bilang cek dulu belum bareng kirim dan apa nyata layar bagi atas renggang sprtinya itu juga ada tempel rekat buat tahan,negative
luar biasa rekor beli elektronik besar dan cepat baru pesan tadi malam besok siang sudah di antar cepat sekali sampai kaget terima kasih cooca terima kasih lazada layan the best ini,positive
seller ok tepat waktu satu usb tidak kenal win 10 dan win saya cek dengan device manager yang satu baca bagai cicada flash reader usb device ini yang tidak detect,negative
otg nya tidak fungsi,negative
mantab kirim hari ya lumayan lah soal di bal lagi erupsi enggak agung packingnya kayak amplop kurir sama kayak bisa baik,positive
kulaitas baguscuma kecewa sama kirim nya sangat amat lama thx,negative
kirim packing ok tapi urut channel enggak bisa rubah mungkin karena biasa pegang merek yang beda ya,positive
ok emas rapitapi belum di coba,positive
barang bagus keren fre iya juga bisa di guna semua terima kasih lazada your the best,positive
thanx lazada dan toko palace tech barang telah terima kondisi baik packingny rapi dan amanpkokny puas sip deh,positive
ini pas dinyalain kok enggak langsung bisa pakai yabelum di instal windows nya juga jadi enggak erti harus apa,negative
beli eh malah shortcut pokok kecewa banget,negative
barang enggak bisa guna,negative
barang bagus harga bagus,positive
flashdisk kau enggak bisa pakai tiap copy fildm jadi corupt,negative
barang cepat terima dan dalam ada baik recommended seller,positive
barang bagusmurah juga sesuai deskripsi juga dapat poch nya dan struk pembelianpacking sangat rapi dan kirim produk sangat cepat recommend banget,positive
barang sesuai pesan tapi kirim agak lambat,negative
thanks barang cepat datang bagus gambar bagus good,positive
tanks lazada kenkez deliveryboy lazada yang cekat sesuai dengan pesan proses yang cepat sampai barang ane terima next pasti ane order lagi sukses selalu lazada dan distributor kenkez nice service,positive
layar nya ada goresanenggak tau dari mana terus harus tukar ke mana,negative
cooca murah riah tapi bagus,positive
mungkin juta orang di luar sana belum tentu dapat flash sale pada saat waktu telah habisdan untung saya masih dapat linknyaheheakhirnya tv impi saya darat dengan selamatterimakasih cooca dan cs lazada yang sangat bantu,positive
kapasitas enggak bohong cuma cepat enggak sesuai dengan ulas produk meski lelet dalam hal copy file besar belum coba isi file sampai maksimal moga awet belum pesan tapi otg nya enggak fungsi untung usb nya masih fungsi jadi pakai otg tambah lagi mohon kira barang periksa belum kirim,positive
barang cepat rusak dan tidak pakai,negative
dua buah flasdisk nya sudah terima dengan baikterima kasih,positive
kurang puas juga cara pakai nya biasa nya ada kasih bonus memorycard dari bawa dan tempat nya sudah heran,negative
kirim lama banget,negative
barang ok packing rapi,positive
ya harga sesuai kualitas mohon barang ini cek lagi belum kirim kasihan yang beli kalo hanya jadi gantung kunci,negative
terima kasih barang sudah sampai paking mantap pokok super keren dan moga awet,positive
respon seller bagus sekaliresponsif sangat membantupacking barang baguuskualitas produkkerengambarnya benarbenar kuaiitas 4kpuuaas,positive
thank lu karena aku suka banget benar 32gb dan datang kira lama nyata lebih awal datang dari tanggal yang ditentuin,positive
seller ramah dan cocok sesuai yang tawar,positive
mantap gan orisinal dan pasti awet cepat nyalinnya file2 gede juga cepat,positive
sangatsangat kecewa enggak rekomended lah beli inienggak bisa baca filenya,negative
cara cicil bagaimanakalau enggak ada kartu kredit,negative
enggak dapat kabel apaapa parah,negative
led tv nya darat dengan selamat terimakasih cooca lazada ini belanja ke di cooca dan sudah unit yang beli selalu puas,positive
packing rapi bagus terimakasih,positive
tv android sudah terima moga bisa bertungsi dengan baikhadiah braketnya kok indak ada ya,positive
atas nama jaya fajarot,negative
terima kasih lazadasandiskya enggak kecewa bagus deh pokokya,positive
kirim cepat banget barang bagus sesuai deskripsi semua fungsi dengan baik puas pokok deh,positive
lot banget nyesal beli 2skligus,negative
mohon maaf kepada pihak lazada kait kartu vip cardnya sudah ketemu nyata di masuk dalam amplop dan tempel di samping dus tv layar bagus terang dan jernih suara bagus hanya saja cuma ada cromecast tanpa ada fitur miracast tidaj ada atur brignes untuk saat posisi di layar menu androidnya tapi kalo di bagi tv dan film brignest baru bisa main remote sensir nya kurang baik respon remot selaw respon yuk gabung di fb group cooca smart tv 40s5g,positive
kecewa dengan barang buat simpan file enggak bisa padahal tera ukur 64gb tapi enggak bisa buat simpan file,negative
sangat layak beli dengan harga diskon pesan jumat malam senin siang sudah sampai di rumah di jatim dengan selamat,positive
barang baru saja datang nyata remote tidak fungsi dan tidak ada tombol sama sekali di tv nya alhasil tv enggak bisa nyala sama sekali saya harus mana nih nukar remote nya tolong bantu ikedo store,negative
barang sesuai dengan pesan anakanak panti asuh pada senang kurir juga ramah sekali layan,positive
flasdish nya enggak bisa di pakaidi pasuk file enggak baca file nyakali ini saya kecewa,negative
oke punya boz ku always muas,positive
bintangmediumputihbintangmediumputihbintangmediumputihbintangmediumputihbintangmediumputihbintangmediumputihbintangmediumputihbintangmediumputihbintangmediumputihbintangmediumputih baru sempat ulas karena baru plng kerja real pic original packing buble warp safety kirim cepat order tanggal 23 malam tanggal 24 sore paket sudah tiba di rumah bintangmediumputihbintangmediumputihbintangmediumputihbintangmediumputihbintangmediumputihbintangmediumputihbintangmediumputihbintangmediumputihbintangmediumputihbintangmediumputih,positive
barang mantap jernih,positive
packing unit meski hanya pakai bubbleplastik tapi telah unboxing unit utuh dalam kondisi baikmulus restart windows lambat belum diopreksetup lagi ada satu yang kurang lengkap tidak ada bawa sleeve apalagi tas laptop jadi harus beli sendiri comms wifi inet lancar ngaciirtapi juga ada peer lagi partisi hd etcetc btw laptop nyang ini nihmantul ada tapi nyata sellernya bukan del indonesia tapi yolori padahal dengan harga yang lebih dari seller yang yolori benerannya dan nyata window 10 sl 64 bit tidak ada sticker asli yang lekat biasa di cover belakangbawah laptop,negative
pengirimn ceptbelum sempt di coba,positive
barang cepat banget sampai nya beli hari ini lusa sudah sampai beli antar jne pakai mobil mantuuuul gambar pun jernih,positive
mantul barang orisinal moga bisa langgan,positive
kalau perhati seperti ini bukan original soal bahan beda dengan yang benarbenar original tapi kualitas produk baik belum coba apakah kapasitas bisa sampai penuh atau tidak,positive
kirim lama,positive
kirim cepat no lecet lecet,positive
cara bayar dengan cicil,positive
mantap moga berkah,positive
ini memang enggak pakai adfattor lancung colok ya mas,negative
barang sesuai kirim cepat bonus tidak sesuai jauh ini biasa saja,negative
beli sept sampai minggu kemudian tanpa packing kayupemakaian bulan system smart tv rusak enggak bisa diaksestelp ke cs cooca bilang sedang cari solusi software yang entah sampai kapanjadi sekarang fungsi hanya buat tonton tv doangmau retur toh percuma systemnya pasti bakal rusak lagijadi sesal beli,negative
tidak fungsi,positive
tidak sesui dengan gambar iklanbekas pula,negative
benar enggak tuh ful hdbiasanya 32 ini itu masih hd,negative
barang nya baguspengiriman super kilat dan murahsaya pesan tanggal 30012018 jam sore eh tanggal 31012018 jam 10 sudah nyampek barang nyatapi satu sih kurir nya agak jutek jadi saya kasih bintang dulu saja lah,positive
maaf baru sempat review cara umum cukup puas dengan layan jual packing bagus rapi dan aman fisik barang sesuai gambar dan ulas yang ada di website hanya saya misinformasi saja karena nyata hd external wd ini enggak dapat sarung overal saya rekomendasi sellernya thanks dan tingkat selalu layan sukses,positive
kondisi barang baik kirim cepat harga sahabat dan yang penting gratis ongkir,positive
data yang pindah langsung eror enggak buka lagi file hilang semua terimakasih telah hilang semua file saya wajahnetral lain kali mohon di uji coba dulu barang fungsi baik atau tidak belum kirim ke beli,negative
flashdisk nya enggak baca di komputer gan malah tiap di buka minta untuk di format terus bagaimana nih,negative
baru order kemarin siang besok sudah datang kirim cepat packing juga rapi dan aman terima kasih lazada,positive
kirim agak lama hari tapi masih wajar barang terima dalam kondisi baik packing rapi unit seperti pada display telah saya format ntfs oleh 144 gb overal ok,positive
mending jangan,negative
beli pas harbolnas 29xworthed lah sayang packingnya hanya pakai buble wrapenggak tambah kayuuntung aman dan enggak rusak rim yang lumayan lebih dari hari,positive
realpict,positive
barang sampai di test hidup power langsung matibarang rusak jual,negative
barang nya sudah sampai kurir nya juga ramah tapi usb nya enggak cocok sama hp nya jadi enggak bisa simpan foto,negative
kualitas gambar suara mantap,positive
barang bagus harga murah sesuai deskripsi deh kirim juga cepat thanks seller dan lazada,positive
kata pakai packing kayu tapi nyata hanya pakai buble rap saja saya kecewa yang kirim itu barang juta bukan cuma ratus ribu saya sih belum cek nyala atau ada yang lecet dari kirim karena saya kirim ke tegal saya posisi di jakarta kalo ada apaapa yang sangat kecewa tunggu saya cek dulu bos,negative
barang ok kirim super cepat,positive
bagus sesuai pesan,positive
paket terima baik kurir baik tapi pas di pakai flashdisk nya sungguh amat buruk kualitasnyaparah sekali kapasitas 32gb tapi mau copy file 7gb eh reportnya tidak cukup space,negative
kenapa pesan saya mostnya tidak dikasihsaya rasa rugi,negative
nyata barang enggak bagusenggak bisa save datakalo jual jangan barang jelek dong,negative
packing bagus hanya saja bonus otg ada yang enggak jalan alias rusak untung beli biji rusak enggak apa apa laaah,positive
barang cepat sampai barang ok,positive
bareng sudah terima masih segel product oke walaupun bonus di tukar thank lazada kenkez,positive
tulis 64gb tapi isi cuma 16gbwajahbosan,negative
sangat puas victory hand,positive
otgnya doang yang jelek,negative
parah produk goblok,negative
barang sudah di terima mantap,positive
bagaimana cara nyicil terus apakah pakai syarat2 begitu,negative
otg desain mewah ya sandisk ini,positive
mantab tanpa basa basi langsung order dan hari sudah sampai thanks,positive
ini dapat bracket enggak ya,negative
di depa discription nya 48 inch tapi krterangan kok 24 inch mana nih yang benar,negative
tolong pemberitahuanya kapan ada lagi,negative
barang sudah saya terima tapi flashdisk hanya gb sedang yang tawar 64 gb dan tulis dicover flashdisk juga 64 gb,negative
mudahmudahan seperti ini terus 9999,positive
untung ada layan bayar di tempat soal ane paling malas kalau pakai transfer2anthanx lazada,positive
bagus cepat dan puas,negative
kirim okcuma kurang presisi saja di del latitude ku,negative
kirim cepat dan aman mntab pokok pas dapat flash sale,positive
pulpen lihat elegan dan semua lampu fungsi dengan baik,positive
barang retur karena tidak fungsi port antena tv nya,negative
coba ongkirnya kurang dikit dong jangan ongkir lebih besar daripada harga barang saya enggak lihat harga deh kaya ohiya makas ya bagus banget barang orisinal suka deh,positive
error banget musik enggak baca semua pas masuk ke mobil,positive
usb sudah terima ketika mau pindahin data tidak semua file bisa di save ada terang write protected saya ingin pindah kembali data yang sudah masuk ke usb tapi tidak bisa kemudian saya ingin save file yang sudah di edit tapi muncul terang write protected itu kenapa ya saya ingin kembali,negative
flasdisk cacad file enggak suport videojadi enggak baca bisa buka enggak bisa ke baca file nya,negative
barang sudah terima mantul habis,positive
tv baru sesuai apec yang tawar,positive
tidak sesuai harapandalam pikir akan dapat dua pcs namun tidak apa2lah sesuai dengan harga trimakasih lazada,negative
ini tutup depan nya bisa buka enggak this front cover can be opened,negative
pengrimn cepat tanks,positive
produk jelek sudah saya chat seleer dibataljan eeeh malah kirim bajing barang jelek jual tipu enggak spirtif,negative
ok ok ok ok ok okok ok ok,positive
baru pakai hari sudah rusak saja sok bad kecewa,negative
ini hoak waspada ini cuma 100mb lebih itu nyimpan pasti hilang,negative
kurir kirim kurang profesional,negative
mantap barang oke,positive
barangya fungsi dengan baik kapasitas juga besar cuma pas di colokin sering geser usb nya tidak klop dengan casingy tapi fungsi baik,positive
landing dengan mulus dan sehat,positive
keren cuma hari langsung sampai packing nya mantap,positive
tv bagus moga awet,positive
flashdisk 2gb nya lucu kirim cepat,positive
barang sesuai dengan gambar salah di saya yaitu salah baca saya kira 64gb eh nyata 64mb sangat kecewa sekali dan sangan sesal boleh tukar enggak,negative
flashdisk okbangetterima kasihjempolkeataswarnakulitcerahjempolkeataswarnakulitcerahjempolkeataswarnakulitcerah,positive
barang bagus sesuai dengan gambar,positive
barang sesuai dengan yang ada di gambarpengiriman cepat dan bungkus rapi,positive
sampai lupa kapan beli ini hehehe,positive
kalo produk lumayan lah kwalitas nya tapi cara kirim enggak baik karena tidak packing kayu dan turut saya kurang baik cara kirim nya,negative
bagaimana cara tukar dengan yang bisa support usb saya rela tambah uang asal tv nya bisa support usb,negative
kirim cepat dan barang bagus,positive
murah dan bagus,positive
alhamdulillah tv nya sampai dengan selamat dikalimantan tapi yang kirim tidak sesuai pesan saya bagaimana ini,negative
ada spot merah kecil di tv nya,positive
oke bangetpuaslah,positive
tv nya enggak bisa dinyalain pas pertama nyala tapi bberapa detik mati lagi jadi enggak bisa pakai jadi bagaimana solusi apa bisa tuker lagi garansi bisa pakai enggak terus mana servis centernya,negative
bareng sudah sampai akan tetapi bikin kecewa karena hanya ada flashdisk tidak seperti gambar ada beberapa bonus yang serta not rekomended,negative
produk ini saya cek 19 tb masih oke ketika saya coba copy file 90gb yang tercopy hanya 24 gb tanpa tau mana yang tercopy dan mana yang tidak tercopy saya coba copy bagi nyata memang flashdisknya entah kenapa proses copy jalan telah selesai cek dan file tidak ada satu yang tercopy hanya nama folder saja yang hasil telah format nyata juga tidak jauh beda bagi data yang dicopy tidak tercopy dengan baik,negative
tv nya cacat produksi layar gosong gosong di bagi pojok pojok sudah saya komplain via telpon dan via whatsap bahkan via email di whatsap bilang normal padahal tbnya layar gosong2 di pojok2 lebih gelap sudah di set juga ke cahaya maksimal masih saja sama,negative
puas dengan barang,positive
uang sudah di transfer stlah itu dbatalin karena stock tidak ada dari harbolnas sampai tanggal 22 des 2017 belum ada kembali uang sudah 10 hari dan asli proses ribed kaco,negative
cuman 29 bukan 32wajahtanpaekspresiwajahtanpaekspresiwajahtanpaekspresi,negative
barang bagus sangat puas,positive
kirim oke tapi barang baru berapa hari pakai sudah rusak enggak bisa di format info dong kenapa kaya begitu biar bisa pakai lagi kecewa,negative
sangat kualitas,positive
pengjriman cepat pakai ninja van idmendingan pakai ninja van id di banding yang lain,positive
gokiil sekali pasang langsung auto download ibu game di eshop nintendo switch keren,positive
pic1untuk unit aman tanpa ada cacat fisik layan customer service lemah request info tak direspon delivery tingkat lagi lamban pic2 antena saya guna tipe punya hda5600 outdoor 200rb an pic456 smart tv mirroring buat main pubg yang pakai hp samsung seriesa20a30a40a50dl tidak dapat pakai smartthing atau smartview guna aplikasi tambah googlehome download diplaystore,positive
thankslazada,positive
kirim cepat barang kualitas moga awet,positive
packing aman pakai kayu tv nya oke gambar bagus harus pakai antena luar aku pakai antena dalam jadi agak buram tapi tv enggak ada masalah moga awet ya tengkiu,positive
laptop nya blank bagaimana ini,negative
jangan terlalu percaya dengan deskripsi,negative
kirim standar barang bungkus aman meski tidak guna packing kayu hanya buble warp guna lama minggu masih lancar tak ada kendala edisi yang baru ini sudah bisa lubang bracket jadi tak perlu di modifikasi lagi bracketnya untuk tampil remote juga sudah baru,positive
kirim cepat barang terima dengan baik recomended seller,positive
bagus jempolkeatas,positive
barang datang hari akan tetapi tidak dapat di guna saya sudah coba berkali2 ke hardisk yang lain tetap tidak bisa di guna saya sangat kecewa,negative
sip,negative
cuma kirim dengan ninja lama bangetkalo bisa jangan pakai ninja lahjne atau jnt lebih cepat,positive
baut kurang,negative
produk bagus dan harga jangkau,positive
belum sampai lama banget,negative
muas,negative
kirim suoer cepat 2hari tiba kondisi dan semua jalan dengan baik mantul jempolkeatasjempolkeatasjempolkeatasjempolkeatasjempolkeatas,positive
kirim sesuai jadwal kemas rapi ada bonus terimakasih,positive
mantap cepat copy data atas normal,positive
alhamdulillah pesan sudah sampai kondisi barang sangat bagus namun tidak di packing kayu dan waktu antar paket yang tidak nyaman karena paket sampai di rumah terlalu malam yait jam 2200 overal puas dengan barang nya,positive
thx bonus nya sudah sampai dengan selamat moga awet nih hd ext ganti yang lama,positive
pealanan dari awal sampai akhir sangat muas,positive
sudah terima moga awet,positive
sangat kecewa enggak sesuai gambar,negative
kalo mau kredit bagaimana cara nya,negative
kirim agak lama tapi work itu banget fdnya thanks lazada,positive
beli tanggal 11 sampai di medan tanggal 21 lumayan saya bisa maklum benar kata reviewer yutub gambar agak pucat tapi mau tuntut apa lagi 43 cuma 3jtan smart tv lagi sudah cukup lah masih kategori bisa terima,positive
untuk powerbank nya,negative
bagaimana carany kalau mau laku cicil,negative
baru pakai 10 menit tibatiba hd nya enggak baca dan harus colok ulang deh,negative
barang ok respon ok kualitas ok seller ok thanks lazada recomended,positive
beli baru yang saya coba nyata nyimpan file enggak semua ke copy dan ada bagai file corupt saya rasa kapasitas tidak sesuai dengan tera walo di cek itu yang tera saya coba partisi ulang nyata memang ia memang yang bisa kepake hanya 270mb dari mula 8gb yang satu lagi jadi saya pajangin saja buat hias dinding masih segel karena sudah malas bukanyabaru kali ini kaya saya agak kecewa belanja di sini,negative
barang bagus sesuai gambar kualitas oke resolusi sudah mantap recomended seller deh thanks,positive
barang datang cepat enggak sampei satu minggu barang langsung di kirim kualitas tv bagus gambar jernih thanks lazada,negative
transfer tanggal tanggal 22 cancel mantap terimakasih telah buang waktu konsumen,negative
produk ini bagus di awal tapi pakai minggu sudah alami masalah file yang dicopy sering korup banyak file yang masuk dan sekitar 80tidak baca tidak bisa guna untuk copy langsung ukur besar pasti ngadat sekarang tidak bisa guna karena semua yang masuk tidak dapat buka beberapa file hilang sendiri moga tidak ada yang kena masalah seperti ini lagi,negative
barang jelek enggak bisa di pakaibuang2 duit saja,negative
sesuai deskripsi barang terima dengan baik packing aman thanks,positive
barang rusak enggak baca,positive
thanks lazada thanks seller barang sudah sampai dengan selamattv nya mantul mudah mudah awet,positive
flash disknya ok banget thankslazada,positive
tv datang dengan aman moga awet android tv nya tapi enggak dapat vip card di paket kirim terimakasih 1111 flashsale di tunggu flashsale 1212 nya hehe,positive
barang sudah sampai dengan selamat tapi pas di isi mp3 kok masala masala mp3nya sudah masuk tapi pas mau di putar di dvd dan alat putar lain enggak tau kenapa enggak bisa di putar ya,negative
ty lazada promo,positive
kecewa telah di buka harus di root dan kurang,negative
ikut flash sale akhir tanggal 16 alhamdulillah sudah sampai tanggal 18 exprez langsung cobatv nya mantulthx lazada ninja xpres,positive
barang sudah sampai benar2x asli dan sudah di test copy file 15 gb cuma sekitar 4247 detik mantap deh pokok nya,positive
ful hd design bagus hitam harga murah jika banding merk lain dapat bracket juga usbnya lancar enggak macet2 hdmi ok vganya juga ok mantap luar biasa enggak sesal cuma kirim agak lama karena harbolnas mantap thank lazada,positive
terima dengan kondisi baik packing kayu tv lebih aman moga awet thanks lazada,positive
terang 16 gb coba hanya 145 gb yang 15 gb nya kemanain cukup kecewa,negative
otg nya kok tidak bisa konek ya,negative
barang sudah diterimatapi datang lamamungkin karena dari luar negeri saya puas harga begitu sudah dapat tab yang lumayan bagus,positive
untuk saat ini barang ok semogga awet selalu,positive
thanks lazadabarang sudah terima dalam ada bagus,positive
produk sangat bagus kirim cepat packing sangat muas,positive
packingannya rapi tv nya murah gambar jernih terima kasih lazada,positive
barang yang saya terima rusak,negative
dari sisi kirim normal barang sampai hari kerja dan terima dalam kondisi baik hanya saja packingnya itu cuma dengan bubblewrap lapis tidak seng packing kayu ingat ukur barang besar dan kandung kaca jadi kurang secure alhamdulillah jne bisa antar dengan baik dan untuk barang wow sekali kualitas gambar ultra tajam setting untuk smart tv nya pun mudah instalasi juga mudah,positive
barang baru saja sampai gan distruck pouch tapi ane enggak dpet pouchnya gan seperti lupa,positive
harddisk cepat panas,negative
flashdisk tidak bisa pakai ketika isi file file nya enggak bisa baca di tempat lain malah kosong seperti belum isi apaapa,negative
parah ya lazada jangan mentang2 saya cod terus barang main dibatalin begitu saja alesan alamat lah padahal kiriman2 saya belum nya dengan alamat yang sama sampai kok ini mah kurir nya yang enggak jelas mau gaji tapi enggak mau capek makan tuh gaji buta,negative
hardisk oke barang sesuai pesan tapi kirim sangat lama dan botol pecah,negative
barang yang kirim kok 35 sata bukan ide enggak ada kartu garansi nya juga enggak sesuai dengan spesifikasi,negative
menyesaltidak bisa pakai,negative
kurir tidak konfirmasi belum kirim tautau sudah jalan kirim barang remote belum tengah tahun sudah rusak,negative
mantaaf wel ewel wel,positive
sipbarang cepat sekali sampaihanya butuh hari untuk sampai ke balikpapanthanks,positive
thanks lazada tv sampai dalam hari saja barang murah tapi kwalitas bagus,positive
kirim sangat cepat kualiatas barang ok packing rapi sok far sih bagus sesuai deskripsi tanks lazada,positive
fd kapasitas gede tapi enggak bisa nampung file sama sekali file sudah di coppy tibatiba di fd hilang sudah coba berkalikali tetap saja error sudah tunggu barang datang lama eh tau nya barang nya error semua kecewa banget,negative
reccomended seller paling murah barang asli segel deh ditest di sentinel belum pernah kepake,positive
pesan sandisk yang kirim toshiba pesan 7pcs kirim cuma beda brand pula sangat tidak recommended,negative
hard disk cover tidak sesuai deakripsi produk hard disk nya benar 25 inch tapi cas hardisk kirim yang 35 inch,negative
barang cepat sampai nya packing nya buagus banget bungkus rapi pakai plastik kletek2 lagi wkwkwk jadi bisa buat main wkwkwk good banget saya puas banget,positive
ada dvdrom nya enggak ya,negative
barang fungsi dengan baik packing rapi trdpt label hologram datascrip kirim kilat saya di daerah jaksel cuma hitung jam pesan jam pagi sampai jam siang thx lazada,positive
kirim cepat barang lebih ekspektasi sangat puas moga awet,positive
alhamdulillah darat dengan aman sudah coba dan kondisi baik thanks,positive
saya sudah pesan barang initapi lihat kecil hanya 512mbbisa tukar enggak sama yang gbmenambah duit tanya enggak apaapa tapi sudah enggak bisa di cancel ya,negative
kecewa belum pesan sudah saya tanya dulu kepada seller ini untuk pakai sure apakah benar beli flashdisk akan dapat kabel otg dan powerbank kata iya tapi nyata ketika barang datang yang ada hanya flashdisk dan kabel otg powerbanknya tidak ada telah itu saya follow up tanya powerbanknya kata akan kirim dan selang berapa hari kemudian bilang powerbanknya sudah kirim tapi sudah minggu lebih saya tunggu namun powerbanknya belum datang juga padahal posisi jual di jakarta juga masa kirim dalam kota minggu lebih saya chat seller ini namun hanya di baca saja sudah begitu responnya lama not recommended kecewa tapi sudah saya ikhlas saja terima kasih,negative
operasi sistem laptop enggak ada blank hanya layar hitam dan driver laptop juga enggak ada ih benarbenar parah nih,negative
cara kualitas dan harga sangat muas hanya saja bracket wal yang janji tidak ada tidak kirim sedikit kecewa benar mau kasih bintang karena cara kualitas kirim dan harga sangat muas kalau kirim braketnya saya kasih bintang deh,negative
saya minta ini tapi dapetnya kok micro sd ya,negative
terlalu lambat dan lot,negative
barang bagus sesuai deskripsi packing rapi hanya lama di gosend saja harus sameday sampai malah besok baru sampai padahal order dari pagi,positive
mantap puas banget,negative
barang bagus dan packing aman,positive
pesan sudah terima kirim cepat namun belum coba moga sesuai spek tksh,positive
walaupun belum bisa beli yang lebih besar kapasitas simpan ini sudah cukup dan bagus,positive
kirim cepat satu hari sampai packing rapi thanks lazada,positive
product nya bagus,positive
barang sudah sampai dengan cepat tidak seperti yang saya kira terima kasih kenkez moga hd ini manfaat sudah pasti jelas namun moga bisa awet se awetawetnya trimaksih lazada,negative
maaf agak lama sekali tunggu evip nya barang sampai hari mnrt saya lama karena kurir kirim pakai mobil van bubble wrap tanpa packing kayu manual book hanya ada cara pasang baik di dinding atau dengan kaki tidak ada cara pakai tv nya cari channel operasional youtube dl untuk operasional harus saya coba coba sendiri setup awal mudah mirip setup awal hp android kalo bisa sudah ada hotspot minimal dari hp androidnya bagus banget karena os nya memang murni android bahkan bisa di update baru hanya saja di pilih lokasi lebih baik di centang nonaktif karena jika di centang aktif maka kadang lama cari sinyal remotenya agak susah buka karena enggak umum bentuk tutup tapi kalo sudah tau sela sih gampang dvbt nya cakep enggak ada masalah untuk terima paling bagus pakai antena luar digital tinggiin antena pakai kabel kinih cakep tuh hasil analog nya terima nya enggak bagus merk korea belah harus aku untuk terima analog paling bagus ya merk korea belah saya pernah pakai merk jepang belah juga masih kalah di analog garis gambar jelas tapi kurang halus jadi mirip tv lcd padahal waktu pakai korea belah analog bening halus akhir terima kasih evip card garansi tahun sudah saya terima via email 15 hari sejak tanggal 1111 simpul dengan harga 27jt30jt di 1111 tv ini paling cakep antara yang pernah saya pakai enggak rugi deh tapi kalo harga atas segitu sih masih pikir2 dulu bagaimana pun terima kasih cooca skyworth,positive
kecewa yang di tulis di situ 64gb yang datang hanya 8gb parah banget the,negative
flashdisk tidak bisa guna,negative
hrga 26jt gilir di pesan muncul bayar juta lebih kan anehenggak jelas banget,negative
sama seperti gambar fitur standarttidak ada audio out untuk spekermasalahnya suara standar sekalioveral lumayan dengan harga ekonomis,positive
suka,positive
barang bagus packingnya sangat rapi dan fungsi dengan baik terimakasih jvp dan lazada kurir juga baik,positive
barang sudah di terima denga baik bagus rapi dan cepat terima kasih lazada,negative
itu sama memorynya ta gan,negative
bareng sudah sampai sesuai sama spec yang tertera2 kata top banget,positive
saya sudah terima tv nya tapi sayang tv nya rusak seperti ya ini rusak pas kirim ke gencet pas di layar nyapadahal saya sudah senwng banget sblumnya tapi saya sudah proses kembali mudah mudah dana nya cepat di terima saya mau psen lagi gapapa enggak kapok mungkin ini betul nasib kurang baik soal lihat ulas orang lain barang nya bagus bagus,negative
barang sampai dengan aman packing ok sesuai jadwal dari lazada terima paling cept tnggal nyampai dtngan tnggal masih wajar brhubung daerah saya memang bgian dalam trimakasih,positive
saya beli yang 32gb yang datang kok 64gb memori rusak semua saya minta return,negative
alhamdulillah order tanggal 12 sampai tanggal 15barang fungsi dengan baik order yang dua untuk tv coccasemoga awet barang,positive
saya beli di toko bulan lalu ada port usb dan bisa di pakai tonton film dari usb pas beli sini ada port usb tapi service only kenapa ini tipe nya sama cuma gambar lebih tajam yang ini sih tapi usbnya kok hilang,negative
barang ok fungsi dengan baik,positive
produkny bagus sesuai di foto,positive
kualitas bagus dengan harga yang jangkau mantab,positive
sudah lewat estimasi kirim barang tak juga datang,negative
kirim sesuai estimasi telah beberapa bulan ada bercak di lcd mau servis mana binggung karena enggak ada nota beli dan garansi,negative
service memuaskanproses cepat kilatbarang oke banget kemas paket mantabrecommended deh,positive
barang lumayan cuman os nya agak tinggal kit kat os,negative
masih jual 64mb,negative
kirim cepatbareng lumayan bagus cuma gambar nya kurang tajamjernih,negative
alhamdulillahpengirimancepat tepatdan kondisi amanbagus terimakasih,positive
baru kali nih saya blanja barang nya tidak sesuai yang di harap kan layar lcd nya ada garis panjang lebar layar tv,negative
jujur enggak ya jangan harap hrga murah kualitas ok,negative
flash disk sudah terima dengan baik terima kasih,positive
pesan saya sudah lewat estimasi kok enggak nyampe2 padahal posisi saya di bandung barat apalagi yang di luar jawa tapi walau telat barang bagus tks lazada atas layan moga bisa tetap jaga komitmen utama dengan bebas ongkirnya,negative
kenapa pesan saya dibatalkankatanya alamat tidak ditemukanpadahal saya langgan setia lazada dengan guna alamat yang sama,negative
bahan cukup solid dan ukur cocok oke,positive
kirim cepat moga umur lama,positive
tidak support mp4 padahal di deskripsi bisa play format mp4,negative
paket sesuai dengan descriptionlom di coba moga enggak ada masalah,positive
packingan mantap kirim cepat barang sesuai deskripsi,positive
flashdisk abal file yang di simpan tidak trbaca dan tiba hilang,negative
laptop hp elitepad 900 g1 telah terima tanpa cacat meski tidak mulus banget tapi fungsi sangat sempurna kirim sangat cepat tidak sampai hari sudah sampai bandung respon seller seperti saya alami sejak mesan awal dua tahun yang lalu kotakom sangat baik bravo,positive
agak lambat,negative
tv nye mantul binggitthanks,positive
recommended guys,positive
barang sesuai gambar cuma proses copy file agak lama,negative
barang sesuai dengan gambar top,positive
barang belum terima kok notifnya sudah di terima ya tunggu konfirmasi,negative
barang ini belum saya terima saya ingin batal karena hari ini adalah tenggat waktu akhir kirim barang tetapi barang tidak datang juga saya sudah baca cara untuk batal pesan tetapi cara yang papar tidak bisa laku karena di aplikasi dan website lazada tidak beri pilih batal pesan hanya ada pilih untuk kembali barang jadi saya guna fitur ini mohon untuk segera kembali uang saya dan tolong beri terang yang benar untuk cara batal barang saran agar anda erti maksud saya tentang cara batal pesan sila baca cara batal pesan jika anda bisa laku batal anda super hebat dan pasti anda adalah anak tuhan,negative
kecewa datang barang enggak periksa datang dalam kondisi pecah sudah lama nunggunya pokok kecewa banget,positive
produk good murah tapi enggak murah,positive
terima kasih barang sudah di tangan sendiri walaupun harus ambil paket di jne welewelewele belum coba sih flashdisknya mudahmudahan aman ya,negative
sampai jogja dalam hari pros koneksi wifi lebih lancar banding pakai mibox tv murah dapat promo 35jt telah 10 hari terima barang dapat voucher hooq fre 90 hari suara tv kencang remote support google assistance android aplikasi cukup banyak cons body kurang kokoh tv hanya bisa terima siar analog pindah channel tv kadang enggak keluar suara mesti dipindah2 channel dulu tidak bisa putar file dvd di external usb drive maupun dari flashdisk nyata memang enggak dukung format dvd minim manual guide over al cukup worthy,positive
barang sudah terima tapi kenapa gambar yang pojok gosong ya bisa komplain,negative
paket datang sesuai schedule kemas rapi aman barang sesuai dengan iklan kurir sabar dan ramah terima kasih lazada moga konsisten,positive
awal beli cuma 52rb sekarang jadi 81rb padahal mau beli lagi akhir enggak jadi beli,negative
sampai lama,negative
saya mesen minggu lebih barang enggak sampai dan tiba tiba di batalin begitu saja sedang uang sudah potong enggak lagi lagi deh kecewa mikir dulu belum pesan nih barang,negative
gan mau tanya itu capacity 64 gb apa 64 mbak,negative
tks barang nya sudah terima tapi kenapa ya flashdisk nya dua2 nya enggak bisa untuk simpan lagu mp3 mp4 dl,negative
toko online macam apa ini tolak pesan konsumen enak hati dalam hitung detik sedang urus refundnya bisa bermingguminggu kalo mau pakai duit jangan pakai duit konsumen dong pinjam saja dibankgampang kan,negative
alhamdulillahkemarin paket deh keterimabelum di cobamudahmudahan baguskarena deh prcaya sama lazadaterima kasih sellerterima kasih kurirterima kasih lazada mudah saya untuk blanja,positive
tau deh masih bisa apa enggak brgnya enggak tau mana,negative
barang sesuai pesan,positive
cuma tengah gb,negative
ramah banget jual terus senang banget barang datang package nya bgs,positive
sangat bagus tepat waktu kirim nya,positive
kecewa banget pesan warna mica tapi yang datang teh warna apabeda kali,negative
sesuai pesan thanks lazada thanks toko bang bob,positive
masih belum faham cara aktifin nya bagai mana masa windows nya enggak isi sama saja bohong,negative
paking bnar2 aman dan pakai paking kayu jadi tetap jaga keamannnyalazada memang oke,positive
flash disk tidak dapat deteksi di komputer,negative
jangan beli produk dari toko ini,negative
bohong nih barang ram cuma gb dan android kitkat yesel beli,negative
kecewasudah saya terima brgnyatadi enggak yakin dengan hrg segitu rp 90800 plus dapat bonus kabel otgsdgkan hrg pasar sekitar 120an ributidak sesuai baru sekarang saya belanja di lazada dapat barang rongsok,negative
jauh ini bagus tapi belo dala jagka waktu yang lama tunggu sapai at least minggu kalo masih lacar baru bintang,negative
bagus dan fungsi,positive
saya puas beli ini brguna banget untuk saya,positive
mantap sudah ada sandisk secure nya,positive
tolong dong cs untuk pro aktif layan konsumen baru bulan beli tv led nya rusak,negative
kapok beli dilazada flashdisk merek hp 32gb,negative
bisa sih recognized tapi file yang masuk corrupt mulu apa kali maksud buangbuang duit saja,negative
saya tanya bonus langgan iflix bulan dapat jawab dari pihak lazada malah enggak dapat kalo begitu buat apa anda tulis dapat bonus iflix bulan enggak lagi lagi deh belanja di xiaomi lazada kalo memang enggak akan di kasih kapai di tulis dapat bonus langgan iflix,negative
imut belum sempat coba,positive
alhamdulillah barang datang dalam ada baik enggak ada kurang hanya packing cuma buble wrap saja kirim lumayan cepat cuma hari saja pesan siang besok siang sudah datang ini alam pertama belanja terus kirim paling cepat hanya saja kurir ninja nya enggak ramah beda sama kurir jne dulu saya beli led 40 sampai di cek dulu terus di pasang juga di setting langsung sama kurir,negative
bagus bisa tv monitor pc lumayan dari pada beli monitor saja,positive
barang bagus kemas kurang bagus tidak aman,positive
kirim cepat fungsi dengan baik moga awet,positive
gila ya alamat deh betul tulis deh betul tapi waktu buka isi beda saya rasa rugi yang kirim antivirus memang saya pesan antivirus apa karena ada diskon jadi rubah begitu saja peaanan saya,negative
kirim barang tidak ada bonus handsfreenya,negative
barang cepat sampai tapi pesan saya yang gb kenapa yang kirim 64 gb,negative
barang cukup bagus packing nya ok kirim sesuai jadwal telah beberapa hari di coba ada beberapa file saya yang tidak bisa di buka seperti exel apa file nya corupt di usb nya tera 20 padahal di skripsi nya 30 tapi indak apaapa lah moga awet amin,negative
dapat di harga 56jt ongkir 300k ada potong voucher 500rb total 54jt padahal ada tulis fre shipping jawa sumatra bal tapi nyata tipu2 tanya jual malah suruh hubung cs untung barang datang dengan selamat dan fungsi dengan baik tv besar android harga jangkau tapi was2nya itu yang bikin stres pikir,positive
tidak bisa buka photo dam video di tv,negative
baru pakai minggu sudah mati total,negative
no kommmeeen very good,positive
iya enggak jelas ini tv 24 atau 48,negative
ringin promo ya coocathanks,positive
flashdisk saat dicopy file yang baca tengah doang sudah mana beli saya tipu pantas enggak garansi hati hati untuk yang mau beli,negative
kirim cepat produk tepat recommen guys,positive
pesan tv bunus breket sangat muas dengan harga voucher diskon 1710 mantap jiwa cod kirim dengan ark bulky parah habis walau akhir sampai juga itu juga mungkin karena saya sering chat dengan cs lazada tanya pesan saya,positive
barang bagus tanpa cacatterima kasih,positive
produk utama teopelah sesuai deskrifsi bonus ya lumayan cable otgnya top tapi usb 16 gb nya gagal format thanks lazada seller,positive
alhamdulillah barang sudah sampai mulus packing good langsung saja testbagus gambanyakwalitas oke thanks lazada thanks seller nya,positive
ini bagaimana barang enggak ada tapi di pemebritahuan barang sudah di terima sedang saya enggak rasa terima barang coba dong kerja sama,negative
puas banget,positive
awal sempat ragu pas unit nya sudah sampai wow bagus banget kualitas nya enggak jauh beda dengan tv android yang mahal puas banget rapat warna real fhd setting nya gampang bisa pasang pakai bricket bisa tetring dari hp wajahgembiradenganmatabahagiawajahgembiradenganmatabahagiawajahgembiradenganmatabahagia remot nya mewah elegan cuma kartu garansi saja entah memang enggak ada bentuk fisik atau bagaimana ya mudahmudahan awet enggak ada kendala yang arti buat depan nya thank you cooca lazada,positive
saya mau kembaliin produk tv ichico by yang kemarin yang psen nyata pas sampai di rumah gambar nya enggak ada suarany ada,negative
barang bagus sesuai enggak ada masalah recommended banget,positive
top banget deh pesan tanggal datang tanggal 10 jam pagi thanksi buat lazada sellernya dan tak lupa buat abang yang nganter juga mudahmudahan awet,positive
fashdisknya bagus kim cepat orisinal puas pokoknyathanks lazada,positive
alhamdulilah barang sudah terima belum dicobamud h2an awet,negative
pesan cepat sampai mesen kemarin sekarang sudah datang pokok mantap tapi qox aplikasi masih kosong ya sama agak ngeleg dikit,positive
telah coba sekali eksternal sempat baca lanjut eksternal hardisk tidak baca di laptop saya guna windows 10 dan memang nyata banyak masalah guna eksternal ini di windows 10 rencana saya mau kembali ke lazada,negative
kulit luar halus tapi gampang sobek mungkin saya yang kurang teliti baca deksripsi bagi dalam bagus sesuai packingnya seperti biasa selalu muas dari ugreen,positive
barang sampai,negative
flashdisk original bisa pakai dan moga awet,positive
bagus sesuai dengan deskripsi moga awet pakai depan thx lazada,positive
saya pesan dari tanggal 15 sampai sekarang belum datang juga nih barang,negative
produk selamat sampai tuju tapi belum di coba moga awet tapi jangan kirim pakai tik lagi please lebih recommended kirim pakai jne saja khusus ke boyolali,positive
barang mantap murah dan di jamin original kirim sangat cepat karena mungkin jarak yang tidak terlalu jauh pesan jam 11 siang sampai jam sore harga murah dengan kualitas barang yang bagus,positive
kirim cepat sesuai jadwal kondisi barang bungkus aman dengan baik dan fre bonus juga lengkap,positive
komplain barang cacat,negative
file yang masuk dalam corrupt mulu sesal beli,negative
dalam segi epak sangat bagus vvip kalau kuallitas bareng orisinal enggak tau kalau tahan karena tv baru pertama pakai merek cooca ongkir sangat murah walau 10 hari baru sampai mungkin jauh ke sumatrarekom,positive
lama banget datang nya lumayan sih,negative
pesan dari tanggal 12 estimasi tanggal 16ke chat di live chat tanggal 17 suruh tunggu hari kerja sampai tanggal 22 terakhirlive chat lagi hari ini tetap enggak ada jawab juga benar pesan saya kirim enggak sihapa barang kosong enggak jelas mana barang apa enggak ada yang mau antar kali sampai harga turun lagi nih tv ah pesan lagi saja deh tolong dong pihak lazada konfirmasi kalo anda barang enggak bisa kirim sesuai tanggal estimasi baik lagi proses kirim cepat bukan arti bagus,negative
enggak ada kabel colok ke komputer nyaharus nya dapat apa harus beli pisah,negative
flashdisk tidak bisa di guna semua rusak tipu bangsat jangan kalian beli lagi juang ini kecewa beli semua rusak,negative
pingiriman cepat tidak kecewa barang asli telah dibukasama dengan foto thanks lazada memang effortles banget,positive
layan bintang benar karena cepat sampai dan packingnya rapi dan lagi bonus pouchnya lebih baik lah dari beli belum yang mudah robek untuk produk tidak tau ya ini warna merah yang saya pesan merah jelek sekali tidak seperti di gambar transfer data masih kalah dengan yang wd element tb milik teman saya di dia sampai 80mb di saya ini mentok di 35mbsi entah laptop saya yang tidak kuat ngehandle 2tb atau seperti apa saya tidak tau,negative
sudah blanja malah minta uang belakang yaudah mending batal saja,negative
cewek jangan beli lagi di toko inibohong kalau bisa toko ini di blokir saja,negative
mantap dan dalam kondisi mulus,positive
kirim cepat packing bagus namun kenapa saya butuh waktu lama sekali untuk nyala laptop sampai harus pencet berkali2 dan startupnya lama,negative
barang bagus dan cepat sampai,positive
warna hitam ada,negative
standar,negative
barang sampai nya beda dari yang pes,negative
barang bagus sesuai pesan hanya saja kirim lama sekali lebih dari 10 hari bikin harapharap cemas tidak saran untuk beli yang butuh barang ini cepat,negative
saya sangat kecewakatanya 64gb original enggak tau nya palsu cuma kapasitas 4gb enggak takut dosa ya kalau jual online bohong,negative
gambar tidak lihat,negative
barang ganti sampai sekarang belum ada konfirmasi kondisi barang datang tanpa ada packing kayu padahal konfirmasi jne harus dipacking kayu entah siapa yang salah yang jelas saya rasa rugi cara waktu pikir dan tenaga moga dapat segera difollow up,negative
barang siappacking siap melipattanganmelipattangan,positive
kemas rapi persis asli pas pakai langsung minta format dan sukses bisa copy file tapi semua file yang masuk ke flashdisk jadi error not recommended sorry,negative
terbaiq,positive
barang bagus dan kirim cepat seller recommended,positive
original warna tera grey tapi asli biru gelap,positive
belum di coba moga nyala,positive
barang memang bagus packaging enggak pakai kayu tapi bubble wrap kali box lihat sudah buka dan busa dalam ada yang patah sedikit mungkin karena cek dulu barang yang kecewa hanya sistem lazada cicil kakak nya sudah coba puluh kali sempat instal ulang ap sudah lewat cs nya tetap enggak bisa bikin frustrasi karena harga miring saja sih yang bikin lanjut dengan bayar ful kalo enggak ya pindah ke toko belah yang pasti enggak seringsering lah pakai lajadah,negative
layan lazadanya ok tapi support cooca nya buruk tv rusak mainboardnya telah pakai bulan dapat evip dari cooca jadi hak dapat ganti unit baru tapi sudah 3minggu lebih masih belum kirim kecewa,negative
packibg rapi bonurls lengkap murah riah mantap jempolkeatasjempolkeatasjempolkeatas,positive
barang mantap sesuai pesan,positive
lumayan tapi banyak juga yang enggak baca,negative
barang nya oke lah tapi kapasitas nya bohong gaka sampai 32gb begitu cek banyak yang pakai dan enggak bisa hapus format pun tetap begitu 2980gb kapasitas nya,negative
baru 10 bulan layar deh gar,negative
di dalam kemas tidak dapat kartu garansi,negative
kirim sangat lama tolong kalo bisa informasiin ke beli,negative
barang kau di jual rugi saya beli kalau mau jual barang jangan jual harga tolong jaga kwalitas kapok saya beli,negative
mantap murah riah tapi enggak murah kirim cepat,positive
data bisa masuk flashdisk tapi corrupt semua,negative
barang nya lot cepat parah dan enggak bisa sub folder dan folder enggak bisa di delethedueuh,negative
barang nyampai dengan mulus tidak ada cacat,positive
lope,positive
microsdxc uhsi card evo plus 64gb with sd adapter telah terima dengan baik dengan garansi resmi ya mobile sangat puas seperti apa yang harap barang sama dengan yang jual di geraigerai samsung mobile,positive
pesan 64 giga kirim giga tapi sampul tulis 64 giga telah cek nyata memang 64 giga tetapi ringan banget,negative
puas thank lazada indonesia,positive
di isi mp3 hari bisa besok minta di format lagi sesuai harga,negative
barang mantap pesan sesuai kirim cepat recommend seller,positive
terimakasih barang sudah sampai packagingnya sangat rapi tapi sayang bonus enggak bisa pakai karena enggak ada lampu laser,negative
sudah coba malah enggak bisa nyalak wajahmerenung,negative
barang darat dengan selamat di sampit walau belum nya ada ke khawatir karena dakota cargo tidak ada cabang nya di kota kami overal sempurna bintang untuk lazada dakota cargo,positive
trf file lamban,negative
kirim tepat waktu barang juga fungsi normal jempol buat lazada,positive
jempolkeataswarnakulitcerahjempolkeataswarnakulitcerahjempolkeataswarnakulitcerah,negative
sampai sekarang order tanggal belum sampai ditngan saya,negative
magic pointer tidak compatible kenapa ya,negative
barang sudah terima dengan selamat,positive
kecewa dengan lazada karena apa yang di deskripsi di bawah barang nyata beda dengan yang di jual atau yang di terima beli di deskripsi usb movie buat putar media player nyata yang di dapat hanya untuk service onlyiti saja turut saya harus pihak lazada ubah deskripsi cepat karena biar beli customer tidak bingung dalam beli produk ini kasus di saya adalah kasus yang sangat penting ingat pesan ini di tuju untuk teman saya sendiridan teman saya sudah lihat deskripsi bahwa tv ini bisa buat putar media playeralhasil saya yang kena omel dari teman sendiri,negative
bagyus,positive
baik sesuai yang di gambar kirim cepat,positive
pas di hd lancar jaya kabel pas enggak goyang,positive
pesan dari tanggal mei sampai sekarang enggak nyampai2 bagaimana nih layan sangat kecewa,negative
barang diterma dalam kondisi okkurir sangat ramah sekalithanks lazada,positive
packingnnya hanya guna bubble cukup was sama kirim saja yang agak lama,positive
cepat panas,negative
sempat lama sih kemarin dilayaninnya hampir hari packing rapi dan kemarin juga pernah beli dari seller ini untuk barang yang sensitif akan bentur aman sellernya deh sip sih jadi percaya buat beli lagi lagi promo awal tahun juga harga miring barang oke ty ya gan,negative
barang ok tapi sampai nya lama banget entah ada transit ke jepang lagi sih ninjanya tanggal mei sampai kesini 18 mei luar biasa,negative
harga sedang diskon gratis ongkir bisa cod proses cepat benarbenar alam belanja yang senang,positive
sempurna,positive
good moga awet,positive
tv di terima hari telah bayar tv di terima tapi telah di buka nyata layar led nya pecah amat sangat kecewa dengan kualitas kirim dan barang jadi bikin ribet saja karena harus laku kembali dan isi segala macam formulir mana besok hari libur nasional dan libur panjang jadi makin susah cari jne untuk kembali sama amat kecewa,negative
barang bagus peking rapi gua rekomendasi banget lah kalo barangnyacuma sayang kirim lama kayak ampas jne oper sana sini barang gua enggak enggak muncul2 harus di komplen dulu cs nya kali baru erti mending buat kirim lain deh lbi bagus,negative
harga jangkau spek oke cukup buat anak sekolah kerja tugas,positive
tolong ya gan di cek pesan tv led philips ini atas nama aulia latief kenapa tidak sampai sampai tolong cek lagi soal barang saya belum sampai ke tangan sudah mau bulan kalau begini aku kan sudah jadi member bisa lari semua membernya kenapa lazada begini sekarang tolong konfirmasi ke saya tv ini bagaimana kalau enggak mau kirim sudah kalau mau kirim saya tunggu dalam hari depan kalau dalam hari depan barang belum sampai jangan salah saya saya cancel saya enggak mau ribet kalau saya cancel barang datang mau kembali ke lazada pusat saya kecewa enggak mau lagi guna aplikasi ini enggak mau lagi belanja sini terima kasih,negative
tidak bisa di pakai hanya bisa simpan file,negative
sudah rusak enggak sampai stengah tahu,negative
barang bagus cuman pas di coba hd nya tidak ke deteksi di laptop,negative
pngiriman cepat dan sesuai dengan gambar thanks seller,positive
ok sesuai pesan,positive
earphonenya enggak fungsi over al is okaay,positive
barang sudah terima lebih cepat dari perkiraansudah di coba hasil ok thanks lazada seller kurir,positive
barsng originalkualitas okenamun kirim lambat,negative
barang cepat sampai dan bagus,positive
sesuai sih tulis 64gb tapi file nya korut ah masa mindahin film bisa 1gb doang sedang situ ruang simpan nya 64gb tapi bisa nya 1gb doang,negative
kecewa barudi pakai beberapa kali flasdisk minta di format terus,negative
barang nya enggak fungsi enggak nya belum di kirim di cek barang nya nyala apa enggak kali ini kecewa,positive
barang bagus sesuai deskripsi masuk hadiah kalau kapasitas yang enggak sesuai harap maklum estimasi minggu kurir ramah terimakasih lazada jet store,positive
cara keridit bagaimana,negative
tak fungsi,negative
bagus sesuai harga,positive
kata bonus otg saya cari tidak ada bonus,negative
enggak baca pas cabut malah setrum jempolkebawahwarnakulitcerah,negative
speed kencang,positive
barang bagus dan rapi,negative
barang minggu langsung rusak,negative
barang oce tidak ada masalah 64 enggak barang oke 16 belum coba otg lancar jaya,positive
tv nya keren bangetpacking rapi dan aman tapi sayang juta sayang kecewa karena nanti yang lama banget lebih estimasipesan tanggal 11 des terima tanggal 27 des jne oke banget pas barang sampai langsung hari itu juga di info ke milik jne top banget,negative
barang yang terima sesuai tapi ujung usb bengkok kalau saja lapak nya di daerah sini gue langsung datang kesana tapi untung nya masih bisa kalau tidak bisa gue bakal kembali,negative
cant login tapi activated this netbook because need password need help for this problem wajahmenangiskeraswajahmenangiskeraswajahmenangiskeras,negative
memuaskanjempolkeatas,positive
pesan nan nya sampi walow pun terlanbat sayang plesdis nya enggak bisa kepake jelek kecewa banget lazada psroduk nya sering aku pesan tapi enggak pernah sesuai gambar pesan kecewa,negative
iklan 32 gb 100mbsi tapi kok di kirim nya 16gb 80mbsi bagaimana niplch sama saja tipu bos,negative
untuk produk ok darat dengan aman dan cepat bungkus rapi dengan bubble wrap pas lihat fisik ok fungsi dengan baik tapi untuk bonus sama sekali enggak dapat baik paket langgan juga bracketnya jadi agak kecewa situ mana nih janji lazadajangan sampai orang kecewa bisa alih ke onlineshop lain yang jamur sekarang,positive
barang mantab harga saing deh dapat tv android moga kualitas skelas tv tv branded,positive
anti virus enggak bisa dipakaifre pouch kecil,negative
paking bagus sudah di coba bisa pakai moga awet saja terima kasih,positive
kapok belanja di tang ac,negative
kirim aman dan cepat barang fungsi dengan baik dan kualitas lumayan mungkin akan lebih baik bila sudah supprot dvbt2,positive
jauh ini mantapwin 10 asli,positive
bagus iram cepat paking bagus telah pakai bisa,positive
alhamdulillah paket sudah saya terima dan fungsi dengan baik real kapasity terima kasih,positive
alhamdulillah sampai juga ini barang,positive
kirim tv pecahdikemas tanpa paking kayubantu cepat proses refund,negative
barang sudah datang tapi enggak bisa pakai kecewa,negative
barang sudah di terima sangat kecewa enggak bisa ke baca sama komputer baru kali ini belanja di lazada sangat kecewa,negative
order tanggal 13122016 bilang standard kirim antara 16 23122016 sampai sekarang tanggal 27122016 barang belum sampai2 terus kapan jadi barang pesan saya mau kirim plis jangan kecewain konsumen dong,negative
mantap bagus kualitas baik kirim baik saya baik saya ganteng,positive
mau pesan takut enggak sampai,negative
barang sudah sampai dengan tuju tapi kok remot ya enggak fungsi sih terus tv ya buat apa dong tolong dong pihak lazada lanjut bagaimana nic kecewa banget saya sudah beli batu baru masih tetap saja enggak fungsi remot ya,negative
barang tidak orisinal,negative
bismilahsemoga awetsangat puas dengan tvnyakurirnya sopan ramahwajahgembirawajahgembira,positive
pesan 16gb kok yang kirim 8gb bagaimana nihkecewamohon teliti lagi,negative
terima kasih seller lazadabarang sampai dengan selamatkondisi semua oke tidak ada lecet dan semua fungsi dengan baiksemoga awet,positive
tolong bagi lazada seler toko ratna shop saya pesan flashdisk buah 64 gb yang kirim ke saya 32 gb bareng enggak sesuai dengan spesifikasi jangan di ajak join ini terus saya mau ngembalikan bagaimana,negative
tidak sesuai gambartidak ada obengdan tidak ada dompetkantung lindung yang ada digambartolong baik,negative
mudahmudahan barang nya bagusbelum saya coba,positive
kirim cepat sesuai jadwal saya beli buah harga sesuai denganpenawaran barang 64 gb tulis di flashdisc 64 gbbox kemas 64 gb waktu pakai isi hanya gb kecewadoong ach,negative
saya pesan dari tanggal 19 desember kata sampai tanggal 23 tapi sampai saat ini belum ada juga,negative
enggak bisa di pakai harus format terus,negative
fisik fdnya 64gb di laptop memang corrupt 2gb saja jadi 62gb habis itu saya copykan file yang isi 30gb lalu saya eject saya cabut saya pasang lagi tiba saja setengh file saya hilang eh rupa fd nih cuman bisa nampung 15gb saja 47gb lebih kena corrupt fileny bisa kena hapus,negative
kirim cepat namun gambar kurang jernih lebih dominan merah sudah di stel tapi tidak juga bersih,negative
barang bagus kualitas original cuman kirim nya saja aga lama,positive
lumyan lah,negative
waktu buka email ada dari lazada pesan anda telah anda batal mengapa pesan saya telah batal padahal saya enggak pernah batalin pesan sedang di pemberitahuan aplikasi lazada pesan telah kirim lalu kurir internal kami jadi yang benar yang mana nih saya pesan sabtu 270118 dan harus seninrabu sampai sedang biasa saya kalau pesan cuma hari sampai karena gudang lazada didepok dekat ke jatiasih sampai kurir lazada nya pun kenal sama saya karena saya suka pesan di lazada,negative
barang oke cepat sampai good service thanks lazada,negative
ini barang kau enggak bisa simpan ap enggak bisa pindahin ap dari device ke sd card nya rugi mahal tapi kau,negative
kirim lama,negative
terima kasih pesan sudah sampai packing rapi bpk kurir ramah baik tadi sempat di coba dan pungsi semua moga awet dan enggak ada masalah terima kasih lazzada recomrnended deh,positive
kenpa kalo di coba buat etik eror misal kalo tekan langsung keluar,negative
ini saya baru beli dapat bulan kok enggak baca dan tulis di label 32gb kok real nya cuma 16,negative
bentuk cantik bagus lah pokok nya tidak kecewa,negative
fdnya kualitas buruk sesal sekali sudah belanja sini giur harga murah tapi barang murah,negative
barang sudah sampai dan sudah saya test lancar,positive
barang telah sampai dan saya tes sendiri saya jatuh dari tinggi meter hasil wow keren sekali hd tidak ada masalah tetap normal kirim walau agak lama karena jangkau jauh merauke papua tetap syukur karena pebgiriman tidak ada kendala sama sekali jempolkeatasjempolkeatasjempolkeatasjempolkeatasmawarmawarmawarpokoknya puaaaas,positive
raedy kah barang nya gan,negative
packing ok harga standart kirim cepat victory hand,positive
puas telah minggu pakai lancar buat main game suka cuma batrenya agak boros mungkin karena prosesor 15 wat tapi enggak apaapa yang penting lancar main game,positive
bagaimana cara setting chanel nasional dapetnya chanel daerah mulu kalo sudah bisa baru tambah bintang wajahmengantukwajahmengantukwajahmengantuk,negative
mas mbak maaf nih mau komplen ini tv garansi enggak ya saya beli baru 2mnggu tiba suara nya jadi gember beginitlng tnggng jawab nya thx,negative
lama pakai minggu flashdisk eror write protected jadi enggak bisa hapus file format,negative
barang nya ok tapi agak cepat panas kapasaitas real tidak corrupt,positive
mantap order malam siang sampai top lah,positive
original sandisk,positive
mana soundbarnya kok sampai sekarang enggak kirim kata batal pesan tapi nominal yang dkembalikan cuman 56000 apa sesuai uang sgitu dengan hrg brgnya,negative
asli,positive
sangat kecewa flasdis memori card palsu tidak bisa pakai memyimpan data alias rusak tolong lazada tindak tegas reseller yang jual produk palsu yang rugi konsumen rusak repitasi lazada,negative
barang muas sesuai pesananpengiriman cepat dan lazada top banget,positive
bagus puas,positive
barang sudah di terima di packing dengan bubblewrap fungsi dengan baik ada barang aman terima kasih lazada xiaomi dan tugas kurir,positive
pesan nya dari tngl sampai pertngl brng belum juga sampai kecwa banget proses pengrman lama,negative
bagus sesuai gambar,negative
barang bagus cepat sampai,positive
kak kenapa ya kalau di isi video malah rusak ini flashdisk khusus lagu sama foto sama tugas tapi ya ngapapa deh wajahmenangis aku kecewa,negative
bingung harus tanya sama siapa sudah kiri pesan dari kemarin tapi belum ada respon saya hanya tanya perihal code langgan hooq bulan yang janji di ikla tapi sampai saat ini belum dapat info padahal sudah minggu lebih,positive
kondisi baik dan sudah di terima,positive
packing baik recommended seller barang sesuai pesan,positive
bagus sih tapi kalo saya cut file dari memori hp ukur 5gb enggak bisa harus satu2,positive
thanks lot lazada pesan tv tanggal 482017 sore tanggal 582017 pukul 1040 pagi deh sampai rumah bayar tempat lagi lazada top banget,positive
ini otg enggak fungsi belum saya cek flashdisk nya mah retur bagaimana nih,negative
barang sesuai dengan yang di iklan proses dan kirim cepat recommended untuk beli dari seller ini,positive
enggak bisa error boy,negative
barang dite ima dengan baik terima kasih,positive
flashdisk nya tidak baca di laptop mau pindahin file jadi enggak bisawajahtanpaekspresi,negative
produk sangat bagus tv pintar yang lebih dari tv led biasa puas belanja di lazada terima kasih banyak lazada ninja expres,positive
terimakasih lazada barang sampai temat waktu aman,positive
barang nya bagus mantap,positive
harga jangkau kualitas bagus,negative
pesan sampai sekarang belum saya terima tau nyangkut mana,negative
mantap kurir doang lama enggak kayak jne jne mah dari jakarta bekas cuma hari doang ini mah lebih dari hari,positive
mau tanya bagaimana nih ini kok enggak masuk sh ke hp saya kasih ktranganya dong biar kita enggak saling kecewa brang sudah sampai dan rapi tapi enggak masuk sama hp saya kasih info ke gmail saya ahmadbaehaki200 com tanks lazada,negative
sangat buruk jangan beli fd ini saya beli semua tidak bisa pasu data sekali bisa data nya corupt saya sangat kecewa,negative
bareng cepat sampai packing rapi bareng tidak brfungsi normal alias tidak bisa pakai transfercopy file dari pc ke laptop dan balik kosong hanya tinggal nama folder saja tanpa isi file yang di transfer sangat kecewa,negative
wah payah,negative
barang nya tidak sesuai ya kecewa banget,negative
enggak bisa conect ke laptop saya kecewa,negative
produk nya original dan fungsi dengan baik,positive
datang nya cepat fungsi dengan baik,positive
barang bagus size cukup untuk hard disk hp,negative
barang terima dengan cepatsemoga awetkalau bisa saya kasih tahu cara claim garansiterima kasih,positive
mantap top margotoplah asli mantap tapi voucer hooqnya belum kirim ke email saya,positive
bagus tv dalam kondisi aman sampai di tuju,positive
enggak bisa nyimpan data kayak flaadish bekas ya padahal saya sudah sering kecewa belnja di lazada,negative
bagus sesuai dengan harga cuman remote tidak fungsi sempat bisa telah itu mati sudah contak service center dekat mudahmudah remote bisa di tukar sementara pakai aplikasi di hp,negative
barang rusak file yang di pindah ke flashdisk nya jadi damage,negative
kecewa dehbarang tukar model lain pesan lagi 22mt48afpt tukar lagi 22tk420a tanpa konfirmasi dulu,negative
mantap bisa bayar tempat,positive
pesan barang datang dalam hari packaging rapipengiriman tepat lokasinyafungsional belum di testthanks lazada,positive
barang bagus sempat ragu buat beli karena bagi komentar bilang barang jelek atau datang ada pecah but overal good lah layar nya juga jernih di beberapa channel sisa nya agak jelek mungkin dari antena good lah pokoke,positive
coba untuk simpan,negative
karena kirim tepat waktupackingan bagus rapi dan kurir sangat ramah,positive
mantap lah dapat harga murah juga,positive
entah sudah berapa puluh flashdisk merek ini saya beli sini dari promo tidak promo bahkan saat tidak butuh tapi kok yang akhir kirim ini beda ya ya beda biasa merek ini ada stiker hologram nya yang akhir kirim hanya upa stiker biasa bukan hologram mudahmudahan hanya itu saja beda kapasitas sama entah untuk kualitas,negative
hari kirim ke semarang kurir ninja sabar dan ramah meski enggak dipacking kayu kemas aman enggak gores barang pun mulus langsung coba hasil kualitas bagus operasi user friendly gambar hdr suara dolby mantab untuk kelas led tv wifi lancar mirroring sangat mudah source bisa analogdvbt2satelithdmiwifilan meski enggak android tv tapi oke lah pakai os bawa cooca cara fisik bevel atas samping sangat tipis tapi ketika hidup dalam screen masih ada bevelnya sktr 1cm channel yang dapat analog 17 ch digital ch smart tv 32 inch dengan harga 22jt recommended,positive
siiip barang bagus pas promo pula haha original product thanks seller and lazada,positive
msd 64 gb bagus,positive
keren,positive
saya kecewamasa paste file dari komputer sayadi flashdisknya filenya kosongcuma ada folder doangmonsteralienmonsteralien,negative
barang bagus sesuai,negative
barang kau enggak bisa guna sesal sekali sudah lanjur beli enggak bisa semua,negative
bisa windows,negative
sudah saya transfer tiba hari kemudian stok habis bagaimana ini lazada kecewa,negative
barang replika,negative
oke banget deh pokok enggak sesal terus pik up nya juga rapi benar sampai susah buka,positive
barang lama sampai,negative
ini pertamakali buat saya beli barang dengan metode bayar di tempat dan nyata benar sampai sesuai pesan begitu barang datang langsung saya pasang di handphone saya sangat muas kualitas barang original terimakasih lazada,positive
recomended kurir ramah,positive
case yang beli bukan untuk external hardisk 25 tapi untuk 35 data kurang jelas supaya buyer lain tidak salah beli,negative
kalau beli sini jangan lebih dari satu pasti sesal sebab pasti dkirim cuma satu,negative
terima kasih atas barang sudah terima dan fungsi dengan baik,positive
bohong cuma 29 gb doang,negative
mohon maaf laptop sering lot sellernya ramah dan fast respon harga sangat baik,negative
kecewa flasdisk tulis 32 gb nyata isi cuma gb,negative
mana yang benar ya 24 inch atau 48 inch,negative
flasdiskkali eror trus telah isi file file trsebut hilang bagi agak kecewa,negative
proses cepat,positive
barang oke tapi kirim amat sangat buruk moga baru sampqi invoice jne actual ninja,negative
kabel otg nya rusak ya gan kok saya colokin enggak bisa connect,negative
barang sesuai pesan kirim juga cepat overal puas tapi belum coba moga saja awet,positive
barang sudah sampai trimakasih moga awet,positive
pas coba flashdisknya ada shortcut dari flashdisk nya,negative
ukur usbnya kecil dikirain gede kayak ukur usb umum storage enggak sampai 32 gb but oklah,negative
puas sama seller yang satu ini mantap sudah sampai sudah di cek luar dalem original maknyus terima kasih gan layan prima langgan ah rekomended seller kalo ada bintang tujuh ane kasih bintang tujuh,positive
mantap kali baramgnyapokoknya tidak kecewa,positive
alhmdllah barang nya sesuai bagus,positive
terima kasih tvdalam kondisi baik juga bagus moga awetuntuk kirim pemberitahuan nya sedikit telat mohon di tingkat layan informasi dan bagai saya juga minta maaf kepada yth lazada ya kasih,negative
tempat hardisk pc apa bukan takut nya saya jadi beli enggak muat untuk ukur hardisk pc gan mohon jelas,negative
barang abkir ada yang rusak malas klaim,negative
flasdiks eror tiap masuk pc data langsung korup,negative
kalau sudah pernah beli dengan nomor telfon yang sama masa enggak bisa beli untuk ke 2x nya langsung ganggu pada saat klik buat pesan sudah enggak mau duit ya,negative
maaf belum barang baru sempat saya coba kemarin barang ada baik alat2 semua lengkap tapi sayang kualitas warna dan gambar pada tv buram sangat mengecewakansaya pesan harus coba dulu belum kirim barang akhir repot telah barang terima bisa tukar lagi enggak terus bagaimana,negative
buat yang tanya port nya ada usb port dan hdmi port keren hari lebih dikit barang sudah sampai cuma pakai bubble wrap packing nya mungkin karena masih di area jakarta kualitas ok wifi youtube netflix mirroring coba pakai zenfone 5z lancar jaya semua turut info dari seller invoice akan di kirim lewat email hari kerja telah barang terima dan untuk kartu garansi mengunakan invoice yang kirim lewat email top okewarnakulitcerah,positive
jamin orisinal,positive
lumayan saja dengan hrga begitu 64 gb tapi enggak tau kuat tahan berapa bulantahun,negative
barang masih ada gan,negative
segel box dalam kondisi sobek kaya deh buka padahal baru bersih,negative
perangkat nya jelek kualitas nya enggak bagus bisa salin file tapi ketika file ya akses dari flashdisk enggak bisa buka alias korup ini rupa tipu,negative
mantul mantap betul tv fungsi dengan baik kirim cepat hari sampai moga awet,positive
tidak fungsi jual barang rusak jangan beli di lapak ini,negative
produk fungsi dengan baik,positive
thx lazada moga fdnya awet,positive
mantab pis,positive
beli tapi dua2 nya yang dkrim flash enggak bisa buka film flash rusak nyesal beli sini,negative
sudah minggu orderbarang belum sampaisampaienggak ada jelas layan lazada kok down begini,negative
sudah sampai barang nya terima kasih lazada,positive
sudah di terima packing rapi,positive
barang enggak orisinalsemua data yang simpan rusak,negative
sangat kecewa sudah kirim lama biasa kirim hari sampaiini hari baru nyampai pas sudah nyampai eh dihidupin layar malah rusak sampai hitam layar padahal laptop baru,negative
barang cepat sampai packing kayu rapi ini sudah yang ke2 kali dalam minggu ane beli tv ini terima kasih lazada dan sinar agung electronik,positive
sesuai brng nya datang nya cepathari mkinggu pun tetap di antar,positive
kalau cicil bagaimana cara bayarny,negative
kualitas ok barang orisinal harga lebih murah thanks,positive
saya pesan barang ini hari minggu dan terima hari selasa pagi untuk packingnya cukup bagus namun enggak tau kenapa pas saya tes write sama readnya kok enggak sama kayak yang cantum pas saya tes kok write 17mbsi dan readnya kok cuma 55mbsi saja ya tolong untuk lazada tanggap,negative
siiiiiiiiiiip,positive
smart tv dengan harga yang sangat jangkau plus kualitas bagus,positive
terimakasih gan barang sesuai dengan recommended dan baca,positive
ini kalo saya mau beli tapi rmahnya di desa trpencil bisa enggak,negative
enggak apa beda 2gb tidak semua colok masuk sip thanks lazada,positive
barang yang datang rusak parah karena layar tv pecah,negative
up barang up 2t lemooot dan cepat panaaas enggak recomended,negative
mav nih baru kasih ulasanbuyar bintang yang jawab,positive
packing rapi barang datang cepat tapi enggak ada kartu garansi,negative
dapat harga 24 juta kirim ke jakarta selatan tanpa packing kayu alhamdulillah barang sampai tuju dengan kondisi mulus ninja kurir antar lebih cepat dan ramah led cooca 40 inch hanya dengan baut untuk pasang bracket itu benar benar saya masih kurang percaya diri buat pasang di dindingtapi kalau di lihat dari bobot nya telah saya angkat ini tv benar benar ringan banget hasil warna pada layar itu benar benar sesuai dengan harga nyakalau di banding tv brand korea lumayan jauhtapi semangat nya bisa punya led 40 inch untuk layar monitor cctv cukup sangat lumayantinggal tambahain stb 4k indihome langsung jadi smart tv untuk sound sistem bawa lumayan stereo untuk urus power benar benar di 70 watlebih irit dari tv lcd saya sebelumnyadan buku tunjuk serta kartu garansi sekalipun hanya lembar semua nya komplit ada,positive
barang tidak datang,negative
terima kasih barang sudah sampai,negative
lazada memang top banget harga saing barang bagus windows orisinal dapat gratis tas biar ongkir gratis packingnya enggak main main mantab pokok puas alhamdulillah selalu puas belanja di lazada,positive
enggak bagus nih enggak sesuai apa yang mau mala baranganya jelek,negative
bareng sudah sampai sesuai pesanantapi kirim lama banget,positive
sampai saat ini guna masih oke,positive
jos mantul thanks lazada,positive
nyata produksi cina bukan resmi asus laptop sudah di uji krang lebih mnggu ini os nya endelles itu akibat tidak support umu aplikasi instalasi word corel dl tidak bisa saya ganti ke windows 10 dan lalu proses panjang alhamdulillah bisa tapi cpu sering ful untuk kerja laptop ini masih asa berat layar memang besar 15 tapi untuk performa kurang banget segel kardus sudah buka tas laptop nya tidak resmi milik asus garansi cuma tahun sedangakn asus resmi tahun sok bisa pikir dulu kalo mau beli laptop lihat dulu toko ini jika pihak toko kenan untuk tukar saya packing kembali barang masih utuh terima kasih,negative
kecewa,negative
sangat puas dengan barang,positive
puji tuhan sampai dengan selamat barang aman,positive
paket dan barang nya bagus tetapi case yang di kasih tidak bisa guna untuk hd sebut tidak muat tapi lumayan lah dan untuk kurir lexid saya sangat kecewa karena telat dan berbelitbelit,positive
overal keren dan berfunsi deangan baik,positive
androidnya kok kitkat,negative
praktis kerenpelayanan maksimal lazada okesukes,positive
barang baguscepat sampai thx lazada,positive
real picttrmksh lazada,positive
sip,positive
layar retak ingin return cara bagaimana ya,negative
barang bagus wlpun packingnya kurang aman,positive
sangat kecewa kali tanya apakah masuk stylus dan jawab iya tetapi tidak kirim dan konfirmasi tidak beri warna awal di deskripsi adalah silver tetapi yang kirim adalah putih saya tidak akan beli product ini bila dari awal info tidak beri,negative
gambar nya sama kaya yang thradsaya kira android tv nyata yang biasa tau begitu tambah dikit dapat android,negative
enggak pantas,negative
masa kita kirim ke almat mana dan penagihanny mana malah di bolak balik barang enggak sampai di suruh bayar iya,negative
bagus sesuai pesan orisinal dan keren mantab,positive
puas banget belanja di lazada kualitas tv led sangat bagus fre bracket dengan harga murah pakai tambah disc voucher harbolnas walaupun kirim telat hari saya masih maklum thanks lazada sukses selalu,positive
usb otgnya ta fungsi flashdisk nya oke terima kasih lazada,negative
barang datang dengan selamat beli pcs tapi yang pcs enggak bisa di pakai otg tolong di check dulu kalo mau kirim barang ya tapi ya harap maklum di sesuai dengan harga terima kasih lazada,positive
pesan benar benar jauh dari perkiraanmenurut seller stok pesan nya habisnamun dalam status pesan pesan nya tulis dalam proses tidak bisa dibatalkannamun tiba tiba sampai luar waktu yang sudah tentu waduh jadi enggak kepake deh,negative
banyak partisi yang hilangtidak sesuai promo 2t,negative
barang sesuai dengan deskripsipicking bubble warp barang cepat sampai,positive
pas mantab untuk hd bekas laptop kuya buat simpan film2 baja,positive
barang sesuai pesan cepat sampaicuma kartu garansi kok enggak ada ya,positive
fungsi dengan baik paten jempolkeatas,positive
barang baguscuma kirim nya lama sekali,positive
kecewa kecewa barang tidak bisa guna asli ragu enggak ada respon,negative
mantaaaap,positive
baguskomplit dengan harga murah bangetdijamin orisinal useable,positive
barang sudah sampai tapi belum saya nyalain moga mantil eh mantul msdy,positive
minta tunjuk tempat baik geransi resmi bagaimana,negative
enggak ada yang bisa pakai,negative
kecewa harap kembali dana cepat,negative
flasdisk 64 gb eror enggak ada yang benarbarang palsu tolong tnggung jawab lazada,negative
ini saya coba enggak hidup sama sekali ya posisisi saya cas juga enggak ada nyala batrey saya on offin juga enggak ada nyala tolong jelas kunci tidak bisa buka,negative
terima kasih barangx sudah sampai lum bagus sayang cuman remotx rusak enggak bisa di pakai,positive
barang nya memang cepat kirim nilai buat lazadanjuga buat jual sesuai judul harga minim kualitas minim saran saja nih ya mending beli orisinal dari pada oem kenapa soal copy filenya lama susah baca mesti di format lagi ya ujung2nya nganggur enggak kepake tapi kalo lu mau coba2 beli test saja siapa tau dapat kualitas bagus,negative
tvnya bagus suara oke kirim juga aman mantap lah pokok cooca recommended laj,positive
kirim yang sangat cepat hari sampai ke lokasi cikupa guna bubble wrap jadi aman bungkus nya sangat erat jadi aman dari kena air kualitas barang sesuai dengan yang informasi recommend seller,positive
barang bayar tanggal 18 datang tanggal 19 kondisi ok moga awet dan enggak ada masalah,positive
tv mantap kirim cepat sekali cuma catchplay hooq iflixnya kok enggak bisa ya bagaimana cara settingnya download terus enggak selesai padahal sudah konek wifi,negative
mantap pokok recommended seller deh,positive
terima kasih atas layanannyasaya puas banget sama barang nya sesuai pesanangood job lanjut,positive
mantap cepat bagus,positive
dapat hrga super2 murah brang aman pngriman juga super sekali cepatny langsung dcoba mantultul pkokny respon jual baik rekomend deh top terima kasih cooca lazada selamat ultah ya yang ke moga sukses selalu asih hrga2 yang fantastis serta mmuaskan konsumenamin melipattanganjempolkeatasjempolkeatasjempolkeataswajahmemberikanciumanjauh,positive
flashdisk gua baru sampai saja langsung rudak,negative
barang oke sesuai spec kirim cepat,positive
pesan tanggal 13 sampai sekarang belum datang,negative
enggak bisa usb multimedia,negative
barang sesuai gambar harga juga sesuai kirim nya cepat hari sampai bisa cod juga kurir juga ramah terima kasih lazada retail shop lazada enggak pernah sesal belanja disiniwajahtersenyumlebarbermatahatiwajahtersenyumlebarbermatahatiwajahtersenyumlebarbermatahati,positive
barang bagus kualitas ok,positive
mantulbarang bagus kirim cepat top seller recomended,positive
itu spesifikasi nya salah tuh gan masa sudah digital smart tv belum digital dan belum smart hatihati gan nanti di sangka tipu,negative
enggak ada fre bracket saya beli tanggal april baru sampai tanggal april dan tanpa bracket tidak sesuai iklan enggak benar,negative
barang sudah nyampek kirim rapi cepat tapi saya belum tau kualitas nya jadi sementara saya kasih bintang dulu ya,negative
kirim kilat thanks ninjajempolkeatasjempolkeatas ke bal hanya hari kwalitas lumayan bagus dan sesuai dengan harganyajempolkeatasjempolkeatasjempolkeatasjempolkeatasjempolkeatasjempolkeatas,positive
produk sesuai dengan yang di pesan dan kirim sangat baik,negative
untuk cepat tranfer data cepat di 20 usb computer dan untuk 30 sesuai dengan spesifikasi yaitu 5gbps kirim juga lumayan cepat karena barang dari luar negeri minggu telah mesan barang saya terima,positive
barang bagus enggak ada cacat sedikitpunwajahtersenyumdenganmatabahagia,positive
bagus barang dapat di instal window,positive
barang cepat sampai packing rapi pakai plastik bubble gambar dan suara oke banget pokok recommended banget deh tks lazada,positive
telah buka dan coba laptop ok enggak ada masalah barang sesuai dengan speknyajempolkeatasjempolkeataswajahgembira,positive
saya sudah coba copy fileap di flashdisk ini tiba file corupt pasti buka dari flasdisk ini saya sangat kecewa meski bisa tapi tetap saja file di buka dari situ corupt,negative
sudut pandang sempit cuma sekitar 20 keluar dari sudut itu fokus color contrast lari semua kwalitas layar kurang muas,negative
untuk input video dari vcd player keluar gambar tidak warna layar cuma hitam putih saja tapi kalau tv bisa warna gambar layar,negative
tv nya ds sampai cepat banget pesan hari sabtu hari senin sudah sampai yang penting bisa cod good job cuma kok kwitansinys enggak ada ya saya kasih bintang saja deh kalau ada kwitansi saya kasih bintang,positive
pikir2 dulu untuk beli produk ini bagi calon beli saya pesan dan bayar tanggal 14 desember 2017 dan sampai sekarang tggl 21 desember 2017 barang masih belum juga terima padahal lokasi saya di jakarta pusat dan barang dari jakarta barat bisa naik motor 40menit sampai arti sudah 7hari barang belum kirim entah toko nya yang lamban entah dari lazadanya yang sudah enggak peduli rating konsumen entah kurir nya yang tidak bertanggungjawab atau sengaja pilih kurir yang paling murah karena ada gratis ongkir kemarin saya main ke jakarta barat 40menit sampai ini barang sudah 7hari enggak nyampe2nganterinnya pakai apaanapa ngesooot saya beli produk rupa dari tangerang lewat shope saja 3hari langsung sampai ini 7hari lebih enggak nyampe2keterlaluan untuk calon beli biar lebih hatihati,negative
maaf telat kasih dapat barang terima dengan kondisi yang sangat baik kirim cepat kualitas produk jamin respon seller juga ramah dan kapasitas akurat thanks seller,positive
trimakasih barang sudah sampaibagus,positive
barang sudah sampaicepat banget sih memang hari ini bayar langsung proses langsung kirim besok sudah sampai tapi packing an nya itu sih yang agak riskan cuma pakai buble warp lapis langsung kotak dus kecil begitu agak riskan kalo banting atau ketimpabelum di coba,negative
sangat muas jangan mikirmikir untuk beli di sini kirim juga cepat hari sudah nyampai,positive
kalo dari lazadanya sih ngepak barang lumayan cepat atau enggak terlalu lama tapi pas sudah di jasa kurir yang pakai lazada yaitu pos indonesia barang saya tahan lama banget di pos indonesia akhir ambil sendiri ke kntor pos indonesia karena waktu itu buat kado alas pos indonesia karena lagi overload klasik banget wkwk moga lain kali ada pilih kurir yang bisa pilih beli gapapa deh bayar asal benar,negative
kirim cepat betul yang anter teman saya,positive
good packing,negative
respond cepat toko official barang asli tentu garansi resmi klik p3sanan malam pas besok siang datang gila ceept banget dan thanks untuk diskon di dalam ada kertas garansi juga ini benarbenar asli jamin selain itu saya dapat invoice beli juga kirim lewat email dan kirim pakai lex yang pasti super cepat thx lazada thx samsung,positive
sangat paksa saya tulis flas disc yang saya pesan tidak fungsi cara normal dan file yang saya simpan di dalam tambah hilang,negative
kirim nya lama sampai minggu baru tiba tapi barang aman packing rapi saran bagi yang tinggal di luar pulau jawa barang anda akan sampai lebih dari 12minggu seperti saya,negative
produk yang saya terima tidak sesuai dengan spesifikasi,negative
kirim pakai gojek jakarta bisa enggak,negative
barang original dan jual langsung oleh lazada kirim lumayan cepat dapat harga promo 110 ribu thanks lazada,positive
pesan batal telah tunggu lebih dari minggu dengan alas dari pihak kurir alamat tidak ditemukanini yang salah dari pihak kurir atau lazadamasa saya sudah 3thn jadi customer lazada baru kali ini alamat tidak temu sangatsangat kecewa,negative
sangat bagus hanya saja tidak beri jelas cara pasang hardisknya ke casing untung enggak patah waktu saya bongkar harus kasi buku tunjuk cara pakai nya,positive
mantap murah riah,positive
barang enggak bisa pakai rusak cacat kalo mau jual jangan jual barang rusak,negative
ini orisinal apa ken,negative
barang sampai dengan selamat,positive
maaf mas saya kok belum terima pesan atas apa baru sampai kantor sampean,positive
barang sampai tepat waktu kondisi ok begitu sampai langsung instal windows 10 64bit celana dalam driver bawa terinstal tanpa masalah laptop nya pakai buat adek yang masih sama cukup pada buat office sama tonton korea,positive
kecewa sama pihak lazada kirim lewat jauh estimsi waktu sampai 15 hari pihak lazada telah batal lalu email sehingga saya mes kembali malah yang datang produk makin lama makin buruk lazada,negative
bagusbonusnya banyak puas belanja di lazada,positive
warna sesuai kirim juga cepat tapi gede sekali barang enggak muat untuk hardisk nya,negative
produk bagus muas dan dapt harga muas jugapokoknya puas banget,positive
barang sudah terima dengan baik thanks,positive
flashdisknya enggak bisa dipakaifotofoto yang sudah di kirimenggak bisa buka,negative
pertama gue kasih bintang dua gue turunin ke bintang tiga gue urunin lagi ke bintang arti bintang arti makin nemu kurang ini produk gue cek di google home apps nyata android tv nya sudah linked account ke ahmad raih siapa nih gue mau link akun gue malah enggak bisa kenapa enggak diremove dulu link accountnya hei ahmad raih tolong remove akun lu dari tv orang lain et set deh telah hari terima dan tes dan sempat degdegan barang bakal pecah seperti yang lain nyata baikbaik saja di setup pakai google assistent lancar konek internet lancar tapi kadang suka no internet connection telah standby lama konek ke google home juga lancar fastboot lancar youtube lancar remote lancar pernah remote mati cara fix reset remote cabut baterai dengan tombol power remote aplikasi di hp enggak konek tv digital lancar speaker kencang juga dnr entah apa fungsi 10 dts surround bikin tambah kencang 11 netflix enggak bisa karena indihome dan enggak sertifikasi oleh netflix karena bukan uhd seperti 12 chromecast ok 13 enggak ada tombol fisik di tv nya semua gantung remote,negative
kapasitas asli hanya 1187 mbak jika mengcopy file lebih dari ukur sebut akan corrupt,negative
kata fre iring yang kirim cuma fdnya saja,negative
kirim cepat baru pesan hari yang lalu baru saja sampai tadi pagi padahal estimasi sampai tanggal jangan packing rapi kurir ramah cuma kapasitas 145gb tapi bagus,positive
enggak bisa di pakai pada tape mobil wajahmerenungwajahmerenungwajahmerenung,negative
mantul,positive
enggak sesal deh beli ini,positive
ini barang sesuai gambar persis enggak lonjong wide screenya,negative
jos bareng nya fast respon kualitas oke,positive
kencang sekali bagus,positive
barang bagus dan pengirimana cepat jadi enggak mngecewakn lah klaw pesan trimksih,negative
barang rusak,negative
barang sampah ini benar 4gb kapasitas,negative
barang baguspokoknya recomendedthx lazada,positive
beli fd yang work cuman ralat telah di coba ke dua kali semua corrupt,negative
laptop dengan harga murah tapi sudah bisa buat kerja atau ajar sekolah,positive
ada harga ada kualitas sudah hukum nya memang begitu belum bulan mati sendiri enggak mau hidup lagi mau garansi mana enggak tau tempat service nya kartu garansi pun enggak ada hellow 22jt layang ini mah jadi rongsok,negative
barang sampai cepat sekali mesen kemarin sore dan pagi barang sudah sampai kualitas bagus sekali gambar jernih tidak sesal beli di toko ini terima kasih,positive
tv nya bagus tapi sayang kirim nya lama,positive
maaf gan baru reviewsaya sudah pakai 15 tahun dan lama ini tidak ada kendala,positive
kecewa barang tidak bisa di guna,negative
saya pesan tv led sharp aquos lc24le170i di dftar pesan tanpa ongkos kirim cantum 1339000 nyata pas barang datang jadi 1500000 lantas rp61000 nya untuk apaharap lazada mengklaripikasinya,negative
mantap deh murah bagus,positive
barang sudah terima beberapa hari yang lalu saya coba copy beberapa file dan hasil nya kecewa file banyak yang tidak bisa baca dan eror terus kapok deh,negative
flesdis enggak fungsi simpan foto enggak baca nyimpel lagu enggak baca video juga enggak bisa buat apa jual flesdis enggak ada guna nih flesdis hati tipu cukup gue saja yang tipu enggak guna nih flesdis,negative
cuma kabel buat volokan ke laptop kok enggak ada gan bagaimana ini,negative
mau kasih bintang kenapa enggak tampil di ulas hebat juga ya enggak erti kenapa kapasitas yang ada hanya 145gb enggak sesuai dengan spesifikasi 16gb tolong jujur kalo jual bro,negative
kurang oke,negative
hanha tanya kalau yakin beli kayak ane gan,negative
nice thank you,positive
saya sangat kecewabarang yang ku tunggutunggu tidak sesuai tulis 32gb pas di pakai nyata hanya 4gb,negative
alhamdulillah barang sudah sampai sesuai dengan pesan sudah di coba bisa guna di hp dan pc,positive
lazad baru kali nih bikin kecewa cuma sekali ke detek sama komputer itu denga susah payah bagaimana cara kembali,negative
barang sudah sampai dengan aman dan kirim cukup cepat barang nyala tanpa masalah,positive
sedikit kecewa sesuai pesan polytron led seri pld24d9501 tetapi yang kirim seri pld24d95011 jadi mohon pihak seller lebih teliti lagi biar tidak kecewa customer mau kembali tukar pasti lama lagi prosenya dengan paksa saya terima,negative
bisa di cicil kan,negative
ini casenya apa hard disknya,positive
wowternyata orisinal fd nya enggak sangka juga packing rapi and barang bagus ada guide installation nya pula thx lazada,positive
barang recomended tapi nginep di ekspedisi lama,negative
aduh bagaimana nih sudah beli mahal2 enggak fungsi,negative
adaptor enggak bisa pakai jadi pakai card reader lain,negative
baru klik lansung sampai telah terima tv ini saya enggak punya rumah telah beli tv ini gagal tunang overal ini lah tv of the tv layar paten besar paten sampai saya taruh luar ruang karena memang rumah jual buat beli tv ini sangat enggak cocok untuk kaum2 kere hore jadi saran saya cuma satu jangan beli tv ini kalau enggak mau rumah tangga beranta terima kasih,positive
flsdskya enggak bisa pakai,negative
barang yang saya terima tidak bisa di guna untuk simpan vidio bagai mana penagulagan tendang masalah ini apaka saya bisa minta utuk di ganti degan yang baru,negative
produk sampai bungkus masih rapi dan tidak cacat begitu pun sama rapi bagus tidak cacat untuk kartu fungsi dengan sangat baikjempolkeatas,positive
ada garansi nya enggak,negative
buruk,negative
kesel,negative
gan apa ini barang khusus djabotabek saja ke bandung enggak bisa,negative
kenapa remote tidak fungsi ya padahal pakai batreinya baru,negative
tv nya ok tapi remote nya untuk volume tidak fungsi itu saja overal baik baik saja thanks lazada,positive
barang bagus cuman bonus saja yang enggak tertarikenggak kepake,positive
barang okey kurir okey duit okey lazada okey,positive
flasdisk nya jelek buriq enggak bisa simpan file apalagi video pko nya jangan di beli sesal deh,negative
sudah hampir minggu barang belum juga sampaiorder tanggal 27 april 2017status pesan masih saja dalam prosesbagaimana nih lazada,negative
stndr,negative
saya sudah cukup puas dengan layan dan hrga nya,positive
bisa di cicil lama 10bln enggak,negative
terima dengan baik sudah sering pesan sini dan hasil muas thanksyu,positive
kecewa saya beli canvio ready kirim canvio basics jual pasti tahu beda beda harga beda fitur sungguh kecewa,negative
barang terima dengan baik dan fungsi normal barang muas moga awet lumayan dapat dari 1212 terima kasih lazada,positive
sudah coba barang orisinaljempolkeatas terimakasih wajahtersenyumdenganmatabahagia,positive
kirim tidak bagus barang pecah,negative
sudah pakai lebih kurang 2mnggu suara yang keluar dari speakerny naik turun sendiri karena naik turun enggak terlalu kencang gpplah malas juga repot kembali yang lain bagus semua,negative
mantap lah pokok produk original walaupun kurir nyasar dulu kayak kurir karyawan baru deh,positive
benarbenar worth itu nih sudah tahun saya pakai buat hd saya enggak rusak rusak beli sudah ada kabel sekrup tapi kurang obengsaja walaupun begitu bagus kok nih hd,positive
barang orisinal lengkap dengan invoicenya,positive
mantabs,positive
saya beli cuma 120rb di lazada barang juga asli sandisk 3hari dari mesan sudah sampai rumah ongkos kirim gratis thnks lazada,negative
belum pakai masih didlm dusmudahmudahan bagus dan tidak kecewa,positive
bang kalau upgrade ram jadi total berapa,negative
sudah 7hr dari estimasi brng belum sampai paket pun tidak bisa di lacak komplain ke lazadapos indonesia saling salah layan prioritas apa seperti ini solusi chat cs mohon maaf bisa di tunggu sampai lupa sudah beli tv,negative
barang ok kirim lama banget capek nunggunya,negative
trimakasih barang sampai dengan cepat packing nya juga rapi,negative
barang sudah terima dan fungsi dengan baik,positive
terima kasih barang bagus muas gan,positive
kualitas bagus recomended,positive
barang belum coba baru buka box nya eh layar sudah pecah enggak heran sih karena packing nya hanya guna bubble wrap padahal sudah tunggu lumayan lama kirim sayang banget dari lazada kok enggak bisa tukar dengan barang yang baru hanya bisa di refund dana saja,negative
kecewawajahterbalikwajahterbalik,negative
kirim barang elektronik pakai layan trucking yang enggak ada asuransi pesan sampai bulan lama payah banget untuk produk biasa saja sprtnya fresh ratenya rendah sekali untuk kelas 40,negative
kirim okpackaging ok kurir ok tapi kok isi cuma 5719gbbintang saja deh,negative
parah flashdisk nya,negative
ini kenapa ya layar cuma warna item doang apakah rusak,negative
apik,positive
paket terima sangat baik pengirimn cepat barang original recommended deh toko ini terima kasih,positive
kualitas baik dan original samsung tapi sayang tidak jujur tidak sesuai deskripsi iklan model yang di pajang,negative
barang sampai cepat banget kurang dari 24 jam pesan 28 spet16 malam sampai 29 sept16 sore barang bagus ada sticker hologram nya tulis 16 gb cek di komputer microsoft isi 145 gb overal puas banget belanja di lazada sistem nya cod lagi moga nih flashdisknya awet ya,positive
pesan lambat sudah jatuh tanggal tempo belum datang juga,negative
baru lihat kapasitas apakah real atau tidak lumayan dekat real dari 32 gb space kosong yang sedia hanya 28 gb tapi yang buat kecewa adalah warna yang tidak sesuai bisa lihat pesan warna apa tapi yang kirim warna apasudah ada jelas pilih harus tidak jadi hal ini,negative
mana enggak bisa pakai ini palsu nih,negative
otg nya rusak tonsis nya bengkok seperti habis di dudukin,negative
payah barang rusak,negative
terima kasih lazada semua ok,positive
kirim lumayan cepat barang original sharp hasil gambar baik suara baik tanpa cacat sama sekali paket lengkap bungkus bubble wrap mudah an awet dan garansi asli juga thanks,positive
tidakberfungai mati total,negative
sampai dengan selamat real size nya 59gb lumayan banyak ya potong size nya,positive
mengecewakanbarang tidak sesuai spek tulis layar ful hd chat dengan cs samsung juga bilang ful hd nyata tv ini cuma batas hd ready doang dan lagi bilang nya port hdmi ada tapi di tv ini cuma ada port hdmi satu kosong kayak belum pasang port hdminya kalo barang reject jangan sampai lolos dan jual ke konsumen sekarang dalam proses kembali barang,negative
flasdisk zonk moga tidak berkah aku tidak ikhlas dunia akhirat untuk power bank bisala,negative
barang sampai tepat waktu dan sesuai dengan gambar sangat puas,positive
look sok good delivery is sofast and low price,positive
barang sudah di terima untuk saat ini masih normal untuk transfer data agak lelet tapi tetap bisa guna wajar saja ini kan barang bukan barang orisinal,negative
barang cepat sampai spesifikasi sesuai sangat muas terima kasih lazada,positive
barang sesuai dengan yang pes recommended seller,positive
mantulsesuai pictpengiriman cepatrecomend deh pokok nya,positive
jualnnya 32g tapi cuma buat ngesave 3g enggak sampai 32g ini bagaimana,negative
kirim cepat order hari minggu senin sudah kirim tv ya bagus dan sangat muas mantap deh lazada,positive
alhamdulilah hing saat ini masih awet,positive
gs sesal beliterbaik,positive
ukur pas fungsi baik,positive
thx,positive
alhamdulillah fungsi dengan baik dan bagus barang hatibiru,positive
kirim sangat cepat bareng bungkus rapi dan ada kartu garansi nya,positive
bagus kecil sesuai ekspetasi kirim cepat sampai packaging oke recomended seller suka suka suka,positive
barang sesuai deskripsi mulus tidak ada cacat pokok mantap deh sama reseller yang ini,positive
tolong kapan barang saya samapai,negative
barang yang dtng sesuai dengan pesanandan smpainya cukup cpatthanks lazada,positive
saya simpan data di fd simpan dengan baik kabel otg nya bagus dapat koneksi den baik ke hp,negative
suka barang warna kuning belum pakai karena baru pesan tadi siang moga awet,positive
pesan sudah saya terima dalam ada bungkus rapitq lzd,positive
jangan mau beli jual barang rongsok enggak bisa di pakai di format cmd sama manage juga enggak bisa arti flasdisknya sampah apes,negative
flashdisk keren dan kencang,positive
good guna,positive
kualitas oke harga sahabat awal ragu tapi pas sudah beli jadi yakin kualitas,positive
pesan saya enggak kirim kirim padahal status proses sudah lama barang lain dari toko lain dengan no pesan sama sudah sampai hari bagaimana cara batalin mesan saya,negative
kirim cepat kilat order tanggal eh sudah datang tanggal 10 mantul tv nya moga awetgoyang terus sih kecilwajahgembiradenganmatabahagiawajahgembiradenganmatabahagiawajahgembiradenganmatabahagia,positive
bagustapi belum coba packing rapi,positive
harga lumayan murah pngiriman lumayan cepat,negative
beli flash disk yang datang botol minum,negative
fisik keren sih dapat bonus pounch juga cuman sayang hd nya tidak fungsi,negative
baru pesan kemarin lusa sudah sampai siang hari ini packaging bagus pakai bubble warp dan ada garansi tahun dari sandisk terimakasih,positive
paket sudah sampai trimaksih lazadatrimakasih color family pokok puas banget,positive
harga murahkualitas bagus cuman sayang sekali tidak ada invoicepadahal itu penting buat klaim garansi,negative
barang yang datang tidak sesuai dengan pesan yang saya terima hanya potong plastik warna hitam panjang 20cm dengan bentuk tidak jelas,negative
mantap muas,positive
alhamdulillah sampai juga beli tv led dengan harga murah tapi enggak murah mantap suka banget terima kasih lazzada moga awet tv nya,positive
hardisknya mana kok kosong kayak begitu mohon respon,negative
untuk barang tidak masalah hanya kirim agak sendat dan kurang koordinasi antara pihak lazada dan kirim ninja moga lain kali lebih baik lagi,negative
produk aman sampai rumah walaupun cuma di lapis bubble wrap model bagus built qualitynya juga oke,positive
kondisi barang telah buka pecah saya batal saja kapok beli di sini,negative
saya mau dikirimin dalam hari dong saya lagi butuh banget,negative
flashdisk nya bagus sampai sekarang masih tahan,positive
nice thanks,positive
sudah terima packing rapi ada konfirmasi dari pihak selernya untuk ubah warna barang belum dikirimbelum pakai sihtapi puas sama barang bagus dan sesuai gambar moga awet terima kasih lazada,positive
oke mantap barang sesuai dan bisa guna maju terus,positive
paket deh terima lengkap barang bagus semua normal dapat tas padahal di deskripsi enggak ada thanks,positive
alhmdulillah barang dah sampai dalam ada baik trimakasih,positive
jadi bingung pesan 16gb eh yang datang 32gb bagaimana dong ini takut dosa saya kalo di pakai,positive
ikhlasin saja deh,negative
bagus mantaaaap,positive
barang fungsi dengan baik mantap deh cuman warna yang kirim kok warna hitam ya bukan warna merah,positive
barang jelek minggu pakai sudah rusak,negative
lumayan lah dengn harga gin buat di kamar,positive
ongkir lama barang bagus suka,negative
kirim cepat barang tidak bagus selalu korupt file nya tiap akan di play,negative
good product low price,positive
terima kasih lazada,positive
bonus enggak bisa otg guna,negative
kirim muas 2hari sudah sampai barang sudah terima dengan baik moga depan tidak ada kendala trimakasih,positive
kirim cepat,negative
jos,positive
mantap tv nya,positive
barang lebih mirip tempat sampah,negative
tv cooca mungil kecil imut bagus,positive
bareng bagus fungsi jual responsif cuma di syngkan produk tidak original item cantum 64gb tapi asli cuma 15gb but untuk hrga segitulumayan lah,negative
flashdisknya enggak bisa pakai pas mau pasuk data malah enggak baca kecewa sih,negative
respon cepatpengiriman cepatbarang sesuai deskripsi cuma warna saja yang berubahbarang jalan lancar anti virus nya juga bagus tapi sayang enggak ful versiover al muas thanksi sellerlazadadan kredivo mantap,positive
barang bagus ada garansi cuma kirim agak lama,positive
barang sesuai tapi enggak bisa simpan data,negative
packing bagus tapi enggak guna di isi file file nya hilang semua,negative
barang datang sesuai pesan,negative
alhamdulilahbarang sudah sampai tapi lama juga datangnyah terus katanyah 16gb memang di tulis lihat foto 16gb tapi di cek eh malah 14 gb tolong jujur kalau jual beli biar barokah ya itu kamu makan uang haram karena telah tipu orang,negative
barang saya sudah terima dengan selamat gambar tv nya bagus dan packing nya juga bagus kurir ramah dan sopan walaupun kerja sampai malam untuk hrg tv 40 sudah sangat murah sini dengan kwalitas tidak kalah dngn tv bermerk lain,positive
barangny bagus bisa di paje,positive
produk sangat bagus mantap pokokna kirim nya sangat cepat,positive
benar barang bagus tetapi kapasitas tidak penuh 32 gb hanya 288 gb,negative
kok enggak bisa baca ya,negative
bagus tapi suara kurang mantab,negative
mkasi lazda mksi bang kurir nya juga,positive
barang sudah sampai cepat dan sudah bisa nyala sukses terus gan,positive
tulis sih 32g nyata nya telah diceck cuma 4g sudah saya format ulang memang cuma 4g pantesan murah,negative
bagus tvnya saya puas dan baru kali ini saya pesan barang di lazada hari nyampek,positive
packing rapi kuat recommended banget deh pokok,positive
barang original mantab moga awet,positive
barang sudah datang dan ok walaupun awal pesan warna item tapi kata lagi kosong tapi enggak papa lah yang penting kualitas 12 hari baru nyampek ke lamongan jatim oh ya aku coba ke android galaxy j5 pakai otg nyata bisa,positive
beli taun yang lalu harga masih belum murah ini gambar bagus suara bagus sampai sekarang masih awet fitur lumayan lengkap layar kecil banget sih tapi betul beli ini khusus buat di kamar kost asal ada tv saja kamar di rumah pakai 32 saja kadang rasa kurang besar gue sih yang penting bisa tonton film2 dari hd external nah tv ini bisa sih baca usb tapi enggak semua format bisa baca jadi kadang suka ada beberapa film yang kalo coba di tv rumah bisa tapi kalo di tv kost tv ini maksdunya enggak baca begitu filenya kesel sih tapi ya paling yang enggak baca tonton di laptop saja,positive
mantul pakai optane,positive
good useful product recommended,positive
mantap pokok,positive
itu enggak salah harga buat tv led sony 48 inci kalau benar boleh itu,negative
bagus good recomended,positive
deskripsi barang beri kesan ada memory card 2gb bikin kecewa di detail produk juga sebut memory capacity 2gb tapi mana memory cardnya,negative
barang nya palsu otg nya enggak di pakai jelek,negative
sip tanks,negative
sempat lama sih kemarin dilayaninnya hampir hari pertama lihat kaget kerdusnya peyot peyot dan sempat khawatir juga kalau isi bakal berabe pas buka dan cek kondisi barang untung barang aman cuman packingan yang rusak mungkin lain kali seller kasih lindung lebih untuk barang yang kirim terima kasih lazada layan cukup baik lebih percaya belanja di sini,negative
dapat harga diskonmantap,positive
cool and good,positive
barang sudah sampai thx,positive
di deskripsi diskusi tulis usb movie nyata tv ini port usb nya hanya untuk service saja tidak bisa untuk play moviemusic benarbenar bohong nih bisa retur tukar enggak nih kalau bisa saya revisi jadi bintang,negative
mantap hari sampai walau tunggu stok nya aga lama tapi puas pas barang datang moga biar awet deh tks,positive
warna yang pes merah muda tapi barang yang datang warna merah moga lanjut bisa sesuai dengan pesan,negative
lumayan bagus dvbt2 tapi belum dvbs2,negative
sampenya lamreta,negative
bagus murah cepat sampai,positive
manjos mantap jooos,positive
baru kali ini saya beli barang di lazada amat sangat kecewa bangetdata yang aku pindah enggak bisa buka semua,negative
saya beli enggak bisa pakai semua kirim lama bangetmaaf ya jual karena memang saya kecewa,negative
kualitas barang sangat bagus fre pouch dan tidak sangka dapat fre earphone juga recommended sellerokeoke,positive
kapasitas maximal hanya 8gb saja bila isi dengan 11gb tulis penuh padahal masih kosong dan belum isi file apa,negative
leptop mati apa hidup ini,negative
barang terima dengan baik pesan pcs semua nya ok recoomended,positive
produk keren dengan harga juta ini rekomen banget dan bagus banget buat yang suka main game ini bagus banget dengan prosesor dan fitur yang pada thanks banget lazada,positive
bagus dan kerja dengan baik,negative
leptop ada masalah di layar bagai mana saya bisa claim garansi,negative
kirim cepat sayang kurir enggak nganter sampai rumah flashdisk fungsi dengan baik storage enggak sampai 16gb,positive
barang sampai dengan aman cuman pakai bubble wrap agak tebal mungkin depan bisa lebih aman lagi packingnya buat kurang resiko rusa overal barang keren bagus fungsi dengan baik,positive
proses cepat kirim cepat barang bagus thnks lazada,positive
kirim tepat kondisi barang baik dan segel lengkap layan muas tingkat,negative
lama,negative
harga murah kapasitas besar sesuai sama ekspektasi awal,positive
masa beli isi tidak ada cuman ada bridgnya saja di deskripsi 2tb mana ada pas di colokin ke laptop enggak ada yang muncul tch kayak tipu ini,negative
flashdisk tidak bisa di guna parah barang rusak,negative
barang sampai dengan selamattapi pas pertama coba beli ini enggak sampai rumah pas dua kali baru deh sampai dan untung harga masih 60 rban pas belimantap lah,positive
produk bagus ira pouchnya yang kulit begitu nyata di luar ekspektasi saya hehehe overal bagus kok enggak ada masalah dengan produk,positive
lumayanharga murahkualitas gambar bagushanya suara nya cemprengmono,positive
mantapsesuai gambar orisinalpengiriman cepat,positive
barang sudah sampai coba langsung konek moga awet thanksi lazada,positive
kemas ok seperti memang orisinal tapi kurang kenapa kapasitas yang baca hanya 14gb sisa lagi enggak jelas mana,negative
barang terima kualitas barang bagus kirim makan waktu hari minus bracket yang kata bonus itu bagaimana lazada tanggap,negative
nilai cukup tinggi timbang harga tv yang paling murah untuk spek yang tara dari segi value tidak ada banding dari segi fitur memang tidak lengkap operasi menu sangat mulus dan hampir tidak ada lag jauh lebih cepat dari smart tv sony 2014 yang saya pakai belum dari testing awal seperti tidak semua hdmi port bisa 4k output yang bisa 4k tidak bisa support hdr dan yang bisa hdr hanya support 1080p agak kecewa beberapa alat agak aco outputnya cable tv dari hdmi yang ada hanya yang fungsi normal tidak keluar suara gambar tv cable dengan output 720p berartifact tidak bagus saat di tv 1080p sony lama sony ps4 fungsi hanya di dari hdmi port yang ada dengan batas 4k dan hdr seperti atas kualitas graphic 4k ps4 harus di set manual ke 4k yuv karena ada mode pilih kalau otomatis akan pilih 4k rgb dan layar ada bintik2 hijau sangat lihat kalau layar sedang gelap kalau sudah pilih mode yang benar hasil gambar cukup bagus dan muas telah pakai bulan suara cukup buruk suara bas atau yang frekuensi tinggi dengar seperti dekap dan tidak jelas cukup sering error lama bulan mungkin sudah laku restart sendiri hampir 10 kali fitur hdr sama sekali tidak fungsi warna dan bayang agak kecewa tiap sudut lihat sedikit gelap karena cahaya led tidak rata di panel dari segi harga sudah tidak terlalu kompetitif karena harga tv led 4k merk atas sudah mulai dekat harga tv cooca ini,negative
opengiriman agak meleset hari dari waktu yang di jadwal packing baik pakai kayu bubble wrap barang bagus kondisi normal tidak ada masalah overal good,positive
mantab tv recommended gambar jernih suara ok,positive
pesan tanggal 10122016 status lacak barang dari tanggal 11 dalam jalan sampai sekarang tanggal 15 enggak ada kabar butuh berapa lama antar barang ke depok,negative
18 fps buat pebeh mantap deh asu,positive
kecewa dengan barang yang di sedia soal kapasitas tidak di masalah tapi kenapa barang sangat lambat proses dan sangat tidak recommended buat yang belum pesan jangan di pesan barang seperti ini entar bakal kecewa juga,negative
real pict,positive
mau tanya ini hardist atau bukan,negative
bagus bangetharga murahkualitas baik,positive
good barang bagus,positive
kenapa saya sudah kali mesen tapi di batal kan terus saya enggak puas sudah tunggu lama tapi malah di batalin,negative
awal ya ke ditek tapi sekarang malah sudah enggak baca lagi,negative
barang sudah di terima,negative
terima kasih barang sudah terima sesuai,positive
recomended seller barang sampai dengan aman,positive
barang rusak tidak bisa dipaki,negative
sesuai banget,negative
keren intel core i3 5005 semua spesifikasi sesuai thankyou tas gerat oke packingnya aman kayubublewrap kardus lap lapis aman banget,positive
tepat waktu barang lumayan bagustq,negative
tv sudah sampai tapi kurir yang ada di kota lubuklinggau dari ninja ekspres kurang sopan suruh ambil sendiri di loket waktu antar paket tidak ramah harap perhati lagi terimakasih,negative
tulis di situ usb bagai koneksi dalam tv nyata enggak bisa usbnya pakai hanya untuk service only enggak bisa putar film lagu foto lazada tepu,negative
barang oke banget kirim cepat banget order tanggal 27 28nya sudah sampai cepat untuk conect wifinya langsung setel youtube jadi ankku tonton youtube dari tv enggak dari hp lagi terima kasih ya cooca and lazada,positive
kualitas produk lebih bagus dari harga yang tawar kualitas gambar jernih os yang user friendly dan build quality yang kagum,positive
bagi yang minat orderpesan barang kamiuntuk lebih lanjut sila ada whatsapwa 085342633687 langsung dari resseller tokopengirima fre ongkir se indonesiaterimah kasih,negative
overal semua bagus mulai dari fisik dan cara packing nya turut saya pouch nya kurang cocok saja namun masih bisa di pakai kalo pouchnya cocok pasti sudah saya rate ful di terima kasih moga berkah di,positive
kirim datang tepat waktu barang normal dan persis gambar,positive
layar pecah dalam kirim tanpa packing kayu,negative
barang sudah di cek enggak ada masalah layar nya besar puas untuk tonton film lumayan lah untuk harga segitu cuma remote nya agak kurang bagus banding brand nama kirim juga agak lama order senin pagi baru sampai kamis sore padahal masih putar jabodetabek,positive
puas lah mantap buat dukung hape,positive
mantap barang datang tepat waktu puas,positive
mudahmudahan tanpa kendala,negative
packingnya kurang bagus cuma bungkus plastik hitam saja uk asli juga cuma 62 gb tapi lumayan lah,negative
pertama datang dan coba eh kok cuma 29gb telah bacabaca memang kalo 32gb enggak bakal pas 32gb kata untuk system dl overal oke lah,positive
pack bagus dan pngiriman cepat sampai,positive
mantap pokok saya puas terima kasih,positive
barang kualitas rendah made ini chinakualitas warna hancur harus lebih teliti lagi kalau cari barang kayak tv jaman dulu warna nya,negative
kayak laptop suka ngeleg padahal masih baru,negative
cukup muas,negative
sudah lama samapai,positive
kirim rapi dan lengkap dengan box kayu di jamin aman barang bagus sesuai pesan,positive
producknya bagus sesuai gambar cuma enggak sampai baca hingga 32 gb,positive
barang nya bagus keren,negative
paketny sudah sampai padahal baru pesan kemarin packing goodjempolkeatas,positive
telah bulan tibatiba tv rusak gambar garansi tidak ada kecewa sekali,negative
thank lu,positive
memory kok pas sampai rusak ya memory pas pindahin musik ke memorymusik2 nya pada hilang,negative
kirim lama,positive
sayang sekali tidak ada pilih untuk cicil tetap pakai selain baca di produk ini dan yang saya sesal kenapa lazada dan seller tidak beri solusi jika beli laku salah pesan barang sementara jika jual laku salah seperti barang rusak dl barang bisa dikembalikanditukar,negative
oke barang cepat sampai oke punya,positive
lumayan,negative
knapa pesan saya belum ada sampai sekarang padahal saya pesan dan bayar dari tanggal 24 desember,negative
saya ingin kembali barang saya saya sangat kecewa karena barang sudah lambat datang pas barang datang nyata rusak,negative
proses cepat malam pesan besok siang datang barang aman dan orisinal hanya saja baterai kok boros yaini baru hari coba pakai 76 hanya jam 10 minta dengan mode battery saver,negative
pesan siang besok pagi sudah sampai moga barang awet terima kasih seller terima kasih lazada,positive
flashdisknya bisa guna kirim lumayan cepat thx,positive
lama pakai lancar packing aman kirim cepat,positive
laptop keren pokoknyapacking rapi banget,positive
produk microsoft office tidak sesuai karena tidak serta key produk,negative
enggak bisa buat simpan file kecewa,negative
mntap tanpa kendala dapat harga flash sale lagi,positive
belum di coba sih lihat dulu kalo bagus baru kasih bintang,negative
terima kasih lazada barang sudah sampai paket rapi tapi enggak sesuai di gambar flashdisk isi dua 64 gb tapi yang datang cuma satu flahdisk 32gb mending ganti saja gambar ya biar orang nagak tipu kayak saya proton technology bohong,negative
paket sudah terima order 25 des jangan,positive
barang bagus mudahmudahan awet,positive
tipis dan ringan,negative
yang hitam pacar yang pertama,positive
harga kurang muas,negative
casenya kadang baca kadang enggak,negative
alhamdulillah barang sampai dan dapat bonus speaker samsung walaupun sedikit lama karena enggak sabar kali haha thanks lazada moga2 awet nih,positive
barang telah terima dengan aman dan beberapa drama kecil drama nya dari pihak kurir nya sih inti belum ada notif kalau barang telah terima oleh nama saya sendiri sekitar jam sore namun saya belum terima lalu telpon cs jne chat cs lazada omong ini itu ini itu bakal tindak lanjut akhir jam malam lebih baru barang sampai dengan alas dari kurir tadi enggak ada orang tempat kurir yang bikin misunderstand antara saya pihak cs jne dan pihak cs lazada mbak yenny terimakasi banyak pihak yang bantu mbak yenny mas ditya cs lazada dan pihak cs jne yang saya lupa nama,positive
alhmdlh pesan darat dengan selamat good moga awet,positive
produk di terima dengan baik enggak ada cacat produk nya baik hanya saja kirim terlalu lama di jasa kirim total puluh hari 3x lipat dari paket yang biasa saja terima paking cuma pakai buble dua lapis begitu saja benar rawan banget pecah saran sih enggak usah pakai ninja ya soal di sini cabang nya cuma jadi otomatis kirim jadi lama,negative
kata mau mau tonton film dengar musik tinggal colok usb nyata usbnya buat service only tipu ini nama saya mau lomplen ah soal tuju saya beli tv ini untuk saya tonton film lalu usb kecewa saya,negative
saya kira ini sudah ada hardisknya nyata masih harus beli lagi ini cuma alat transfer doang jadi tidak kepake ini barang,negative
barang sesuai pesan dan cepat sampai,positive
belum coba tapi barang sesuai clas 10 write 20 mbaksi transfer 95 mbaksi,positive
suka paket lengkap plus bonus2nya rekomended banget nih,positive
kualitas kurang enggak bisa connect ke tv,negative
belum nyampe2 juga nih barang saya,negative
barang sampai dengan selamat packingnya rapidatang sesuai estimasibarang masih dalam proses pengetesanmasih adaptasi dengan smart tvmudahmudahan cocok,positive
terima kasih lazada kirim cepat pesan 12 des 18 di terima 13 des 18 dan sudah di aktifkansemua fungsi dengan baik moga uaaaaweet,positive
barang saya belum sampai tapi status aplikasi sudah terima,negative
mantap kirim supet cepat ke sumbar cuma hari dan packing bagus moga awet,positive
sangat puas kualitas bagus terimakasih sukes ya,positive
cepet muantep thx lzada moga bareng awet,positive
enggak bisa fungsi buang aja ke tong sampah,positive
kecewa alias barang aspal ya lumayan buat isi mp3 sih banyak lagu,negative
kecewa bareng terima 21 hari dari pesan,negative
file saya rusak semua telah pindah ke usb sedih banget kwalitas buruk sekali,negative
ini kenapa ya laptop nya eror ketik saja jadi ya ya jadi gue ini bagaimana ya kok aco banget,negative
tkscukup bagus cuma volume bsr kcl sendiri,positive
brangny bagusmntap,positive
barang yang terima sesuai gambar dan spec,positive
bisa kredit dengan home kredit enggak,negative
barang oke cocok,positive
barang rapi cakep top,positive
barang sudah terima dan sesuai dengan pesan dan sudah di test fungsi terima kasih,positive
yang saya kira 64 gb nyata 64 mbak entah yang ngirm atau memang tulis produk sebut sudah dignti entah lah yang terpnting jadi ajar buat ane terima kasih lazada karena bareng tidak sesuai dengan yang dihrapkan sudah kurir mminta tips pula karena memang salah ane distu begitu telpon oleh lazada lex saya lagi keluar,negative
biasa saja,negative
barang seperti pada gambar,positive
asli punya bisa pakai enggak ragu buat beli lagi,positive
packing canggih pakai pallet kayu protector segala enggak heran karena nyata kirim dari seller di surabaya jatim ke bintaro tangselsebuah alam untuk teliti,positive
kirim sempat lost alias entah nyasar mana kurir nya padahal mah sudah jelas alamat nya sudah kali kirim ke alamat ini sok far good untuk produk mya,negative
alhamdulillah sampai juga yang tunggu,positive
bagus packing oke cepat sampai juga barang juga sesuai gambar cuma nyata lebih gede dari yang kira over al bagus dari sgala aspek,positive
luar biasa,positive
status barang telah terima kemarin tapi terima di siapa saya dan orang rumah saya enggak rasa terima barang sedang saya dari kemarin pun ada rumah,negative
fd nya orisinal tnks lu moga awet,positive
bagus kirim aman walaupun cuma pakai buble wrap,positive
barang sampai dengan cepat dan lengkap sesuai dengan deskripsi,positive
beda dari yang pernah saya order,negative
barang sesuai cuma belum dicobain lama kirim padahal barang sudah sampai kota yang tuju,negative
kok tulis kardus 64gb di fdnya 8gb ya,negative
fast respon produk ok,positive
packaging rapi dan aman pas di coba flashdisk juga bisa baru hari sejak mesan langsung sampai pokok enggak sesal deh,positive
dari order sampai kirim ke rumah sekitar hari sudah dag dig dug takut barang enggak sampai cara sudah transfer 65jt tapi sisi lain percaya karena lazada mal yang keluar dan jamin lazada sendiri bukan toko yang ragu untuk tv led 50inch smart tv sudah 4k harga ini lumayan murah banding merk lain yang masih mahal pas buka kardus tv wow besar banget dan memang smart tv sudah android keren banget lah pokok enggak sesal pas sudah lihat tv nya recommended yang mau beli tv besar dan spesifikasi sudah oke jempolkeataswarnakulitcerahjempolkeataswarnakulitcerahjempolkeataswarnakulitcerah thanks lazada,positive
kurang memuaskn,negative
bagus moga saja awet tv nya,positive
mantap bareng nya mulus banget kurir juga ramah mantap pokok,positive
barang bagus kecil simpel kencang karena sudah usb3 cuma sayang enggak dapat tali jadi harus beli lagi kalo enggak pakai tali takut hilang sangking kecil overal puas beli di lazada,positive
kirim lama sekali bareng oke nmn remote sring enggak konnek sama wifi,negative
kak mau tanya bla pesan brang bisa kredit knadan prmbayaran pertama berapa stlah brang dkrim byar dtempat cicilanya,negative
sesal gua beli di toko ini barang rusak banyak virus di jual gua minta ganti yang baru,negative
barang bagus harga juga bagus langsung dimamanfaatkan,positive
alhamdulillah tv sudah datang dengan selamat dan bisa kami guna dengan baik,positive
thx lu,positive
data korupt ketika di pindah ke flasdisk,negative
sangat bagus dan muas,positive
enggak bisa nyimpan file kecewa,negative
barang padahal sudah dkirim dari tanggal 18 sampai sekarang belum jelas tampak nyaniat jual kagak sih,negative
dari segi packing cukup bagus kondisi fisik barang lihat bagus dan bahan yang guna cukup lumayan elegan dan simpel turut sayatapi sayang begitu coba barang tidak fungsi hanya lampu indikator saja yang nyala tidak deteksi sama sekali di windows,negative
respon dan kirim lama sehingga beli barang tidak jadi jadi transaksi,negative
harga murah tapi enggak murah,positive
respon sangat cepat order hari minggu senen sudah terima barang sesuai pesan tidak ada kendala,positive
pertamatama kecewa karena kirim di luar estimasi datang waktu buka segel sudah pernah buka tapi ya positif memang ini hd 4tb murah,negative
hanya kecewa di kirim saja telat,negative
barang datang cepat sekali over al bagus sesuai dengan gambar tks,positive
harga tidak bohong,negative
barang baguspengiriman rapi aman guna ninja expres gambar bening ful hdharga murah bingitzdesain mewahsupport mp4mkv subtittles srtada colok hdmi,positive
barang sampai hari cukup lumayan belum ful hd sih turut saya masih hd tapi oke lah harga gin sampai work minus tidak packing kayu,negative
terimakasih lazada flasdisnya sudah diterimabelum di coba,positive
kirim cepat produk sesuai deskripsi bagus thanks lazada,positive
terimakasih lazada maaf telat posttv nya sudah datang barang bagus order tanggal 23 oktoberdatang tanggal 25 oktobercepatterimakasih xiomi moga awetcuma gratis hooq nya enggak ada mohon konfirmasinyasaya sudah hubung pihak xiomi harus tunggu tv nya minggu datang baru dapat hooq nya,positive
packing kurang baik botol pecah,negative
ganjangan jual flasdisc rusak dongmasak di isi gambar sama file enggak bisa buka,negative
produk sampai dengan selamat tapi kirim lambat hari tidak bisa netflix mohon segera ada baik agar support untuk netflix,negative
parahenggak ke baca jangan beli kalau harga enggak masuk akal,negative
flashdisknya virus waktu di coba masuk data ke flashdisk nanti tibatiba hilang sendiri data gadget dan laptop juga nak virus waktu di hubung,negative
sip,positive
aku sudah coba bagus isiny 627 gb lumayan banget terima kasih lazada dan toko audew,positive
barang nya sangat bagus muas sama persis dengan yang di harap,positive
min maaf mau tanya kalo untuk proses credite bagaimana ya mohon info terima kasih,negative
barang jelek enggak bisa isi lagu,negative
packing nya bagus dan aman produk ok dan sesuai deskripsi puas dengan gambar tapi agak kecewa promo nya beri telah hari saya pesan coba pesan hari pas promo super puas dan bahagia mantul,positive
mantap sesuai skripsi kirim cepat fungsi baik,positive
packing rapi tapi beberapa dokumen yang sudah pindah tidak bisa baca saat buka dan diputarjempolkebawah,negative
video yang simpan di flashdisk jadi rusak,negative
not readable ini car stereo and not possible tapi format this for fat32 versionvery poor,negative
barang sangat mengecewakandan nyata barang nya black market,negative
fungsi,positive
barang fungsi semua,positive
saya pesan barang ini dengan nomor pesan yang sampai malah ukur 16gb mohon dapat proses lagi untuk ganti,negative
barang sudah kami terima dalam ada baik terima kasih,positive
sementara bintang karena bonus antena tidak ada pada kirim unit tv kemarin kapan bisa dkkirimkan bonus antena digital sesuai dengan spesifikasi jual barang,negative
barang bagus datang cepat,positive
terima kasih lazadasesuai dengan yang di atassaya pernah beli di toko online lain tapi flashdisknya selalu corrupted dan enggak sesuai dengan ukur gbnyatapi yang ini enggak jadi saya lebih pilih belanja online di lazada sajaterima kasih lazada,positive
barang murah dan mantap min mana dapat bonus lagi sukses,negative
produk yang kirim sudah sesuai dengan pesan,positive
kirim dengan jne dan cod cepat juga sudah coba dan bagus suara aga cempreng tapi kencang banget bazzle tipis jadi lihat mewah,positive
barang rusak enggak bisa di pakai baru kali ini beli di lazada sesal kayak begini,negative
berfunsi dengan baik trimakasih,positive
soriflashdisk kagak sesuai isinya64gb yang di kirim 2gb jauh banget ganbiar cepat habis ya stocknyakalo dagang tuh yang benarjujur amanahkonsumen jangan di bohongindasar pendustaenggak berkah dagangbaru kali ini ane belanja tipu kecewa,negative
sangat kecewa ukur flashdisk tidak pas dengan colok usb sulit untuk menancapkanmencabut,negative
real pict tapi belum di cobawajahtersenyumlebardanberkeringat,positive
walaupun yang datang tidak sesuai dengan keteranga indak masalah sesuai 32gb,negative
windowsnya suka enggak mau booting wajahcemas bagaimana ini,negative
kenapa enggak ada remot enggak ada baud sama buku pandu nya,negative
barang kualitas jelek baru pakai sudah enggak bisa baca,negative
barang bagus sesuai dengan gambar,positive
bateray kali cepat banget hbisnya padahal sudah di mode terbang jugawajahkecewa,negative
tv pes tanggal 14 mei tanggal 15 mei malam sudah tiba kirim cepat baru pakai hari sok far its okemoga2 awet youtube an lancar jaya,positive
kecewa yang datang tidak sesuai dengan picta terus enggak bisa kepakekwajahmenangiskeras,negative
barang puoch hd kurang panjang jadi saat masuk hardisk kurang pas yang lainx bagus,negative
barang tidak terlalu baik dalam uji coba,negative
isi 145 gb fungsi baik,negative
dapat harga baik sayang led nya sekarang sudah kena ada garis makin lama makin tebal thx seller lazada,positive
kirim nya lama,negative
good android 90,positive
sist ini nbx dengan hrga ski di atas kondosix masih baru atau bkas nih,negative
pesan sesuai hanya saja kok enggak ada tutup ya,positive
barang sudah terima sesuai dengan deskripsinamun kirim barang sangat menghawatirkan jasa kirim tidak ada konfirmasi kirim barang tau2ya tv saya titip ke tukang warung jaga parkir untung bapak2nya jujur dan mau kasih tau ada kirim tv untuk saya tolong perhati saja jasa kirim belum kirim pasti laku komunikasi dengan customer dan pasti juga customer yang terima barang kalo hilang siapa yang tanggung jawab lazada ok jasa kirim kacau parah,negative
barang sudah sampai dengan selamat dan sudah di tes,positive
sempat khawatir mau beli tv 40 inch tapi nyata darat di rumah dengan selamat mudahmudahan pada beli ikut juga lancar,positive
karena barang yang saya terima tidak sesuai dengan yang sudah di tulis di iklan situ tulis fre braket tapi saya tidak dapat terimakasih,negative
thanks gan bareng sudah terima dengan baik sory baru beri ulas,positive
memorynya mantapsiap pakai gan,positive
barang cepat banget sampenya kurang lebih hari lah kirim betul saya lokasi di jakarta timur alhamdullilah barang darat dengat selamat tanpa cacat sedikit pun walaupun kirim hanya pakai bubble wrapping tapi tvnya ok kok,positive
fungsi dengan bsik produk aslisemoga awet,positive
kaget pertama kali ngembuka dan kang sangat ringan dan dimensi lebih tipis dari yang belum dan pacingnya rentang cuma balut babble wrap bungkus amplo kuning yang di lakban beda dengan punya saya yang sebelumnnya kapasitas sama tb saya sempat ragu akan keasliaan ini produk dan saya cek di transcendinfocom nyata asli dan ter tekam warna kapaitas garansi hingga 2021 hampir kecewa awal karena bentuk kota juga sudah penyok dan kotak bagi bawah sudah ke lopek baiagan kiri tapi ada kartunama jual saya langsung hubung via wa dan tanya masalah kartu garansi yang enggak ada paket beli kata sih untuk klaim cukup bukti nota beli unit untuk bonus nya lumayan 16 gb sama poch dan headsetnya enggak gun wkwkwkwkw keseluaruan saya lumayan puas moga ditungkatkan lagi,negative
barang bagus murah cepat sampai,positive
barang yang krim lain,negative
untuk flesh nya asa ringan sekali trus asa kagak padat begitu dari 32gb yang baca hanya 288gb kalo di pakai di pasang di computer buat terima data yang di kirim dari hd pas copy lihat aman2 enak baru saya tambah lagi ya masih lumayan trus di tambah lagi jadi lalod banget gua mau ecek file nya yang sudah isi mau di buka malah kagak timbulkayak kagak respons begitu nanti salah yang di copy itu sudah selesai baru bisa gue rasa kalo flesh nya itu lalodkurang cepat dalam merespon soal gue itu punya flesh sandisk 8gb kalo mau isi data film gue sering numpukin sampai sekaligus dan ketika mau buka respon nya masih cepat banget dan enggak pernah ngalamin seperti yang barusan saya alami tapi inti yang penting bisa di pakai untuk kirim lama tapi untuk packing bagus seller ya ramah responya cepat terima kasih adata,negative
barang sudah dteriam akan tetapi kabel data tidak bisa di guna mohon di bantu supaya bisas di tukar hanya kabel sajatks,positive
puas banget sama apa kurir baik ramah,positive
yang di psn sandisk flash disk cruzer yang dtng sandisk cruzer edge sungguhsungguh kecewa,negative
ini new segel atau seconds ya,negative
kualitas tv nya okaygambar jernihsuaranya jelasmenonton film tinggal pasang usbmenu deh otomatis bahasa indonesiasubtitle film kebacaoveral puasthanks lazadasyukur beli kemarinharganya naik ya sekarang,positive
order mulai tanggal 10 des kirim ke kelapa gading dari lazada tanggal 11 des dan baru terima tanggal 17 desember kirim tanpa packing kayu cara fungsi bilang banding android tv merk jepang tidak jauh beda cara perfoma bahkan bisa bilang lebih baik prosesor dan ram lebih tinggi akan tetapi cara visual warna kurang vivid atur buat gambar warna cerah tidak bisa buat seluruh harus per item aplikasi untuk suara bisa bilang keras tapi kurang di detil tribelnya kes cempreng siasat pakai soundbar tambah via optical karena tidak ada jack 35m cara tampil oke tidak terlalu tebal akan tetapi material bila rasa kurang kokoh tapi tidak murah malah kes premium sudah coba nyala 48jam nonstop akan tidak ada masalah,positive
bagus barang tapi enggak sesuai kapasitas pas tester hanya dapat 14gb saja,negative
bagus tapi jaring nyata 3g,positive
gambar kurang jernih,negative
produk abal abal masa nge save file tulis saja enggak bisa masa sudah simpan tapi enggak bisa dibukawajahsangatmarahwajahsangatmarahwajahsangatmarah,negative
alhmdulilah barang selamat pkeng nya rapi juga moga selalu seprti ini,negative
produk kualitas harga sangat miring packing bubble wrap tebal doang tapi 100 aman tanpa cacat minus cuma kirim yang lama kurir nnja expres otomatis karena fre ongkir hampir minggu barang baru sampai overal mantap lah bukan kaleng2 mudah mudah barang awet,positive
flashdisk tidak bisa pakai error kecewa banget,negative
barang mulus paking rapi kirim cepat namun tidak muat sama hardisk punya saya tebal nya beda 2m jadi enggak muat terlalu slim,negative
lumayan lah cuma kecil nyata,positive
alhamdulillah barang bagus,positive
barang sudah terima tanggal januari 2017 saya harus tunggu minggu untuk terima pesan cukup lama barang terima dalam kondisi bagus terima kasih untuk cs yang sabar layan komplain konsumen tolong baik sistem distribusi agar barang dapat tiba tepat waktu utama untuk mesan pada harbolnas,negative
barang sampai dengan selamat kualitas sesuai dengan harga tapi dengan range harga segitu masuk sangat murah kirim ninja expres sangat cepat hari dari mesan sudah sampai padahal ke madura recommended banget terima kasih lazada dan ninja expres,positive
pesan hari minggu selasa sudah nympe packing rapi cuma belum dcoba jadi enggak tau bagus apa enggak nya,positive
tiap belanja di lazada selalu puas ini sekian kali dan pertama beli barang elektronik di lazada awal rasa was was dan takut karena lihat komenkomen negatif sini alhamdulillah saya terima barang tepat waktu dan dalam kondisi yang bagus dan langsung di gas main ps3 dan hasil luar biasa satu minus nya kenapa sudah dicolokin kabel antena siar nya malah enggak dapat ya moga awet deh nih barang wajahmalaikat,positive
enggak bisa di pakai alias rusak was broke,negative
sesuai dengan pesan dan rekomended,positive
barang baru sampai tapi pecah di led,negative
meski bungkus oleh bubble wrap saja alhamdulillah barang sampai dengan selamat kurir pun baik hati dan sangat hati hati barang buka tidak ada yang rusak bisa ter setup dengan baik hanya saja di rumah sinyal wajahgembiraberuraiairmata tonton tv mudah dengan mode cari digital sangat baik,positive
kemarin pesanhari ini sampai kirim yang super kilat produk mantapgambar jernih di wilayah parung bogor dapat 31saluran tv digital hanya dengan antena uhf biasa taroh atas plafon top markotop,positive
gan kata bisa cicil itu bagaimana cara nya info dong,negative
tv sangat value for money harga murah untuk ukur 40 inch gambar sangat tajam karena sudah support 1080i 60hz kualitas suara biasa saja kurang bas cara seluruh saya sangat puas dengan tv ini saran mohon ekspedisi ninjaxpres untuk evaluasi karena kirim sangat lama dan ada sedikit masalah,positive
kecewa battery pecah wifi error device padahal sudah instal ulang driver,negative
kecewabarang tidak bisa dipakaienggak bisa simpan data,negative
oke sip mantap,positive
tolong segera kirim ganti atau kembali dana saya,negative
lucky me beli disinimurah tapi bareng bagus,positive
fungsi dengan baik,positive
good product and seller,positive
pesan tanggal 11 sampai di rumah tanggal 14 overal puas sama kualitas nya performa jauh atas harga cuma untuk kirim mohon tingkat lagi barang terima dalam kondisi panas mungkin kena mesin blind van untung tv nya tidak kenapa2,positive
sudah enggak sesuai sama jadwal delivery yang di tentu barang belum terima tapi di aplikasi dan email sudah nyata terima tanya ke cs minta bukti siapa yang terima enggak bisa kasih bagaimana tanggung jawab nih,negative
kirim cepat packingan baik sudah coba 2usb kualitas baik,positive
walaupun lama tapi mantap benar deh moga awet thanks lazada,positive
apaka di lazada bisa cicil,negative
jangan di beli gan,negative
sudah sampai dengan selamatmulusremote fungsi normal mantap pokok,positive
di tes lancar jaya,positive
darat dengan baik,positive
barang sih baguscuman dalam kirim banyak ketidakpastian kapan sampai nya sudah begitu tanya ke cs lazada tentang kapan bisa sampai jawab cuman apakah transaksi mau batal saja hm solusi yang bagus,negative
paket saya sudah sampai dengan selamat di packing dengan rapi dan hardisk pungsi dengan normal untuk sekarang tapi mudah mudah awet dan bonus juga tidak ada kendala dan bisa di guna ya mungkin sedikit kendala kurir bingung cari alamat saya tapi tidak ada masalah,positive
packing rapi moga awet,positive
alhamdulillah fungsi dengan baik moga jadi amal baik manfaat duniaakhirat amin,positive
mantap banget luar biasa,positive
kapasitas flashdisk tidak sua saya pesan yang 64 gb tapi isi 56 gb dan beli yang 32 gb isi 28 gb dan dalam proses kirim pihak seller tidak beri titik koordinat alamat yang benar kepada pihak gosend jasa pengirimantidak sesuai dengan alamat yang tera di aplikasi sehingga pihak gosend tidak dapat selesai kirim,negative
halo ini fre hooq 6bln nya mana ya mana saya dapat kok tidk ada keterngan apaapamhon konfrmasinyaterima kasih,negative
kemas ada barang cacat ada bekas seperti bakar di dekat engsel kapaditas tidak sesuai dan selalu corrupt barang tidak mutu,negative
bagus tak kecewa tapi sayang tak ada bonus sid,negative
mantaps jiwa moga awet bos,positive
sudah hari lebih nih notifikasi hanya dalam kirim barang enggak sampai sampai padahal sudah minggu nunggunya kecewa banget mohon cepat kirim karena lagi butuh banget nih barang,negative
sudah coba bagus moga awet yang satu lagi belum buka mudahmudahan aman,positive
kali cicilanmaksudnya bulan yapersyaratan untuk kredit apa saja ya,negative
kirim cepat pesan kamis malam hari minggu sampai sudah sampai,positive
bareng deh sampai hari dari order waktu sale sekarang hrganya deh naik lagi tanggal instal os cuman kecewa beda warna dengan yang digmbar mesti biru tua saya dapat ful black tolong lebih konsisten lagi lazada,negative
tulis hanya unit yang sisa ketika pes hari baru ada pemberitahuan batal pesan dari pihak lazada,negative
maaf kartu garansi dalam kardus kok enggak ada ya sayang enggak dipacking kayu,negative
flashdisk kualitas buruk baru hari di pakai error tidak luas kapasitas sangat kecewa tidak bisa di format tidak kompatible sesal banget sudah beli,negative
mantap asli sesuai gambar,positive
bagaimana cara hubung game pad untuk main game dan game pad seperti apa yang cocok,positive
barang di terima dengan baik dan sesuai dengan estimasi waktu,positive
cocok kalo buat utamain gaya karena bisa nyala macam bohlam benar tapi kalo dari segi fungsi agak ribet nyoloknya karena makan tempat,negative
everthing is ok thanks lazada,negative
kecewa dengan kirim sudah minggu lebih barang tidak nyampai juga status masih dalam proses terus bayar mahal tapi lama,negative
cucmeeey kirim cepat kurir juara ku sudah coba pakai wifi sok far bagoooos belum coba pakai antena dan belum coba hooq nya moga awat dan lanjar jaya selalu ya,positive
tks barang sudah sampai di samarinda tempo hari fre ongkirtks lazda,negative
sip barang sesuai pesan,negative
kirim cepat mungkin karena pakai ninja expres ya pesan yang lama masih banyak yang nyangkut enggak tau mana posisi pesan saya sekarang,positive
keren cepat,positive
kirim lama terus waktu beli di deskripsi di tulis fre bracket enggak tau enggak ada,negative
barang sesuai pesan walaupun shipping agak lama,positive
bagus pokoke,positive
credit,negative
barang bagus sesuai tepat waktu tks lazada ku tambah suka,positive
produk bagus dan murah orderdilnya bengkel servicenya nya banyak di jawa timur,negative
barang baguskemasan rapiberfungsi dengan baik terimakasih ya jvp terimakasih lazada,positive
barang gurih datang sesuai pesan,positive
sipbarang jos terima kasih lazada kirim cepatkurir ramah banget,positive
lambat pas transfer data jadi kurang nyaman guna,negative
psesnan sudah saya terimabarang bagus packimg rapisemoga awet sampai kapan punkurir ramah baikterima kasih ya lazadaterima kasih sellerslukses selalu nih saya kasih bintang,positive
produk bagus muas,positive
sesal gue beli flsdisk risak jual,negative
saya sangat kecewa karena ke flashdisc yang saya pesan semua eror tolong lazada baru kali ini saya sangat kecewa dengan mitra anda saya mohon kembali saja uang sayawajahmenangiskeraswajahmenangiskeraskalau bisa enggak ada bintang untuk anda,negative
barangnyabbagus tapinbonus otg nya enggak sampai,negative
barang tidak bisa pakai,negative
oke mntap lazada kirim cuma hari barang aman tidak ada kendala apa sukses selalu lazada,positive
barang sesuai pesan sangat puasrespon cepat,positive
pas sesuai dngn psananmksi lazada,positive
tutup falshdishnya enggak klep gampang lepas tapi untuk semua bagus,negative
kecewa barang enggak bisa di pakai retur susah,negative
barang bagus sesuai,positive
good performance but havent used itu yet hope the quality inside is as good as the exterior bravo,negative
kalau cara mesan bagaimana ya,positive
di deskripsi 101 incikok yang datang inci yawajahberpikirwajahberpikirmau di tuker nanti tunggu lagikeburu anak mencarinih belum di cek rom sama ram nya sesuai deskripsi enggak,negative
kirim lama gilir mau di cancel barang malah datang,negative
barang sampai dengan aman enggak ada yang cacat semua fungsi mkasih buat lazada jne tv coocanya mantapjempolkeataswajahtersenyumlebarbermatahatiwajahtersenyumlebarbermatahati,positive
enggak bagusenggak bisa di eject akhir baru beli hari deh rusakmeminta di format tapi enggak bisa teruskatanya write protectsemua cara sudah di laku tetap sama sajamengecewakan,negative
barang dipacking kuat dan rapicepat sampai sesuai estimasitrimakasih kotakom,positive
lama sekali pengirimanya,negative
barang ready enggak terus isi benarbenar tb enggak,negative
paket sudah ssmpe dan ok barang sama dengan dfototerima kasih lazadagacor cel,positive
meski sdikit lewat estimasi namun sampai dengan,positive
gan kok enggak bisa bayar di tempat1thn yang lalu saya beli di sini bisaterimakasihtadinya mau pesan lagi,positive
kirim super cepat barang oke,positive
barang cepat sampai hari saja barang original dan garansi moga awet,positive
saya cancel saja enggak sesuain prkiraan,negative
di deskripsi kata bisa putar musik dan film via flashdisk nyata pas di coba lubang usb nya cuman buat service only sesal beli tv ini salah satu timbang beli tv ini karena bilang nya bisa puter film via usb dan bermerk sharpternyata malah begini,negative
alhamdulillah pesan sudah sampai maaf talt kasih saranbintang buat kirim dari lazada yang ramah dan baik hati,positive
enggak real capacity tapi work,negative
barang sudah sampai gilir di isi enggak ke baca kecawa min,negative
bracketnya enggak ada dan kirim via ninja lama,negative
dengan harga memang datang qualitas sudah hampir minggu pakai tv ini awalawal lancar makin sering di pakai tv lamalama nglag utama saat tonton youtube dan rubah volume sisi quality of produk bintang sisi layang bintang kirim cepat dan rapi,negative
saya beli semua tidak fungsi sedih,negative
packaging rapi barang guna gambar bagus dan tajam suara enggak cempreng cempreng amat moga awet,negative
bisa di ganti mi sama flash yang lain cuman flash distnya saja min,negative
barang tidak di packing dngn layak alhasil barangtv sampai dngn kondisi layar led rusak parahpecah dan tidak dapat guna lagi,negative
saya pesan hitam dan jelasjelas di lapak hitamtapi yang datang kuning payah benar sellernya,negative
untuk sementara jalan lancar kapasitas real 32gbpaket rapisegel mantap jempolkeatas untuk seller nya,positive
flashdisknya bagus cuma otg nya enggak brfungsi,negative
lumayan lah kualitas,positive
barang asli kondisi bagus packaging bagus banyak bubble wrapnya kirim relatif cepat overal puas,positive
lengkap mantap cepat sigaaaap,positive
masih tahap test dulu ya,negative
good seller barang orisinal jempolkeatasjempolkeatas,positive
sana di terima rda lama wktund terima brang di bungkus sangat rapi dengan guna kayu pas di coba barang lumayan bagus tetapi ganti salur rda lama,negative
bagus sesuai harga,negative
enggak bagus flashdisk nya kecewa lah pokok,negative
kecewa banget layar pecahjadi kerja lagi nih balikin ke seller lagi,negative
hai sissaya mau nyicil dan saya sudah ceklihat byran cclan prbulan nya saya tanya sisuang muka nya berapa ya sisbrant yang ini,negative
ira lektop teryata bukanpas di nyalain eror,negative
sangat kecewa dengan gambar tidak sesuai dengan slogan infinity view dan tidak sesuai gambar yang iklan yang lihat sangat ful view yang buat orang tergiurgambar lampir jarak bezel dapat celah satu jari kelingking dan lampir foto banding dengan type 50 inch dan 40 inch lebar gambar display sama saja yang beda hanya bezel yang lebih tipis ditype 40 inch dua merk cooca loh,negative
corup,negative
bisa buat hd external tv led,positive
mantul tv nya sukasukasuka dapat flash sale lebih murah harga nya langsung pesan unit terima kasih lazada good product jempolkeatasjempolkeatasjempolkeatas,positive
belum di cek,negative
tks barang bagus sesuai pesan,positive
tv nya restart2 an terus bisa dibalikin ganti baru kah,negative
barang nya pasti bagus flagship store packing nya terlalu tipis dan kirim yang lama buat saya kecewa,negative
kirim lama pada estimasi belum akan sampai hari senin 04 feb 19 tapi ada notif pesan di batal kemudian pesan ubah schedule kirim tanggal 0509 feb 19 dan sampai pas hari sabtu 09 feb 19 review barang saya beli yang 16gb fre 8gb tapi sayang 16gb sudah di pakai dan di dalam sudah ada isi photo orang yang lagi sidang skripsi ini serius mau jual dan yang buat kecewa selain kirim lama dan ubah status isi 16gb yang sudah pakai sebut bila di format hanya 389gb ini serius beli 16gb yang di dapat cuman 389gb lazada tolong di bantu kena seler seperti ini kita bukan cuman dar cari murah tapi juga kualitas,negative
untuk produk sesuai gambar spesifikasi pun sesuaiuntuk packing sudah oke tapi agak lebih perhati saja untuk packing luar karena dus agak rusak tapi untung tidak pengaruh ke barangnyaterima kasih lazada,positive
barang sudah saya terima kirim cepat exellenttapi kualitas barang tidak baguspenerimaan sinyal tv tidak bagus hanya dapat terima stasiun tvsaya sudah coba beberapa antena tetap sajasedangkan tv saya merk lain tokcertidak ada masalah dengan terima semua stasiun tv terima dengan baik tidak puas hadap merk ini,negative
tvnya okey banget seller recomended ekspedisi juga sangat komunikatif pokok mantab moga tvnya awet ya,positive
packing bagus cuman pas transfer data lama dari sd card padahal samasama sandisk,negative
usb 31 keren versi baru dan cepat tapi belum coba,positive
tanggal di terima nya ngaret dari tanggal yang di tentu sampai sekarang belum sampai,negative
buat copy file banyak yang rusak tidak competible di semua hp,negative
mohon bantu nya kok barang belum sampai sudah 21hari saya tunggu enggak kunjung datang mohon perhati terima kasih,negative
nih case power usb nya tinggal pasuk harddisk laptop ke case yang dah drive powernya kan,positive
barang mantul packing aman dan rapi windows original kirim pakai expres pesan jam 1030 jam 16 sampai,negative
pesan barang dari tanggal 12 feb 2017 sampai detik ini barang tidak di terima di email no resi dakota tapi link email yang kirim tidak bisa akses error terus kompalin ke lazada via live chat via customer care semua sampai akan di konfirmasi via email tapi sampai detik ini pun tidak ada email masuk saya terima dari lazada tidak tanggap dalam tangan komplain customer tidak seperti olshop lain yang cepat tanggap kalau ada keluh jadi customer rasa bantu saya beli barang maksud buat hadiah malah jadi sia2 lokasi saya hanya di bogor masa minggu enggak sampaisampai kirim darimana dari papua kendala ada mana tolong dong jelas bukan biar tunggu tanpa ada jelas kecewa,negative
smart tv bisa siar digital gambar jernih ok banget,positive
mantaab dan fungsi dengn baik kurir pun ramah,positive
kami sudah terima barang tapi waktu pasang tidak ada sinyal meski sudah kami kasih antena toyosaki kami ingin kembali barang,negative
yang 16 gb enggak bisa di pakai sama sekali yang 64 kalo copy data kadang baca kadang enggak,negative
barang deh sampai tpu belum di coba mudhan awet ya,positive
bungkus kuranghanya bungkus plastik saja gores barang thx saja,negative
hm,negative
bos tolong kasih tau ke om kurir jangan asal kasih barang ke orang lain telfon dulu sama yang punya barang,negative
enggak erti lagi deh sama lazada kirim cepat banget beli kemarin sore tadi sore sudah sampai,positive
respon cepat barang sesuai pesan mantap jempolkeatasjempolkeatasjempolkeatas,positive
alhamdulillah sampai sempat was takut pch panel nya eh nyata enggak kurir juga ramah banget moga awet deh ini tv,positive
tidak bisa di guna file yang sudah di save saat mau di buka filenya malah hilang,negative
kirim cepat hari kerja sayang bonus headset nya enggak ada sisa nya sih oke,negative
brng dah sampai sesuai pesan tks,positive
barang bagus tanks lazada,positive
saya beli eh kipas sama kabel data ada yang enggak fungsi bagaimana sih jangan mentang mentang gratis tapi asih nya alas asal ya tolong tindak lanjut terimakasih,negative
puas belanja di ridista online lalu ap lazada saya order flashdisk sandisk ini terima dengan baik dan tidak lama barang juga bagus sudah saya pakai ada bonus lagi terima kasih,negative
barang nya sudah datangpesan tadi eh sampai nya kemarinsekarang pakai cuma buat alas tenis mejathx,positive
tolong pesan saya di batal oke,negative
kirim sangat cepatterima kasih,positive
keren samsung smart tv nya langsung conect wifi online deh tonton youtube nya,positive
mantab kirim cepat cepat kilat tq,positive
tidak rekomen,negative
semua jalan normal cuma kenapa harga nya naik,positive
simpul kecewa,negative
kalo kirim ke kupang bisa enggak,negative
barang dah terima belum dicobasemoga awet trimsi seller dan lex expres,positive
barang oke work 587gb kirim saja lama minggu,negative
gue tinggal di salah satu kabupaten di malu barang yang gue pesan sampai dengan selamat kecuali freenya headset enggak ada tapi untuk laptop kata orang malu zn ada lawan moga awet barang,positive
barang original kirim cepat terima kasih,positive
enggak sangka tv harga hemat tapi hebat beli pas ultah lazada harga 700rebu saja jadi sesal cuma beli satu tadi ragu2ternyata mantul sampaisampai sepupu aku iri lihatnyawajahtersenyumdenganmatabahagia moga awet thanks lazada dan ichiko,positive
case mantap sangat kuat dari bentur karena ada tonjol busa cocok untuk harddisk 25,positive
barang sudah saya terima,negative
desain bagus dan nyaman bawa kemanamana,positive
frekuensi kok tidak dapat tanyangan rcti sctv dan indosiar minta arah agar dapaet siar sebut kok gambar jadi sendat sendat ya kayak vcd rusak wah enggak bagus nih tolong di tindak lanjut ya,negative
barang nya bagus sih tapi beda warna yang pes biru,negative
belum di coba kirim ok lah moga pas di coba bisa dgunakan,negative
alhamdulillah paket sudah sampai productnya bagus kirim cepat jual juga ramah terimakasihwajahmemeluk,positive
kata dana sudah di kembali di cek tapi dana nya belum ada masuk sama sekali tolong dong jangan buat kami kecewa,negative
befungsi dengan baik tetapi hdr tidak ada tidak sesuai dengan spesifikasi kim cepat,negative
telah kami terima flashdisk 64 gb yang datang je tempat kami cukup lama dan telah coba tidak bisa guna atau rusak,negative
barang bagus,positive
bentuk usbnya sesuai tetapi saat pakai data nya ke korup semua enggak bisa di baca jadi saya rasa rugi,negative
laptop nya sudah saya terima dan packing nya bagus tanpa sedikit cacatthankslazada,negative
lazada memang top banget dehbareng bagus semua,positive
barang oke betul,positive
moga awet dan fungsi dengan baik good good good,positive
karena deteksi ada virus nya di dalam flash disk tiap di hapus selalu enggak bisa kecwa banget,negative
sesuai dengan yang di gambar kirim nya cepat enggak kecewa,positive
barang darat sempurna sesuai pesan mantap jiwa,positive
belum buka mdh2 enggak ngecewain,negative
sesuai pesan usb fungsi baik,positive
cepat pngiriman okekualitas barang okecuma mungkin akan lebih baik jika packing guna kayu agar hak konsumen bisa capai dengan baik karena ada ylki lho terima kasih jempolkeatasmelipattanganmelipattangan,positive
bagus cepat pns,positive
oke tes mantap,positive
parah enggak bisa masuk file sama sekalienggak bisa baca ke dalam file nya,negative
barang cepat banget sampai pesan malam besok siang sudah sampai rumah saya packingnya rapi dan kurir juga ramah benar saya mau asih bintang tapi saya tidak dalam kondisi sangat puas untuk dapat beri itu karena kapasitas saya tahu tidak akan dapat murni 32gb tapi yang saya dapat tidak seperti temanteman yang sudah lebih dulu beli dapat yaitu 314gb atau 31gban yang dapat lihat dari ulasanulasan lain saya dapat 2971gb dari 32gb dan itu buat saya hanya cukup puas dengan barang,positive
belum coba wajahtersenyumdenganmatabahagia moga amanah wajahmemeluk,positive
untuk di harga produk masuk okcuma untuk yang juga penting kualitas suara belum ok,positive
tapi external ps3,positive
barang sudah ditrima belum coba moga awet,positive
deskripsi 32gb tapi nyata cuma 18gb padahal di covernya tulis 32gb,negative
masa saya tidak dapat usb flash led color family hanya satu saja bonus harus ada bonus,negative
lumayan tapi sayang lemoot dan belum download aplikasi batrenya cepat habis,negative
jual ramah kirim cepat dan akurat,positive
gambar gila jernih banget persis asli bukan dalam layar tv good job,negative
kecewa barang enggak bisa di buka,negative
barang sesuai tapi lama sampai dan aneh ada lecet di fdnya,negative
untuk atv enggak bisa edit lokasiyajadi chanel2 yang umum enggak bisa pindah dari no urut dstjadi chanel atv beranta karena enggak bisa set rurut dari chanel tv yang umum dilihattolong pencerahanya cooca bagaimana cara edit chanel atv,negative
lumayan bagus untuk tv dengan harga sekian kirim cepat overal sangat senang dengan beli saya terima kasih cooca,positive
keren banget txhu,positive
murah tapi teknologi lama meski ram 4gb dan rom 64gb masih asa sangat lambat gsm masih 3g untung hanya untuk baca dokumen jadi tidak terlalu pengaruh spek yang rendah,negative
ok barang mantul cuma kurir dari lazadanya az super lelet lama benar ngirimnya,positive
barang sampai kapasitas tidak sesuai pesan detail barang harus lengkap,negative
sudah di return hanya bisa simpan 3gb,negative
barang bagus kirim super cepat,positive
jangan pernah beli disiniparah bangetbarang belum sampai sudah mi ggu alesan nya enggak jelas ganggu dl,negative
barang sampai masuk kategori cepat namun windowsnya masih trial,negative
ini berapa inci ya layar,negative
barang ok kirim cepat,positive
barang sampai dengan cepat dan bagus jauh ini sih bagus moga awet,positive
barang sudah sampai moga barang awet thnks lazada mudahmudahan tidak kecewa,negative
barang tidak sesuai dengan gambar kirim mundur dari tanggal kirim standar thanks lazada,negative
enggak desuai descrip bis,negative
murah tapi tidak murah jempolkeatasjempolkeatasjempolkeatasjempolkeatas,positive
tidak bisa baca data baik file dengan baik,negative
kirim pas flash sale kemarin ke tangsel cepat cuma 23hr saja barang oke fungsi dan alhamdulillah no cacad sampai sekarang moga awet lancar terus xiaomi tv dan lazada seringsering flash sale buat yang belum punya,positive
barang sesuai spesifikasi dan masuk cepat sampai,negative
flashdisk yang 16gb tidak dapat guna awal minta format telah laku format nyata tidak bisa akhir nya tidak dapat guna,negative
barang bagus baru banget jamin benarbenar lihat dari official storenya tks sudah coba masuk ke hape dan works cuman rada lama sih sampai mohon ada opsi buat kirim instant same day,positive
tv nya bagus banget sesuai ekspetasi suara jernih dan kualitas gambar kayak tv bermerk tapi dapat harga yang miring cuma vip card enggak ada mohon konfrmasiny lu vip card dan hooq nya tunggu blsannya ya,negative
kirim cepat sudah di coba buat simpan data baru kepake 300gb real capacity bonus dapat semuaterima kasih aganlancar terus gan toko,positive
barang keren sesuai pesanancepat sampai,positive
masa simpan file video ruang makan file cuma muncul 1saja,negative
barang sampai sih tapi sayang enggak bisa di pakai,negative
sip sudah sampai moga awet,positive
barang asli orisinal bagus saya puas,positive
sesuai dengan tera belum coba,positive
kok buat tonton film lewat dvd layar tv tulisanya perangkat enggak dukung ya,negative
puas bangetjempolkeatas,positive
barang bagus tapi anti virus kok di ganti stiker,negative
thanks barang deh sampai bagus,positive
beli yang dua jalan lancar dan kirim sangat cepat thx lazada,positive
designnya kerenperformanya juga bagus sudah diinstal lengkap dengan windows 10 english version,positive
barang sesuai gambar kualitas barang jamin kemas rapi tapi enggak tau pas colok di laptop langsung ada pemberitahuan virus entah virus itu datang dari fd nya sendiri atau dari laptop saya tapi yaudah lah gkp yang penting suka dan harga murah,negative
barang bagus mantaab,positive
enggak sampaisampai barang nya,negative
barang sesuai pesan dan kirim cepat wajahtersenyumdenganmatabahagia,positive
aku suka banget produk ini,positive
warna tidak sesuai dengan spek di spek nya warna silver terima putih,positive
kecewa tidak bisa pakai,negative
sedih di pasuk film malah error file nya malah ke ganti sendiri tolong cerah,negative
kirim 12 hari dari tanggal beli,negative
brgnya bagus tapi belum coba moga bisa,positive
wkwkwk siiip deh barang nya walaupun nyokap marah marah,positive
kirim produk sangat lama,negative
produk sangat bagus dan sesuai hanya saja pelayananpengiriman yang sangat lambat sekali yang lebih batas waktu yang di tentu oleh pihak lazada sendiri,negative
sampai cepat barang sesuai,positive
hi we are not receive the tv but you remarked that goods already received,negative
saya pesan tanggal 1552017 tapi sampai sekarang 245 barang belum sampaitiba di cancel sistem dengan alas kurir hubung tidak ada respon sama sekalipadahal lama saya tunggu tidak ada konfirmasi dari kurir sama sekalisangat kecewa,negative
mantap banget tvnya sesuai pesan packingan aman bayar dengan cod tapi kirim cepat bangetnilaiseratuswajahtersenyumlebarbermatahatiwajahtersenyumlebarbermatahati,positive
asalamualaikum gan saya mau tanya kredit nya pakai kartu kredit kan kalo terus kalo uang kredit bulan berapa gan sama uang dp nya tolong di reply gan penting,negative
packing rapi lapis dengan babble kirim cepat upg barang datang belum estimasi waktu tapi kurir jnenya kurang ramah,negative
recommended seller barang sesuai pesan respon chat cepat dan bagus kirim cepat,positive
barang mantap recomended lah trimakasih lazada fokus mediatama dan antar,positive
jelektimbul garis vertikal,negative
tiap mindahin file dan selesah pasang kembali file hilang,negative
bagus banget barang nya aku suka,positive
bisa di jelas tidak bisa di pakai usb nya tolong jual yang jujur,negative
cepat sangat luar biasa masa copy file 1g saja sampai tengah hari,positive
sesuai dengan gambar barang orisinal,positive
hd tidak bagus baru di pakai iku error enggak bisa di baca,negative
nyata ini 145 gb ya bukan 16 gb hehe,negative
hadeh kecewa sama fd nya wajahtersenyumlebardanberkeringat,positive
sudah di terimaresponsif pokok sip lah,positive
mantap aman tidak ada ragu,positive
lumayan sesuai pasanan,positive
barang sih ok cuma kirim yang bikin gemassampai tumbuh uban nih kepalawajahmenangiskeraswajahmenangiskeraswajahmenangiskeraskalo enggak saya ambil kantor jne sendirimungkin masih tunggu minggu lagi,positive
flashdisknya tidak sesuai dengan pesan dan tidak bisa di pakai sama sekali saya mohon bila flashdisk sudah rusak jangan di jual,negative
pesan tanggal feb sampai sekarang barang belum terimapadahal masih dijabotabektlong ditndak lanjutithx,negative
good,negative
barang sudah sampai belum coba moga awet thanks lazada,positive
kecewa,negative
kirim luar biasa cepat di wilayah jakarta timur pesan sore besok siang langsung sampai overal tvnya bagus enggak ada kendala,positive
keren sampai cepat barang bagus mulus keren thanks lazada keep itu up,positive
harga miring cepat sampai dan lucu model thankyou,positive
cepat sampai dan moga awet di pakai tvnya,positive
lumayan kondisi aman,negative
lain kali pakai jasa kurir yang pasti jangan ninja xprees kirim lama,negative
alhmdllh barang sesuai dan fungsi dengan baik dan prngiriman super kilat pesan sabtu minggu siang sudah sampai,positive
bagus tapi ke hp tidak koned,negative
kirim kurang bagus karena hanya pakai wrap pas buka tipi kayak lengkung begitu review produk lumayan bagus dengan harga segitu cuma masih ragu ini masih dvb atau sudah dvb t2,negative
mantul real pict packing nya rapi barang mantul banget tapi enggak ada celana dalam drever nya,negative
produk bagus sesuai yang pes terima kasih lazada,positive
tidak bisa guna semua prangkat usb,negative
paket tlah sampai dengan sangat cepatprosesnya mudah lancarterima kasih seller terima kasih lazada terima kasih kredivo,positive
murah dan kualitas tapi micro usb sedikit masalah,positive
di telp pihak kirim kata barang lecet2ya saya tolak daripada tidak pakai buat apa beli jugamasih untung cod coba kalau transfer bisa pusing cara minta,negative
fungsi baik,positive
malam pesan besok nya sudah sampai good,positive
sudah lewat estimasi kok belum sampai padahal area jabodetabek,negative
kenapa barang barang pesan saya belum di kirim juga tanggal 13 des 2016lama banget almt nya pt modern kamu 25 jl ry bks mana nih lazada diam saja,negative
salut buat lazada pesan rabu jumat sudah nyampek saja order juga muas barang yang jual seperti apa yang tampil recomendet banget buat yang punya hd 35 inch dan mau jadi hd eksternal tambah lagi sudah 30 usbnya makin mantap abis,positive
belum di coba moga hasil bagus hehehe,negative
saya sangat kecewa karena flashdisknya tidak bisa guna tidak baca di laptop dan komputer saya sayang kan flashdisknya jadi tidak guna dan akhir tempat sampah,negative
barang sudah buka dua yaapakah barang bekassaya enggak mau,negative
bought the asus a407ma and received itu after two days of order and al inclusions are there except microsoft word 10 which were supposed tapi be included the problem is that the microsoft word ppt excel was installed but the seller didnt give us the microsoft license orang product key sok now we cant use the microsoft we wrote the sender many times but never replied orang answered please be aware,negative
retak di layar tidak bisa fungsi,negative
belum juga sampai malah sudah lewet 3harikecewa,negative
pesan senin pagi sampai selasa pagi cepat,positive
barang fungsi normal tapi tidak banding dengan harga yang lumayan mahal,negative
tampil biasa lebih enak terus kenapa ya ram 4gb tapi kadang bisa keluar sendiri aplikasi nya xiaomi yang 3gb saja enggak kayak begitu,negative
data yang simpan bisa tidak buka dan foto yang simpan dalam masih word bisa rusak,negative
flasdisknya sudah sampai kemas bagus suka terima kasih lazada,positive
tv cepat rusak tangan service centre susah,negative
smntra belum ada masalahsemoga awet,negative
paket dkirim cepat kemas rapi tanpa cacat tapi sayang barang sampah tidak bisa guna tidak baca di komputer atau laptop 33orangmengisyaratkantidakorangmengisyaratkantidakorangmengisyaratkantidakorangmengisyaratkantidak,negative
di tulis di gambar nya bayar di tempat tapi kok nyata nya ketika mau masuk ke menu bayar malah transfer ya saya ingin cari barang yang cod bukan yang transfer,negative
tidak bisa simpan file,negative
bagus kirim cepat mantul tks,positive
barang terima dengan baik barang baik kondisi kerja dengan baik juga hanya saja ada beberapa hal yang sangat sayang yaotu 1tidak ada buku tunjuk guna user guide 2tidak kartu garansi 3dalam konfirmasi email yang saya dapat dari lazada tulis akan kirim dan terima tanggal 22 oct 2018 nyata saya terima pada tanggal 24 oct 2018 jadi untuk apa dong tulis seperti itu akhir terima nya tidak sesuai dengan tanggal yang janji,negative
mantap sesuai gambar best seller dan best kurir kurir nya mantap langgan saya harus di beri performa tinggi sama pihak lex nya tuh,positive
tiap saya ingin tonton netflix selalu muncul sorry your account cant be used on this device moga cooca segera laku baik hadap isu ini lalu sistem update,negative
flashdisk nya bagus sesuai picture barang cepat sampai kurir ramah,positive
jumat order hari minggu tv deh nyampek cuman was karena tv enggak di packing kayu tapi expedisi bagus brang tidak ada yang lecet dan brfungsi dengan baik trimakasih lazada dan ninja expreswajahmalaikatjempolkeataswarnakulitcerahsedangjempolkeataswarnakulitcerahsedang,positive
manual book dengan yang terpasangbeda bangetbanyak fitur yang tidak jalancolokan headphone dar menempeltapi tidak jalanfitur menuhanya tulis sharp apa sarap,negative
terima kasihbarangnya sudah sampai dengan baik,positive
sejak beli sampai sekarang kondisi masih aman,positive
love sandiskoriginalsangat memuaskanrecommended banget deh dengan sandisk ini,positive
lumayan kirim lebih cepat dari estimasi kualitas oke bonus ada semua cuman sayang kardus hddnya sedikit rusak tapi segel utuh tapi tetap puas worth itu lah mantap jiwa,positive
packing aman barang sampai dengan selamat alhamdulillah dapat tambah braketnya juga hehe,positive
barang aman sampai tuju kualitas tv bagus super silau kirim lebih cepat dari estimasi,positive
di terima dengan selamat,positive
bisa pindah file ke flashdisk tapi begitu data foto buka blank data video buka tidak ada gambar dan suara fflashdik corrupt simpul dapat barang jelekrusak,negative
yang kirim malah newblack touch screen for samsung,negative
kirim lama tolol kayak baru jual,negative
packing rapi kirim cepat letak port ada di belah kiri kalau lagi biasa di belah kanan jadi harus pindah kabel ke sisi lain nya bracket tv nya beda dengan yang umum nya di pakai menu agak bingung port aux cuma ada set kalau ada lebih keren dengan ukur 50 dan kualitas panel led seperti nya media juga mesti yang hd agar gambar lebih maksimal,positive
remote nya tidak fungsi volume down nya,negative
saya beli cod dan kondisi fisik aman rapi walaupun packing cuma pakai bubble wrap masalah ada random error seperti di gambar dan antena tv enggak mau connect jadi sementara ya tonton via wifi saja tanpa ada live channel dan harus claim dengan garansi ke xiaomi service center dan jarak lumayan jauh dari rumah karena di toko ini tidak tanggung untuk error system tapi itu bukan masalah hanya saja ubah harga terlalu cepat order 3599k tanggal dan mau bayar ke kurir cek harga nyata sudah 3499k di tanggal dan akan ada flashsale di tanggal 12 kmungkinan bawah 3300k jadi seakan2 enggak ada harga but of for al love this smart tv,negative
barang sudah sampai gan kirim cepat dapat case pulpen walaupun casenya agak sempit hehe oh iya gan karena hardisknya milik format ntfs saya ubah ke fat32 karena tidak baca di beberapa media saya ingin pindah video dari cctv ke hardisk namun telah di ubah format memorynya ubah jadi 1tb apakah ada cara untuk kembali ke tb lagi gan,positive
gila puas banget beli ini barang sudah murah bagus rapi dan yang paling bikin aku suka cpet banget datang enggak pakai bikin penasaran deh mkasih,positive
kirim cepat kemas paket sangat muas barang orisinal moga awet,positive
barang aga sedikit tidak sesuai dengan gambar kualitas barang dari jahit dan dalam kurang rapi dan tipis tidak empuk untuk meminimalisir efek guncang size lebih kecil dari yang saya kira,negative
terimakasih barang sudah terima,positive
kualitas perlu tanya nih,negative
bonus tidak sesuai di paket fre item tulis android otg sarung tangan anti panastongsis lipat tombolwaterproof smartphone begitu paket buka isi usb lightkabel datamini usb fan,negative
alhamdulillah sampai juga beli android tv cooca tv telah terima dengan selamat pakai bubble wrapped mulus baru kumplit kartu garansi manual book dan remote barusan juga sudah saya coba settting dan tonton tv cukup bagus gambar suara mudahmudahan tv ini bisa awet dan jika ada rejeki lagi ken beli lagi terima kasih lazada dan oma kasih cooca serta ninja selaku kurir yang sudah antar dengan cepat paket tv pesan saya,positive
laptop nya sudah sampai begitu tes cas tidak connect dengan laptop saya sangat kecewa tidak bisa cas di ganti terima kasih,negative
sangat mengecewakn ya padahal sangga tv buat dinding itu saya beli loh bukan gratis tapi yang nyampek tivinya doang hahahahaha konyol banget saran buat yang mau beli tv sini mending sangga tv nya di beli cara pisah di transaksi lain cek review lain kalo gratis memang enggak kirim tapi ini saya beli loh bayar wajahtersenyumlebardanberkeringat tetap enggak di kirim ya terus terang sangat sangat kecewa karena ini baru pertama kali saya beli barang dan dengan terang di terima sedang barang nya enggak ada jempolkeataswarnakulitcerah,negative
tv nya sudah sampai dan bagus cuma lama banget mesti harus di telp dulu ke cs lazada,positive
jelek banyak virus nya komputer saya harus di reset gara gara pakai flashdik ini,negative
terima kasih tvnya deh sampai dengan selamat cepat sekali sampai untuk kualitas sama suara enggak kalah deh sama brand2 yang sudah kenal mudahmudah an awet,positive
packing rapi bareng cepat sampai dan bagus,positive
wajahtersenyumdenganmatabahagiamudahmudahan bagus sandisknya,positive
sesuai dengan pesan cepat,positive
datang nya cepat juga ya deh sampai barang belum di tes moga bagus hehe enggak siap bayar cod wkwk nuhun ah,positive
tidak bisa di pakai saat kirim file langsung hilang dan juga error,positive
nih leptop kondisi bagaimana,negative
cepat banget rusak ya bos cara klaim garansi nya bagaimana,negative
barang sudah sampai kemarin tapi kok tidak ada mini keyboard bagai bonus yang janji,negative
packing bagus cepat sampai moga awet,negative
nyata os bukan android tv,negative
pokok ok deh,negative
yang ini saya belum terima om,negative
uang sudah 10 hari belum di kembali proses lama kayak keong,negative
tv besar harga murah tapi suara mono mudahmudahan awet,negative
produk yang baik tapi respon dari jual tidak baik,negative
kecewa saya older yang 16gb tapi dtang nya 8gb bagaimana sih nih seller kalau jual yang benar dong,negative
barang sangat muas sekali terima kasih ya,positive
mntaap orisinal murah,positive
tvnya bagus ukur besar sampai sampai saya bisa lihat masa depan tetapi nyata saya tidak sama dan akhir saya putus untuk bunuh diri tetapi saya hidup kembali karena di edotensei akibat saya belum bayar utang buat beli tv ini,negative
lumayan bagus,negative
kakak kalo gransi nya mana ya soal nya gambar nya kurang bagus,negative
barang bagus kirim juga cepat enggak,positive
barang bagus dan bisa kerja dengan baik terima kasih philips saya pesan pagi hari 12 des tapi barang baru sampai di tanggal 19 agak kecewa karena ongkir sampai magetan itu 286rb dan nyata kirim dengan ark bulky paket ekonomi yang notabene harus lebih murah seperti sistem hitung ongkir lazada banyak error di harbolnas kemarin saya temu angka ongkir yang sangat enggak wajar di beberapa produk mahal gila dari jakarta ke mgt bisa 200 lebih padahal di bawah kg dan non elektronik,negative
sesuai descripsi harga muraah mantaap daahwajahtersenyumdenganmatabahagia,positive
kirim masih dalam range waktu yang tentu barang di tes bagus muas sayang packing hanya pakai bulbe warp sok far sok good lah moga2 barang awet,positive
barang sesuai kirim cepat terima kasih lazada,positive
barang sampai dengan selamat kurir nya mantab,positive
barang sudah terima tapi ada mes garansi dari distributor mana ya barang sudah oke dan good quality,negative
real pictbarang fungsi dengan baikjempolkeatas,positive
di pesan vitron ltv1710 tapi yang datang vitron ltv1715 terima kasih,negative
saya sangat puas barang juga oke terima kasih lazada,negative
unit bagus jalan normal tapi saya pesan unit2 kabel usb enggak bisa dipakaierror enggak connect,negative
joz,positive
baru kali ini saya kecewa blnj di lazada tv baru sampai tapi layar nya pecah,negative
barang sangat jelek,negative
akhir sampai juga telah 2x ikut flash sale lazada 1111 barang hilang oleh kurir ninja,positive
good,positive
barang bagus kirim cepat kurir ramah jempolkeatas,positive
sesuai dengan harga yang murah riah tapi kualitas nya kurang,negative
tv bagus langsung di coba gambar juga bening terima kasih lazada,positive
barang kurang bagus sering error,negative
puas dengan barang yang dikirmkan,positive
produk bagus sesuai pesan fungsi baik ada garansi produk,positive
enggak sampai bulan sudah rusak mau refund enggak bisa alas barang enggak ada garansi padahal garansi satu tahun pas ane bongkar hardisk dalam samsung cuma caseing saja seagate dalam murah buat kalian jangan pernah beli dari sini lagi kalo enggak mau kecewa kayak ane,negative
knapa enggak ada kartu garansi nya,negative
tv nya sudah datang alhamdulillah amin,negative
kadang suara nya hilang hilang begituhilang pas moment seru gara gara hilang suara,negative
baru di pakai minggu sudah hang,negative
mudah2 an awet dan cepat sampai,positive
packing okkurir ok baru menit pakai deh panas banget,positive
barang terima dengan baik kualitas juga lihat bagus jempolkeatasjempolkeatasjempolkeatas,positive
percuma mau mindahin file malah hilang filenya ampas,negative
keren aku pesan kemarin hari ini sampai fast respon barang utuh dan bagus thank you suka,positive
respon cepatbaru semalamsekarang deh sampai,positive
lumayan bagus sesuai harga biarpun telat beberapa hari kirim terimakasih,positive
baguscantik dan sesuai dengan selera,negative
saya kecewa beli memory card sandisk 8gb sampai rumah memory enggak bisa dipakaiburuk sekali anda,negative
bagua,positive
kalau bayar tempat bisa hari ini sampai tidak lokasi saya di bogor saya baru pertama kali pakai lazada,negative
produk sesuai dengan deskripsi dan harga,negative
keren abis thx samalaz,positive
jos gandos packing rapi cuman kendala tidak pakai buble saja bagaimana kalo tindih barang berat lain,positive
kapasitas 32gb yang baca hanya 102gb dan itu pun tidak bisa guna file rusak saya akan proses kembali barang,negative
barang yang datang rusak,negative
barang bagus sesuai deskripsi kirim tepat waktu,positive
kirim lama harus jne jabodetabek 23 hari ini hari baru sampai lazada harus ikut standar pengirman seperti expedisi lain,negative
produk mantab,positive
bagus kirim cepat aman pesan rabu pagi kamis sore sudah sampai barang sesuai dengan yang klan hasil test bisa lihat di foto ada kartu garansi juga dalam masingmasing microsd nya,positive
sip pengirimna cepat,positive
barang sudah terima tepat waktu packing rapi tapi remote rusak tidak bisa pakai apa bisa tukar,negative
flashdisknya bagus moga tahan lama,positive
barang sampai dengan selamat mantap,positive
terima kasih lazada barang nya sudah sampai dengan selamat dan kurir nya juga baik ramahtapi belum di coba soal nya belum ada resiper nyawajahtersenyumdenganmatabahagia mudahmudah an saja bagussukses terus lazadaoya tapi enggak bisa unggah poto soal nya aku di jakarta dan tivi di kirim ke kampung minta di kirim ke wa lagi pada eror enggak bisa tapi di jamin puas deh walau aku enggak lihat poto nya,positive
sudah tunggu minggu ini kenapa pesan saya belum sampai juga sangat kecewa dengan lazada,negative
produk tidak sesuai bisa kasih tau cara garansi bagaimana kran prosesor sangat lot sekali enggak bisa jlm muter terus mau retur dan ganti baru saja,negative
yang satu enggak jalanbagaimana bos saya minta yang baguswajahmerenung,negative
barang sudah terima langsung tes karena banyak flashdisk palsu terrnyata hasil bagus terima kasih,negative
cukup puas,positive
pesan sudah terima dalam kondisi baik epak rapi dan kirim sesuai estimasi namun yang sangat sayang adalah flashdisk tidak dapat guna sesuai kapasitas telah format lebih dari jam nyata kapasitas jauh lebih kecil dari yang mesti dar masuk terima kasih lazada serta seller dan kurir,negative
bagi yang sulit instal windows dan driver nya utama toucpad pada asus e202s bisa kunjung ke kalau masih pusing kontak saya via blog dan akan di bantu by phone fre alias gratis saya hanya bantu,negative
ram 8gb atau 4gb,negative
barang oke banget original packing rapi sampai dengan aman harga apalagi murah banget dpet potong diskon lagi,positive
terimakasih lazada barang sudah datang dan bagus saya suka,positive
mau tanya saya kemarin baru pesan tanggal nov 17 barang sudah sampai nov 17 tapi knapa pas dihidupin lama jam lebih saya pegang bagi blakang tv agak panas ya beda sama tv samsung dan panasonic led 32 saya,negative
jika jadi rusak belum habis masa garansi bagaimana di kembali,negative
sesuai deskripsi kirim sesuai estimasi tv fungsi baik,positive
walau sampai nya agak telatalhamdulillah barang oke,positive
kenapa saya kirim kode voucer hooq buah atas beli unit tv xiaomi namun kode voucer hooqnya tidak laku saya sangat kecewa dan unit pembeliqn tv xiaomi yang pertama sampai sekarang saya belum dapat kode voucer hooq sangat kecewa tidak usah mengimingimingi langgan dengan kode voucer langgan hooq kalo tidak bisa di ikan cukup menjuql tvnya saja itu saran dan masuk saya,negative
kenapa flashdisk nya enggak mau deteksi di hp,negative
barang sesuai yang harap,positive
barang yang kirim nyata kau kecewa,negative
barang mana bos sudah hampir bulang tunggu enggak dtng tolong jelas atau balikin duit saya,negative
dear seller pesan sudah terima bayar sabtu senin paket langsung terima packing aman buble wrap okedeh,positive
barang bagus hanya saja kabel otc ya tidak bisa saya pakai,positive
pas saya pesan barang masih ada pas sampai eh barang ganti model lai yang harga nya lebih mura dari ini tanpa kompensasi apa dan kabar belum ke saya,negative
flashdisknya tidak bisa pakai yabisa retur tidak ya kak,negative
paking cuma bubke wrapalhasih saat nyala dan di saksi oleh sih expedisi layar buramdana kembali tolong di cepat,negative
barang cepat banget terus real pict banget,positive
di pc baca normal tidak ada masalah tapi kenapa ketika di play di tape mobil dan speaker aktif malah tidak baca aneh,negative
alhamdulillah tangandiangkatdandirapatkanbersamatangandiangkatdandirapatkanbersamatangandiangkatdandirapatkanbersama barang datang dengan selamat sesuai sana kirim pun cepat tv nya mantulokejempolkeatasjempolkeatasjempolkeatas ini sana dua saya baguswajahmemelukenggak pernah kecewa enggak ada yang cacat puas pokok mah makasih seller ninja dan lasadamelipattanganwajahmemberikanciumanjauhwajahmemberikanciumanjauh,positive
barang original kirim cepat recommended seller,positive
barang yang terima tidak sesuai dengan yang gambar tepi layar yang terima lebih tebal tepat logo samsung tidak sama layar yang terima lebih tebal mohon agar lazada bantu untuk tindak lanjut,negative
sesuai spesipikasi mantap,negative
kabel nya rusak,negative
paking mantap paking kayu barang sesuai deskripsi kirim sesuai estimasi recomended seller,positive
barang bagus enggak kecewa sama sekali,positive
cara seluruh produk cukup muas namun sayang kirim butuh waktu sekitar minggu mungkin karena ada sesuatu dan lain hal tapi mantap kok terimakasih gan,positive
terimakasih akan proses dan produk,positive
barang oke kirim cepat awal ragu dengan packing bubble tapi tv nya normal semua fungsi dengan baik mau tanya tv ini bisa untuk browsing enggak ya atau cuman yutub saja kalo bisa browsing bagaimana cara,positive
barang di pesan tanggal13 juli tgl14 barang sudah di kirim tanggal 26 barang sampai memang sedikit lamatapi saya maklum kok karena barang nya dari luar negeri packing rapi barang fungsi dengan baik,positive
paket sampai barang ok tapi kurir tidak ramah dan bicara ditelfon tidak baikbentak barang kirim tidak sesuai alamat sehingga saya harus jemput,negative
tanggal 17 agustus jam malam pesan tanggal 18 agustus jam sore langsung datang mantap terima kasih lazada seller kurir,positive
mantap pokok awal memang kurang yakin tapi telah itu luar biasa enggak usah ragu kawan ayo order kurir baik kok yang kirim rumah saya mah,positive
proses dan kirim lumayan cepat untuk ke semarang pesan selasakamis pagi barang sudah sampai rumah minus di packing dus harddisknya saja mungkin itu saja yang perlu baik bulbnya kurang banyak di lumayan buat main,positive
nyicil dengan cara mudah proses susah enggak,negative
bagus,positive
kirim lumayan agak lama,negative
masih belum pakai,negative
kecewa merk yang pes mito yang datangdikirim merk cooca,negative
janhan di beli,negative
tapi saya mau tanya di terang nya untuk windows memang buat windows 10 enggak bklan ke buka apa data nya,negative
siang datang di coba belum merhatiingiliran malam eh ada garis hitam di bawah mohon cerah dari cooca,negative
barang yang jual baru atau bekas saya terima barang pesan kondisi ada cacat dan saya mau ganti rugi atau tukar dengan barang yang layak untuk jual,negative
barang sesuai hargatetapi kok sudah ada filenya ya,negative
saya pesan 14 jangan cod dan barang tiba di malang oleh lex 18 jangan harga saing packing rapi fre pouchgo green bag smal hanya sajasaya tidak temu kartu garansi atau stiker tanda untuk garansi hd drive nya sesuai iklangaransi tahun bismillahsemoga awet hddnya dan lumayan cepat untuk pindah data2nya,negative
kirim cepat sampai untuk barang bagus sesuai deskripsi kirim data cepat tetapi barang cepat panas padahal baru di pakai lama menit saja,negative
barang sampai lebih cepat dari estimasi produk sesuai deskripsi ram 12 48 hd 1tb sayang tidak partisi tapi gapapa lah hehe barang mulus packingan bagus bonus tas juga,positive
produk bagus masalah kurang satu enggak di kirim pesan dan bayar 2pc tapi dalam kemas isi hanya ada satu barang tunggu barang yang satu lagi saya sudah coba hubung sellernya tapi kata sudah cocok dengan lapor stok di gudang malah di suruh hubung support partner dengan beri no nya yang sulit di hubung bagaimana ini solusi sekian lama belanja di lazzada baru kali ini alami hal seperti ini,negative
tampil luar oke fungsi error di sempat pertama coba copas file simpul ada uang ada kualitas barang,negative
gambar produk beda dengan barang yang saya terima tapi enggak apaapa lah yang penting bisa pakai,negative
barang oke packing rapi recommended deh pokok terimakasih seller lazadajempolkeatas,positive
ukur yang di gambar tadi sesuai dengan gambar terlalu besar untuk hd 25 warna yang datang merah sedang di gambar warna hitam,negative
saya kira bodynya bakal tebal nyata cukup slim danelegan walau dari plastik sok far belum bisa mastiin kualitas bagaimana moga awet kaya hgst saya wajahgembiradenganmatabahagia,positive
sudah hampir satu minggu saya pesan barang estimasi sampai tanggal 22 sekarang tanggal 23 belum ada kabar sama sekali moga hari ini datang barang,negative
barang buat dari plastik glossy yang gampang lecet tapi alhamdulillah awet,positive
barang sampai hari tanpa packing kayu telah di cek sangat kecewa layar nya ada bayangbayangan hijau kartu garansi jufa tidak ada tolong bagaimana cara biar bisa tukar dengan unit yang baru atau kembali uang saja,negative
barang tidak berfunhsi untuk simpan data file corrupt,negative
status sudah kirim tapi kok belum sampai ya,negative
sesuai deskripsi original,positive
moga barang orisinal dan pakai lama,negative
barang terima sesuai pesan tidak ada yang istimewa,negative
barang nya joz bodynya metal atau apa baru tulis ulas sekarang terimakasih,positive
pesan sudah di terima tapi merk gambar tidak sesuai mohon jelas,negative
turut saya apakah mungkin buy1 get fre karena yang satu sony 48 yang satu nya lagi panasonic 24 kalo benar begitu saya mau beli deh,negative
paket telah kami terima terima kasih puas,negative
jangan di beli kecewa,negative
barang bagus tidak kecewa,positive
barang baik dan fungsi semua tks,positive
enggak bagus enggak usah beli yang inirugi besar ok,negative
cepat transfer lama banget,negative
terima kasih barang sudah sampai dan sudah di tes nyata bisa untuk saat ini,positive
waduw baru pasuk foto sudah enggak ke baca barang wedus,negative
4u4,positive
tunggu menunggumenunggubarang tidak sampaidi kata sudah dalam proses kirim kecewa lah,negative
barang reject kok djual sih enggak baca telah di pindah ke pc ikut,negative
barang deh dterima tapi kok kondisi nya sudah buka dari tempat begitu ya seperti bekas buka belum di coba tapi moga bisa dpakai kasih bintang dulu deh karena belum coba barang nya,positive
barang sudah dterima lumyan cepat dari pas mesentinggal coba mudahmudahan enggak ada masalah,positive
barang tidak bungkus amanpakai bubble hitam tipis jelek mudah sobekwajar saja kalau banyak hardisk yang rusakkarena jual tidak bungkus amandi gudang kurir barang pasti dilempar2 tidak mungkin disayang2 taruh pelan2 karena barang ribu hardisk barang yang gampang rusak jika kena guncang jika jual tidak mau rugi jual saja bubble agar amantapi bubble putih yajangan bubble hitam,negative
sudah error dua dua,negative
seperti biasa susah nangkep sinyal aku deh kali beli nih,positive
baguspaking okebarangnya jos deh,positive
senang banget dengan hrg promo dari lazada bisa dapat smart tv 40 inch dengan hrg yang jangkau tvnya juga sudah di coba dan tidak ada masalah,positive
murah flashdisknya orisinal packing good kirim cepat cuma hari dan kurir lexnya ramah pula pokok puas recommended,positive
voucher hooq nya zonk cuma 3bln,negative
thx buat lazada brang sampai tepat waktu selalu puas sama layan lazada moga barang nya awet,negative
barang sesuai tapi otg nya enggak bisa dpkai depan nya tlong pasti kirim ke beli brang bisa dpkai semua sesuai deskripsi nya,negative
cepat banget dan moga awet ya,positive
harap cek dahulu barang yang akan kirim apakah masalah atau tidak,negative
fd mehong tapi bagus 256gb,positive
saya cukup kecewa pesan saya belum sampai juga dan belum dapat kabar dari kurir,negative
di cobabisa tapi hanya bisa 20 lagu an dari ratus lagu,negative
cepat packing aman barang sesuai pesan thx,positive
barang sesuai gambar moga awet packing juga good,positive
packing tanpa kayu hanya bubble agak khawatirpas buka barang aman tanpa lecetkalo bisa lebih aman lagi pakai kayuos okejernih puasthx lazada,positive
kecewa banget mikir ulang deh yang mau beli tv ini enggak ada beda sama beli tv ken rusak buang garansi enggak jelas kalo mau beli mending yang pasti2 saja kualitas dan garansi nya yang jelas,negative
barang tidak fungsi bagaimana cara return,negative
produk sesuai deskripsi,positive
barang sudah sampai terima kasih moga sukses,positive
duh bagaimana sihmasa baru pemakean 3bulan jalansudah ada garis warna biru di layar nyauntuk complain bagaimana nihdaerah depok,negative
cooca tv okay sesuai spek tapi kecewa karena dari pesan unit hanya unit yang benar tipe tv yang pes yang lagi salah kirim tipe tv dan harus report kembaliin ke lazada dan malah dibalikin duit bukan kirim barang yang benar soal beli pas promo yang dapat harga bagus and sampai tungguin tengah malam buat promonya mulai balikin duit jadi enggak bisa beli dengan harga yang sama dengan promo,negative
dalam kotak produk tidak saya temu perihal garansi petir yang ada saya baca di kertas garansi bahwa akibat yang sebab petir tidak masuk dalam garansi pada iklan di lazada belum saya beli produk ini pampang bahwa produk ini milik antena booster nyata pada saat saya terima dan pasang rumah tidak ada fitur antena booster plus hasil gambar bukan seperti tv led tapi lebih cenderung ke tv lcd pada saat saya terima barang dan bayar saya tidak dapat kuitansi bayar saya sudah tanya kepada kurir ninjavan sebut namun beliau memang tidak bawa tanda bukti kuitansi beli barangproduk lalu bila jadi kata tv sebut harus diservice apa dasar saya untuk menservice ke sharp service center kuitansi dan stempel tidak ada kartu garansi blank tidak tulis apa apa apa beda produk sharp aquos lc24le170i dengan 24 boleh170i hitam telah saya coba teliti di lazada seperti tidak ada beda tapi harga beda produk 24 boleh170i hitam lebih tinggi sedikit mengapa demikian apa produk yang saya beli ini bukan tv led lain tv lcd dari hasil gambar pun sangat kasar dan bintik mohon jelas dari pihak lazada,negative
paking bagus cepat sampai trimakasih bagus layan,positive
barang sudah sampai terima kasih lazada,positive
barang kualitas recommended item,positive
barang bagus saja sih tapi kok kaya barang bekas tapi terima kasih ya,negative
hanya salah faham dan saya ingin kembali itu sajatapi bagus sih casingnya cuman saya mau harddisk bukan casing,negative
produk original dengan harga yang kompetitif kirim cepat dengan packing bubble wrap yang rapi thanks lazada,positive
ini sudah masuk dengan hd ya,negative
barang sesuai gambar belum di coba moga enggak mslah,positive
barang nya sesuai kirim ke tangerang kabupaten hari cukup cepat banding jne untuk model ini memang kurang cocok untuk siar analog tv lokal bakal ribet setting dan mindahin nya tapi harga yang sangat ekonomis untuk smart tv,positive
moga awet,negative
voucher potong 60 sudah enggak blaku kah,negative
pesan tanggal 11 nov 2018 tiba tanggal 04 des 2018 packingnya mantaprespon sellernya mantap proses kirim lambat sekali kualitas tvnya tidak kalah dengan tv merek untuk tvnya direkomandasikanterima kasih seller dan lazada,positive
terima kasih cepat sampai kemas rapi samsung micro nya orisinal,positive
cepat sampai dari barang yang pes sama barang ini paling dulu sampai packing bagus pakai plastik tebal tambah buble wrap padahal harga 70an tidak seperti waktu beli sandisk 32gb hrga 100ribuan hanya dibungkuls kertas saja samasama sedia lazada belum bisa coba karena pesan hp real me belum datang juga moga awet,positive
terimakasih kak barang sudah sampai bagus sekali rekomendasi banget dehwajahtersenyumlebarbermatahatiwajahtersenyumlebarbermatahati,positive
mantap thx lazada,positive
bujubusetongkosnya bro6jti lebihgila enggak tuh,negative
otg oval enggak bisa langsung connet,negative
barang bagus tidak kecewa mohon di tahan kalau bisa di tingkat lagi agar depan bisa pesan lagi dan tidak kecewa karena banyak toko luar sana gioiran pesan yang ke kali malah kecewa,positive
tidak bisa di pakai fd nya,negative
awal enggak percaya harga segitu dapat 32 gb tapi lihat ulas yakin untuk beli respon jual dan kirim ekspres banget telah tang dan coba fungsi normal walaupun kudu format dulu dan surprisenya nyata yang dapat justru versi 64 gb mungkin karena harga antara yang 32 dan 64 beda tipis banget terima kasih luar biasa,positive
barang bagus pengirman cepat mantab deh,positive
mantap barang puas,positive
barang nya ok min,positive
sudah di test sangat bagus lu seluruh nya,positive
barang sudah sampai tapi tidak komplit kabel usb tidak ada mohon di kirim segera terimakasih,positive
buat yang ada di jkarta pesan hari sblom transaksi kalo pakai cod barang keren cuma speaker kadang kencang terus pelan parah speakernya,negative
dtgnya cepat packing rapi benarbenar 16gb muas thx sellerlazada,positive
keren banget iniih memcardnya sesuai dengan pesan data transfer kilaaat,positive
kalau di awal enggak jelas jadi takut mau beli,negative
mantap packing aman,positive
barang sudah sampai proses paket bagus tapi yang sayang kok hanya 145 gb saja bukan 16 gb yang sesuai di deskripsi sudah saya coba ulang kali format tetap saja 145 gb mohon di cek ulang belum kirim thanks,negative
barang di terima dengan baik no lecet segi sistem jalan dengan mesti nya belum di cek semua tapi untuk saat ini kondisi nya baik moga awet wajahtersenyumdenganmatabahagia,positive
only one word tapi describe this product perfect quick delivery good packaging and product very awesome and thank you for bonus even ini description no bonus at al thank you ugreen flagship store ini bahasa produk keren delivery cepat emas mantaph di deskripsi tidak ada bonus eh malah dapat bonus di kemas terima kasih lazada,positive
kirim cepat barang datang selamat overal fungsi dengan baik suka,positive
harga mahal barang tidak fungsi biruk sekaliits sok bad not recomended,negative
paket sudah diterimarespon dan kirim cepat trims,positive
kirim super cepat hari barang sudah sampai brang nya juga bagus gmpang buka ttup dan pmsangannya simple terima kasih lazada,positive
produk yang sangat buruk,negative
permisi kapan barang ganti bisa kirim terima kasih,negative
kirim cepat packingan ok barang sesuai ekspektasi sangat puas thanks lazada,positive
alhamdulillah barang darat dengan selamat dan fungsi normal walaupun proses kirim ngeri begitu,negative
mohon batal pesan saya karena saya ada luar kota,negative
sesuai deskripsi harga paling murah untuk laptop dengan processor i3 sudah dapat windows 10 orisinal,positive
enggak fungsi dengan baik wajahtidaksetujuwajahtidaksetuju,negative
barang ok tapi paket fre hooq nya belum diemailhalo paket hooqnya kok belum di kirim via email,positive
barang terima dengan baik dan kemas dengan rapi senoga awet,negative
barang oke sesuai skripsi,positive
tvny aoke saya suka warna jernih cuma sayang signalnya enggak semua dapatmungkin efek antena yang aku beli kurang jagothanks seller thanks lazada,negative
bagus tapi kemas kurang bagus jual tidak penuh sepakat,negative
kirim nya lambatenggak bisa cek posisi barang sudah di mana,negative
sudah ke sekian kali balnza selalu mantab tokolazada,positive
masa file nya enggak bisa buka tapi enggak apaapa lah untuk kirim ok sihlebih cepat terima kasih ya,negative
suka sekali thank lazadawajahtersenyumlebarbermatahati,positive
barang kurang muas yang minta merah eh yang sampai warna biru dan enggak sesuai dengan ingin,negative
kemas baru tapi isi agak kusut kemas tidak ada stiker warantynya,negative
cuma memori saja hensfri ya manah,negative
tolong perhati dalam kirim sudah jelas tera fragile tapi tidak perhati akibat barang sampai ya jelas pecah panel terima kasih,negative
moga sesuai dengan apa yang di tawar,negative
alhamdulilah barang sampai darat cepat sekali order malam datang besok siang mulus tanpa cacat apa terima kasih,positive
barang kemas apik laptop mulus,positive
kirim sesuai estimasi barang bagus bisa di guna walau kapasitas enggak ful 32gb sih tapi barang ok,positive
order dua dan cepat banget sampenya,positive
kirim cepat sekali hanya hari sudah sampai tv semua ok panel enggak ada cacat gambar standar posisi port input enak karena ke samping untuk harga cukup muas,positive
bagus fungsi normal,positive
packaging segel original dengan kartu garansi kerja dengan baik dan kapasitas sesuai deskripsi,positive
barang cepat sampek tapi file yang asli cuma 19gb di fd ini makan space sampai 45gb enggak tau tuh bagaimana bisa begitu,negative
vga card tidak sesuai info produk,negative
mantap tvnya moga awetuntuk kirim super lama 14 harirespon seller mantap,positive
enggak terpakak zong,negative
bagus cuma sayang cleanernya enggak sesuai gambar mana situ ada kuas sedang kenyataanya dapat cotton buds tapi cara seluruh bagus terima kasihulasan tolak,negative
barang jelekbaru di isi file file2 nya banyak yang hilangrusak,negative
sesuai deskripsi sudah android mantap very worth tapi buy,positive
jempolkeatas barang datang sesuai jadwal,positive
fungsi normal sesuai deskripsi,positive
kirimusb rusak,negative
top dehjempolkeatasjempolkeatasjempolkeatasjempolkeatas,positive
bagaimana ini fd nya enggak bisa buka data saya mau pulangin,negative
kemas rapi ada kertas garansi di test write memory tembus 60mb yakin ini barang original jempolkeatasjempolkeatasjempolkeatas untung langsung borong 3pcs wajahgembiraberuraiairmata,positive
alhamdulillah darat dengan baik dan berfungsimaaf footmya enggak adakarena langsung pakai anak saya wajahtersenyumlebarbermatahatiwajahtersenyumlebarbermatahatiwajahtersenyumlebarbermatahati walopun pengirimanny super lama bangettapi over al okewajahmenyeringaiwajahmenyeringai,positive
brang lumayan bagus sesuai harga yang relatif murah,positive
tidak guna kabel usb tidak fungsi,negative
ampun deh,negative
aku mennggu hooq nya,positive
bagus dan cepat,negative
kurang detail lihat terang barang nya sudah begitu cepat eror notebook nya,negative
kirim nya lamabat buangeet,negative
enggak bisa di stel di tv nyata usb 30 tv mash 20 duh enggak kepake deh,positive
kau kayakya buat simpan malah dataya jadi hilang dissapointed,negative
bungkus paket baik dan rapi tetapi bungkus flashdisknya sudah rusak karena sudah buka flashdisk yang kirim sama sekali beda merknya warna hanya sama kapasitas 64gb simpul kecewa jual perlu tanya jujur dalam jual barang,negative
usb tidak fungsi dan tv gampang panas,negative
flashdisk baja yais asli 18gb bukan 64gb walaupun tra di pc 64gb simpan lebih 18gb file enggak bisa di bukahadeh,negative
barang orisinaljangan tanya lagi kualitas,positive
saya beli 131217 saat itu promo harbolnas cuma byr 16xx cek di ulas dan tanya rata rata beli tanggal sgitu komplainnah sampai sekarang kagak kirim justru status kirim via email telah komplain 5x an via chat dan phonejustru dan ending nya di harap mau untuk di balikin danasetelah bulan tunggu buang energi buang waktu buang pulsa telp sana snipadahal stok tv yang di jual masih ada dia bilang di emailenggak bisa di proseswkwkwk padahal lapor dari kurirsudah proses dan kirim cuma alas tidak ketemu alamapadahal alamat jelas bisa di maps jl antasari jaksel no arti pinggir jalan enggak masuk gangenggak ketemuwkwkwkkok bisa lapor email ada di saya kesan nya yang saya tangkap bagai konsumensaya olah olah dipermainkanatau krg presional mungkin harga nya enggak masuk karena saat itu promo cuma 16xx scara sekarang harga tembus 19xx,negative
harga turun akan tetapi pembayara tetap langgan akan rasa sedikit kecewa,negative
fd gagal salin ke laptop file malah jadi rusak dan corrupt sangat tidak rekomendasi,negative
sen saya sudah minggu kenapa belum sampai yanyasar mana inisudah tidak sabar pengin lihat barangnykalo bagus sch enggak apaapasudah lama dan barang enggak okkan tambah kecewa gan,negative
tv nya lembek kayak krupuk,negative
baru psen tadi pagi dan sore langsung terima barang cepat banget tv ok enggak ada masalah thanks,positive
garansi tahun kartu garansi mana kok enggak dah bagaimana claim garansi,negative
antivirus enggak bisa dipakaipadahal sudah coba inut kode aktivasitaapi gagal dengan sukses,negative
memang kirim cepat dan barang lumyan komplit tapi ada yang kurang bahwa di iklan di kasih antivirus bentuk kotak tetapi saya hanya terima stiker seri saja kotak sofware tidak ada,negative
barang sesuai kualitas oke lah kirim cepat packing rapi thanks lazada,positive
judul sony smart 32 gambar panasonic deskripsi 24 mau tuh apa,negative
bagaimana tv led saya merek sharp 24 hitam lc 24le170i sekarang mati total baru bulan mana saya harus hubung dan minta bantu mohon bijak dan solusi sokalnya masih garansi kepada pihak lazada saya mohon bantu terimakasih,negative
iklan nya sony kok tampil panasonic yang benar 48 inc atau 24 inc,negative
barang sudah sampai terima kasih barang bagus rapi keren lah pokok,positive
fd error enggak bisa pakai,negative
barang sampai dengan cepat tanpa kendala dari segi barang pun ajib punya mantap kakak,positive
kemarin saya sudah kasih bintang stlah saya coba pakai hari laptop sudah beratlelet hari ini saya mau coba instl officenya indak bisa karena sudah lelet duluan indak bisa nyelesaikan sampai sore indak slsai2 pasang office mhn solusi dari seller,negative
nyessel banget nyata rusak parah,negative
barang sudah terima dengan baik dan aman barang datang cepat sekali cuma beda hari saja sesuai picture dan masih segel tapi belum coba moga awet terima kasih seller dan lazada,positive
sangat recommended buat uji sekolah layan bagusramah kirim cepat pesan malam siang sampai,positive
sue nyata netbook main anakanak beli mahal2 lagi,negative
alhamdulillah barang tiba dengan selamat dan tiba tepat pada waktu kondisi barang juga bagus suka banget deh pokok thanks buat seller dan lazada sukses selalu,negative
baru hari pakai resletingnya sudah jebol nama juga mureeh,negative
sesal saya salah lihat kalo nyata satu mega byte,negative
baguslazada hebatterus dipertahankanjempolkeatasjempolkeatas,positive
bagusmurah,positive
beli nih produk cuman karena pengin rasai punya flashdisk 31 saja tapi kalo colok pc atau laptop cuman sampai 30 memang belum rasa beda tapi ya enggak papa yang penting sudah punya dan speed transfer dari colok usb 30 juga tetap jauh lebih cepat banding usb 20 jadi ya tetap senang punya flashdisk ini nanti kalo ketemu pclaptop berusb 31 baru akan tahu sih cepat yang benar thanks seller and lazada,positive
kirim nya lambat banget kayak keong,positive
kenapa pas transfer data dari hp ke usb kok malah hilang malah ada data yang sama dengan data yang di transfer tapi enggak bisa buka sih,negative
okthank lazada pagi order sore barang sampai packing okebarang sesuai pesan,negative
kualitas suara tidak muas saya ng tau ini tv nya masalah atau memang begini suara masa harus stel volume sampai besar sekali baru mulai dengar suara,negative
bagi yang minat orderpesan barang kamiuntuk lebih pasti sila ada whatsapwa 0852 5072 0044 atau invite pin d9066cb6 langsung dari reseller tokoterimah kasih,positive
lebih cepat dari kira dan sesuai skripsi,positive
hari ini saya terima barang barang yang di jual sangat parah baru di nyala menit panas nya sudah kayak microwave padahal deh ada kipas leptop dan sudah lot,negative
kalo cicil syarat ya apa saja,negative
sesuai harap,positive
barang original ada krtu gransi nya juga tempel pada kemas terima kasih lazada mga usaha nya tambah lancar sukses terus,positive
alhamdulillah cepat sampai nya cuma dua hari sudah sampai di kabupaten tgal ambil di kabupaten saja maklum di desa belum support kirim jasa jadi harus suruh travel langgan buat ambil ke ibukota kab reecommended lah di jamin deh enak belanja di lazada lebih percaya kalo brang enggak sampai uang kembali lain sama olshop online yang bukan dari aplikasi suka nipu tukang tipu inti nya enak nama di aplikasi online bakal tagih buat belanja di sini wajahmemberikanciumanjauhwajahtersenyumdenganmatabahagiawajahtersenyumdenganmatabahagia tunggu order an lanjut lazada,positive
barang nya sih ok tapi pas pakai mindahin dari kartu memori ke flasdisk nya eh malah enggak bisa buka hilang rusak semua file saya,negative
aduh kecewa deh aku enggak bisa buat save data,negative
kirim cepat sekali untuk wilayah bekas pagi pesan sore sampai bisa cod unit masih segel dan fungsi normal kualitas gambar hd nya cukup baik sudah dtv walau belum semua bisa dapat ya mungkin itu faktor external cara seluruh tcl led dtv 32 bisa jadi saing nya led merk cocca dengan harga di bawah 2jt dengan fitur yang masingmasing ada lebih kurang nya,positive
alhamdulillah ya sudah sampai barangnywalaupun tunggu lama sekali tapi bantah dengan flash yang bisa trbacawajahtersenyumlebarbermatahatiwajahtersenyumlebarbermatahatiwajahtersenyumlebarbermatahatiwajahtersenyumlebarbermatahati,positive
barang bagus sesuai pesan,positive
terimakasih barang sudah terima dengan baik kirim cepat,positive
sok nice awesome delivery is very fast received ini today morningthanks,positive
barang bagus bangtapi order dari tanggal 21 februari tanggal 26 februari baru konfirmasi kirim dari jakartatanggal 27 februari sampai di tangerangonhand dari jne tanggal maret kemarinluar biasa,negative
biar bintang yang bicara,negative
ah kecwa sama seler ini pesan yang 35 malah dikirm yang 25 kaco ini mah seler,negative
error,negative
mantap gan barang mulus dan sesuai yang harap recommen banget untuk lapak,positive
barang bagus kemas dengan baik mantap lah pokoknyawajahgembiraberuraiairmata,positive
lama koneknya,negative
dipacking dengan rapi bayar tempat jadi bisa cek dulu barang bagus atau enggak sudah mau tahun yang lalu beli tv nya masih bagus mantap,positive
untuk kirim cepat dan kurir ramah untuk kwalitas barang lumayan lahkarena kadang saat mengcopy data ke flash drive nya ada yang baca dan ada yang tidak contoh saya mengcopy file musik ke flash drive nya telah data slesai di copy ketika buka file nya kosong,negative
sandisk ultra yang saya beli enggak bisa kerja dengan baik enggak bisa pakai untuk copy maupun nyimpan file karena diprotek bagaimana nih harus jangan di write protek dong produk kalupun di protek harus kasih ulas cara buka proteknya dari pihak lazada pun harus ikut andil dong bagaimana cara jadi malas belanja ke lazada,negative
thanks lazada flashdisca ok enggak sesal blanja di lazada,negative
barang sudah terima tetapi fre bracket nya tidak kirim,negative
kualitas oke hanya banyak data yang hilang,negative
sudah hari kok belum datang juga jadi bingung mau di batalin barang sudah kirim tapi no resix tidak ada mau batalin tidak bisa mau beli di toko takut datang barangx hm harus bagaimana ini aqx,negative
di pasang ke j2 enggak bisa apa kartuny yang rusak,negative
sudah sampai dengan baik tidak kurang satu apa packingnya juga safety pakai kayu gambarwarna good banget puas banget tq changhong dan lazada,positive
jelek barang bisa mencopymp4 tapi file diputarproses macet tengah kualitas sangat jelek,negative
memori nya 64 gb tapi bohongenggak sampai 1gb,negative
belum coba moga saja normal,negative
tv nya bagus sesuai pesanannyala dengan mulus thanks ya lazada,positive
terima kasih barang sudah sampai mantap2,positive
sementara tiga dulu belum di uji cobapaking ok kirim cepat,negative
barang kapasitas nya ok benartapi pas mindahin video dari laptop ke flashdisk nya video corup bagi enggak bisa buka videonyasudah di coba beberapa kali masih error ira harga promo nyata harga tentu kualitas,negative
deh yure 64gb tapi deh facto cuma 57gb,negative
flas disk nya enggak ke pakaipas di taro videomalah eror,negative
sampai sesuai dengan waktu yang tentu barang bagus packing bagus,positive
kirim sangat lama lama panjang sejarah belanja online,negative
barang sesuai sen dan cepat sampai,positive
enggak bagus masuk data eh enggak tau ya enggak bisa buka,negative
kurir kurang profesional dan kurang tepat waktu,negative
hatihati untuk calon beli emas tidak layak basah sampai tuju mohon lazada untuk tindak lanjut,negative
bagus cuman lama saja,negative
barang nya sudah sampai terima kasih lazada tapi fd 16gb error enggak baca syukur cuman bonusuntung yang 64gb jadi tadi enggak ke baca otg di hp moto g5s plus mnggkin enggak suport ataw bagaimana lahya sesuai lah dengan harga,negative
kirim cepat banget terima kasih ya,positive
barang orisinal 100 kirim hari darat di rumah,positive
biar bintang yang bicara thanks lazada seller good job jempolkeatasjempolkeatas,positive
tak lazada cepat sampai,positive
proses cepat,negative
serius jangan pernah pada pesan ke seller ini barang sampai enggak sesuai harap pakai banget dan enggak sesuai yang di iklan pakai banget kartu garansi enggak ada pulpen merk lain kenko hologram segel enggak ada pas buka parah sudah ada isi file nya back up an kaya ini yang kirim dari seller ini barang barang bekas oke gan sekali lagi saran banget jangan pesan di seller ini cukup sekian untuk kali ini seller di lazada sangat kecewa,negative
mntap,positive
di lazada sudah tulis terima namun saya belum dapat barang,negative
kenapa enggak bisa putar file video ya hadewh,negative
thx lu lazadabarang sampai dengan aman,positive
mantap barang sudah di coba work,positive
usb tidak baca semua ke nya tidak bisa di pakai,negative
barang bagus kirim cepatnice,negative
produk second yang masih lumayan tapi kirim barang nya lalu jnt sangat jengkel dua kali kirim masih tak sampai dan akhir paksa ambil sendiri,negative
kirim lama dan kapasitas tidak sesuai,negative
cepat banget kirim barang ok thankyou lazada,negative
harga murah dan fungsi dengan baik ok terima kasih,positive
puaswalaupun sedikit tunda kirim tapi barang bagus sesuai dengan iklan,positive
sangat puas tv mulus kirim super cepat pesan sore ke esok hari sudah sampai,positive
tv nya mantab banget desain mewah suara jernih untuk kirim ke bekas lumayan lama hari,positive
sangat baik dan fungsi,positive
flash nya enggak bisa nyimpan,negative
di iklan tulis seri d5a nyata yang kirim seri d3a,negative
barang murah riah dan cepat sampai top markotop and quality no1,positive
tidak fungsi barang rusak,negative
produk rusak hatihati kalau beli untuk simpan data penting bisa hilang,negative
usb terima lebih cepat dari info yang ada barang nya ok dan sesuai dengan spek yang cantum di lazada tks,positive
barang jelek,negative
barang sudah sampai tapi pas saya cek kok cuma 14 gb saja iya saya agak kesal boleh,negative
patentapi ringan kali,negative
tidak pas 32 gb hanya ada 2980gb memang sih enggak bakal 32gb tapi 30 gb pun enggak genap wel perhati lagi ya kualitas produk thank you,positive
anjiirbarang ok keren,positive
sangat cepat,negative
flasdisk nya cuman bisa di isi sedikit sudah di isi data pun enggak bisa buka dan enggak bisa di delete flasdisk kau,negative
bagusbisa langsung pakai,positive
kecewa yang pilih warna mearh yang datang warna hitam kata tb tapi yang kosong 18 tb tidak masuk akal karena sudah isi 200 gb bonus casingnya besar sekali bisa isi hampir hardisk,negative
recomended seller deh,positive
bagus transfer data lancar dan cepat,positive
barang sudah terima kemas rapi dan aman barang okejempolkeatasjempolkeatas,positive
tvnya ok,positive
barang normalok,negative
good productgood shipping,negative
alkhirnya kirim juga telah lama kirim dan paket baik saja,negative
puas pokoknyabintangnya dulu,negative
barang saya sudah terimahasilnya bagus dus juga tidak rusakmakash lazada,negative
hard disk tidak fungsi mohon direfund,negative
barang mantap packingnya oke barang mulus,positive
produk sesuai spesifikasi kapasitas simpan 32 gb cepat transfer data juga bagus recomended product,positive
barang ok mudahmudahan tidak masalah saya ada tanya maaf karena saya orang awam garansi tahun namun saya tidak terima kartu garansi atau memang tidak ada kartu garansi tolong jelas cara klaim garansi untuk wd backup dan wd security software bagaimana ya apakah sudah ada dalam harddisknya atau bagaimana tolong jelas guna wd backup dan wd security softwareny terima kasih,positive
belum coba tiga dulu ya,negative
apakah real capacity 64gb berani tes dengan h2tes untuk tes capacity,negative
barang bagus recommended banget,positive
lama beberapa hari pakai masih lancar dan normal cuma aneh enggak dapat kartu garansi entah mau claim garansi mana entar kalau ada rusa,negative
isi nyata hanya 29 gb,negative
barang yang datang kok samsung yang putih biasa ya baru ingat sen sama barang datang bedadua dua yang putih,negative
pas di iklan gambar tv pas nyampek rumah nyata layar bioskop gan wow,positive
wowsaya mesen kardus tv ini buat tahun depantapi sudah datang dari tahun lalusekarang kardus gua sumbangin untuk raja ayamdan tvnya untuk saya jadi tisu wcolx the best,negative
barang bagus sesuai deskripsi thanks,positive
sesuai dengan deskripsi produk,positive
barang real pict serta kirim sangat cepatsukses selalu kak,positive
bagus banget woipesan tadi pagisore sudah sampaicepat banget gais sampainyapokoknya mah senang dehpuas beli juga mana murah bangetmenyesal kalo enggak belisudah murah bagus lagi wajahtersenyumlebarbermatahatiwajahtersenyumlebarbermatahatiwajahtersenyumlebarbermatahati,positive
barang nya enggak bisa di pakaiproduk jelek kecewa banget,negative
barang nya bagus cuma saya sangat kecewa dengan lazada kenapa di iklan jelasjelas tulis gratis hooq bulan terus kemarin saya minta bilang cuma dapat bulan tidak boleh jebak konsumen begini kalau enggak di selesai saya enggak belanja di lazada lagi dan buat komplen,negative
barang cepat sampai bravo,positive
pas,positive
belum pakai,negative
belum di teskurir ramah,negative
tv nya datang dengan cepat dan kemas dengan baik tapi selalu sulit untuk konek ke wifi dan chrome cast dan juga tidak support untuk tonton netflix lebih nya sih tv nya bagusm,negative
barang bagus tapi kecewa karena bonus bracket yang janji tidak kirim,negative
bagus dan cepat sampai alhamdulillah enggak ada masalah dan kerja dengan baik,positive
kirim lama banget pesan tanggal 23 maret 2018 baru sampai tanggal 04 april 2018 padahal posisi saya di jakarta complain tiap hari ke cs enggak beri solusi cuma di suruh tunggu dan tunggu enggak jelas,negative
barang terima dengan baik belum cek moga awetterimakasih lazada,positive
paking bagus kirim standard 3hari barang nya sesuai dengan yang di iklan sukses terus tahan masbrojangan ikut ikut toko belah,positive
terima kasih kepada kenkez bagai jual dan lazada indonesia barang sudah saya terima dengan baik cepat sampai kurir lex packing sederhana dan rapi moga depan dapat belanja kembali sini sukses selalu,negative
barang sesuai dapat harga diskon dan barang fungsi dengan baik moga awet thx laz,positive
sangat kecewa enggak bisa di pakai boot portable windows,negative
suka suka suka moga awet dan terima kasih juga buat kurir nya ramah dan sopan,positive
kecewa lah pas saya copy semua musik sama video enggak bisa ke buka di tv,negative
pesan cuma hari nyampek barang bagus sesuai deskripsi moga awet cuma sayang microaoft office nya belum terintal sekali,positive
material tidak terlalu kokoh tapi tidak juga jelek yang sangat sayang tv ini tidak netflix certified jadi walaupun bisa instal aplikasi netflix tapi tidak bisa pakai aplikasi saya juga baru tau bahwa tidak sembarang device bisa untuk netflix telah dapat error sesuai gambar lampir dan ketika hubung pihak netflix diberitahu demikian,negative
barang telah terima dengan baik sukses selalu untuk seller nebulastore cuma otg nya kok tidak ke baca suport ke hp nya ya kalau ke laptop alhamdulillah bisa ke baca,positive
hard disknya sesuai tapi sayang antivirusnya enggak bisa di pakai karena sudah exp date kalo bisa kasih tau juga tanggal akhir untuk aktifasi antivirusnya walau cuma bonus tetap ada rasa kecewa,negative
yang datang model fd nya beda,negative
memory cardnya tidak dapat di guna barang rusak kok di jual sih kecewa,negative
bagusbarang sesuai dengan gambar,positive
kata barang pesan sampai dalam waktu hari tapi sudah minggu brng belum sampai memang prosedur kirim ke majalengka berapa lama,negative
baru sampai langsung testing hasilny mantap lancar jaya bentukny kecil dan ringan terima kasih lazada seller,positive
ya lumayan,negative
kirim barang cepat sama kemas barang rapi tapi pas di cek kapasitas flashdisknya tidak sesuai saya pesan 32gb tapi pas di cek 29gb,negative
otg nya enggak bisa pakai,negative
produk jalan baik kirim cepat dan aman lumayan dapat flash sale plus fre ongkir,positive
ini memori nya berapa gb ya tolong di jawab,negative
produk bagus dan sesuai fre bonus pun ada kirim pakai ninja cepat sesuai yang ditentukantrnksh semua,positive
beli unit unit pecah sedang dalam proses retur moga beres namun kirim cepat hari sampai tolong bantu proses retur ya lazada,negative
mohon maaf barang yang saya pesan tulis sudah dterima tapi saya belum terima barang pesan saya bgaimana solusi,positive
mantap harga murah pula,positive
palsujual yang aman kenapa bosbaru datang di test lagsung copas file 15gb errorbalikin duit,negative
barang sesuai tapi kirim lambat,positive
memuaskanpacking rapi and safety,positive
pict dan deskripsi cruzer switch tapi yang kirim cruzer blade kecewa,negative
cepat kirim baik produk baik dapat bonus case bolpen,positive
selalu puas belanja di aplikasi lazada lebih via lazmal barang sudah tentu asli dan jamin kirim cepat barang terima sesuai dengan pesan dapat bonus pouch seperti yang info barang kerja dengan baik thanks seller,positive
oke barang sesuai dengan apa yang tandacentangputihtebal,positive
saya sangat kecewa dengan beli tv ini begitu barang datang dan saya unboxingternyata ada kerusakanpecah pada layar panel led tivi sebut sehingga tidak dapat guna sama sekali mohon untuk menngirimkan produk ganti cepat,negative
kardus,positive
tapi the point mending beli merk lain metk korea atau jepang yang sudah jelas kualitas harga juga enggak jauh beda kok untuk tv ukur 40 inch ke bawah resolusi uhd4k itu ngefek kalo jarak tonton kurang dari meter untuk ukur 40 ke bawah resolusi ful hd sudah lebih dari cukup jadi turut saya tv ini over spec tapi enggak manfaat feature lain justru yang harus tingkat beberapa feature yang harus nya bisa lebih baik untuk harga seperti ini layar tv ini layar kurang cerah operating system tv ini os nya tidak seperti android tv lain padahal kata android tv toko aplikasi enggak lengkap ini android tv bukan sih,negative
packet sudah sampai dgnbselamatpacking rapi di pakai bublewrapkurir super ramahpokoknya recomeeeeeeeeeeeeent banget dehpuas banget,positive
bagus barang sesuai dengan item yang tera dan yang minta,positive
enggak bisa pakai flashdiesnya sangat buruk,negative
baguscepatwajahmemberikanciumanjauhwajahmemberikanciumanjauhwajahmemberikanciumanjauhwajahmemberikanciumanjauh,positive
bad product,negative
barang terima tepat cepat sekali pesan tanggal tanggal 11 sore sudah terima fungsi barang normal dan bagus cuma sayang pojok bawah kanan kiri layar agak redup sedikit cahaya layarnyatapi enggak apaapa dari pada kembali repot packing ulangnyasemoga awet saja,negative
kualitas tvnya bagus banget semua fungsi dengan sangat baik minus packingnya cuma pakai bubble wrap tipis srharusnya di packing kayu biar lebih aman,positive
packing baik dan fungsi dengan baik,positive
alhamdulillah mantap enggak ada yang cacatsangat cepat proses pesan tanggal 24 sampai tanggal 28 di palu sultengkurirnya sangat ramahterima kasih lazada,positive
bagus awet,positive
barang waktu di charge plugged ini tapi tidak isi,negative
moga tahan lama,negative
kirim cepat barang bagus,positive
terima kasih banyak walaupun pesan hari belum hari natal barang langsung sampai hari telah libur nasional barang diskon tapi kualitas packing pun aman sangat recommended,positive
muas packing rapiaman lapis buble warp dan kirim juga cepat tcakeep,positive
original and good seller kirim cepat,positive
original komplt kartu garansi masih segel,positive
alhamdullilah pesan tggl 25 april smpainya ke palembang tggl 30 april langsung bayar tempat packing amat sngat aman pakai kayu langsung di eksekusi dan hasil sangat muas semua brfungsi dengan baik dapat kaki recomanded banget terima kasih lazada,positive
packet sudah datang harga murah dan ada bonus nya cuma belum sempat coba sih enggak tau nanti ya,negative
lumayan bagus untuk harga nya sudah taksir tv ini dari pas jalanjalan ke shenzhen lihat tv skyworth picture quality ok tapi pas pertama idupin seperti ada sedikit vignetting di ke empat sudut suara ok tapai untuk spdif entah kenapa delay di audio fungsi delay di menu enggak ngaruh karena yang delay jadi speakernya belum pakai produk lain enggak network sering enggak kedetect solusi jadi harus total power of dan idupin lagi overal ok la untuk remote cepat banget rusak agan drain battery,positive
puas banget packingnya juga rapi kirim cepat kurir ramahmantap dch,positive
pesan yang kirim cuma sudah minta untuk kirim kurang bilang mau kirim begitu tanya belit belit jangan beli sini rugi customer,negative
barang orisinal komplit bonus terima kasih pak rt eh lazada,positive
barang bagus real kapasitanya,positive
awal sempat panik karena paket kirim hanya pckung bubblewrap alhirnya telah buka ane beryluntung tv baikbaik saja order jumat senin sampai coba pintas nyala sehatsehat cuman belum explore menu2nyabselain coba youtube moga awet amin,positive
memang benar 64mb bukan gigabyte ya syukuuurin saja lah,negative
mantap joy,negative
barang sudah di pakai dan muas tapi tidak ada lampu deteksi apakah nyala atau tidak apakah isi atau tidak,negative
barang kerja cukup baik,positive
bagusbarang sampai tanpa cacat dan cepat sampai kurir alhamdulillah,positive
dua barang enggak ke pakaikiciwa,negative
barang mantap mulus moga awet dan moga barang asli,positive
mantap packing rapi dan kirim cepat ira dapat bonus ahahhaha terima kasih lazada,positive
lumayan ok,negative
mantab deh recomended bangetjempolkeatas,positive
mantap kapankapan mau order lagi thanks lazada,positive
bareng sama sekali tidak bisa di gunakn bahkan skdar mngisi lagu,negative
karena jumlah nya tidak penuh saya pesan di tempat lain nama toko nya sama tapi bukan di lazada pesan di hari yang sama dengan di lazada namun lebih belakang namun nyampai jauh lebih cepat di sana pesan tanggal 22 agustus rabu malam nyampai di tangan tanggal 24 agustus jumat sementara di lazada sampai di tangan hari senin malam terlalu banyak yang harus lewat dan terlalu lama di tiap tempat moga ke depan dapat tingkat efisiensi waktu nya,negative
baru bulanpanel led sudah ada garis,negative
saya kira ini orisinal eh pas coba led nya warna merah,negative
fd kurang baik cash nya karena ada yang retak2,negative
barang yang kirim pecah dan sulit untuk claimgaransi tidak ada,negative
paket sudah sampai barang bagus banget sesuai gambar semiga awet ada bonus soft case sama mouse nya keren cuman cas nya harus beli lagi adapter nyakarena tipe luar negeri,positive
respon jual baguskwalitas produk jelek beli unit datang satu enggak fungsi yang dua dalam bulan rusak respon operator teknisi service jelek saya saran jangan beli merk ino bakal sesal,positive
barang sudah terima tapi belum coba karena buat clien moga baikbaik saja dan fungsi normal,positive
barang bagus sesuai dengan harga,positive
kurang muas pesan sama barang yang datang beda untung sama sama 16 gb kalo enggak kecewa berat langgan,negative
ini serius gan murah banget buset,negative
tv nya oke tapi breketnya tidak bisa pasang karena baut enggak pas lubang tv,negative
case hd bagus sesuai spek dan nyata ukur lebih besar terima kasih,positive
kirim cepat banget produk juga sesuai,positive
murah bangettapi telat untuk pengirimanya,positive
tv nya rusak gan saya mau uang kembali atau ganti,negative
kualitas barang bagus tapi kirim lama minggu baru tiba,positive
saya minta ke kontra malah tengah jalan,negative
tidak dapat guna,negative
barangya rusak dan tidak fungsi sama sekali error banget,negative
harddisknya bagussemoga awet,positive
kirim tepat waktu packing baik barang orisinal,positive
barang nya bagus dan packing savetytapi kartu garansi jya kok kagak ada boskalo mau claim bgm,negative
nanti saat sudah di beli malah gb,negative
belum dicobs,negative
bahan plastik tapi di deskripsi bahan aluminium tapi not bad lah,negative
barang bagus tapi bukan 32gb barang tuis 32gb nyata cuma 29gb tapi lumayan,negative
sorry tapi sayang untuk kali ini layan lazada sangat jelek,negative
kak tv nya layar ada garis bagaimana bisa tuker kan,positive
beli tv kirim kompor saya padahal include lazada care di mesan qc nya punya mata enggak,negative
tiga kali pesan di toko ini harddisk jugah dan fungsi bagaimana mesti syukaaak makaaasi tadi mau upload gambar tapi hp ngudun,positive
barang bagus sesuai dengan harga packing sangat aman,positive
saya pesan barang tv philip 32 seperti di atas di promo 1111 dengan fre braket harga 99000 tapi saya dapat email kali yang pertama informasi kirim tvbraket dan yang ke kirim braket harga 99000 yang saya tanya kenapa saya di tagih untuk bayar braketnya karena di situ fre,negative
sok safety like itu,positive
benarbenar parah keterlaluaan pesan tv yang kirim kompor merk tecstar qc nya punya mata enggak saya sudah retur kompor nya tolong kirim sesuai pesan saya,negative
saya baru sempat buka barang dan saya coba kasih antena kok enggak bisa ya tetap no signal terus saya coba putar film dengan resolusi hd kok gambar jelek ya apa sesuai spesifikasi,negative
enggak fungsi nih tolong dong bisa di retur enggak,negative
kalau ada bintang itu saya kasih saya pesan tv cocca 40inc tg datang samsung 32inc tv sudah saya kembali tapi dana saya tidak kembali dari pihak lazada kirim barang tidak di cek dulu tapi gilir kembali barang tunggu cek dulu baru dana kembali tutup saja lazada,negative
oke nocomplaint karena pesan buat suami good,positive
flashdisk dua dua rusak,negative
tv pes 14 mei tanggal 17 mei malam baru sampaiini beli ke sok far oke dan untuk kamar anakbisa tonton youtube kartun,positive
barang sudah sampai dan sesuai dengan gambar langsung pakai pas dengan hardisk eksternal nya ok,positive
alhamdulillah barang telah terima tanggal 2811 jam 0616 sore simpul kirim lama hitung 17 hari lead timenya untung cs dari lazada dan ninja xpres masih bisa di konfirmasi walau jawab kena status posisi barang masih kurang update dan lama di gudang transit tanggal 11 sd tanggal 23 baru ada prubahan status barang keluar dari gudang sortir transit ninja xpreskurir antar ramah barang dtrima hanya guna bubble wrap barang fungsi cuman barang yang saya terima dapat stuck pixel dan cukup menghawatirkan apakh tidak apaapa layar nyata masih soft panel warna cukup baik tnggal adjusment ulang sesuai selera intrface menu cukup mudah suara baik youtube lancar,negative
cukup baik moga manfaat dan tahan lama,positive
tv dipack rapi dengan bubblewrap kondisi oke gambar dan suara juga enggak ada masalah sayang pas buka browser sering minta diclose karena memory enggak cukup tapi overal untuk harga gin dengan specs yang ada sudah sangat puas,positive
very good cuma sayang kalo buat video enggak bisa baca semua,negative
h1 bayar sudah kirim recommended seller,positive
woow harga fantastis euy enggak salah tuh saya saja beli barang yang jenis salah toko di tangerang hanya 75rb ini kok mahal banget,negative
kualitas mantap tonton bokep asa nyata tani tisu sama sabun makin enak lah buat jomblo,positive
barang sesuai deskripsi moga awet,positive
sangat muas barang muluspacking rapilazada memang topninjaekspres cepat banget sampainyapokoknya semua topterima kasih semua,positive
barang bagus expedisinya lot packing rapi,positive
barang hancur tolong ganti cepat,negative
hanya puas,negative
tiap hari tonton youtube wajahgembiradenganmatabahagia,positive
oke sih,positive
fungsi dengan baikgood jobthanks lazadaseler,positive
jelek,negative
top bangetterima dengan baik dan cepattks al,positive
barang terima di rumah tadi siang dan saya buka jam yang lalu karena saya baru pulang kerja saya sangat kaget dan sekaligus sangat kecewa karena saat saya nyala nyata layar lcdnya retak parah banget saya ingin kembali barang ini untuk tukar saya minta tanggung jawab dan tanggap segera,negative
paket darat dengan selamat terima kasih lazada terima kasih tokony,positive
data langsung errorharga yang bicara,negative
barang enggak bisa hidup jual,negative
barang sih lumayan bagus tapi saya kecewa enggak sepet yang janji hadiah include begitu buka hanya flash disk nya saja bisa kapok nih kalo kaya begini flash gerak pena jempol nya mana,negative
kenapa saya enggak bisa konek ke smart tv ya,negative
trimakasih lazada moga jaya terus,negative
tolong dari pihak lazada untuk tindak lanjut cepat pesan yang saya batal dan kembalikkan uang yang sudah saya bayar dan mohon lazada lebih teliti lagi dalam sikap masalah karena pihak lazada tidak teliti dalam ambil putus karena barang yang belum sampai tibatiba diberitahukan sudah sampai sedang saya batal pesan hari yang sama tidak mungkin hari saja barang dari jakarta langsung sampai ke papua jadi tolong kerjasamanya dan tolong dengan penuh harap segera kembalikkan uang saya karena saya sangat butuh uang terserbut untuk saya pakai operasi kanker sayaterimakasih,negative
alhamdulillah pesan hd nya sudah sampai walaupun,negative
produk bagus enggak ribet dan yang paling utama adalah murah untuk tv ukur ini,positive
cepat sampai barang bagus juga,positive
dimensi dan berat dari produk asa nyaman dan mudah untuk bawa pergi ukur pas di genggam tangan apalagi lengkap pouchnya jadi mudah dalam simpan,positive
cantik unyu pesan datang tepat waktu kapasitas 16 gb namun real 144 gb not bad laaah untuk ukur usb karakter unyuk terima kasih lazada and seller,negative
falsh disk sudah sampai dengan aman moga awet dengan ok terima kasih lazada,positive
mau tanya ini ada dus nya enggak ya ada hologram enggak di dus fd nya tolong jawab ya yang tau,negative
salah satu microsd yang paling banyak kauoem nya harus hati hati benar beli microsd satu ini langsung jual oleh lazada pasti orisinal dan harga cukup miring pasang yang cocok dengan galaxy note,positive
masih beli antena untuk coba salur tv nya moga awet terimakasih lazada wajahtersenyumdenganmatabahagia,positive
pertama dalem sudah ada isi pas pertama di colok ke laptop langsung remuk flashdisknya wkwkwkwkwk top barang kau,negative
mantabtv fungsi dengan baikpacking ok pakai bublewrabpengiriman cepat order tanggal 10tanggal 11 sampai,positive
barang nya jelek,positive
terima kasih paketsn sudah sampai,positive
keren real kapasitas nya 64 gb thanksi lazada jempolkeatasmelipattangan,positive
bagus sesuai,positive
recomended pokok,positive
paket terima ada baik bungkus packing kayu dan bubble wrap tes dengan hasil baik sesuai harap next mohon tingkat lagi cepat kirim order 88 baru masuk ekspedisi 118 tiba 158 dari estimasi max 138 come on you can di better tahan this terima kasih buat cs lazada jne yang sangat bantu thanks,negative
flash enggak bisa nyimpan,negative
sukkkkaaaak,positive
kata nya dapat fre dari cenel hooq,positive
barang kagak bisa dipakaipayah,negative
flashdisknya lebih kecil dan ringan dari yang saya kira untuk transfer file2 besar juga cepat fre space 14gb untuk beli yang belum tau ukur flashdiskmemory card ini adalah normal bukan nipu tapi tiap merek biasa bedabeda fre spacenya ukur yang kirim juga sesuai dengan deskripsi 16gb bukan 8gb inti flashdisk fungsi dengan baik benar barang sudah sampai 34 minggu yang lalu tapi saya lupa tulis ulas waktu itu kirim juga cepat hari sudah datang,positive
terima kasih ya kurir ya ramahjempolkeatas,positive
barang sudah sampai bagus terima kasih,positive
terimakasih seler dan lazada kirim tepat waktu dan barang oke,positive
alam pertama kali dan muas,positive
alhamdulillah tv ya datang dengan normal tapi agak kecewa karena segel garansi cooca ya sudah rusaknanti bisa claim garansi apa enggak kalo segel ya rusak,negative
mantul konek dengan baik sesui pic,positive
muantaap barang sudah sampai alhamdulillah meski cuman bungkus buble wrap barang aman thanksi al,positive
barang datang telat hari dari waktu estimasi lalu coba nyata cacat produk gambar enggak terang seperti tv sharp punya yang lama dan suara enggak stabil malah sering hilang silent mode terus aju retur eh formulir pengembailan enggak muncul terus bagaimana coba solusi nya uang satu juta itu bukan nominal yang sedikit bagi saya,negative
kecewa barang jelek banget file yang simpan hilang sendiri file video yang simpan enggak bisa di putar so barang enggak bisa pakai,negative
good tapi masih ajar pakaiwajahgembiradenganmatabahagia,positive
paking nya kalo bisa di buat lebih tebal biar makin aman,negative
barang coba tidak bisa dipakairusak,negative
microsoftnya tidak bisa pakai masa harus belikecewa saya,negative
tv nya sesuai pesan saya sangaat suka,positive
barang darat dengan aman dan selamat walau paking hanya bubble wrap pesan sabtu sore darat minggu siang terima kasih lazada ninja expres,positive
barang ok tapi proses kirim agak lambat,negative
parah enggak bisa nyimpan lagu banyak banyakkatanya 32 gb,negative
barang yang sampai cruzer yang biasa tidak sesuai di gambar tapi sizenya 64gb,positive
agak alam tunggu tapi puas suwun lazada,positive
belum di tes meski demikianproduk sangat rapi kemas,positive
mantap sampai dengan selamat harga 4jt shopping day 99 smiling face smiling face smiling face wajahtersenyumlebarbermatahatimelipattangan packing kayu pula aman sampai tuju,positive
jelekfoto yang di simpan di sini jadi rusaksaja,negative
barang sesuai gambar bagua dan kirim kayak petir cepat amirrrre,positive
barang kirim sampai bagus dan fungsi dengan baik terima kasih lajadah,positive
barang sesuai pesan moga hardisknya awet barang datang nya enggak lama kok juga bonus nya datang semua kualitas case bonus kurang bagus sih dan ukur besar cuma enggak apaapa lah wong gratis ini botol gratis nya bagus kabel dan usb otg fungsi baiktergantung hp nya support atau enggak,positive
bagus dan jelas,positive
barang oke lengkap semua cuma instalasi saja harus googling sana sini sempat mikir bareng rusak nyata bisa guna,positive
pengirimin sangat cepat pesan jam pagi datang jam mlam hari yang samatv nya bagus tapi sayang enggak ada kartu garansi sama bon jual belibisa kirim kah kartu garansi nyasekarang ok takut besok nya kenapa,positive
gila,negative
cakep murah suka,positive
wowdapat harga murah terima kasih lazadaseller percaya,positive
barang ok kirim cepat,negative
mantappengiriman amanproduk baik,positive
situ terang fre brackettapi kok saya dapetnya cuma tv nya sajatolong jelas,negative
okeh,positive
barang fungsi dengan baik kirim muas,positive
produk bagus sesuai deskripsi kirim luar biasa cepat gratis malam order besok siang sampai kurir amanah komunikatif kartu garansi sedia terima kasih lazada,positive
packing rapi dan cepat sampai moga awet,positive
sangat bantu kerja saya untuk meeting interpentansi dengan karyawan dan training dan vendor laindan ada flashdisknya yang sngat guna untuk simpan file atau data pokok pointer yang sangat bagusmurah dan kualitas thankz lazada,positive
harga murah tapi kualitas barang kurang,negative
untuk tv lcd tiap di pasang selalu reconect sambung putus tapi untuk laptop aman,negative
pesan tanggal 12 des 2018 baru terima tanggal 29 des 2018,negative
saya sangat puas,positive
sampai dengan bahagia selamat sentosa,positive
layan yang sangat buruk sampai lewat tanggal estimasi kirim barang belum datang juga buat yang mau belanja pikir2 lagi deh cari online shop yang tanggung jawab,negative
baru pakai 6bulan sudah error tolong tanggung jawab,negative
kenapa punya saya enggak sampai ya min yang order tanggal 18 akhir kirim 23dengan metode bayar di tempat,positive
barang bagus saya terima dan fungsi dengan baik selalu puas lama ini dengan lazada markotopwajahgembira,positive
ini beli dua saya produk cooca saya kecewa dengan pesan dua saya dapat cacat layar sayang tidak bisa tukar barang mau clime garansi jadi malas,negative
pokok kapake,positive
jangan tipu beli saya beli canvio ready kirim canvio basics jual pasti tahu beda sungguh kecewa,negative
cepat kirim oke cuman packing kayu nya kurang safety harga dan ongkir harus sudah di kasih packing kayu kalau bisa jangan lakban lazada,negative
kirim cepat tapi isi cuma 14gb,negative
kirim cepat tetapi gambar blur semua padahal di tv belum jernih bagaimana solusi ya,negative
unit tidak hidup kecewa sangat,negative
bagus layan sabar dan kirim nya cepat,positive
barang sudah darat kualitas okethankz esogoal lazada,positive
kurang suka,negative
kirim cepat paket fungsi baik good seller,positive
ini kondisi laptop bagaimana mohon jelas detail thx,negative
flesdisk nya buat copy file di komputer enggak bisa dibukak kecewa banget rasa tipu,negative
laptop saya suka punya simpan yang besar kapasitas tapi apa memang di laptop ini tidak punya local disk di hanya punya local disk sih dan saat laptop nya saya mati kemudian saya nyala kembali untuk pakai dan log ini masuk saat akan masuk ke desktop nya lama sekali bahkan tidak muncul gambar sama sekali hanya warna hitam dan hanya ada pointer nya saja bagaimana ini saya harus laku,negative
kira sampai 15 des pesan bareng dari tanggal 11 apa 12 saya lupa sampai sekarang belum sampai juga tuh brang sayamemang ya lazada kalo bareng yang kirim bukan punya dia langsung punya seller lain yang jual di lazada lama banget enggak ssuai estimasi enggak jelasmalas banget kayak begini tegur seller yang enggak bisa menuhin espetasi kirim daripada nama lazada yang jelek karena banyak cust yang kecewa di masalah pngiriman,negative
bagus dan mudah setting nya,positive
saya tidak rekomendasi sama sekali telah saya coba nyata tidak fungsi tidak baca dipc maupun laptop moga yang lain tidak rugi seperti saya,negative
flasdik tidak bisa di format,negative
mohon lazada baik waktu kirim nyaagar bisa cepat,negative
bisa nyimpan terus enggak ke baca bahkan ada yang hilang dari simpan di format juga agak sulit ex fat,positive
barang orisinal dan garansi 10tahun kirim cepat,positive
beli pket flashdisk hp 64 gb tau nya gb doang kecewa sayng,negative
saya telah guna wd passport ini telah beberapa hari dan telah beberapa kali putus koneksi saat guna saat kerja beberapa file penting hilang entah mana alhamdulillah saya ada backup filefile sebut tidak dirokemendasi baik guna hard disk external dari seagate saya dengar rekomendasi bagus dari kawankawan saya di departermen itu kantor,negative
kapasitas 14gb tapi enggak apaapa yang penting fungsi drpda 16gb tapi tidak fungsi moga awet,positive
halo gan barang sudah sampai tapi barang harus di format terus yang buat saya jadi jengkel sekali kirim file harus format maaf ya gan saya kembaliin barang,negative
bagaimana,negative
pantesan buy get nyata yang hadiah sudah cacat barang sudah leyot moga saja bisa pakai,negative
kirim cepat dan barang bagus,positive
langsung colok jreng mantap thanks alfathir very recomended seller,positive
mantap senin pagi order rabu pagi sampai packing rapi barang kualitas baik kapasitas 146 ya memang normal segitu tidak ada yang ful kalo fd atau hd terimakasih seller terimakasih lazada,positive
baguslahasli pokoke kemas rapi aman,positive
terimakasih lagi dan lazada tv nya sudah sampai dengan selamat nenek saya sukakucing saya suka tokek saya suka ayam saya suka semua suka mantap jiwa gan aku membelabela jual rumah dan tanah di kampung buat beli tv ini,positive
barang oke layan baik packing nya juga rapi,positive
flashdisk sesuai deskripsi top markotop deh pokok,positive
produk rusak tidak bisa hidup,negative
saya pesan warna merah tapi kirim warna biru dan segel sudah terguntingterbuka barang sudah tes dan works,negative
puas cepat sampai cuma sata mau tanya bagaimana cara aktifin pakai speaker tambah saya sudah colok ke jack 35m tapi enggak ke detect speaker,negative
eh,positive
barang error enggak bisa buat simpan data tiap kali simpan data selalu hilang,negative
mantul recommended,positive
terimakasih barang ok moga awet,positive
kirim cukup lama tapi barang real orisinal nice,positive
no cacat dan fungsi normal,positive
kirim sesuai prediksi nyata tv nya made ini jawa bukan import atau dari batam posisi kirim seperti nya balik kalo lihat gambar fragile nya moga fungsi baik saya belum nyala kan,negative
duduk tv tidak kokoh rawan trhdp goncangan apalagi salah satu dudukanya tidak presisi luar itu semua oke,negative
fd nya koruphaadeeh,negative
barang muas respon juga cepat walau hanya jam kerja saja tapi tetap muas kirim pakai kayu aman banget sudah di coba dan sesuai semua recommended banget lah barang serta sellernya thanks cooca thanks lazada,negative
aneh beda dengan gambar,negative
barang telah sampai dengan baik dan sesuai dengan yang pes,positive
maaf baru kirim ulas barang masih bagus sampai sekarang,positive
barang sudah nyampai peking bagus barang muas walau lama nyampainya,positive
where is the bracket di image produk tulis fre bracket tipu,negative
tv yang saya beli lcd nya rusak bgaimana cara kembali tolong di respon,negative
produk ini bagus kok,positive
kemas rapi barang belum coba moga barang enggak ada masalahaminrekom mantap,positive
produk sini original flashdisk fungsi dengan baik dan sesuai dengan yang di iklan sampai agak lama hari dengan bayar cod tapi over al suka sama produk2nya jet store sudah kali beli sini dan barang2nya ok dan original next time bakal beli lagi sini,positive
saya kecewa sangatwarna nya salah saya pesan fanta datang nya putihdan rusak tidak bisa di pakai sama sekali,negative
gan kok pngiriman ane sampai sekarang blkm datang ya gandi description sampai tnggal 24 tapi nih sudah tanggal 25 belum nyampe2 gan barang mau saya pakai gan nih no resi,negative
barang bagus moga awet thx lazada,negative
alhamdulillah batang sampai dengan selamat moga awet terima kasih,positive
enggak bisa di pakai,negative
sampai sekarang harus barang sudah sampai tapi belum sampai juga nomor resi juga enggak ada bagaiman saya bisa tracking mohon konfirmasi kalau barang belum terima bagaimana untuk kembali dana nya,negative
langsung coba langsung sangat puas bangga karena di desa saya baru saya yang punya tv android mantul,negative
kecewaflash disk rusak tiap kali copy file selalu hilang flash disk juga enggak bisa baca di port usb,negative
hd codinya bagus bisa untuk hd 25 dan dan awet juga sampai sekarang,negative
makin lama makin mahal diskon lagi dong barang sangat oke,positive
mantap habis dapat bonus headset juga terima kasih wajahtersenyumdenganmatabahagia,positive
enggak bisa di pakai adu data enggak masuk,negative
untuk barang sesuai yang ingin packing bagus harus terima tapi hari lagi tapi dalam hari sudah terima recommended dh,positive
bagus sihsuka banget kirim cepat thanks,negative
barang dari toko ini jarang nyampek astaghfirullah sampai saat ini punya saya masih di proses hati hati saja sekarang kalau belanja sini,negative
enggak jelas ini sd card asli atau palsu begitu buka kondisi seperti ini pas di coba transfer file very low speed plus file yang transfer pun jadi corrupt semua untung saya coba pindahin pakai copy dan paste dulu kalo langsung saya cut dan moved hilang dan rusak semua file saya oi lazada mal kok seperti ini barang barang kau di paking orisinal parah perlu anda tahu lama ini banyak yang salah kaprah memory yang bagus itu bukan arti harus real kapasitas yang cantum di tulis kartu memory yang bagus itu kapasitas harus memang potong 10 buat system rewrite sd card itu sendiri apabila kartu 64gb dan kita cek kapasitas yang baca atas 60gb arti memory card sebut jelek alias cacat pabrik kecewa dan kapok ini akhir kali saya beli di lazada laz mal dan seller lain di lazada enggak benar semua enggak akan berkah kalian tipu dengan cara seperti ini kampret,negative
pesan sampai hari ini belum saya terima ini hari akhir estimasi,negative
barang sudah sampai tapi tak bisa di pakai kaca pecah tak bisa hidup,negative
alhamdulillah sampai dngn aman pngirinnan lumyn lama,positive
telah sampai saya pasang dihape,positive
puas deh blanja di lazada barang selalu ok terima kasih lazada seller,positive
kecewasaya beli tv ini ngincer fitur hdr10 nyasaya cari di atur enggak ada hdrnyasebemarnya tv ini suport hdr enggak sih padahal di specnya sudah jelas tera support hdr10sudah nelfon csnyacsnya enggak paham sama sekali tentang hdr,negative
barang sudah ada cepat dan beli dapat 10,positive
tentang produk isi paket batreremote kartu garansi ada layar suara sinyal uhf std saja cuma sayang tv gede belum bisa siar digital sesuai lah dengan harga ada harga ada rupa buat lazada tolong ikan pilih buat kami untuk pilih jasa ekspedisi sesuai pilih karena jakarta karawang sampai hari dengan posisi dari tracking ninja expres hari mendem di gudang sortir ciracas hari sampai di purwakarta dan baru sampai ke karawang padahal kalo bisa pilih sih ada pos jne jnt yang dekat rumah cukup ini saja belanja di lazada terima kasih moga awet,negative
barang sesuai pesan dan kurir juga ramah kirim cepat,positive
perfectitusi what want,positive
barang sudah sampai tapi tidak bisa baca selalu ada tulis the disk is write protected,negative
saya order dari tanggal dan sampai sekarang belum sampai ini sudah 16 haridari laxada cuma suruh tunggu dan minta maaf,negative
barang sudah saya terima tapi pas buka paket segel sudah buka dan tidak ada kartu garansi saya tidak mau spekulasi tentang isi moga saja tidak masalah hddnya,negative
terimakasih lazada kenkez hardisk saya terima dalam ada bungkus rapi dan masih segel cuma yang saya sayang fre gift tidak sesuai gambar mouse pad ganti dengan notes pulpen biasa,negative
wajahtersenyumlebarbermatahatiwajahtersenyumlebarbermatahati,positive
belum coba,positive
di kasih flashdisk yang enggak bisa pakai,negative
terima kasih kepada kenkez dan lazada indonesia kirim sekitar hari dengan lex barang bagus sesuai dengan gambar fungsi dengan baik terima kasih,positive
paket sudah datangsaya order dua barang untuk flashdisk nya semua bagus sudah coba di laptop hanya saja otg nya enggak fungsi semua enggak mau connect di laptop di hptolong pihak jual perhati lagi untung otg cuma bonus doang thx lazada,positive
langsung di coba transfer data dari hp dan fungsi terima kasih seller dan lazada,positive
tks lazada aku beli dapat hrg rp 39900,negative
kadang baca kadang enggak,negative
mantap tv nya tes,positive
paket baru saya terima telah cek layar tv pecah tolong untuk di ganti,negative
recommended seller packing aman rapi barang sampai dalam hari barang sudah coba bisa jalan sempurna,positive
barang yang datang enggak ada tutup nya arti enggak sesuai gambar,negative
barang datang sangat cepat paking aga kurang septi barang sesuai pesan dan bonus handfre lagi thanks iy booos moga2 maju terus soal bang ane belum di coba moga saja bagus amin,positive
pas pakai tonton sih biasa saja tapi pas pakai jadi keset mantap deh,positive
mantan cepat sampai sukses,positive
barang original,positive
cara bayar lewat apa,negative
enggak sesuai dua dua 32gbdan lom di coba,negative
barang yang kirim oke sesuai pesan sukses terus jempolkeatasjempolkeatasjempolkeatas,positive
kualitas produk baik,positive
barang baru dterima telah lewat dari waktu yang dtentukan minggu lebih mungkin kurir ninja nya yang lelet kwalitas barang belum tau soal belum dcoba terima kasih lazada adata store,negative
xiomi enggak bisa cuma samsung saja,negative
barang sudah terima dengan baik tidak cacat langsung tes mantap gambar suara dan gratis langgan film tkhs lazada good luck,positive
mantap,positive
barang sudah sampai dengan cepat cuma ukur flash disknya cuma 28 gb lebih,negative
mousepad enggak sedia pas sampai sini pouch nya pun enggak sesuai dengan yang gambar,negative
alhamdulillah,positive
bagus terima kasih lazada moga awet,positive
flashdisk nya tidak dapat fungsi pada saat copy data tidak bisa baca,negative
barang sampai dan di terima dengan kondisi baik,positive
kirim super lambat,negative
kualitas fungsi barang oke,positive
brng dtng langsung saya tes dan nyata ke tigatiganya tidak fungsi errorsngat kecewasemoga saya yang akhir karena belum pesan memang saya cek banyak coment2 buruk tapi saya tidak percy dan sekarang saya mengalaminyatrmksh atas,negative
barang sampai di colok dan buat new folder langsung loadingdan tidak dapat di akses,negative
barang original datascript packing aman kirim dengan lex cepat sampai pesan tanggal 48 pagi sampai di bdg tanggal 58 pagi,positive
barang ini jangan di beli nyesal entar barang enggak bisa pakai,negative
flashdisk 64gb tapi isi cuma 2gbenggak bisa pakai,negative
alhamdulillah barang sudah sampai untuk tuju kirim masuk cepat kemas rapi doble wrap respon chat cepat sok rekomemded seller lah and thanks lazada wajahmalaikat,positive
nyata tetap enggak lebih murah pas flash sale sama saja harga,negative
barang sampai telat voucher antivirus sudah expired ada tanggung jwbannya enggak,negative
kapasitas 5tb jadi 45 tb moga awet paket dapat pouch seagate sayang hddnya enggak muat terlalu kecil jadi enggak bisa dipakaiterus dapat bonus earphone merek seagate dan juga sangat disygkan rusaksama sekali enggak bisa pakai,negative
kirim cepat banget jauh ini pakai lancar lancar saja,positive
alhamdulillah cepat sampaibarang bagussesuai spek dan gambarmantap lah kenkezsukses selaluterima kasih lazadabayar tempat trusted,positive
oke ajalahsip sudah tang brgnya,positive
tvnya bagus sudah di coba moga awet tapi tombol ganti channel agak lucu di belakang thank you lazada,positive
xxnnxif,negative
kok tidak bisa copy poto dan dl dari memori telpon ke kartu sd gagal eror wadu,negative
kecewa remotenya baru hari di pakai langsung rusak belum dapat vipnya bagaimana cara retur remotenya tolong sgera bantu untuk tukar dengan remote yang baru saya di bekas daerah mana paling cepat dan ready stock untuk tukar dengan remote yang baru,negative
sangat kecewa dari tanggal januari sampai sekarang tanggal 11 januari barang enggak datang2 resi di cek enggak bisa beli ke jual yang lai saja,negative
barang jelek alias abal abal karena enggak bisa untuk mnyimpan dataselalu failedtolong ya kalo jual yang jujur kalo bagus bilang bagus jangan nipuwajahmarah,negative
barang sesuai dengan yang ingin lucu banget recommended banget terimakasih,positive
barang kurang bagus,negative
barang enggak bisa guna kalo kirim barang yang benar dong min jangan yang rusak yang di kirim,positive
thank lazada barang bagus kirim cepat kualitas belum di coba,positive
mantul gan terima kasih ya,positive
terima kasih untuk lazada dan seller ini walau pun kirim agak lama tapi kondisi sandisknya tetap bagus bisa guna dan milik simpan yang sangat besar jadi bisa deh simpan videovideo kartun yang saya suka dapat otg adapter warna biru sesuai dengan gambar pokok bagus deh,positive
dari,positive
mantap langsung on sesuai recommended seller,positive
enggak bisa di pakai rugi beli,negative
barang cepat sampai kurir nya atraktif tv nya aman dan fungsi dengan baik thnk lu seller lazada id wajahtersenyumdengan3hatiwajahmemberikanciumanjauhwajahmemberikanciumanjauhwajahmemberikanciumanjauhmelipattangan,positive
barang mantap super murah kirim kilat,positive
barang darat dengan selamat sehat wal afiat packing juga rapi mantoool mantab betoool,positive
laptop bagus rekomendasi buat uc technologi,positive
kurang muas karena tidak semua file dapat di buka,negative
alhamdulillah barang sudah terima walaupun sempat was2 karena di daerah saya belum ada kantor ninja wxpres,positive
isi cuma 4gb enggak fungsi dngn normal kadang baca kadang enggk,negative
kirim saya kapan dprosesnya ya sudah hari,negative
jos banget,positive
laptop fungsi dengan baik i3 7020 ram gbssd 256 dapat diakon,positive
bagus tapi sedikit besar dan harus pakai listrik jadi agak susah untuk bawa bawa,negative
barang oke sesuai pesan,positive
layar cukup jernih sayang tidak ada colok jack audio 35m untuk speaker paksa harus pakai bluetooth transmitterrom internal hanya 8gb untuk inputan dari hdmi kabel tv game ps4 ada audio latency audio lagging tidak sinkron antara video dan audio nya audio nya telat sekian detik sudah coba reset factory setting sesuai saran teknisi tetap sama saja hasil mudahmudahan ada update firmware ke depan karena tidak nyaman tonton dan utama main game audio telat2,negative
bisa pakai window 64 bit enggak ya,negative
ya lumayan lah buat harga segitu gambar jernih tapi kontras gelap meski sudah atur kontras masih gt2 saja ok lah packing rapi moga awet,negative
gan pesan saya atas nama yulia tolong di batal ya terimakasih,negative
alhamdulillah dapat tv layar besar kualitas gambar cukup baik koneksi hdmi usb antenna baik remote lancar suara yang cempreng karena masih mono bukan stereo wikwikwik saya tambah speaker aktif buat ngebas jadi deh suara baik tambah tv box android jadi deh smart tv besar hehehe thanks,negative
batal kirim pihak dari kenkez,negative
pesan dari tanggal 21 tanggal 26 belum sampai juga padahal udaj transfer lama refund saja deh mending,negative
barang retak tiba di rumah,negative
gambar tvnya enggak cerah,positive
brngny sudah nympebelanja di lazada enggak pakai rbet deh pokok nya,positive
barang sudah sampai packaging aman dan lucu meski enggak ful 16 giga tapi oke deh thanks gan,positive
kondisi barang tidak sesuai dengan info yang sampai,negative
barang yang pes tidak sesuai,negative
barang cepat sampai tapi untuk kirim data sangat lambat speed nya wajahkecewanamunlega,negative
maaf kak barang kecewa bagi saya semua isi file hilang yang tinggal cuma filenya saja jempolkebawah,negative
kirim cepat dan langsung bisa pakai tanpa perlu menginstal program transfer cepat pada usb3,positive
barang jelek rijek sudah duga dari awal begitu coba copy paste file 35gb beberapa folder sekaligus telah sukses copypaste flashdisk dieject dab cabut begitu colok lagi file yang dalam folder kosong semua kalo flashdisk asli mah mau copy file 50gb sekaligus itu enggak masalah kecopy semua dan enggak ada yang hilang file damage ane balikin aja kapok gue ane pesan 2pcs sekaligus duaduanya jelek kecewa banget enggak bisa pakai,negative
tv nya sudah sampai estimasi kirim barang terima tanggal 1215 sep tapi tanggal 11 sep tv nya sudah saya terima overal puas dengan tv nya baru pakai hari jauh ini enggak ada masalah,positive
lain kali jangan guna jasa kirim yang sulit lacak saya sering beli di lazada hari ini transfer besok atau lusa nya deh sampai lah ini deh 2hr belum sampai terus jasa kirim nya enggak bisa lacak posisi barang nya,negative
alhamdulilah barang sampai selamat mulus tanpa ada lecetkurir ramah terima kasih lazada,positive
barang enggak bisa di pakaidi pasuk datafoto ke hapus semuamenyesal guemana data 1tahun lalu lagibenar enggak sih jual pihak lazada saya mohon baik kwalitas barang jangan seperti inimerugikan customerdata hilang semua,negative
kalau lihat gambar ini tv kayak norak biasa tv 32 inch kaki2nya ada di samping ini ada di tengah kayak monitor buat pc tapi telah datang beuh gambar bagus model juga lumayan enggak norak2 amat nyata saya suka dan puas moga awet ya philips,positive
barang yang dikirm tidak sesuai tulis 64 gb isi gb tidak bisa guna untuk putar film parah kali,negative
flash disk gilapenjual nya juga gilaflash diak rongsok di jualfile dan data hilang semuaapalagi yang 16gbflashdisk abalabal,negative
not rekomendasi tidak cocok untuk alat simpan mp3 guna mobil,negative
barang oke dan worth itu banget untuk kualitas dengan harga segitu harga saat flash sale moga awet jempolkeatasjempolkeatasjempolkeatas,positive
paket belum saya terima kenapa sini sudah terima,negative
barang yang pes tidak sesuai dengan yang kirim order toshiba 2tb kirim adata 4tb enggak tau siapa untung siapa rugi itusi ok kirim cepat sampai,positive
enggak bagusmasa tiap copy filewaktu dbuka lagi sudah hilangsudah dcoba berkali2 tetap kayak begitu,negative
saya ingin produk yang 14 nyata saya yang datang 116,negative
buaguuuuuuuuuuuuuuuuuuuus wajahmemberikanciumanjauhwajahmemberikanciumanjauhwajahmemberikanciumanjauhwajahmemberikanciumanjauhwajahmemberikanciumanjauhwajahmemberikanciumanjauhwajahmemberikanciumanjauhwajahmemberikanciumanjauhwajahmemberikanciumanjauhwajahmemberikanciumanjauhwajahmemberikanciumanjauhwajahmemberikanciumanjauhwajahmemberikanciumanjauhwajahmemberikanciumanjauhwajahmemberikanciumanjauhwajahmemberikanciumanjauhwajahmemberikanciumanjauhwajahmemberikanciumanjauhjempolkeatasjempolkeatasjempolkeatasjempolkeatasjempolkeatasjempolkeatasjempolkeatasjempolkeatasjempolkeatasjempolkeatasjempolkeatasjempolkeatasjempolkeatasjempolkeatasjempolkeatasjempolkeatasjempolkeatasjempolkeatasjempolkeatasjempolkeatasjempolkeatas,positive
barang enggak datang pesan bulan yang lalu dan tulis sini barang sudah terima padahal belum jancuek barang enggak sampai ke beli,negative
barang bagus,positive
barang yang di terima ssuai dengan psn thanks lazada,positive
bagus dan cepat,positive
brng oke,positive
gambar bagusmantap fungsi baik semua,positive
kok saya terima otg nya cuma pcs ya kata 5pcs bagaimana sih,negative
handsfre enggak ada kirim telat kecewa banget,negative
kirim cepet sampenya tapi baru minggu pakai sudah rusak mati total tanpa sebab garansi sih tapi jadi repot ragu kualitas,negative
kga bagus flasdist nyacuma bikin data hilang,negative
ira chargerny mi thuny samsung,negative
enggak bisa ke pakai memory rusak,negative
flashdisk tidak bisa pakai terlalu muluk memang untuk harga segitu tapi sayang kenapa kalo produk tidak kualitas jual jadi php untuk customer barang sih tetap datang dalam waktu yang cukup standard dan packing ok,negative
gila asli banget,positive
waktu kirim sangat lama tapi cara umum tvnya baik fungsi semua mana voucer hooq nya,negative
bagus banget packing rapi pokok mantap kali,positive
barang bagus lumayan bisa buat simpan data banyak thx,positive
suka warna packaging dan mampu ukur kecil tapi kapasitas gede 2tb saya punya seagate 1tb tapi ribet pakenya harus colok listrik dan ukur nya gede beli seagate ini karena kata compatible with mac juga bisa edit files di seagate dalam format windows tanpa harus convert ke format mac thanks tapi fre software dari seagate singkat kata puas,positive
retur barangdi tolak pihak ekspedisi sajat solusi bagaimana,negative
kirim nya cepat walaupun hari minggu tetsp antar barang cacat audio outnya tidak keluar suara sudah di coba setinganya ganti kabel audio sampai ganti perangkat audio tetap enggak keluar suara saran saya baik belum kirim ke pelang ada baik di test seluruh jangan ditest asal nyala saja terima kasih tapi lazada,negative
barang bisa di pakai tapi enggak bisa simpan apaapa simpan video lagu apk file eror enggak bisa apaapa sesal dah beli flashdisk hp bisa di kembaliin enggak uang saya atau barang tuker lagi sesal deh jadi nya,negative
kirim cepat,positive
barang sampai lebih cepat dari estimasi kirim packagingnya rapi dan sangat bagus barang sendiri pun sesuai dengan yang di ingin dua jempol deh dari saya,positive
untuk sandisk cruzer dan sandisk usb nya sudah saya terima packingnya rapi dan dua sudah saya coba sip keduanyatrimakasihsukses selalu,positive
lebih cepat dari estimasi puas belanja sini,positive
apa ini laptop nya tidak di instalkan windows 10 gilir di instal malah enggak bisa,negative
flesdis yang 64 gb tidak bisa di pakai,negative
kata iklan sapa dlm3hr tapi nyata 4hr bareng nya cover plastik jadi agak kawatir kalo jatuh bsi pecahkenyataan masih krg dari promosi,negative
hardisk rusak tidak bisa instal windows laptop saya kembali,negative
barang cepat sampai barang juga ok,positive
tv bagus mantap rekomen kirim cepat order malam pagi langsung di kirim tapi kecewa dengan packing nya kata pakai kayu untung enggak remuk sampai sumatra,negative
seller nya faker tulis 32gb isi enggak sampai gb jujur itu indah,negative
kenapa tidak ada dvb t2 nya ya sementara di deskripsi ada mohon jawab,negative
barang nya bagus material sesuai hanya kerapihan buat yang harus lebih tingkat terima kasih,negative
kualitas standar malah seperti puyehkurang cerah warnya paling lihat ketika di home menu icon patchwal ap lihat buram untuk fitur standar saja seperti contoh tidak ada timer onof seperti tv non smart tapi untuk harga seperti banding untuk tv 32 inch dapat harga 15jt andai bukan smart,negative
jelek enggak bisa di pakai,negative
lumayan harga sgitu mah sayangny otgny makeny rada bikin ksl soalny kadang kg kbaca untung di pc kbaca,negative
baguspacking juga bagus,negative
kecewa enggak bisa di pakai,negative
enggak bagus error,negative
produk sudah sampai sesuai estimasi produk sesuai dengan gambar dan deskripsi terima kasih lazada,positive
mantab jiwa,positive
barangx lumayan hanya saja pengirinanx sampai ke sulawesi butuh 10 hari memang sih bareng dari china,negative
tv terima 15 sore malam pulang kerja langsung stel pada saat sudah dapat signa ehk ada garis blok warna hitam pada layar garis hitam agak sedikit kecewa hari ini rencana ra ke lazada mudah nanti dapat kondsi yang baik,negative
mantaf original,positive
hatihati juga sampai ke tipu sama harga murah,negative
matap kirim nya expred,positive
batang sudah sampai tapi tanpa packing kayu cukup waswas untung tidak ada yang pecah tapi saya terima tv dengan stiker garansi coocoa yang sudah lepas bagaimana ini nanti kalo ada apaapa saya enggak bisa klaim garansi lagi,negative
barang yang datang bukan baracuda 35 7200rpm tapi pipeline hd2,negative
wkwkwk nyata udisk,negative
pesan enggak sesuai barangmesan sony 8gb kenpa yang kirim toshiba 8gb sangat kecewacuma mau untungntya doang nih yang dagang,negative
cargernya 65w ada ingat f1 carger 65 harus 90w di carger enggak penuh penuh,negative
keburu karena butuh pas cek di kompetitor lebih murah hiks,negative
pesan kenapa kirim,negative
barang nya kira kira bagus enggak ya moga pas datang nanti bagus,negative
yang pes coklat asn waskat yang datang asn coklat pol,positive
barang sudah saya terimaalhamdulillah bagus moga tidak tibatiba eror sandisk nya,positive
produk keren nyata malah lebih bagus asli daripada gambar,positive
mantaab thanks seller lazada,positive
material cukup bagus agak besar untuk external hd resleting kurang bagus,positive
oke,positive
pesan sore besok siang sudah sampai usb nya usb nya agak tipis memangjadi harus hatihati pakai nyathank you lazada,positive
harga yang sangat murah di banding drngan harga glodok 16 gb 150k di lazada 135k dapat yang 32 gb,positive
packingan mantul pkkx barang oke punya puas tq lazada,positive
rapi sesuai deskripsi,positive
thanks,negative
barang rusak enggak baca sudah itu saja,negative
tv telah terima dengan baik dan selamat namun sangat kecewa karena nyata bonus kartu perdana smartfren 360 gb telah buka dan hanya sisa sampulx sajapencuri,negative
tv mantap harga murah riah sayang kirim lama terima kasih tcl dan lazada,positive
sekali pakai langsung rusak,negative
barang di bungkus dengan rapi tv fungsi dengan baik walau yang kurang adalah suara overal rate 710 untuk kirim meleset dari estimasi awal cckckckckckc,positive
kirim barang cepat tapi celana dalam driver enggak ada sehingga ada fungsi yang tidak bisa di pakai bisa kirim celana dalam driver laptop nya,positive
sangat muas dan rekomend deh pngiriman juga lebih cepat dari tentu,positive
percaya enggak kalo harga tv sampai 200jtan mending beli mobil atau rumah saja neh memang harga tv nya atau salah dari sistem lazadanya,negative
bareng datang sesuai pesan sesuai foto packing rapi tapi belum tau kualitas karena belum di coba tapi moga2 saja awet,negative
ini spek ram 2gb atau 4gb,negative
pesan pcsdi buka barang nya cuma yang datangdari seller tidak ada tanggung jawab sama sekalikecewa betulsudah bayar penuh dengan kurir nya tapi barang tidak sesuai dengan yang di harap,negative
bungkus barang bagus cuma di usaha kirim agak di cpatin,negative
produk fungsi kapasitas sekitar 57gb moga awet,positive
barang sesuai pesan packing rapi kirim juga cepat manstap,positive
packing baik di tambah bubblewrap jadi makin aman kirim cepat barang original dan garansi,positive
barang rusak enggak enggak baca di hp,negative
pesan rabukamis sudah sampaibarang belum pakai mudahmudahan qualitas sesuai yang harap tks,positive
saya orang baru yang pakai aplikasi ini kalau mau beli bagaimana cara sekarang saya di taiwan,negative
sudah 2minggu telah barang sampai alhamdulillah mulus enggak ada kendala terima kasih lazada sukses terus wajahtersenyumdenganmatabahagia,positive
produk rusak tidak baca di kmputer,negative
kirim cepat kilatgaz poolbelum di onboxing moga awet dan barokah,positive
barang bagus dan lengkap ada semua mudah pasang dan fungsi baik,positive
kirim sangat cepattrmksh,positive
rim cepat original dan fungsi dengan baik,positive
thanks yasip lazada,positive
barang kokoh protective layan cepat packing rapi mantap,positive
jangan 32gb 1gb saja enggak nyampekkok bisa sih toko online besar lazada terima seller seperti ini sungguh sangat sayang,negative
pesan guna jasa jne masalah tidak antar kirim pesan guna jasa ninja expres cepat sampai tolong perhati guna jasa kirim bisa kecewa costumer kecewa,negative
saya tinggal di kota salatiga kenapa barang malah di kirim ke solo mohon seller bisa bantu masalah ini,negative
barang bagus waktu kirim cukup cepat packing bagus sama seperti tawar,negative
lama kali sampai brng nya bts waktu pngrmn sudah lewat,negative
barang sesuai kemas rapi tapi cuma 286gb,positive
buat ngopy file enggak bisa lebih dari 100mb enggak recom buat kerja itu,negative
barang rusak,negative
kecewabarang yang di kirim tidak sesuaibarang rusak enggak bisa di pakaimau di retur nih,negative
brngny sudah nympe pas di buka sangat kecewa tidak sesuai dengan pesan banyak kurngnya kabel usb sonk driver ide sonk pasti kecewa banget,negative
cuma beda wadah hardisk enggak sesuai dengan gambar warna pena juga kondisi hardisk bagus perform bagus mungkin untuk tingkat kualitas di sesuai dengan postingan thanks lazada,positive
thx gan,positive
hasil bagus cuma agak telat datang nya,positive
kalau mau jual yang benar dong yang di kirim brang murah kapooook deh beli lagi,negative
flashdisknya rusak,negative
fast respons,positive
bagus tvnya murah juga dan kualitas sesuai harga coba saja sudah bisa digital wajahgembiraberuraiairmata mau sambungin layar hp ke tvnya bagaimana ya jangan lupa bonus paket hooq sama iflix hehe,positive
flasdisk rusakerror kalo barang rudak tolong jangan di jual,negative
jual ini parahpesanan saya batal sepihakpengembalian dana lama sekalisaya pesan 5buah cod enggak ada masalahini sudah tidak bisa coddibatalkanlama lagi kembali uang saya,negative
tolong konfirmasi ke kurir nya barang belum sampai dengan sekarang terima kasih,negative
display flashdisk kok yang datang merk hp yakecewa,negative
bagaimana agar bisa baca di tv led,negative
kapasitas hanya 288 gb serta transfer data sangat lambat sekali serta made ini philipines bukan jepang,negative
barang bagus fre delivery gratis nya really ada packing aman thanks lazada,positive
sangat kecewa,negative
bonus lengkap walaupun ada yang rusak,positive
barang sesuai pesan terima tepat waktu sesuai jadwal tapi sayang saya salah persepsi kurang teliti baca spesifikasi barang nyata untuk hardisk sata sedang yang saya butuh untuk hardisk ata,negative
cukup jangkau,positive
barang sudah sampai laptop ok harga ochre plus dapat backpack juga thanks lazada,negative
barang enggak kualitas pantesan saja murahenggak fungsi jangan seperti ini kalo jual,negative
barang orisinal garansi,positive
paking mantaaab barang bagus dan sudah saya tes lazada mamtaab,positive
saya sangat kecewa karena perlu hampir 4minggu dan oper kesana kemari antara lazadaxiaomihooq di email maupun ditelp,negative
barang mantap harga murah,positive
kualitas ok banget,positive
the besst,positive
pesan jumat selasa sampaibarang tiba dengan selamatthx laz,negative
flashdisknya simpel tapi isi cuma 14 gb overal oke kirim cepatthx lazada,negative
sudah coba bagus tapi transfer data masih kurang cepat,positive
berapa sih kapasitas nya min 6tb,negative
untuk tv nya sih oke aman bagus tapi sistem lazada nya kaya yang aneh order 11 nov sampai 16 nov di tanggal 15 nov ada email barang sudah terima padahal belum ada yang datang kan jadi panik lapor cs sana sini,negative
kartu sdnya rusak enggak bisa pakai payah,negative
pesan saya belum sampai juga padahal sudah saya byr sudah hampir hari belum juga dikirm,negative
wagilaseh emak gue beli nih tipi pas gue coba gue enggak mau lagi makan nih tipi mending makan nasi pakai sambel teri tapi kalo buat di tonton di lihat sama keluarga keran gila mantul no minun mantap tep tep deh,positive
sudah terima dengan baik kurir juga ramah terima kasih lazada maaf ya ulas lama,positive
tv nya cukup bagus tapi ada agak buram pada pinggir bagi atastrmksh,negative
ini cuman my passport biasa bukan my passport ultra tulis deskripsi yang benar ya,negative
saya telah trf bagai bentuk beli saya ke lazada sejak tanggal januari 2018 tapi sampai saaat ini tanggal 16 januari tv pesan saya belum sampai tentu saya sangat kecewa,negative
bayar tempat,negative
barang bagussesuai deskripsipengiriman cepattop deh moga awet,positive
telah saya cek nomor resi saya nyata bahwa kirim saya gagal dan barang dalam jalan kembali ke pengirimdengan ini saya batal pesan saya thanks,negative
paket saya terima dengan kondisi layar pecah,negative
kirim cepat kemarin bayar besok dtng top deh puas moga awet tv nya,positive
saya kecewa flashdisknya korup transfer data enggak 100,negative
warna ungu,negative
saking bagus baru minggu pakai flashdisk nya tidak bisa ke detect lagi dengan laptop,negative
barang yang dkirim bengkoqkecewa banget,negative
barang jelek gampang pecah senggol dikit kayak krupuk hubung cs cooca enggak mau bantu harga service sama harga tv baru akhir geletak buat sarang nyamuk dan kecoa murah,negative
barang sampai dengan selamatwajahgembiradenganmatabahagia mskipun buble warp nya tipis tanpa packing kayu mudahmudahan awet barang,positive
kenapa tv nya sudah ada garis hitam horisontal,negative
enggak sampai menit order langsung saya batal eh malah kirim sudah ngira enggak bakal bisa di instal netflix dsb karena bukan pure android kalo ada yang mau beli mending cari yang smart tv benar,negative
netbook nya enggak buat bisa diinstal aplikasi apa aneh barang rongsok kali yang kirim,negative
pesan 4gb yang datang 16gb,negative
barang belum di terima,negative
ini bekas apa baru sih kok banyak virus nya,negative
barang sudah sampai tapi belum coba moga awet biar langgan terus sini,positive
barang orisinal mantap,positive
sudah cape2 transfer tapi pesan tolak,negative
case hd bagus fungsi baik tapi otg usb buruk baru di olokin enggak mau ke hp android mana obeng lumayan pakai bongkar2 alat2 computer,negative
warna silver ready kagak bos thanks bos,negative
kirim paket laptop tanpa lindung kayu sangat bahaya karena khawatir dalam jalan ada goncangan atau jatuh atau dalam tumpu barang yang lebih,negative
kapasitas sedia 2984 gb moga awet,positive
barang sesuai terima kasih ya,positive
sesal beli enggak bisa pakai,negative
terima kasih ya selerterima kasih ya lazadasaya seneeeeng sekali sesuai dengan pesan,negative
mantap super cepat langsung sampai pesan hari ini besok sampai,positive
layan sangat muas top banget lazada,positive
barang nyetrum lcd shadow bonus enggak serta uang saya kembali 100,negative
seller salah kirim barang yang kirim tipe 40d3a,negative
barang cukup bagus selaras harga yang patok cuma spec nya enggak sesai socket usb cuma baru batas dvbt belum dvb t2 dan dvd sih kartu garansi dan bukti beli tidak serta padahal itu jadi syarat dalam komplain garansi bila kemudi hari perlu,negative
packing rapicepat sampaicuma pas dpakai untuk simpan data lemooot gan,negative
barang sesuai dengan gambar nya,negative
barang fungsi dengan baik mudahmudahan awet,positive
alhamdulillah bareng bagusterima kasih lazada lebih tingkat lagi,positive
turut saya produk ini milik kualitas yang baik transfer data cepat dan tambah beri bonus pouch,positive
terimakasih paket nya sudah sampai dari kemarin packingnya bagus barang bagus dan sampai nya cepat terimakasih lazada dan seller enggak sesal bangetwajahtersenyumlebarbermatahati,positive
awal saya pakai antena biasa namun kualitas gambar jelek akhir saya bawa ke kamar saya dan conect dengan indihome lalu hdmi sekarang isengiseng saya sambung lagi dengan antena biasa tapi tidak bisa nangkap siar sama sekali saya kira antena yang rusak tapi saya tes pada tv lain baikbaik saja dan mau nangkap siar brti rusa ada pada tv mana saya harus service tv ini,negative
kecewa sama kirim nya yang sangat lama sampai 1minggu tidak ada konfirmasi dari pihak seller kapan kirim tv nya,negative
barang sudah terima belum coba pas buka bukan tipe sihsaya mau retur bagaimana cara untuk tipe sih bisa apa tidak kalo tidak bisa saya mau dibalikin saja,negative
saya suka banget dengan bahan nya saya pesan juga responnya cepat banget barang cepat sampai,positive
terima kasih lazada paket sudah sampaijempolkeatasjempolkeatasjempolkeatasjempolkeatas,positive
semua sesuai product bagus kirim juga tepat waktu padahal barang dari hongkong contoh yang bisa tiru buat dagang lokal untuk sesuai barang dan waktu kirim yang tepat thx lazada,positive
mantap kirim cepat barang juga sesuai,positive
bareng sudah terima tapi kap cuma 4g mau di retur malas lagi sesuai dengan harga terima kasih,negative
bagus produk original aku suka banget harga jangkau terima kasih lazada,positive
ini adalah pertama kali saya belanja di lazada dan alhamdulillah tidak kecewa keep up the good work lazada,positive
barang sudah diterimasudah coba gambar jernih bagusnamun pada saat dhidupkan lansung menu utama tidak seperti tv cooca yang baru dbeli pada saat di hidup harus lewat bagai settingan lebih dahuluperlu jelas dari lazada apakah unit yang saya beli ini kenpa beda apa laku ketes sebelm dikirimterima kasih,negative
flash disk palsu file video tutorial gue langsung corup,negative
wifi sering mati sendiri harus di restart baru on lagi,negative
barang sesuai dengan pesan terima kasih,positive
sudah terima dan packing kayu senang sekali terima kasih,positive
sampai sekarang alhamdulillah masih normal,positive
barang bagus dan sesuai terimakasih lazada,positive
recommended banget,positive
bagus terima kasih,positive
kecewa banget nih kakmasak tv baru dipakek 3hari sudah enggak muncul gambarnyatolong bantu dong pihak lazadauntuk returnyapadhal kalo belanja selalu lazada punyak lotolong ya pihak lazada bantu bagaimana solusinyaretur atau diserviceyang penting bisa hidup ini tvterima kasih ya,negative
maaf mau tanya driver tuchpad nya apa ya di mana downloadny enggak ada yang cocok aku intal,positive
saya sih sederhana sajasudah berkali2 beli produk yang di tawar di lazadatapi sampai saat inienggak pernah kecewa,negative
barang enggak orisinal tukang tipu kapasitas telah di format jadi 32 gb,negative
barang oke sesuai pesan cuma kurir tkinya kurang oke lewat masa estimasi deh begitu kalo enggak di tnyain enggak ada kabar kapan barang sampai padahal sudah di cantumin nomor hp,positive
barang terima dengan baik delivery time sangat bagus lebih cepat dari tanggal kira selasa sore pesan kamis pagi sudah sampai untuk jual ok fast respons thanks lazada thanks java electronik,positive
barang sudah terima dengan baik dan on time,positive
gambar bagus jernih resolusi fullhd yang kurang kualitas audio mono cempreng dan enggak enak di telinga ya sesuai harga lah,negative
padahal sudah tulis biru harddisk tapi yang kirim malah yang hitamaduhpadahal sudah di tunggutunggu,negative
kirim cepat barang bagus packing bagus overoal bagus,positive
bisa kiri ke kota blitar tidak,negative
mantaap sesuai,positive
flash disk kenapa tidak skripsi jadi begitu pakai flash disk tidak baca untuk format mp4lagu mp3hanya bisa pakai untuk dokumen sajabagaimana ini burao shop,negative
kwalitas ok fungsi dengan baik,positive
flash disk ok untuk otg adapter android robot hitam tidak bisa konek enggak masalah yang penting flash disk sudah bisa pakai thanks gan,negative
saya mau tanya kalo bayar pakai cicil bagaimana cara gan,positive
terima kasih banyak lazada enggak ada yang rusak,positive
barang bagus,positive
barang original dan cepat,positive
barang ok nice,positive
barang cepat sampaiharga murahada garansi nyaterima kasih lazada,positive
kecewa flashdisc enggak bisa dipakaibelum apaapa sudah minta format dan kapasitas memory cuma 800 mbakgan belum kirim pasti dulu barangny bagus bisa pakai,negative
brgnya bagusbisa fungsi bantu banget buat save file2 yang penuh di laptop moga nanti enggak rusak di,positive
barang asli sesuai pesan,positive
mantap tv nya alhamdulillah istri saya mega siti manisha sangat suka,positive
sangatsangat kecewa flashdisk enggak bisa di pakai tidak bisa simpan file bonus juga enggak sesuai sangat luar biasa buruk no recomended,negative
barang mati enggak fungsi sama sekar rusak poooool deh hilang uang beli barang ini lagi ngisiin lagu program nya kecewa,negative
barang bagus hanya kirim lama,negative
kalau hdnya memang 4tb,negative
barang sudah darat dan sudah coba semua fungsi dengan baik,positive
produk sesuai deskripsi packing rapi barang sampai telah harinpesan kualitas lumayan dengan harga jangkau,positive
baru sempat unbox barang sampai cepat gambar bagus tapi enggak sesuai janji enggak ada vip cardnya padahal beli tanggal 1111 bayar pun langsung pada 1111 sampai di bolak balik kardus nya cari kesana kemari vip card tidak ada,negative
parah pokok parah sampai nya mah cepat pas di buka enggak ada celana dalam nya baterai drop pas di pakai harus sambil di charger sudah kali kali belanja di lazada baru kali ini beli di kecewa return cepat,negative
memang murah sih tapi seperti tidak ada handsfre seperti yang di janji padahal ini pesan orang,negative
barangny bagus,positive
parahkecewa saya mesennya apa yang datang apa kalo jual itu yang jujur dong hey saya mesennya kan motif hello kitty jelas saya cantum di alamat malah kasih motif bunga kecewa parah jelek banget ini toko,negative
barang bagusoriginalspeed read write cepat,positive
beli barang belum coba semua tapi kirim cepat kok cuma hari sampai,negative
kirim cepat kualitas oke,positive
kapok belidisini enggak niat kadi fre ati ati tipu pas chat mau beli di bilang fre lama tanggal 14 sampai 16 mei eh pas sudahorder bayar malah bilang lama sedia ada tau sendiri kan pasti nya mah bilang kosong ini toko tipu,negative
vip card tidak dikirimkantidak ada dan sekarang smart tv tv biasa normal bagi yang problem tombol homegooglenetflix tidak fungsi diremote sudah temu solusi tinggal vip card garansi untuk mohon segera kirim nanti kami info solusi untuk lazada agar beli tidak kecewa thanks,negative
barang sampai hari dengan aman jempolkeatas terima kasih,positive
hari sampai terima kasih lazada,positive
barang sudah sampaibarang bagus fungsi dengan baiksaya kira datang nya hari sabtu padahal hari jumat juga sudah datangthx lazada,positive
produk ok murni suka banget seller recomended,positive
remote tv tidak sesuai yang di video produk 2018 padahal iklan 2019 lain ok masuk kirim via jne tinggal tunggu bonus speaker nya yang kirim trpisah,negative
bagus dan fungsi dengan baik moga sukses gan,positive
markotop,positive
tv ok cuma jasa kirim jne yang enggak bagus banyak drama pakai acara barang tolak padahal barang belum sampai alamat tujua drama barang di balik ke pegirim ujung nya kurir dari lazadanya yang anter barang padahal kntor jne dengan almat tuju jarakny enggak sape kamu,negative
saya order tanggal 12 desember 2017sampai saat ini barang belum datanghanya ada telepon dari pihak kantor expresinfonya pihak kurir sudah coba telepon ke saya tapi tidak ada jawabanpada hal hp selalu stand by tanya alamat sampai ke pihak kelurahaninfonya alamat saya tidak jelastapi apakah benar sampai jauh itu kurir tanya sampai lurah tanya langsung dengan lurahnyabahwa alamat saya tidak adapadahal hari yang sama 1paket dari lazada sudah saya terimatakutnya ada oknum yang kurang baik dalam hal ini mohon jadi perhati baik dari pihak lazada atau kurir untuk dapat beri layan yang baiktks,negative
tolong dong kalau di kirim barang yang bagus soal kita beli,negative
terima kasih paket sampai dengan cepat paking rapi lap sangat aman sukses selalu,positive
baut nya cuma tidak lengkap,negative
terima dengan baik mantap dapat harga murah pada saat ulang tahun cooca,positive
bagus barang sesuai dengan yang gambar tetapi memory nya enggak genap 16gb cuman kurang dikit sih sisa masih ada 144 gb karena sudah satu file,positive
laptop nya sudah ditrima ada bonus tas lagi keren mantap moga laptop juga awet dan tidak mas,positive
saya selesai bayar sejak 14 des 2017 estimasi kirim sampai tanggal 20 des 2017 namun sampai hari ini barang belum terima hal ini benar bisa lapor dalam kasus tipu karena ada pihak yang rugi dengan terang yang tidak sesuai saya tunggu respon itikad baik sampai 24 des 2017 kalaubtidak ada respon akan saya tindak lanjut,negative
harga saing sisa diwakilin bintang saja,positive
packing bagus sik barang ok sesuai di gambar tapi sayang masih 3g agak kecewa jadi huft,negative
bisa untuk save data isi 29gb packing rapi,positive
barang sampai sekitar minggu telah mesan pas datang langsung di coba dan file yang pindah di flashdisk ini langsung rusak sua enggak bisa di buka maaf tapi kalau jual itu yang benar jangan rugi konsumen,negative
barang sampaisekarang belum saya tetima tapi tulis pesan ditrima,negative
barang telah terima tapi barang nya rusak layar nya pecah dan tidak bisa guna kembali barang nya bagaimana cara dan untuk ganti barang nya bagaimana saya sudah kirim kembali lewat jne bayar sendiri karena awal saya sudah ngetag sajat tapi tolak kirim return ke lazada dan itu tidak bisa di ubah untuk ganti kurir nya parah,negative
mantap sih semua cuman storage nya saja jadi 14gb an,positive
sesuai skripsi emas rapi,positive
format video mp4 saja enggak ke baca payah ah,negative
tv nya sesuai spekunbox langsung coba tidak ada kendala,positive
jelek matienggak bisa hidup mau tukar,negative
saya rugi rp 200rb untuk biaya packing kembali barang yang cacat bagaimana tg jawab lazada,negative
parah barang baru datang pakai ninja van tidak dipacking kayu layar pecah parah pas mau kembali pakai sajat kena biaya packing kayu,negative
barang nya lumayan untuk harga segitu tapi sayng kurir lazada enggak pernah mau anter sampai rumah tolong ya pihak lazada kalau kurir nya enggak mau antar sampai rumah enggak usah ada ongkir ongkiran begitu saja,negative
trm kasih lazada trm kasih seller bareng sudah sampai fungsi baik packing rapi,positive
barang di terima dengan baik baguskurir ramah banget moga selalu sukses teruswajahtersenyumdenganmatabahagiaoke,positive
itu harga sudah masuk ongkir belum,negative
not bad untuk harga promo cuma kalau mau cari grapick sih yang smart tv ane beli masih kurang tapi untuk fungsi oke moga aet moga kalau ada apaapa cepat dbisa ngurusnya,negative
kok datang posisi barang pecah begini bagaimana solusi ini,negative
barang sampai dengan selamat senang banget dapat tongsisnya warna pink,positive
tablet pecah packing jelek,negative
parah,negative
kirim cepat banget and murah ongkirnya,positive
pirt1000006338 kode resi nya sudah benar belum om soal nya enggak bisa di cek,negative
gila mahal amat cuman tv doang jirtmending beli rumah daripada tv 275 juta,negative
tinggal di kabsemarang tapi daerah tinggal ku tidak ada,negative
hari ini pesan besok sudah sampai lucu banget flashdisknya cuma sayang enggak ada sambung antara kepala sama badan jadi ngeri hilang ada flashdisknya juga oke sudah coba copy bagai jenis file terus format dl enggak ada masalah,positive
kecewa,negative
sangat muas belanja online di lazada,positive
kok 2gb doang ya,positive
barang sudah saya terima packing bagusbarang sesuai pesan kirim lebih cepat dari prediksi terimakasih,negative
flasdisk rusak sesal,negative
kecewabarang tidak sesuai dengan pesananpesan 64gb 80mbps dan 32gb 80 mbps yang kirim semua 32gb 48mbpssetelah di di pc nyata tidak banyak dukung format file,negative
kirim sangatsangat lelet masih satu kota saja sudah hari masih belum ada kabar,negative
pesan tanggal 23 datangya tanggal 28 lumayan lama sihsempat waswas takut barang pecah soal cuman dipacking buble warp tapi setepah buka alhamdulillah barang masih utuh dan sehat walafiat,positive
alhamdulillah fungsi dengan baik terimakasih lazada,positive
bagus mantap,positive
barang cepat sampai antar gojek benar saya salah beli mau beli buat jemur malah salah beli ini tapi enggak papa lah murah ini kok pokok terima kasih lazada,positive
ini barang palsu,negative
thanks lazada seller pesan cepat sampai sesuai moga tetap maju terus,positive
joz bos,positive
seller amanah,positive
barang sesuai dengan gambar mantap lah,positive
corrupt data pertama save jalan dengan lancar sekarang data lost semua hancur mineh,negative
kirim cepat pesan sabtu pagi senin pagi sudah sampai barang sesuai deskripsi segel dan kirim rapi respon cs dari sharp pun sangat baik,positive
barang sampai thanks ya cuman kok botol pecah minus nya packing barang kurang rapi dan kurang aman,negative
barang sudah terima produck rusak lcd pecah besok barang saya kirem kembali ke jual sudah saya klaim ke lazada tinggal besok barang di kirem,negative
keren recommended tv cooca 50 spec tinggi kualitas seperti tv brand nama dan packaging rapi aman dan fungsi dengen baik,positive
lumayan bagus trmksh lazada,negative
mantap kualitas televisi,positive
packing bagus dan barang original proses copy cepat cocok untuk tape mobil tidak perlu takut senggol praktis lah pokok,positive
bagus sesuai dengan gambar,positive
kecewa banget flashdisk nya enggak baca anjingwajahmarah,negative
maaf baru kasih ulas alhamdulilah barang nya ok ownenya baik ramah packing rapiterimakasih buat jnt layan bagusiwajahberkacamatahitam,positive
pesan siang magrib sudah sampailuar biasapadahal estimasi tanggal dan saya pesan tanggal 29,positive
tv saya terima masalah tidak mau booting hanya layar hitam biru pertama tidak mau booting dua bisa booting dan sempat ting ketika tv mati pas hidup tidak mau booting lagi dan terus ulang ketika di refund tolak kata fungsi,negative
produk muas suara nya kencang benar worth itu lah,positive
kualitas baik meski kapasitas hanya 2980 gb,positive
kecewa datang 32 bukan 64,positive
produk ok standar warna dan gambar cukup baik harga promonya jadi value for money,positive
thankssudah terimapacking rapi,positive
memori fungsi sangat baik,positive
rekomanded puas dengan semua thanks melipattangan lazada sukses buat seler nya,positive
good product packaging bagus dan cepat kirim,positive
16 gb namun fre spacenya hanya 145 gb,negative
hati hati ini tv enggak bisa pakai usb,negative
kecewa,negative
waduuh ini tv cuma pengin jual enggak pedulu benar apa enggak nih spek nya kalo yang orang kritis mah jangan beli sini deh poin plus nya barang cepat pakai banget sampai dan harga murah wkwkwkkwwk,negative
sesuai cuman enggak sampai tb hanya 931 gb,negative
barang cepat sampai kira tanggal 2225 tanggal 21 sudah tang barang juga keren enggak murah jempolkeatas,positive
thanks ya lazada barang nya sudah sampai dengan mulus kemarin oke banget lah walaupun suara nya enggak terlalu kencang over al sudah bagus selalu cepat tanggap untuk keluh customer,positive
mesan dan bayar dilakukang agustus 2018 barang terima tanggal agustus malam hari antar laku lalu jne agak kaget nyata yang bawa barang guna motor saat ini sedang dalam testing namun hal yang kecewa adalah dapat tanda warna biru yang tidak normal sulit beri ulas apakah itu adalah tanda bahwa ada cacat yang saya terima bagaimana saya harus konsultasi ini hingga perlu di laku pengrmbalian atau tidak,negative
terlalu murah harga turunin jadi 100k,negative
barang bagusjempolkeatassesuai yang diharapka,positive
barang datang sesuai waktu tetapi tidak bisa fungsi tidak dapat konek dengan komputer yang jelas jadi tidak pakai,negative
enggak isa pakai,negative
thanksi kak barang sudah sampai moga bisa di pakai flasdisknya ini barang belum gua coba gua kasih bintang dulu nanti kalo bagus baru gua kasih bintang 5wajahberkedip,negative
barang fungsi moga awet,negative
barang bagus tapi datengnya lama,positive
yang kita terima 32 tidak sesuai dengan mesan,negative
barang bagus dan sesuai dengan gambar dan spsesifikasinya,negative
paket bungkus dengan rapi antar sesuai tanggal tapi terlalu malam thanks ya,negative
aman semua fungsi,positive
flashdisknya bisa di isi file tapi filenya tidak bisa hapus kalau ingin hapus harus forrmat semua,negative
enggak bisa guna fd enggak baca sama laptop usb fd nya rusak,negative
memory rusaktidak terbacatolong lazada bagaimana bijak,negative
tidak ada suara dan ada beberapa titik deadfixcel di layar lcd solusi dong kalo retur ganti baru bisa tidak lazada karena saya hubung seler tidak ada respon,negative
fisik nya oke banget tapi batrei nya soak wajahsangatmarahwajahsangatmarahwajahsangatmarah,negative
tv sudah terima dengan baik packing rapi tapi kendala di antena karena saat mau coba pakai antena di tv belum koneksi enggak cocok apakah tv ini antena nya khusus atau ada jack hubung antara antena ke tv nya mohon masuk,negative
sangat kecewa barang yang kirim rusak tidak bisa guna,negative
legalsip bagus,positive
barang cepat sampaiberfungsi baikkantuk,positive
saya sudah bayar dari tanggal tapi sampai tanggal barang masih di prosespadahal tulis estimasi kirim sampai dengan tanggal 6bagaimana nih,negative
baguussesuai deskripsi harga dan kualitas banding terbalikkok bisa murah ini kualitas tara brand besar,positive
packaging produk tidak guna bubble wrap untuk produk yang lumayan sensitif hadap guncang lebih lagi produk kirim via pos indonesia saya cukup kawatir dengan produk nanti pouch yang kirim tidak sesuai dengan yang janji tetapi untung telah komplain pouch sebut ganti tetapi saya rugi di ongkos kirim kembali pouch sebut,negative
bagus sesuai deskripsi moga awet,positive
paket rapi sampai rumah suka banget,positive
belum coba,negative
dalam promosi 1212 beli di 11 dec sampai nya 12 dec malam cepat sih pertama kali on sesuai descripsi tapi besokny saya habis pulang kerja di on perlu waktu 2jam screen baru nya hari nih saya pulang kerja lagi kondisi sama dengan kemarin entar mau contact cs untuk cara untuk balikin duit kecewa,negative
pesan terima dengan baik dan selamat tv bisa nyala lama hari normal saja telah di ari ke4 tv tidak bisa nyala hanya indikator kedap kedip wana hijau bagaimana solusi lazada,negative
suka mati sendiri kalau angkat sedang klaim garansi dengan asus,negative
barang sesuai dengan gambar saya suka sampai sekarang barang ya awet,positive
sangat kecewa dengan bonus yang beri ada kecoa didalamnua dan kemas seperti sudah gigit tikus,negative
lot nya minta ampun,negative
belum coba moga bagus,positive
kenapa colok ke hp android saya enggak baca ya di laptop aman saja,negative
saat kirim seperti biasa bungkus kardus saat buka semua ada kecuali usb antivirus kappersky enggak tau sudah enggak promoenggak cukup sesal,negative
buat bioskop drumah dengan tv prabayar se kali tonton 10rb wkwk,negative
biasa saja smart tv yang sangat standart nanggung rasa nya kalau mau cari smart tv untuk dongle saja ribet harus pakai internet segala lah harus sama xiomi lah,negative
kecewa berat sama lazada lapopnya baru ke pakai hari nyata indak bida guna,negative
packing bagus kirim cepat cuma prodyknya gambar xizelnya kurang jelas dan kurang jernih,negative
good product barang terima hari telah order dalam ada baik dan sudah coba hingga kin oks banget many thanks lazada,negative
kirim cepat pecking rapi,positive
kecewa barang nya enggak orisinal pasuk data banyak yang enggak bisa kbaca,negative
baik hanya beli yang sudah terima barang saja yang bisa tulis review tks,negative
packing baik kirim cepat jatimyogya dan barang sesuai mantap gan,positive
barang enggak sesuai deskripsibarang bekas kacau,negative
barang tidak sesuai pesan otg lihat bekas pakai terima kasih,negative
flashdisknya bagus kabel otg nya juga fungsi cuma kirim sangat lambat lebih dari batas waktu tapi barang oke bagus,negative
barang mantap,positive
barang tidak sesuai dengan pesan yang saya pesan saya pesan tipe apa yang datang beda tipe,negative
estimasi kirim lebih cepat dari kira tv nya mantulmantap betul jempolkeatasjempolkeatas,positive
barang rusak enggak bisa pakai pointer mati flashdisk enggak bisa baca not recommended seller,negative
barang sampai ke alamat tuju dengan selamat dan kualitas manteps juga,positive
barang bagus harga miring cuma minus nya layar terlalu terang enggak bisa soft dan hanya bisa baca flashdisk tidak bisa baca hd atau flashdisk 128gb subtitle nya juga enggak bisa atur seperti tv tetangga belah,negative
barang rapikiriman dalam kota dan tanpa bungkus bubblecepat sampaiproduk sudah tes semua mulus dan fungsi dengan baik thanks lazada,positive
barang sesuai dengan order tetapi enggak baca di leptop harus tunggu lama baru baca,negative
pb slim nya merek apa kalo boleh tau dan berapa mah nya gan,negative
kecwa kecewa dan kecewa jangan belanja sini dahngapokin,negative
packagingnya rapi barang sampai dengan selamat thanks lazada,positive
paket sampai barang ok tapi kurir tidak ramah dan bicara ditelfon tidak baik barang kirim tidak sesuai alamat sehingga saya harus jemput,negative
enggak bisa nyimpan mp3 sama video payah,negative
berapa lama di kirim nya,negative
sangat sangat sangaaaaaat buruk sekali dan sangat kecewa saya pesan tv panasonic yang kirim nya tv cooca sering beli dilazada tapi bari kali ini buruk sekali,negative
enggak bisa pakai fd nya pasuk data error2 terus sudah begitu tibatiba data hilang,negative
mohon bantu untuk hd eksternal ini tidak dapat di baca di laptop macbook maupun pc saya mohon untuk barang ini dapat di tukar yang baru,negative
kalo jual yang benar saja mbak di situ tera merek flashdisk toshiba kenapa pas datang merek hp mana enggak bisa di pakai boroboro dapat bonus handsfre,negative
kirim lama sekali unit dalam ada baik dan normal packing rapi tapi cuma bubble warp saja tanpa kayu untuk lindung padahal belum sudah informasi oleh cal center tiap kirim elektronik akan dipacking kayu namun cuma bubble warp saja,positive
barang rusak di jualparah banget kau yang bisa ke pakai cuma earphone dan senter gepeng untuk di laptopsisa yang ada situ barang rusak,negative
alhamdulillah barang sudah terima kirim cepat cuma satu hari,positive
corup terus da cop data hilanghilang terus,negative
bungkus warna ijo enggak ada yang pernah beli,negative
sangat buruk produk tidak dapat pakai begitu juga bonus nyajadi seperti ngumbang,negative
sudah lama tunggu sale akhir adalagi tks namun diujicoba,positive
ane puas banget gan mantap mula ira ukuranya kecil malah pintu saya enggak cukup buat pasuk nih tv ke dalam rumahterpaksa bongkar atap rumah deh agar bisa masuk,positive
alhamdulillah enak pakai moga terus awet amin hehe terimakasih,positive
kecewa saya pesan tv ini dari tanggal 19012017 sampai sekarang belum sampai juga pas di cek email sedang kirim terus harus klaw enggak ada dikonfirmasiin dong jadi biar kita enggak harap,negative
kirim cukup cepat hari sama tapi sayang pas coba sensor tv tidak fungsi mohon cek belum kirim,negative
cara kirim paket sangat cepat hari pesan langsung kirim padahal posisi digresik namun saya tidak dapat kartu smartfren yang jadi bonus apakah lazada akan anti kartu sebut,negative
packing rapi amanwarna bagus tampil bagus mantap,positive
paket terima dalam kondisi baik,positive
tks lazada tv led xiaomi 4a sudah saya terima walaupun harus saya ambil di semarang karena saya enggak tau kenapa tidak bisa layan kirim sampai rumah saya di kendal tks,positive
bagus bisa buat pas kirim juga ok,positive
salah kirim yang datang malah uefi jadi enggak suport kirim kilat mantul,negative
speaker belum kirim,negative
alhamdulillah tv nya deh sampai mski ambil sendiri di kantor jnt,positive
cacat,negative
kecewa tidak bisa di pakai tidak terima file yang di pindah kecewa berat,negative
hilang semua data2 nya yang di masuk ke fd,negative
terima dengan baik dan selamatmasih akan coba dulu sambil ajar pakainyathx lazadaninja,positive
produk original ada hologram distributor thankyou,positive
lumayan bagus,negative
pesan online di lazada harap barang cepat sampaieh sampai sekang barang belum datang2 jugatau begitu enak beli di toko biasa sajalelet banget layan ya,negative
barang jelek enggak bisa baca kadang data malah pada hilang sendiri,negative
okthankswajahmengantuk,positive
barang lama sampai dari tanggal kirim dan packaging yang tidak rapi,negative
beli cod ke jakarta kenapa bisa tiba sampai mg,negative
tivi 40 dengan harga 2jutaan overal tv keren suara bombastis kualitas gambar jernih terima kasih cooca dan lazada,positive
kirim lama kok barang yang saya pesan tidak sesuai dan tidak ada konfirmasi lebih dahulu kepada customers karena barang kosong pas saya cek harga barang yang saya terima harga nya bawah dengan barang yang saya pesan tolong next order jika barang sudah di pesan jika barang nya tidak ready atau kosong tolong konfirmasi lebih dahulu kepada beli ini demi puas langgan terima kasih,negative
kirim cepat sampai dan sesuai pesan saran saja kaya lebih aman kalo packingnya pakai petiwalaupun barang yang saya beli sudah memuaskanterima kasih,positive
clickbait banget ya judul sudah beli lagi nyata cuma casing untung kasih kabel usb,negative
mesen hari senin sampai hari rabu mulus no lecet2 packingnya rapi but gue dapat kurir yang enggak ramah overal oke kok kapasistasnya 14gb yang gue dapat but oke kok buat simpan film anime,positive
mantab harga istimewa,positive
kecewa harga ubah pihak tidak bayar kasihan kurir kalau bayar rugi sangat kecil dan tak manfaat,negative
barang bagus kualitas packaging safety sampai saudara mau ikut beli juga,positive
kenapa dari awal enggak bisa buka setel tv ya hubung ke hp xiaomi awal bisa besok enggak deteksi lagi sinyal wifi nya enggak muncul di hp juga tolong dong harus tanya ke siapa 2x sambungin ke hp yang beda pokok klonud bisa matiin besok sudah enggak bisa lagi sudah pakai aplikasi juga di hp mohon cerah,positive
proses cepat kirim cepat packing safety barang bagus terima kasih lazada,positive
kualitas bagus kirim nya juga cukup baik,negative
thanks lazada bareng cepat sampaikurir ramah mantul,negative
barang sampai ke rumah hari selasa juni 2019 dalam ada kirim tidak pakai peti kemas dan hanya bungkus oleh kardus tv plus plastik saja padahal saya juga sudah bayar ongkos kirim ini tv led mahal dan riskan woy yang benar saja kirim tanpa pakai peti kemas benar saja begitu barang saya buka dan tv nya coba saya nyala led nya rusak enggak mau nyala tampil layar seperti sudah kebenturbentur barang remote tv nya pun hanya bisa on dan of mungkin karena ya memang tv led nya enggak mau nyala kalau mau jual yang benar dong,negative
assalamualaikum permisi kenapa ya awal file bisa di buka tapi akhir file tidak buka apakah ada yang salah atau flashdisk nya jelek ya,negative
trimakasih barang sudah sampaicuman packingan knapa enggak pakai peti,positive
barang bagus cuman kirim lama hehehe tapi untuk seluruh ok,positive
layan paling buruk yang pernah jadi tolong lazada hapus jasa kirim ninja expres paket saya kirim dalam waktu yang lama banget 22hari kata tidak bisa kirim karena tidak ada kurir yang di daerah guna mobil jadi tahan lama di gudang customer service ninja expres juga sangat tidak profesional ancur ancur pokok service ninja expres ini,negative
puas,negative
barang yang harus flash dist siomi charger nyata barang yang datang flashdisk bluetooth rusak alias enggak bisa pakai bagaiman jual barang seperti ini enggak akan beli lagi dan tidak rekomendasi,negative
barang sampai dengan selamat dan bagus terimakasih lazada,positive
barang bagus tapi hatihati saja simpan data penting apalagi ukur besar sering trouble,negative
pesan saya rusak tidak bisa guna,negative
alhamdulilahpengiriman pesan sudah sampai dan dalam kondisi excellence sudah saya coba test rekam data hasil baikthanks ya buat team lazada special gift thre tumb up,negative
barang sudah sampai kondisi segel dan gambar ok,positive
bagus dan praktis belanja online,positive
barang bagus kirim kilat,positive
isi cuman 29gb,positive
pesan telah sampai dalam waktu cepat kualitas bagus bravo lazada seller,positive
kirim lama mundur hari,negative
barang kau nih kesel baru di pakai hari rusak enggak baca data,negative
ok barang sampai dengan baik moga terus di tahan,positive
kirim super lamadari tanggal 16 mei 2019 di pesan sampai nya tanggal 29 mei 2019 lama sekali padahal cuman kirim ke padangwajahtanpaekspresiwajahtanpaekspresiwajahtanpaekspresi brgnya belum di coba apkh bermsalah atau tidak,negative
barang bagus original,positive
enggak nyampek 32 gb cuma 28 gb,negative
produk orisinalpenjual responsif puas deh belanja sini,positive
wkwkkwwkkwkwkw,negative
entah seperti apa barang nya belum bisa di review karena kirim sangat lama dan datang di hari libur mengecewakansemoga barang nya baikbaik saja,negative
barang sudah sampai di tanggan dengan selamat paket orisinal bangus banget mantap deh tapi sayang saja paket sudah oke tapi kirim lama banget,negative
barang tidak sesuai dengan di deskripsi dan yang ada di gambar,negative
ntapman,positive
kirim cepat komplit sama sesuai yang di tulis tapi sdikit kecewa karena warna yang saya pesan enggak sesuai sama yang datang,negative
baranng sudah sampai dngn selamat kirim cepat banget pesan kemren malam besok siang sudah sampai tapi sayang enggak skalian antena nya,positive
hardisk eksternal 2tb sangat bagus untuk simpan data data seperti video game dan berkas penting ini rekomendasi banget untuk kalian benar deh,positive
ok sesuai gmbar,positive
kirim barang sudah saya terima tetapi warna tidak sesuai pesan dan power bank tidak bisa guna tidak fungsi,positive
kau,negative
fast delivery barang terima dengan baik packing bagus barang sampai sesuai minta good job,positive
fladisknya enggak bisa di pakai mau nyimpan data tulis error moga temanteman yang lain jangan giur dengan harga murah duit buang sia2,negative
bagusistri puas,positive
ukur nya gede 45 produk sesuai judul barang baru dari bau nya isolasi juga masih utuh produk made ini malaysia dah dvb t2 tuner tv digital bisa nangkep 18 ch bekas kenapa pilih sharp karena sudah punya sharp lcd 32 dari 2011 masih ok memang pengin yang gede pas lazada ada promo ultah lebih hemat sih kalo di compare toko di mall2 input2 ada di samping kiri tombol juga coba usb micro usb dengan card reader bisa untuk video music gambar perlu pilih dulu lumayan cepat tuh detect nya suara enggak bisa kecil pelan vol dah lumayan kalo bisa lebi pelan guna kalo malam speaker ada di samping kiri kanan madep bawah fitur2 std lah cukup lah enggak nekoneko,positive
sip sesuai dengan deskripsi barang datang dengan aman cod jugathanks,positive
flashdisk tidak bisa guna,negative
produk sangat recommend buat harga 3jutaan dan lazada beri promo yang bikin sangat puas tapi ada sedikit kecewa dengan ekspedisi jne yang pakai buat kirim produk kurir sangat tidak etika lebih saya rasa sangat puas,positive
bagus terima kasih lazada,positive
sesuai dengan yang di promo kan,negative
belum coblos karena order tigatiganya kok kirik cuman satu saja,positive
ini flasdisk opo flasdisk kok ora iso di buka isi filenya buang2 uang saja,negative
juos,positive
barang sudah terima dengan kondisi baik kirim juga cepat terima kasih ya,positive
kirim lumayan cepat barang sudah coba fungsi baik moga awet terima kasih,positive
kemas bagus rapi bngts dtngnya cepat lagisemoga awet sajaterima kasih lazada,negative
segel kardus sudah buka salah pixel led matititik hitam gambar,negative
barang mulus terima kasih,positive
lebih tipis build quality top lenovo warna hitam dove keren layar ips ssd core i5 sudah 8th gen fingerprint dapat geforce mx130 pula paling worth itu untuk kelas 2in1 yang bisa lumayan gaming jempolkeatas dapat pas hrg promo pula kurang agak berat nyata untuk 17kg kalo dipegang2 mode tablet,positive
barang mantul habissesuai dengan pesan,positive
mudahmudahan awet,positive
barang bagus banget,positive
mesan yang ke kali kirim cepat dari yang pertamasukses kakak,positive
saya mau tapi kredit,negative
produk telah saya cek masih guna sistem analog belum guna sistem digital dan untuk lubang usb yang sedia tidak bisa guna untuk putar video mp3 dl hanya bisa guna untuk service saja,negative
waktu kirim sesuai jadwal,positive
mantul lah ini sd card nya,positive
bagus dan originalterimakasih lazada,positive
salur digital hanya sambung kirim lama,positive
cocok sesuai pesan,positive
kapasitas hanya 29gb kirim cepat banget order tanggal 23 sampai tanggal 24 thanks,negative
tidak fungsi dengan baik tidak detect di led tv,negative
barang sesuai dengan deskripsi thanks lazada kenkez,positive
ini isi flesdisnya bisa kembali,negative
barang sesuai pesan peking rapi,positive
produk originalbagusenggak cacatnyacumun rim agak lama dan packing lebih aman lagi kalau bisa pakai kayu,positive
semua yang saya beli original dan sesuai kapasitas terima kasih,positive
barang datang sesuai dengan tanggal yang di tentu barang baru bagus mulus moga awet thank lazada,positive
murah tapi kualiras ok,positive
barang orisinal paket rapi dan aman moga awet,positive
barang sudah terima ketemu size 5959 gb thanks gan mantap,positive
alhamdulillah barang sudah sampai tuju ke sayatapi saya sedikit agak kecewa banget sama pihak ninja expres kenapa manajer kirim nya lama banget,negative
size case tidak sesuai dengan ukur harddisk terlalu besar,negative
barang ok sungguh sayang jne kirim sampai 19 hari,negative
barang sudah terima dengan baik meski sempat waswas branh sudah order ada yang beri ulas barang pecahrusak sempat mau batal tapi tidak bisa doa saja moga datang bagus dan kahirmnya memang bagus,positive
kirim baik hanya saja kapasitas yang sedia 292 gb dan transfer file lambat sekali,negative
tv samsung ini bisa untuk monitor komputer juga enggak ya,negative
mntap pngiriman cpat moga awet flashdisknya,positive
mantul bossqqu,positive
mantap,negative
pesan jam 12 malam jumat sabtu siang deh sampai barang orisinal thanksi walau belum di lihat speed transfer,positive
barang nya bagus keren banget,positive
jos luar biasa,positive
murah,positive
yang 16gb enggak bisa di paks simpan file,negative
psnan cepat banget sampai nyabaru kemarin psn sekarang sudah datangtapi enggak bisa ful di gunainotg nya kacau,negative
sesuai expectasi,positive
tv sony,negative
barang fungsi dengan baik sellernya cepat respon bonus otg juga bagus good job,positive
tidak kerja dengan baik kabel rusak,negative
paket sudah datangkondisi tv ok kirim cepat kurir ramah lope lope pokok thnx lazada thnx cooca,positive
tidak sesuai dengan pesan saya sangat kecewa,negative
tidak sesuai gambar,negative
produk lumayan bagus cuma vendor kirim saja yang lama,negative
orisinal pesan 2x toko yang sama sip,positive
hi very good product and fast delivery 100 per original,positive
hanya saja isi tidak sesuai 585gb yang harus 6460 gb kualitas okeh punya,positive
terima kasih lazada dan kenkez barang sudah saya terima dengan selamat dan fungsi dengan baik,positive
tidak fungsi alias mati total sudah buang enggak pakai,negative
isi cuma 2gb saja ya,positive
enggak amanah minta kirim gesper eh smuanya otg payaaaah keceewa banget,negative
barang nya sih bagus tapi salah beli mau ambil xiomi 4a malah coocca mau di cancel enggak bisa harus brang dtang dulu hm buat lazada kalau bikin gmbar jangan sama dengan brang merk lain biar enggak dah yang salah klik seperti saya,positive
kirim barang cepat dan barang sesuai ekspektasi,positive
judul flashdisk yang dtng flasdrive harus akhir tong sampah,negative
barang sudah sampai dengan selamat terimakasih lazada wajahtersenyumdenganmatabahagia,positive
the tablet is broken,negative
enggak ke baca di laptoptv,negative
overal oke good and recommended,positive
terimakasih barang sampai dengan aman packing nya mantap,positive
barang sampai dengan cepat baru pesan kemarin sekarang sudah sampai kualitas barang oke,positive
gan ini yang benar 48 inch atau 24 inch,negative
memory cardnya bagus original sampai cepat worth itu lah,positive
barang rusak tidak bisa di pakai mohon kembali uangx saja,negative
bagus barang terima rapi terima kasih lazadajempolkeatasjempolkeatas,positive
tv keren sampai cepat pesan seharibesok langsung sampai thanks lazada,positive
barang sampai dengan selamat packing rapi namun saya kecewa di kirim saja slow respon lebih tidak ada thanks lazada,negative
lama nyampai,negative
untuk barang ok sih kirim juga cepat packing rapi cuman kendala ada pada bagi keyboard sih keyboard nya enggak ngurut ada yang tukar tempat nya jadi agak bingung dan kata fre headset tapi pas di cek enggak ada mungkin karena memang murah kali barang,negative
jelek ada garis enggak jelas,negative
kadang suka hilang data copy an nya,negative
turut saya paket tv sudah ok hanya complain saya tidak bisa di bantu kena cicil terimakasih,negative
ada lecet bagi silvernya market storenya enggak isa acces,negative
mas kok pouchx lebih kecil dari ukur yang di cntumkan yk ukuranx cuma 12cmx7cm,negative
kecewa sama pihak lazada nyakarena sistem kembali produk tidak bisa di akses akan akan ini sudah di setting agar semua tv yang rusak tidak bisa di kembalikankarena produk ini milik lazmal inti lazada tidak mau rugi,negative
barang bagus top,positive
ok matab,positive
lumayan okey barang bagus tapi tidak dapat tas and mouse,negative
mantap untuk kelas intel core harga jangkau hd tera lega buat naro dokumen dan film aplikasi lemgkap cuma ada babarapa yang harus di activasi lieur belum tau caranyarespon seller cepat sayang ngendap di jasa kirim,positive
maaf baru kasih ulas buat jual lagi langgan puas terimakasih lazada,positive
mangstabjempolkeatasjempolkeatasjempolkeatasjempolkeatasjempolkeatasjempolkeatasjempolkeatasjempolkeatasjempolkeatasjempolkeatasjempolkeatas pesan hari tanggal kirim tanggal juoos gandiyooos mudahmudahan awet,positive
salah kirim barang pesan flashdisk sandisk 16gb yang datang kartu memori sandisk 16gb bagaimana cara tukar gan,negative
kirim payah kalo pakai jne lama banget dulu pernah bepi yang 40inch jasa pengirimanya nindja itu cepat banget beda banget sama jne barang cuma di pakein bubble wrap doang kondisi packing nya sudah aut2an sampai ke sini moga barang enggak kenapa2 deh masuk saja buat lazada kalo jasa kirim nya jangan pakai jne selalu kecewa thx entar kalo sudah di pasang pakai saya review lagi di ulas,negative
terimakasihterimakasihterimakasihterimakasihterimakasihterimakasihterimakasihterimakasihterimakasihterimakasih,positive
barang tahi barang rusak di jual jangan order di sini barang samapah kok jual di toko belah saja order nya inti jangan order di toko ini daripada buang2 uang,negative
flashdisknya rusak di send video malab enggak bisa dimainin video sengaja tunggu minggu buat buka pesan ini sudah enggak sabar tau tau rusak sedih,negative
kirim super cepat kalo enggak ada tanggal merah mungkin kurang dari 24 jam bisa langsung sampai rumah dengan selamat tapi voucher langgan hooq gratis masih belum saya terima nih,positive
bagus kurang murah,positive
barang terima dengan baik walaupun enggak pakai packing kayu yang penting enggak ada rusak atau lecet fungsi dengan baik tinggal tunggu hooq nya saja nih,positive
langsung di coba oke tinggal beli antene tv yang bagus saja,positive
barang sudah saya terima saya puas dengan barang flashdisk ini,positive
tipu minta 64gb yang kirim 16gb nyata deteksi cuma 2gb,negative
alhamdulillah bareng sampai dengan sempurnabareng orisinal dapat hrga baik di 99terimakasih lazadathe bestlah pokok,positive
coba ada bayar di tempatgue beli nih,negative
tv nya bagus simpelbelum sepet coba sihtapi ok deh,positive
micro sd yang lebih stabil banding sandisk sangat rekomended untuk semua device utama devicenya samsung,positive
sesuai pesan mantaf,positive
enggak tau kenapa mngkn karena waktu pas kirim atau dari sana jadi waktu pas dihidupin enggak bisa kayak eror begitu untung di sini ada service asus yang resmi tapi kalo untuk packing dl bagus kok,negative
alhamdulillah hari barang darat dengan selamatmantul mkasih lazada terima kasih seler nya,positive
barang original kemas rapi tapi terima lambat hari dari jadwal maksimum kirim moga lebih perhati dan makin sukses depan,negative
beli kirim yang 32gb dua flasdisknya tidak bisa guna tolong seller kalo mau jual jadi jual yang jujur dan jual barang yang betulbetul fungsi dengan baik jangan buat beli kecewa,negative
saat tranfer file cepat makin turun saya benar mau refund tapi keburu box nya buang,negative
masih yakin mau beli buang2 duit gan,negative
alhamdulillah di terima ada oke dapat diskon gede 28 wajahgembiradenganmatabahagia,positive
dagang ini tipu bilang usb 30 tautau yang datang usb 20 harga mahal lagi,negative
awal datang cuma tv nya doang tanya ke kurir bilang tidak tau tanya ke cs berkalikali sampai ngabisin pulsa ratus ribu jawab enggak ada yang jelas dm ke ceo lazada baru deh kirim itu soundbarnya kirim minggu kemudian cs nya itu yang perlu dibenerin lagi orang nya trimakasih,negative
barang sipks proses dan kirim lama banget,positive
mantap sekali barang cepat dtng pesan kemarin hari ini sudah sampai packingnya juga rapi banget enggak ada cacat sama sekali dan fd nya orisinalwajahtersenyumlebarbermatahati pas datang langsung di coba di laptop dan worth itu banget puas deh pokok terima kasih lazadawajahtersenyumlebarbermatahati,positive
moga cepat sampai dan moga bener real 32gb,negative
kualitas barang ok gambar jernih salur tv digital bisa dapat dengan baik packing rapi pakai bubble wrap dan kayu overal puas,positive
brang bagus sesuai harapanpas coba bisa terus enggak korup jugapokoknya mntap dehsesuai hargapuas belanja sini,positive
barang tidak bagus tidak sesuai dengan kapasitas sangat kecewa,negative
barang sesuai pesan tolong baik fitur konfirmasi bisa ikut rule ali expres lebih bagus jangan di input bareng telah terima jika barang belum terima karena itu akan buat masalah,negative
ptoduk terima dengan baik walaupun cuma lapis buble warp kirim sangat cepat jam sore pesan pagi jam sudah sampai padahal saya di gresik tv nya gede telah coba ok banget trim lszafa,negative
kirim sesuai jadwalcuma barang nya enggak pakai enggak bisa di guna rusak telah di coba enggak connect,negative
muas terima kasih,positive
sudah terima packaging krg safety resiko rusak karena untuk kado jadi bulan berani coba sok far fine ulas produk minggu depan ya telah fiterima sama yang yang dapat kado tambah voucher gratis hooqnya mana ya,negative
harga sangat jangkau sekali gaji saya bulan langsung kebel ini kardus tv,positive
pesan sudah sampai terima kasih lazada mantap,negative
yang benar ini tv sony 48 inch atau panasonic 24 inch judul dan deskripsi enggak akur,negative
barang nya bagus dan garansi,positive
kirim nya kurang baik,negative
barang sesuai seperti apa yang ada atau tampak di foto,positive
bagus hanya saja saat satu layar dengan keyboard kadang error,positive
isi memori nya cuma 145 gb sedikit kecewa sih cuma yaudah lah gapapa untung nya ukur file nya enggak terlalu gede jadi enggak harus beli flashdisk lagi,negative
sip sesuai yang harap kasihan kurir kali ke rumah,positive
packingan hanya di bubble wrap padahal kirim antar pulau hasil screennya pecah mau di retur saja 100 kecewa,negative
untuk detail watt mohon kasih terang,negative
tv deh sampai dengan ada baik tanpa cacat dan sudah di coba fungsi normal semua mantap puas terima kasih seller dan lazada,positive
mohon maaf knapa fd ini kok mau copy file 15gb di fd langsung corrupt padahal file saya copy enggk corupt tuh dan kalau mau eject enggak ada tulis merk toshiba atau transcend ini kok flash disk kecewa saya padahal fd nya 16 gb tapi copy file gb lebih tidak bisa,negative
top tq,positive
pakai sekali tak lepas tak pasang lagi kok rusak ya gan,negative
paraaah sudah mah datang telat tidak sesuai pesan jelek lagi enggak bisa buka foto mindahin foto saja lelet minta ampun paraaah kapok deh,negative
kurang puas dengan kirim barang lalu esl expres karena kirim dari jakrta harus transit ke palembang tidak langsung ke bengkulu jadi agak lama sampai,negative
tv led dengan harga murah kualitas unggul dan kirim di laku cepat oleh pihak lazada hanya partner logistics lazada yaitu pt pos indonesia tidak professional sama jakarta barang sampai lebih dari hari meleset dari estimasi pihak lazada yang hanya hari dan tidak ada kabar berita apa dari pihak partner logistics prihal paket kirim barang lebih baik pihak lazada ganti partner logistics,positive
bisa bayar tempat enggak ya,negative
sangat bagus sekali dan murah tks,positive
harga gin dapat real 64 bukan 32 16 apalagi sudah lumayan banget buat naro2 aplikasi cakep dah,positive
bagus banget barangnyatop marketop pokok,positive
alkhamadulillah bareng sudah di kirim dengan selamat sampai 7an ugreen kualitas orisinal sangat bagus dan mmuaskanjempolkeatasjempolkeataswajahberkedipwajahtersenyumlebardanmatatertutup mkasih lazmalwajahtersenyumdenganmatabahagiawajahtersenyumdenganmatabahagia,positive
bagus dan fungsi terima kasih,positive
bangu,positive
masa baru hari lansung mati tv nya bagaimana ini komplain mana,negative
saya pesan flashdisk kunci tapi datang kok model kartu,negative
mkasi lazada sering ya disc,positive
barang yang pes apa datang apa kecewa banget lain kali jika jual di anjur untuk lebih jujur,negative
virus shortcut,negative
tidak sesuai dengan pesan gambar sama yang kirim beda 100,negative
kotor dan karat dan enggak connect terimakasih,negative
ini baru beli sering mati mati begitudimana di medan service centernya,negative
untuk lazada layan nya muas dan untuk pesan saya sudah datang kemarin pesan hari ini sudah sampai thx lazad,positive
keren habis tv mantap,positive
barang sudah sampai packing rapi dan mantap sampai tuju sesuai dengan waktu yang butuh trimakasih,positive
promo sekian kali akhirnta tarik moga awet usb satu doang audio cuma kurang kalo banyak source output saya harap lexexpres yang kirimtnyata dikirm via pos bulky jadi agak lama diterima5 hari packing rapi aman thx laz,positive
yang pes 128 gb yang tiba 64 gb tipu ini nama,negative
awesome good quality recommended seller,positive
mantap barang sudah terima dengan selamat kirim cepat sampai dan ramah saya pesan lagi unit cara cod moga kirim cepat juga,positive
baik jual sekaligus dengan windows nya atau lebih jelas lagi kalau tidak ada windows nya sebab belum tentu semua orang erti hal ini dan tidak di semua tempat mudah untuk menginslal windows,negative
barang bagus bahanya suka cuma dari mesan sampai barang ke tempat saya cukup lama beli 10 sep dan sampai ksaya 18 sept,positive
barang mantap mulus walau paket cuma plastik doang kirim cepat hari paket sampai sudah di coba enggak ada kendala recomen buat yang cari tv bagus harga ekonomis thanks seller lazada wajahtersenyumlebarbermatahatiwajahtersenyumlebarbermatahatiwajahmemberikanciumanjauhwajahmemberikanciumanjauhwajahmemberikanciumanjauh,positive
barang sudah terima dengan baik kirim juga cepat terima kasih lazada,positive
feature scan chanel tv tidak fungsi,negative
barang baguspengiriman cepat tetapi mengapa pesan saya yang lain belum sampai juga ya padahal pes pada saat yang sama,negative
lwbih cepat sampai dengan lex cod jadi enak sayang case hd eksternal enggak sesuai gambar itu saja,positive
sangat muas belanja di lazada,positive
kemas tidak rapi cuma bungkus kertas amplop coklat saja,negative
apa nanti ini bisa kredit bagaimana sih cara,negative
sangat kecewa pesan yang 64 gb yang datang malah 32 gb kalau enggak niat jual mending enggak usah jual,negative
suka sama produkx,positive
good working langsung bisa di isi file video musik buat anakanak saya anakanak jadi senwng deh terima kasih seller lazada,positive
produk sesuai deskripsi kwalitas produk dan harga pas,negative
packingnya rapiwarna bagustapi suara enggak bisa ganini bisa kembali yaini tadi saya videoin loh,negative
kualitas dan fungsi sesuai deskripsi terimakasih,positive
bisa guna buat ps3,positive
tvnya mati enggak mau fungsi di colokin enggak nyala bagaimana nih,negative
jelek jangan beli di toko ini lagi pantas harga murah enggak bisa di pakai pas buat mindahin video bisa eh pas di lihat lagi hilang video nya nyesel beli aseli saran yang mau beli sini pikir2 lagi jangan mudah giur dengan harga murah,negative
sampai juga telah tunggu pas minggu barang datang juga pas banget buat tuju beli akhir pada senang deh barang sesuai dengan gambar kemas baik dan rapi cuma isi enggak 16gb cuma 144gb terima kasih ya lazada,negative
barang sudah terima dengan kondisi bagus dan ditest ok semua jalan lancar terima kasih lazada,positive
real pic mdhn bagus dan awet,positive
mantaaaaapharga sesuai kualitas,positive
baik,negative
barang datang dengan selamat kurir juga lumayan cepat belum temu masalah hingga saat ini moga saja awet,positive
bagus,positive
ini di coba pakai wifi ya dan mantap belum tau kalo pakai antena biasapengiriman cuma hari doangterima kasih ya lazada,positive
kecil simple sampai lumayan cepat,negative
mantap kirim cepat barang ok,positive
barang yang terima sesuai dengan gambar kondisi baik packing kemas baik kirim lumayan cepat sudah guna dan fungsi dengan baik hanya ada kurang tidak serta invoice untuk klaim garansi tapi mudahmudahan tidak ada masalah terimakasih lazada,positive
barang orisinal mantap fungsi no cacat good product,positive
terima kasih gan barang sudah sampai cepat baru kemarin pesan tadi sudah sampai moga awet deh,negative
barang sudah sampai cepat banget packing nya juga rapi tapi pas coba flashdisk nya ke komputer baca tapi simpan hanya 297gb saya coba mindahin video ke flashdisk ini malah enggak bisa ada tulis flashdisk rusak saya harus bagaimana ini cara tukar bagaimana saya butuh banget flashdisk nya belum masuk sekolah tggl 15 juli mohon kerja sama kak,negative
tolong ya pesan saya sesuai dengan estimasi kirim yang tepatjangan telat apa lagi sampai lama lebih estimasi ini saya dah yang dua kali jadi untuk pihak lazada mohon baik terimakasih,negative
moga awet,negative
barang sudah sampai tapi tanpa packing kayu cukup waswas untung tidak ada yang pecah tapi saya terima tv dengan stiker garansi coocoa yang sudah lepas bagaimana ini nanti kalo ada apaapa saya enggak bisa klaim garansi lagi,negative
kirim cepat packing baik fre handset juga cuma kemarin kok aku download tapi di flashdisk nya enggak baca sedang di fd nya baca itu kenapa ya padahal fd bagus 32gb lagi,negative
mantuul,positive
flashdisk tidak sesuaitertulish di flashdisk 64 gb tapi tidak sesuai dengan isinyasemua file yang masuk erorbagaimana ya min,negative
bagus dan keren,positive
untuk backup hd sementara alat ini penting belum lagi ada bonus adaptor jua,positive
ppuuas moga awet,positive
memori enggak bisa baca gateli,negative
tulis 16gb namun nyata cuma 145gb,negative
barangx lumayan laah ada harga ada kualitas,positive
produk sangat kecewa tidak fungsi dengan baik,negative
gankenapa hard disk yang saya beli rusak ya,negative
sudah dicobalumayan masih normalwalaupun bukan bareng baru alias secondsedikit kecewattup bgian bwh sudah pada patah sepit nyajuga enggak bisa rapet lagitapi enggak apaapa yang penting masih bisa di pakaisemoga awet,negative
kecewa pas datang layar pecah,negative
trimakasih seller lazada brang muas juga tepat waktu,positive
alhamdulillah packing kayu barang sesuai pesan cuma sampai nya luuaaama bangetrecomended lah pokok,positive
item is really original isama very satisfied hope others promo ini the next shopping fast delivered used grab parcel one day arrived tq seller lazada,positive
mantaf fungsi total,positive
tjakep wajahgembiraberuraiairmata,positive
packing rapi dan aman mantap,positive
bagussesuai komitmendan mudahmudahan awet packing rapi,positive
bagaimana yang sudah pakai ful enggak 64gbkok gue jadi ragu mau order,negative
mantul ji tawwa barang nya,positive
barang cacat enggak bisa nyala,negative
barang terima dalam kondisi baik hanya bisa pakai di windows up sesuai deskripsi sayangny tidak bisa baca di hp android,negative
layar pecah packing cuma pakai buble wrap doang satu lapis saja deh tunggu lama pecah lagi,negative
laptop aman sudah sampai dan sesuai spektapi kenapa ya tas nya kok enggak original lenovo ya sedikit kecewa sih biasa nya tas nya bagus dan orisinal lenovo,positive
barang sudah sampai cepat dan responsif puas dengan layan terima kasih,positive
barang sesuai pesan terima tepat waktu,positive
what nice product good price shipment so fast wait for my next order gratz,positive
barang diterma dengan baiksesuai dengan pesananterimakasih,positive
usb nya enggak bisa otg ke hp,negative
produk mantap mulus kualitas gbr mantap fast response pesan hari langsung sampai besok packaging rapi dan amanmantap dan top banget lazada tak lot lazada,positive
barang sesuai harap deh bulan masih lancarsemoga awet terima kasih lazada,positive
hardisk external paling kokoh ada karet lindung ada tambah software backup sudah coba transfer data lumayan cepat,positive
mantap barang baru sen dua hari langsung sampai deh itu hujan lagi pokok mantap thanks ya lazada,positive
barang okpengiriman cepat trimakasih lazada,positive
awal sampai tv ini bingung kok enggak nyala ya saat colok dan di turn on pakai remot wajahmenjulurkanlidahdanmemejamkanmata saya kira rusak tvnya tombol indikator hanya nyala warna merah dan mati otomatis namun nyata harus di turn on pakai tombol yang posisi pas belakang lampu indikator merah di tv syukur tv sampai dengan baik tanpa cacat namun hanya kirim lama sekali 10 hari baru sampai ke bal wajahgembiraberuraiairmata belum lagi request ubah alamat kirim ke cs lazada bagai di php ini kata sudah di followup ke bagi kurir kirim untuk ubah alamat al hasil tetap kirim ke alamat kantor wkwkwk jadi heboh deh tuh kantor aku ada kirim paket tv tertawaterbahakbahaktertawaterbahakbahaktertawaterbahakbahak,negative
produk sesui dengan deskripsi,positive
kirim lumayan cepatbarang tidak sesuai dengan spec yang tera di produk ini,negative
bagus sih tapi fitur android tv nya batas sekali suka lot juga seperti enggak responsif remotenya jadi harus di restart dulu tvnya,negative
perfectlah bagus banget,positive
agak cacat sih ada goresan2 tapi masih fungsi,negative
barang di terima dengan baik tahan kualitas,positive
puas banget baru pakai beberapa minggu sih tapi sok far enggak ada masalah,positive
thanks order hari ini sampai hari ini packaging rapi barang ok respon dari jual juga ok,positive
mohon maaf ini saya mau complain mana ya kok mau kirim pesan ke toko susah banget cari enggak ada di aplikasi nya,negative
harga oke kualitas barang oke kirim juga cepat the best lah cx shop ini,positive
flasdish nya enggak fungsi enggak bisa di pakai simpan data,negative
sesuai dentan deskripsi,positive
kirim sesuai etimati waktu barang bagus epak tapi good laah,positive
saya pesan yang 64 gb tapi yang dtang flasdisk yang 32 gb,negative
terlalu kecil,negative
gud sangat orisinal ya,positive
barang sudah sampai ditempatsudah di pakai,positive
awal nya saya sudah senang karena pesan saya sudah datang tapi begitu di buka terus saya hidupin nyata layar nya retak mungkin waktu di mobil enggak tau kepentok apa begitu di periksa di gerdus nya ada bekas bolong kurir nya kurang hatihati saya sudah isi formulir kembali barang ke lazada saya mohon segera di proses retur barang nya terima kasih,negative
barang cepat banget sampenyaqualitas ok dehsukses terus lazada,negative
kapasitas tidak sesuai paling cuma bisa nyimpan 16 gigaan,negative
produk lumayan lah bisa guna untuk simpan datadata,positive
flashdisknya enggak bisa pakai uang saya bisa balik lagi enggak ya saya rasa rugi boleh minta nomor hp yang jual enggak,negative
mantapberfungsi dengan baik,positive
paket kirim dipacking dengan kayu dan sangat rapi sehingga barang kirim saya datang dengan kondisi yang sangat baikterima kasih dan salam sukses,positive
kenapa gambar kurang jernih ya apa semua yang beli ichiko sama,negative
kuakitas oke cuma satu kekuranganya pengirimanya sampai 2minggu tungkatkan lagi kualitas pengirimanya thx lazada,positive
memang harga cukup jangkau untuk ukur kapasitas 32gb tapi untuk kualitas kecewa flash disk bisa simpan file tapi beberapa file langsung corrupted karena virus beberapa kali simpan file langsung corrupted dan tidak bisa buka,negative
barang bagus sangat ringan kirim sesuai dengan skedul,negative
kirim cepatkemasan rapi,positive
barang saya enggak sampai ke saya pihak lapak dan lazada enggak ada tanggung jawabpengiriman lewat lazada expres jelek kenerjakurir kayak begitu kok pada dipakaikenerja jelek beli bayar pakai duit bukan pakai daunkapok belanja di lazada,negative
puas sesuai dengan pesan murah lagi,positive
lumayan dapat harga 100rb,positive
paket darat dengan selamat walau pun jauh puas banget terima kasih,positive
barang ok kirim ok terima kasih lazada,negative
nicegood and delecious,positive
cepat masih tidak stabil kadang hanya 5mbps,negative
android kitkat ram internal 16 walaupun baca 64gb tapi kalo deh 20 storage enggak bisa isi file lagi build plastik bengeut dapat di harga promo 679k masih worth lah cara 10 buat yutuban puas banget,negative
tvnya belum sampai saya dan sudah saya konfirmasi ke lazada tapi belum ada kabar dari pihak lazada,negative
kurir ramah kirim cepat terima kasih lazada,positive
barang nya bagus dan sesuaidan juga cepat sampai moga awet dan dan enggak gampang rusak,positive
tv normal remote tidak fungsi mohon solusi seller,negative
terima kasih barang sudah saya terima dengan baik akan saya pesan lebih banyak lagi tolong pegang percaya saya,positive
maaf ya mas hrga nya kata diskon 100 telah konfirmasi pesannan hrga tetap saya mau batalin tapi enggak bisa npa ya kata coba lagi,negative
min speed nya 5400 rpm apa 7200 ya terus kalo lebih aman bisa ke tv belum pakai di format dulu ke rbm ya,negative
kualitas produk baikorisinal,positive
yang saya mau share sini bukan barang tapi kirim yang lambat pada tanggal 10 agst saya beli byr dengan guna kirim cepat yang jadwal tanggal 11 agst namun barang tak kunjung sampai pada tnggal 11 agst barang tiba tanggal 12 agst padahal saya sudah bayar 126rb untuk metode kirim cepat buat apa saya bayar 126rb untuk kirim cepat yang harap hari sampai tapi tidak sesuai harap saya minta kompensasi atas lambat inisaya sangat kecewa dengan layan kirim cepat lazada lebih baik kirim standar saja yang gratis toh barang sampai juga sama saja waktu,negative
mudah mudah kak angge,positive
barang sampai dengan selamat kirim supercepat pesan kemarin hari ini sudah datang moga awet,positive
barang sudah sampai sangat cepat sesuai order tq lazada,positive
respon chat oke kirim oke barang sesuai mudahmudahan sukses,positive
mantap sudah coba tidak ada file yang corrupt,positive
kata 16 gb kok pas isi kenapa hasil jelek ya trimakasiiiiih,negative
error data yang di simpan hilang semua,negative
seep,positive
kurang sedikit lecet ujung,negative
file music mp3 indak bisa baca dan putar diplayer mobil,negative
kemarin laptop datang tetapi belum di coba pas hari ini di coba laptop nyala regist tetapi telah itu di mati lalu mau di nyala kembali malah enggak ada gambar itu bagaimana dong aku mau di refundwajahmenangiskeraswajahmenangiskeras,negative
isi 28gb fungsi baik,negative
sudah darat gan barang original dan garansi,positive
alhamdulillah barang deh sampai packingn bagus,positive
dari tanggal 16 pesan sampai saat ini 26 des 2017 barang belum sampaisampaimengecewakan beli produk lain hari sampai,negative
kirim cepat barang sudah terima dengan baik good condition mudahmudahan awet kurir sopan dan ramah thanks lazada,positive
barang sudah terima tepat waktu kualitas bagus mantap,positive
paket terima dalam kondisi baik fungsi normal sangat sayang kolom lurah pada sistem lazada tidak cetak pada lembar alamat tuju yang tempel di paket sehingga sulit mitra kurir,positive
barang sudah terima moga awet dan tidak corrupt data,positive
barang terima dengan baik dan berfungsithnks,negative
pesan saya di batal cara tibatibauang sudah transfer bagaimana cara kembali uangny,negative
usb enggak conect otg nya kayak yang bekas itu mah kecewa pokok,negative
flashdisknya payah buat simpan data enggak bisam simpan pas mau buka file nya pada hilang wajahmenangiskeraswajahmenangiskeras kecewa lah,negative
flashdisk nya enggak bisa dipakek malah harus format dulu belum dipakek otgnya enggak fungsi sama sekali,negative
sangat pelit beli pakai akun lain enggak bisa keluar boneka tokopedia jahat,negative
terima kasih barang bagus kirim juga cepat thanks lazada and seller,positive
barang cepat sampai kualitas fd kurang bagus file yang di copy sering corrupt,negative
paket sama sekali tidak saya terima kurir memang kampret main serah barang begitu saja tanpa tahu siapa bahkan tak ada sign dari terima barang sekarang bagaimana mohon di follow up cepat,negative
jebak,negative
packiing nya jos banget tanpa lecet sama sekali,positive
produk tarik sayang nya barang tidak di packing dengan baik produk kirim dari tiongkok sampai sini tidak fungsi,negative
barang orisinal harga sahabat,positive
belum ada tahun layar sudah garis2 sayang banget,negative
bagusbarnsg sampai dengan selamat,positive
barang sudah terima dalam kondisi baik dan sesuai deskripsi,positive
works wel sampenya juga cepat thanks,positive
mv gansampai berapa hari yaalamatbintara kranji bekas itu baru lihat film di usb apa bagaimana ganterima kasih,negative
knapa touchpadnya tidak fungsi lazadawaktu saya mau kembali produk tulis untuk kembali produk tidak munculburuk,negative
dear cooca barang telab terima namun setelab diunbox kondisi kecewa monitor pecah lis monitormya bengkok saya lampir foto kondisi kardus dan kondisi tvnya mohon solusi ganti terima kasih,positive
moga fungsi dengan baik,positive
kondisi barang sangat sangat bagus tidak ada cacat sama sekali cuma nyata suara type ini tidak ada bas nya ya,positive
tiap mindain file cuma shorcut nya sajabagaimana nih,negative
fungsi dengan baiktapi barang lama sekali sampai nya,negative
barang bagus normal recomended pokok,positive
monitor rusak bingung dengan aplikasi lazada di hp android ribet,negative
produkny bintang jempol cepat kirim perlu di baik lazada kru terima kasih ya cooca terima kasih ya nah ini jadi enggak bintang service center sih sih,negative
lama,negative
order yang tiga kali mantap,positive
sila simpulin sendiri nihkok label toshiba nya agak buram terus dalam flash disk nya aada bekas bercak tanahflash disk tidak fungsi dengan baik dalam hal simpan file,negative
lumayan bagus untuk simpan dat cepat tulis di 26 mbps stabil tidak panas mungkin kalau pakai koneksi sata bisa sampai 150 mbps recomended lah,positive
barang sesuai gambartapi cepat tidak stabil,negative
mantab keren thank lazada moga awet,positive
barang sesuai deskripsi jangan harap dus nya sempurna karena beberapa titik penyok chat dari jual hanya template jawab tidak sesuai dengan tanya kirim 1minggu lebih,positive
barang sudah sampaigood seller,positive
jangan di beli wahai langgan flashdisk baja kagak bisa di pakai,positive
barang nya enggak jelas terus falsdisk nya baru di pasang sekitar menit langsung panas banget bikin rugi nih,negative
tolong lazada saya sudah ikut prosedur belum juga ditanggapitentang masalah barang yang rusak saat membelibelum ada pengembaliannnya juga,negative
produk ok seller responsif kirim cepat pesan sabtu selasa sudah datang buat buyers kita bisa ke website wd untuk update tanggal beli produk sesuai tanggal invoice jadi expiration date buat garansi bisa lebih panjang,positive
alhamdulillah bagus normal semua sesuai dengan yang harap moga awet terima kasih ya pak kurir ninjavan yang sopan dan ramah dan lazada 99 nya,positive
yang benar ini sony atau panasonic judul sony 48 inch tapi gambar panasonic descripsinya 24 inch ngaco benar,negative
nikko tv lcd cukup bagus dan muas gambar tajam dan fuul hd pokok mantap,positive
barang sudah di terima tapi sayang ada part yang hilang,negative
sesuai pesan dan packing rapi,positive
produk gagal enggak bisa format fat 32 defaul enggak bisa buat nyimpan file,negative
pakai ongkir ngx,negative
bagaimana ini barang nya enggak jadi kecewa,negative
layan bagus barang sesuai harap bagus terimakasih ya,positive
saya order jam 930 untuk di kirim hari yang sama dengan tambah biaya rp 10000 kata sudah di kirim tapi sampai hari ikut barang belum sampai juga,negative
terima kasih cooca barang ya dah sampaipengiriman cepat cuman hari bareng dah sampaicuman kurir ya kurang ramah bukan yang biasa antar barang ke rumahgambar suara mantapjempolkeatasjempolkeatasjempolkeatas,positive
barang nya sesuai dan mulus di bungkus rapi,negative
kirim lama order tanggal 12 sampai tanggal 26 desember tapi cukup puas dengan tv nya murah tapi kualitas bagus packing juga sangat aman mudah tidak ada kendala depan nya dan moga tv awet terimakasih lazada,negative
top,positive
tidak baca,negative
wah parah nih barang file yang sudah dpstekn ke fd nih rsak bagaimana mau mkai nya prcma,negative
flashdisknya enggak bisa dipakaiketika transfer data foto atau lain malah blankenggak ada yang bisa dibukafre handsfre tapi cuma nyala sebelahia sech harga murahtapi kalo enggak bisa dipakaimubazir,negative
barang bagus otg di hp bisa tapi usb pasang di tv enggak konek,positive
kecewa sama toko java elektronik yang jual di lazada ini saya beli type4003 beli uni tapi kirim beda unit type4001 rugi 820rb,negative
saya kasih bintang saja karena waktu saya chat dengan seller saya tanya yang warna biru ready enggak dan jawab ready dan terang beli saya juga tulis warna biru tapi nyata hardisk yang datang warna hitam terus terang saya agak kecewa,negative
oh my ghost wajahhening baik memang toko ini enggak bisa di kasih bintang 10 ya heheh harga murah bukan arti murah flashdisknya cantik kapasitas ok barang bagus,positive
cepat sampai tapi barang buruk kualitas lom sampai minggu sudah rusak error tidak baca filenya,negative
barang tidak sesuai deskripsi cepat transfer lambat,negative
barang jelek terima tidak sesuai dengan gambardan pada saat buka salah satu tutup flashdisknya kabel lepas dan tidak 128 gb lain 29gb ini penipuanmohon lazada pilih toko dengan benar tidak kecewa seperti inidan kenapa juga saya enggak bisa upload foto,negative
kirim lambat banget pakai ninja alas overload harbolnas pesan dari tanggal 12 sampai tanggal 22 gin jarak rumah sama gudang cuman 15 menit terus harus komplen dulu ke cs baru kirim an di cepat barang sih ok,positive
kecewa barang rusak enggak bisa di pakai kualitas sangat buruk,negative
belum support hdr ada backlight bleeding yang cukup colok di empat sudut untuk kirim dan kualitas gambar serta suara sudah ok untuk native 4k mungkin untuk produk2 ikut bila dipeebaiki beberapa kurang dan tambah suppprt hdr bisa lebih baik lagi,negative
barang tidak bisa hidup,negative
goox sesuai dengan barang nya terima kasih banyak ya,positive
proses dan kirim cepat barang sesuai pesan dan sampai dengan selamat info bila ada yang butuh untukukuran vesa 20cm lalu untuk jarak stand meja 75cm wajahtersipuoke,positive
muas,positive
pesan enggak datang2,negative
kirim lama sampai sekarang belum terima plis koreksi lagi soal kirim,negative
tidak bisa bisa guna barang rijek,negative
paking rapi moga awet bisa buat nyimpan file dengan ukur 1gb,positive
sesuai dengan informasi yang tulis,positive
barang sudah sampai tampil elegan layar jernih suara lembut selalu puas belanja di lazada harap lazada ada reward untuk tiap customers yang transaksi upa poin mana poin sebut dapat tukar dengan produk produk lazada pilih lain eenggak transaksi rp 100000 dapat 10100 poin makin banyak transaksi makin banyak pula poin moga realisasi amin wajahtersenyumdenganmatabahagiawajahtersenyumdenganmatabahagia,positive
thanks lazadathanks sellerthank mas kurirjempolkeatas,positive
kirim cepat packing rapi thanks lazada,positive
bagus tapi kurang sesuai input kecil untuk handphone tidak fungsi,negative
barang masih ada enggak,negative
lama banget kagak dikirim2,negative
barang bagusterima kasih lasada,positive
barang bagus tapi kirim nya sangat lama bukan langsung kirim tapi diam di gudang jne,negative
alhamdulillah barang sudah sampai walaupun isi 14 gb tapi muas,positive
benar barang bagus cuma sekarang lagi ragu apakah bisa tangkap digital kalo di youtube sih bisa tapi enggak ada ket dvb t2 hadeh kalo enggak bisa arti siap2 tambah duit buat beli setbox lagi wajahmenangiswajahsangatmarah mohon seller tanggap responnya saat tanya buyer dan ingat jujur dagang,negative
barang sampai enggak ada problem sama sekali sama mau tanya bab sistem garansi bagaimana ya,negative
packing ok dan antar sampai alamat kwalitas gambar biasa seperti tv led merk tl bisa rekam siar ke flashdisk gambar tajam banget kalo ruang agak gelap jadi cepat lelah mata sayang tidak ada ting untuk level backlight hanya contras brighnes color dl cara seluruh ok,positive
ok,negative
barang sesuai deskripsi bagus minus hanya masalah kirim yang agak lama tidak seperti biasa walaupun barang dari ln,positive
saya pesan sandisk otg type sih kenapa yang kirim sandisk ultra flair padahal flashdisk ini mau pakai anak saya untuk perlu sekolah arti saya bayar barang harga 89 ribu dengan harga 126 ribu kapok belanja di seller ini,negative
good and nice usb,negative
tidak ke baca,negative
produk terima dengan sangat baik packing sangat baik dengan bubble warp produk original tidak ada rusa kendala kirim juga cukup cepat antar hari minggu sangat recommended,positive
kenapa yang kirim merek hp bukan yang saya order yaitu toshiba bagaimana sih tolong beri jelas,negative
terima kasih barang kerja dengan baik tidak ada kerusakaneror apa,positive
mantap layar lebar kualitas gambar pun bagus,positive
barang bagus original,positive
barang oke tapi kurir ketika di tanya bisa unboxingdi coba nyala tidak ucap nya ngegas lebih di cancel kalau jadi beli,negative
deskripsi usb movie tapi nyata usb cuma buat service saja mohon koreksi detail produknyaagar tidak ada lagi yang salah paham,negative
barang okcuma kirim saja agak lamakepending di jasa ekspedisi seperti,positive
hm kurang bagus sering tidak baca file yang telah dicopy,negative
kaki agak kendoroveral bagus lah,positive
ini benar laptop apa bukan gan bisa di guna apa enggak,negative
barang ini palsu karena asli muat hanya gb,negative
nice one tv nya terima kasih lazada kurir bagus ramah sabar dan baik tingkat layan kurir nya produk nya bagus tingkat kwualitas dan layan kosumen nya terimakasih,positive
untuk lain kali tolong deskripsi iklan dan isi paket harus sesuai pesan 64gb pas di buka 32gb its magicsuprise wajahgembiraberuraiairmatawajahtersenyumlebardanberkeringat teliti ya min untuk lain kali mungkin enggak berapa value barang tapi demi percaya konsumen yang lain sukses selalu ya min pesan lebih teliti lain kali wajahmalaikat,negative
barang di kirim dengan cepatdi bungkus rapi dan amandan ada note balian via emailkeren deh,positive
mudahmudahan busa guna dan awet tahan lama terimakasih hak store dan terimakasih lazada,positive
okbarang nya kirim amat cepatsesuai pesananthanks lazad,positive
barang sudah terima dalam kondisi rapi tapi pas pakai nyata barang besok bosok enggak bisa pakai malah bikin data2ku jadi pada hilang,negative
barang bagus ok,positive
hd external nya habis di simpan di cabut kabel data malah hapus sendiri sekarang malah enggak baca di komputer payah bagaimana cara retur nya,negative
packing aman barang sesuai deskripsi orisinal terima kasih biladi shop dan lazada,positive
alhamdulillah paket nya sudah datang cepat kirim rapi juga packing ya cuma ayang belum bisa di bongkar dulu peti kayu kurir dari jne juga ramah terima kasih ya melipattangan,negative
mantap lah gratis ongkir padahal ke pulau kalimantan cuma hari guys barang sesuai pesan,positive
isi cuma 389 gb,negative
terimakasih sudah saya terima hardisk bya dengan selamat dan mulus packing oke,positive
cepat kirim txs,positive
barang sudah terima tepat waktu,positive
barang ok banget sesuai gambar,positive
barang oke banget walau sampenya lama,positive
enggak pakai lama,positive
produk jelek layar gores cacat produksi toko sengaja jual yang cacat saat ada discount pengin tukar tapi enggak tau cara surat beli tidak ada untuk klem garansibetulbetul toko enggak tanggung jawab masa barang tidak ada surat beli,negative
barang datang dus utuh kirim ke bandung sampai hari sudah tes dan tv nyala sesuai tapi karena pesan orangtua jadi belum pakai moga awet,positive
belanja ke kali dulu ke pelosok sulawesi selatan kabupaten bulukumba pas mutasi malas bawa tv beli lagi ke samarinda,positive
sipterima kasih lazada,negative
mantap dan sudah saya sebar info ke teman dan tetangga,positive
produk yang saya terima rusak dida dapat guna untuk simpan data,negative
mahal nih masih belah cuma 5x000,negative
barang mantappengiriman sesuai waktu kira,negative
barang rusak enggak kepake,negative
proses mesan sampai kirim cepat kualitas barang juga bagus dengan harga yang cukup murah puas deh pokok,positive
barang darat dengan sempurna,positive
kecewa sekalipesan saat harbolnas 1214 des 2016 pas harga nya murah sekitar 29keh sudah pesan nyata di akhir bulan pesan tolak kapok deh belanja di seller ini enggak tau barang enggak ada atau takut rugi ngejualnya,negative
jempolkeatasjempolkeatasjempolkeatasjempolkeatas sesuai pesan tapi lom di coba,positive
lazada tahi sudah kalian salah kirim barang mau retur pun kao suruh konsumen bayar sekarang mau retur barang pun di bola sana sini kalau cod tidak pernah salah kirim tapi kalau pakai kartu kredit sengaja di kirim salah kerja tahi kalian,negative
dengan harga demikian saya sih siapsiap saja kalau kualitas abalabal walau pas pertama colok tetap nali 64gb tapi berikutberikutnya tiap colok tidak bisa langsung nali harus digoyanggoyang dulu,negative
bagus kirim cepat moga awet soale belum di coba,positive
barang nya jelek di isi lagu pada hilang,negative
saya igin pesan tapi packingnya kalo bisa harus rapi dan aman jadi barang lindung untuk saat ini bintang nanti kalo barang sudah terima dan bagis jadi bintang,negative
penyimanan yang aman,positive
usb nya enggak bisa pakai saya coba di hp merk samsung a3 2017 vivo y91 dan oppo a3s,negative
pesan 32gb yang kirim 16gb slow respon enggak recomend,negative
asli mantap cari aman jangan beli yang abalabal terimakasiih puas,positive
manthaaaap phisik barang dan sistem seperti ok semuamulus lancar charger belum di tes karena saya belum ada waktu beli sambung,positive
barang oke kirim widich lama benar minggu coy,negative
sangat buruk saya belum terima barang tetapi sudah tulis saya telah terima,negative
laur ekspektasi saya untuk ukur 40 dengan harga 22 juta pas promotermasuk bisa antar ke kabawetan kepahiang bengkulu dengan ongkir 100 ribudegdegan juga masalah packingnya soal enggak di packing kayu cuna kasi bubble warp sajauntungnya aman enggak ada masalahsetelah tes semua berfungai dengan baiksemoga awetuntuk ukur layar 40 dengan harga 22totally worth itu,positive
respon cepatpengiriman cepat laptop jos,positive
padahal tv buat rental pas eh tau enggak bisa di waktuin kecewa sih tapi barang bagus enggak ada yang cacat mudahmudahan awet,negative
kondisi barang ok kirim ok bonus ok dan sesuai dengan display tapi sayang enggak fungsi untuk flasdisknya jadi maaf saya retur kembali,negative
sudah minggu pesan tapi belum sampe2 juga telat banget,negative
barang baru atau bekas,negative
tidak sesuai gambar yang ada cuman adapter kit saja pilih toko lain sajalebih baik,negative
keren bisa muat lebih dari 30 judul film kartun,positive
smart hubung nya belum bisa fungsi padahal sudah coba macammacam cara kalau sampai selasa depan masih tidak bisa akan saya kembali barang,negative
jelekbarang rusak kirim tolong jangan beli barang ini,negative
kepake gb saja enggak bisa sampai 15 gb,negative
masmbakkohci ini usb kenapa enggak bisa ke detect ya di hpsaya mau return nih barang kecewa saya beli padahal saya sering belanja di lazada tapi kali ini saya kecewa tolong bagaimana cara supaya saya bisa return nih barang mohon jelas,negative
barang di kirim tidak lengkap tidak ada remote dan tata tv kanan kiri harus munggu hari kerja untuk penulusuran mohon di bantu untuk segera selesai,negative
barang sampai dengan selamatsemoga awet,positive
barang bagus barang kerja dengan baik kirim agak lama,positive
bagus banget ada windows 10 office sudah masuk,positive
flashdisk rusak tidak bisa akses atau di format malu ini toko,negative
1barangny berat nya 135 gram yang harusny 400 gram saya penasaran isi apa kok ringan banget janganjangan flasdisk isi 2buku garansi tidak ada 3no seri hardisk tidak daftar 4kita beli harga yang enggak murah minta tolong seller untuk fair jangan nipucoverny toshiba tapi isi entah,negative
mantul seller,positive
bagus dan murah,positive
barang yang di kirim tidak sesuai dengan yang di tampil,negative
untuk putar video gambar oke lah lumayan baguz meski belum ful hd tapi saya coba pakai pas pakai kabel komponen gambar blur kurang muas karena resolusi cuman 480i,negative
barang lebih cepat datang daripada estimasi waktu sudah coba dan bagus hasil,positive
pesan test di otg android oke enggak fungsi untuk test di komputer belum tau bisa enggak flasdisk otg nya yang enggak fungsi kembali dan tukar dengan yang baru,positive
belum di pakai tapi mudahmudahan lancar thxs lazada,positive
produk ok kirim agak drama saya pilih kirim expres dengan estimasi esok hari sampai tapi notif yang masuk barang akan sampai lusa sedang saya harus ke luar kota coba follow up ke cs sempat di telpon mungkin barang tetap akan sampai lusa coba follow up ke kurir akhir barang bisa datang sesuai estimasi awal terimakasih,positive
mantap sesuai dengan ekspektasi kapasitas sesuai moga awet,positive
terima kasih,positive
tiap copy file ke flasdisknya waktu buka lagi file nya hilang,negative
barang datang coba langsung ofenggak usah deh beli produk ini,negative
sok bad,negative
biasa produk baru ada segel pabrik kalo nih segel kok enggak ketemu belah mana ya tv agak debu dikit apakah semple tapi enggak apaapa mudah2han awet,negative
saya kira karena libur bakal lama sampai nyata tidak barang asli telah dibukasama dengan foto thanks lazada memang effortles banget,negative
levees barang kau,negative
kirim lama banget beli tanggal 12des siang sampai tanggal 17 des sore padahal sama jakarta payah sesal sih netflix enggak bisaboroboro instal saja enggak bisa kodi enggak bisa padahal android tv tapi banyak yang enggak bisa,negative
hardisk tidak bisa dipakaipanduannya tidak ada bagaimana pakai kok enteng banget barang,negative
terima kasih hard disknya cepat banget sampai rumah,positive
sipmantap terima kasih,positive
kok enggak dapat kartu garansi sihbarang sih okcuman kenapa enggak ada kartu garansi nya gankemana2 kalo beli selalu dapat kartu garansinyatolong jawab ya,negative
sangat puas dengan produk nya amazing sekali tv nya no bugs detected moga awet sampai bertahuntahun,positive
terima kasih deh sampai packing rapi banget,positive
kenapa seller abalabal bisa di lazada kurang percaya pada lazada,negative
tv yang kirim sesuai dengan deskripsi dari gambar tepat waktu dan kurir rumah sekali moga tv nya juga awet pakai ya terima kasih lazada,negative
kok bonus breket nya enggak ada ya,negative
puas banget belanja sini barang sesuai dengan apa yang tawar estimasi juga bagus tepat waktu good seller pokok,positive
kalo dp1jt tanpa kartu kredit bisa enggak berapa bulan bayar dan bulan berapa terimaksh,positive
barang bagus terima kasih kakak,positive
barang belum terimapihak lazada bilang sidah terima cek di jne lhoksukon aceh utara barang tidak adaada masalah tigas tidak ramah dan tidak ada solusk mana yang benar email ke cs jne sama cs lazada tidak ada reapon bagaimana nasih barang saya harga juta an,negative
sangatsangat buruk tidak recommended saya rasa urus expedisi urus lazada juga untuk lebih selektif pilih mitra expedisi masa pesan over mpe hari dari dari waktu yang estimasi dan tidak ada konfirmasi sama sekali saya komplen pertama dua ke lazada sama sekali enggak gubris telah saya komplen yang ke 3x dengan marahmarah dan kasar baru mau difollowup dan tidak lama barang antar olh kurir kurang dari 20 menit telah saya komplen saya curiga sptnya bareng sudah datang tapi malas antar sudah begitu ninja expres cuma mnggunakan plastik wrapping untuk buah perangkat elektronik yang cukup mahal tanpa peking kayu lazada tolong di tindak tegas tuh cooca sama ninja expressnya aaammppuuuun enggak lagi2 enggak lagi,negative
barang sudah saya terima beberapa hari yang lalu hanya saja beberapa hari ini cium bau seperti bau gosong kirakira apa turut seller terima kasih,negative
mantap pgriman cepat brang sesuai dengan gmbar brfungsi semua tkz sler lazada,negative
paket lengkap murah top,positive
layan oke paling murah dan muas,positive
terimakasih lazadabarangx xampe cuma butuh waktu hari sajasayasangat puasdan tvnya pun bagus sesuai gambar,positive
packing rapi kualitas oke fitur2 persis seperti deskripsi desain keren cuma yang kurang puas di segi cepat transfer hanya mentok di 910 mbaksi,positive
puas sama products nya good,positive
kecewa sama saja nyata reason tolong lihat reason saya sampai enggak mau tulis lagi,negative
itusi pefect for me and what si wanna,positive
punya saya cepat rusak,negative
trm kasih barang sempurna,positive
ini hardisk atau hanya box nya saja,negative
biar bintang yang bicara,positive
barang bagus packing muantap pakai bubble wrap malam pesan besok siang sudah datang pokok muantap,positive
layar lcd cacat cahaya kekuning2an,negative
datang barang lambat lebih dua hari dari estimasi itu telah kami hubung lalai live chat barang kemas rapi dengan box kayu dan bubble wrap tapi telah kami coba nyala tv hanya nyala lampu indikator saja dari merah jadi hijau tunggu detik dua detik tiga detik puluh detik kok enggak menyalaon seperti tv rusak sediih karena tempat service garansi ada di samarinda kami di bontang jam jalan ke samarinda sampai sekarang belum kami apa apa lagi ini kali dua coba beli tv di lazada kali pertama barang tidak datang2 kami minta refund dan dana kembali kali ini barang datang tapi ya seperti itu,negative
sering error,negative
kondisi box robek jadi tidak tarik untuk jual kembali,negative
bagaimana ganti percuma kalo kasih bonus juga kalo enggak bisa pakai,negative
sesuai dengan harga mantap kali,positive
packing lumayan kualitas orisinal seq readwrite sesuai dengan deskripsi tapi sangat panas saat guna,positive
tvnya sih oke terima dalam ada baik dan masih segel yang jadi kecewa adalah bonus bracket tidak serta dalam paket saya tggu tanggap terima kasih,negative
brang alhmllh aman dtang dengan selamat,positive
terimakasih,positive
barang di terima kotor kayak barang bekas casenya ada tanah2nya di coba bersihin pakai kanebo air masih ada yang tempel turut saya sellernya enggak profesional banget kirim barang kotor enggak di sih dulu buat yang mau beli pikir2 lah dulu meski harga murah kalo dekil juga enggak pakai,negative
aku mau tanya tvnya bisa cicil enggak,negative
pruduk fungsi dengan baik,positive
packing okpegiriman lebih cept dari wktnyjempolkeatas,positive
kereeen tapi tidak ada remotenya,negative
bagus kirim cepat hari sudah sampai packing amantop deh,positive
colok yang ke hp tidak fungsi jadi cuma bisa colok ke laptop saya mau return,negative
barang sudah saya terima tadi siang jam 1118 tapi saya kecewa banget gan flashdisknya kenapa enggak bisa ksimpan ya gan,negative
gambar bagus cuma suara kurang nendang banding tv led sanyotoshiba mungkin karena watnya yang kecil,negative
super cepat kirim cuma hari saja cuman enggak packing kayu dan kartu vip nya enggak ada enggak sesuai promonya dan ketika kita ada sulit cs nya sulit di hubung but overal worthed lahjempolkeatasjempolkeatas,negative
gambar nya ada speker kiri kanantapi telah sampai batang speker nya kok enggak adaharus nya kalau hk ada di gambar nya juga jangan ada gambar sepeker dong,negative
ada harga ada kualitas tv murah kaya begini jangan harap dapat kualitas oke menang merk doang sesal balik pakai 32 lcd aqous lebih joz gue loakkkin nih tv pret,negative
flashdisk nya bisa pakai tapi kok isi cuma 114 giga ya,negative
mantap barang sudah terima kirim cepat banget,positive
barang bagus dan kirim dengan baik,positive
flashdisk bisa namun otg tidak bisa,negative
barang sudah terima kondisi ok sesuai dengan pesan thanks,positive
top untuk lazada moga awet,positive
produk asli dan kerja cepat,positive
ok sesuai dengan yang tampil,negative
enggak kata prosecornya berapa jadi agak kecewa sedikit,negative
kapasitas tidak sama dengan realita cepat cukup cepat rata rata hanya 17mbps agak kecewa,negative
enggak baca flash disk mya,negative
kecewa rusak,negative
tidak bisa pakai rusak saya sangat kecewa dan tidak akan belanja online di lazada lagi,negative
top produk,positive
mantap barang murah datang cepat dan selamat sampai tuju order kemarin hari ini datang cepat banget kurir nya ramah sudah di bongkar langsung coba mantap kualitas tinggal tunggu beberapa hari guna untuk review tv tinggal beli receiver digital biar dapat singal digital yang lebih bening dari pada siar analog,positive
kecewa saya order nano tapi micro tapi yang kirim nano tapi nano,negative
bagus barang dapat hadiah mantap tapi tidak ada struk beli atau kartu garansi nya,positive
sesuai pesan,negative
barang agak lama sampai karena cooca lagi flash sale barang sampai dengan selamat bodi bagus sudah pakai bulan masih oke cuman sekarang jadi agak lelet saja tapi overal sok far sok good,positive
kirim led tv kok indak di packing sama sekali payah beli dus nya hancur semua layar lecet lecetdus tv kan tipis indak tebal harus di bikin amantoh kita bayar nya juga benar indak pakai uang mainanharga juta kok packing nya ngremehin,negative
cukup puas barang bagus sesuai kualitas dengan harga yang paswajahtersenyumdenganmatabahagiawajahtersenyumdenganmatabahagiawajahtersenyumdenganmatabahagia,positive
kabel enggak sesuai dengan gambar jadi enggak masuk,negative
kirim cepat banget 1hari sampai packing rapi kirim ramah pokok lazada no online shop di indonesia,positive
tidak bisa copy data,negative
transfer data okekapasitas,negative
barang alhamdulillah sudah sampai tapi kirim lama wajahmenangiskeras di tunggu email fre hooq nya ya jangan sampai kayak kirim lama,positive
barang sampai dengan selamat terimakasih lazada dan seller mantab,positive
barang sesuai dan bagus thanks lazada,positive
alhamdulillah barang muas moga berkah juga buat seller dan lazadanya amin tangandiangkatdandirapatkanbersamatangandiangkatdandirapatkanbersama,positive
barang sudah terima ini tidak murni 16 gb cuman 14 gb baca dan cepat transfer tidak up 100mbps rata cepat transfer hanya 17mbps dan cepat transfer paling tinggi hanya 25 mbps an kata orisinal tapi kok begini ya,negative
ubah pikir,negative
mantap respon baik,positive
product pesan dari harbolnas desemberbaru sampai 28 desember lama dan jawab nya selalu harap sabar tunggu,negative
mantaps dakh,positive
barang datang dengan selamat agak lma tunggu karena potong sabtu dan minggu kaki2 goyang saat di pasang mur moga awet tunggu bonus nya,negative
kecewabarang tidak sesuai dengn gambar dan telah di coba nyata fdnya rusak data jadi korup telah di pondahkan ke dalam,negative
packing sangat aman kondisi tv baik walaupun tidak sesuai ekspektasi karena remote nya nyata yang biasa saja tidak seperti yang di iklankantv fungsi sangat baik sudah bulan tunggu nyata wireles speakernya enggak dikirim2 cuma php tapi masih untung tv nya kirim hehe,negative
barang sudah darat gandan lengkap seperti yang terteraterima kasih,positive
harus di deskripsi dijelasin benarbenar kalau support usb harus support usb dan kalau tidak support usb jangan tulis support usb jadi tipu beli memang ada port usb di belakang tv nya tapi itu hanya untuk service only kecewa benarbenar kecewa,negative
sekarang bisa di pakai di smartphones dan pc mantap deh sandisk,positive
saya pesan 32gb datang 8gb,negative
mantabproduk terima dalam keadahaan sehat wal afiat,positive
nice quality,positive
barang sudah terima dengan ada baik packing rapi kualitas barang sesuai ekspektasi,positive
yen juga cuma spekernya kurang ngebas over ol oklah,positive
thankyou buat barang super bagus orisinal pula dan di match ke android samsung sih auto ciamik enggak diraguin lagi sih thankyou juga lazada buat harga 1111 kemarin wajahgembiraberuraiairmata,positive
barang masih ada,negative
alhamdulillah tv nya darat dengan baik walaupun enggak di packing dengan kayu tapi alhamdulillah layar enggak pecah thanks lazada moga awet tv nya wajahtersenyumlebarbermatahati,positive
foto usb 30 tapi deskripsi tidak ada jelas usb 30,negative
tv ya bagus,positive
bagus barang nya,negative
saya mesan hari minggu kok sampai skarng belum dtng,negative
gue kecewa sudah tunggu lamalama tapi hasil malah begini wajahtanpaekspresi packing enggak rapi terus sim enggak ke baca terus gue pasuk sd card eh malah ke tln dan enggaksusah buat di keluar,negative
kartu smartfren tidak ada buku pandu juga tidak ada pas dinyalain error murah sih tapi kalo enggak bisa di pakai buat apa di beli,negative
alhamdulillah,positive
paket terima dengan baik dan warna sesuai pesan lazada tetap okeh,positive
ok nyala dan kurir juga ramah,positive
puas moga awet kirim cepat,positive
barang sudah terima dengan baik sesuai gambar namun ada tera gratis voucher tetapi di dalam packing dan kurir pun tidak ada yang beri voucher yang maksud tolong cerah tks,negative
bara sesuai dengan gambar kirim nya cepat,positive
kalo mindahin datafoto pertama lncar tapi kalo dua kali malah jadi enggak baca data,negative
barang cepat sampai terima kasih bonus2nya jempolkeatas,positive
barang oke cuma kode aktivasi tech titannya kadaluarsa,negative
barang yang kirim barang yang harga lebih murahsangatsangat kecewa,negative
pertamax takut brangx jelekstlah dtang aku sukaterima kasih lazada,positive
pesan barang tanggal jangan 2018 jakarta utara ke jakarta barat sampai tanggal 16 jangan 2018 belum sampai juga kurir nya kalo jalan kaki juga enggak tau deh sampai mana,negative
tulis doang 8gb tapi pas di buka cuma 2gb sangat kecewa,negative
flashdisk rusak jual enggak bisa di pakai sama seka bagaimana ini,negative
produk yang cukup bagus lihat memang harddisk jadi enggak kena bentur langsung,positive
barang ready gan,negative
saya beli flashdisknamun salah satu rusak,negative
good quality of item fast delivery,positive
android 90 ready ini masih 810 dan diupdate enggak bisa,negative
tidak kompatibel bisa sengat saat colok ke usb,negative
hdmi nya enggak bisa di pasuk anycast dongle,negative
tidak sesuai deskripsi yang pes tosibah yang kirim merk indak jelassangat kecewakalo bareng tidak sesuai jangan kirim kecewa sekali,negative
kirim enggak sampai 24jam sudah sampai barang original tidak satu pun yang cacat cuma masih kurang paham penggunaanyawajahtersenyumlebardanmatatertutup,positive
kirim mantap paket sampai dengan cepat,positive
saya pesan uang sudah di transfer tapi barng tidak sampai,negative
ps2 saya slim cuma sch nya 9006 bisa enggak ya pakai hardisk ini,negative
kualitas nya sesuai harga laah harap bisa tahan lama,negative
pesan 23 nov 16 tapi sampai 21 dec 16 belum sampaisampai juga status pun belum ubah dari status awalhuft,negative
cepat sampai ke jogja pesan kamis sabtu sampai,positive
bagus sesuai gambart puas murce wajahtersenyumlebarbermatahatiwajahtersenyumlebarbermatahati,positive
barang enggak bosa pakai,negative
kirim cepat banget pesan tanggal 14 pagi sampai tanggal 15 siang padahal cod kondisi barang alhamdulillah baik recommended lah pokok,positive
rugi2 beli flesdi kayak begini,negative
berfunsi dengan baikterima kasih,positive
sedikit tanda tanya 32 gb tapi isi enggak ful,negative
enggak bisa guna,negative
good psngiriman cepat,positive
dengan harga yang murah tapi kualitas ok2hari barang sudah sampai ke daerah sumedang,negative
masih belum bisa jika guna bagai installer disk bootable kalau untuk simpan data film masih oke dan kenal lcd tv,negative
lumayan tapi kalo remote nya hilang enggak bisa pakai kayak nya cuma ada tombol onof saja di tv nya harus ada smartphone yang bisa dukung buat guna tvnya,negative
barang bagus tapi kirim tidak sampai ke rumah malah di ajak ketemu di jalan,negative
gambar mecah,negative
lumayan deh,negative
kinda dissapointed at first bcz its written that the harddisk is 120gb but when plug itu tapi my pc its just 111 but ya thats fine tho itusi ini good condition thanku,positive
mantap terimakasih,positive
baru kali ini saya agak kecewa dengan bareng dari lazadasan disk nya tidak ada hologram nya di kemas nyabukan 32gb tapi 29gbapakah ini bukan sandisk asli,negative
barang cepat banget sudah sampai rumah terima kasih lazada best lah enggak sempat foto soal saya lagi kerja,positive
produk sesuai harap,positive
fungsi cuma tiap masuk laptop kok keluar pesan kalo error detected dan need tapi be scanned,negative
flashdiaknya enggak bisa ngesave film bagaimana nih,negative
layan kirim kurang muas barang tidak sampai di alamat tuju karena alamat saya masih ke kabupaten lagi dan barang di ambil di ibu kota provinsi ongkir tambah lagi untuk ke alamat tuju,negative
sudah di terima barang ok moga awet,positive
brang ok fungsi dengan sempurna,positive
flasdis lot enggak bisa buat simpan file file sering hilang,negative
harga nyata sangat mahal banding dengan online shopping lain utama yang inisial sangat sesal,negative
barang sana sudah datang sesuai yang pes,positive
barang ok kurir juga baik cuma masih bingung bagaimana cara masuk ketv,positive
sudah berkali2 mengantarsudah wa kok enggak diantarekspedisi apa inikatanya mau antar kok malah dibatalkanlazada bagaimana ini kok kerjasama dengan ekspedisi yang amburadul,negative
bagus televisi dan moga awet pokok recomended buat sellernya,positive
barang datang dengan selamat ke sumatra kabdeliserdang kec cut itu,positive
harga murah asli 32 gb bonus yang amat amat guna,positive
sangat kecewa bareng cepat datang tapi gambar tengah lcd tvnya rusak parah nih masak saya dkirimi tv rusak,negative
packing rapi namun kurang aman karena hanya menggunakkan bubble wrap bukan kayu tapi semua ok barang bagus mulus tidak ada goresandan kirim sangat cepatjempolkeatas,positive
barangx sudah sampaithanks lazada,negative
barang jelek sekali harus nya 32gb baru di isi sekitar gb mulai jadi lambat makin lama makin lambat kalau di isi photo total bawah 5gb masih ok lebih nya error tapi enggak ada error notification hanya waktu photo di buka error opening beli unit semua nya sama kapok,negative
produk yang layak buat milik,positive
barang belum saya terima mohon bantu gan terimakasih,negative
lumayan lah enggak kecewa wajahmemeluk,positive
sampah kok kirim,negative
pesan tanggal juli sampai sekarang tanggal 14 juli belum sampai baru tanggal 13 juli ada no resi jne buka maksimal hari harus tampil ya padahal lagi butuh buat backup data kantor,negative
recommended sudah kali pesan,positive
paket sudah darat dengan baik kirim cepat brli tanggal 14 nympe tanggal 16 joz ninja expres sep malem2 masih kirim,positive
barang terima dengan baik tapi sayang barang enggak bisa pakai karena error terus,negative
bisa di tukar,negative
jos,positive
barang cepat sampai dan bagus banget,negative
bagus dan rapi peking ya kurir ya baik terima kasih lazada,positive
gambar tidak bisa jernih dan tajam,negative
barang belum datang tapi lapor sudah datangbagaimana sih ini,negative
barang cepat sampai dan micro sd sebut 100 original garansi sellernya bukan kaleng2,positive
sudah terima sesuai order terima kasih seller,positive
barang bagus dan semua bonus dapat cuma kirim agak lambat dari waktu yang tentu lebih bagus recommended seller,positive
kecewa saya enggak sesuai banget jual yang 64gb tapi yang kirim 32gb bagaimana ini,negative
mantap lah 2x pesan barang ini enggak pernah kecewa sesuai gambar respon ok kirim juga jos,positive
barang sesuai deskripsi mantaph,positive
apa karena harga tidak pernah bohongsuka banget file di simpan fd ini tidak baca dan minta di format melulu,negative
mcnya sih ok sudah gue coba copy video sampai tggl sisa 15gb semua video enggak ada yang corrupt at hilang aman total capacity 298gb cepat tulis oklah keknye lebih cepat dari usb 20 barang orisinal kayak kalo gue lihat dari finishing sih rapi dan cetak enggak luntur,positive
bareng sudah saya terima dan sesuai dengan yang di iklan kan mantap jadi mau belanja lagi maju terus lazada oye,negative
mantaab pakai packing kayuke luar jawamantul cooca,positive
kecewa brngnya enggak bisa pakai,negative
lebih baik cari yang lain,negative
pesan yang 64gb yang saya terima 32gb,negative
kenapa enggak bisa ngeplay,negative
brng sudah di terima thanks lazada,negative
warna rose gold nya baguuuus banget packing oke pakai bubble warp kapasitas real 2t sama sekali enggak sesal good job wajahgembiradenganmatabahagia,positive
enggak bisa ke buka filenyabagaimana ini sangat kecewa,negative
very bad,negative
kirim cepat banget packingan rapi dan barang fungsi dengan baik top markotop deh,positive
bagus sesuai yang di harap enggak nysel enggak kecewa beli juga thnks seller lazada,negative
kok tv nya beda yaenggak kayak model yang sekarang ini mah bawah kayak ada speackernya aneh jadi nyasudah lama kirim pas datang kayak beginihem tapi kurir dari lazada mah sudah langgan jadi pada ramah bangetcuma playanan dari lapak yang kurang muas,negative
barang sesuai deskripsi orisinal dan fungsi dengan baik bonus hardcase bagus,positive
fast respon dan murahpengiriman cepat walaupun bareng belum coba karena belum pulang kerja,positive
brngx sangat mmbntu terima kasih ya akhrx hardisk nganggur brguna,positive
kecewa jangan beli beda jauh sama di gambar,negative
sesuai harga,positive
pesan sampai dengan aman dan sesuai dengan deskripsi thx,positive
barang bagus kirim cepat,positive
enggak bisa pakai buat simpan file,negative
barang oke sesuai,positive
dari test cek dan lama pakai gue konekin juga dengan hometheater avr yamaha dan harman kardon 1hdr10 tidak jelas ada apa tidak karena area gambar masih blur walau tajam sudah di naik banding dengan tv merek lain yang sudah hdr10 2resolusi sudah 4k 60hz hdmi20 bisa play yotubefilm 4k 3chip tv tunernya masih 8bit belum deinterlace akibat tulis jalan dan gambar yang gerak cepat gar dan tidak halus siar analogdigitalnya muka orang jadi kotak2 parah tunernya adopsi teknologi jadulwalau sudah benam band dvb t2 4port hdmi belum support arcparah wajib ada penting untuk koneksi ke home theater dengan tata suara 51 71channel 5port audio out spdif optic sangat sangat kecewa sekali dts nya tidak keluar sangat parah wajib buat konek ke hometheater yang guna sistem audio 51channel padahal di spek atur tv ada ting dts on 6kualitas panel layar rendah screen blending cukup menggangu area hitam di pojok kiri kanan atas bawah layar 7sistem androidnya banyak yang di hideblok ke area menu utamabisa atas dengan aplikasi lain 8bila sedang tonton tidak bisa langsung rubah ting audio videokecuali di media player 9tidak support harddisk 4tb max 2tb 10 spek yang tidak jelas tentang hdr refresh rate local dimming respone timetest main game fps ada ganggu bayang mungkin respontimenya atas 10ms cukup ganggu 11 instal kodi cctv view chrome gamepad speaker bluetooth lancar tanpa leg untuk yang hoby main game tonton film dengan audio dts dts hd master dengan tata suara 51 91 dan gambar siar tv bening yang sudah 10bit tunernya baik siar analog mapun digital dvb t2 tv ini tidak rekomendasi masalah hdmi arc audio dts screen bleending sampai sekarang pihak cooca belum ada tanggap,negative
tidak sesuai dengan pesan pesan saya datang dengan kondisi layar pecah dan saya langsung balikin tuh barang saya terima tanggal april dan saya balikin tanggal april saya mau tanya apa barang saya tukar dengan yang baru apa duit saya dibalikin dan saya mau tanya apa barang yang saya balikin sudah di terima,negative
mantap banget,positive
keren bagus dehlu beli deh jangan baca ulas terus,positive
judul sama deskripsi kok beda,negative
tv mantap,positive
tangan dan kirim cepat,positive
enggak bisa di pakai dua dua nya,negative
orisinalpngrmn nya sukses,positive
bagus terima kasih lazada wajahtersenyumlebardanmatatertutupmudah an saja awet,positive
alhamdulillah sudah sampai tadi siang pesan mulai tanggal 1015 di tanggal 15 siang baru nyampai drumh baik hampir semua tapi led dalam bagi kanan atas tenyokpecah yang ada di gambar yang saya uploade oh ya kartu evip nya mana pakbu masalah urus led nya bagaimana harap untuk bisa dijawabditanggapi,positive
chat seller meng iya kan warna hitameh yang datang putih,negative
terima kasih bareng sudah sampai packing rapi dan aman sudah coba moga awet dan enggak ada masalah,positive
kondisi barang cacat layar gar dead pixel,negative
barang sudah sampai dengan selamet,positive
kasih dulucosbelum test,positive
mmc nya deh datang kerja dengan baik sesuai dengan deskripsi mantap tq lazada dan seller,positive
barang sudah sampai dan ok tapi untuk voucher bonus sudah exp tahun 2017 wajahmenangiskeraswajahmenangiskeras,positive
barang tidak sesuai pesan,negative
kami kecewa flsdisnya tudak bisa guna hanya bisa simpan data namun tidak dapat baca kembali,negative
ok bareng sudah dtrima baguspackingnya super super aman ada busa tebal plus plastik kedap udara tebal kurir juga ramah moga awet thanks weiyue store lazada,positive
barang sesuai harga mudah mudah awet,positive
aman samapai dengan selamat meski di buble,positive
produk jauh dari yang harap sangat kecewa,negative
produk terima dengan baik,negative
mantap sesuai dengan deskripsi,positive
barang tidak fungsi dan tidak baca di komputer,negative
barang bagus harga juga murahmakin setia jadi langgan lazada,negative
barang sesuai kirim cepat terimakasih,positive
packing aman dan oke kirim walaupun lmyn jauh respon cepat terima kasih oh ya tvnya belum tes baru buka kardus doang,positive
kualitas cukup bagus dengan harga yang jangkau,positive
tv nya jos terima kasih,positive
ok deh pokokx mntap,positive
awal sih flashdisnya bagusbagus saja kenapa sekarang minta format ya banding dengan flashdisk yang lain ada beda di tulis yang 64gb warna baca sandisknya kurang cerah,negative
payah kga bisa pakai sudah coba simpan data tapi tidak bisa simpan waktu terima yang memory 64 gb sudah buka dari segel,negative
fungsi sesuai guna,negative
sorry telat asih review pesan sesuai dengan yang pes star buat seller,positive
mantap barang mantul cuma kecewa sama lambat barang ya lewat hari tapi untuk barang norjay,negative
pesan flashdist kenapa datang nya tolong dong di cek dulu belum di kirim mana bayar nya lagi,negative
okey juga sesuai ingin barang sampai dengan selamat trimkasih xiomi,positive
flashdisk nya mantap oke banget kirim cepat lebih cepat dari tanggal yang tentu kualitas oke suara musik bersih jelas di dengar tahan terus kualitas bos,positive
mantap lah pokok nya tidak kecewa hampir pesan 10 barang thank lazada and seller wajahtersenyumlebarbermatahatiwajahtersenyumlebarbermatahatiwajahtersenyumlebarbermatahatiwajahtersenyumlebarbermatahatiwajahmemberikanciumanjauhwajahmemberikanciumanjauhwajahmemberikanciumanjauhwajahmemberikanciumanjauhwajahmemberikanciumanjauhwajahmemberikanciumanjauh,positive
kirim ke bal terlalu lama pesan dari tanggal sampai tanggal 18 bingung barang deh sampai mana tidak ada pemberitahuan lambat,negative
dari awal memang enggak ber ekspetasi tinggi buat tab ini karena niat cuman tonton film korea tapi pas sudah datang dan di cek spek di ap nya aida64 edit banget dari mulai ram rom imei ada sama procecor nya tambah kualitas layar yang pixel nya parah banget redup dan enggak jelas mending advan dl,negative
barang bagus cepat sampaipacking bagusbenda benda tambah ikut harga juga dan kualitas jelek,negative
bagus cuma kirim saja lumayan lama ampir minggu tapi flashdisk nya enggak bisa pakai buka file atau data wajahmenangiskeras,negative
ok bangetbarang cepat sampai xiaomi android ok bangetrekomended seller mantulsiiip fungsi semua thanks lazada thanks xiaomiwahanasuperstore,positive
bagus cuman usb nya enggak jalan,negative
kirim nya rapih sesuai dengan gambar cepat juga kirim nya aku suka,negative
sudah sampai dan sudah di coba barang sesuai dan fungsi dengan baik bonus hardcasea juga bagus meski agak sedikit besar casenya thanks,positive
cukup puas walau tidak penuh sampai 16 gb capasitasnya cuma 14gb,negative
sudah terima tepat waktusip belum coba,negative
barang sesuai pesananharganya murah tapi kapasitaanya enggak murah,positive
tv nya enggak ada signal dan gilir saya kembali tolak kenapa cobasaya sangat kecwa,negative
lazada and ninja xpres benarbenar xpres cepat kilat thanks ya barang sudah sampai dengan selamat,positive
produk bagus dan tidak kecewa puas belanja sini packing juga dari kayu jadi tv nya aman banget thanks lazada wajahtersenyumlebarbermatahati,positive
sayang masih kosong lom di instal officenya downloadnya ribet terima kasih ya,negative
hadiah nya mana gamepad,negative
pengirman cepat windows sudah versi inggris paking aman,positive
sudah pasang di hp bisa cuman belum nyoa isi file moga awet,positive
barang sudah sampai dengan cepat terima kasih,positive
bagaimana nih barang sudah bulan lebih enggak datang2status di lazada pun belum di proses di kirimplease follow up lazada team,negative
sangat buruk,negative
real pic sihtapi enggak cocok soket hp sayakekecilanjadi enggak kepake,negative
belum sempat pasang di wal bracket karena beda baut dengan tv ku yang lama overal sangat bagus dengan harga jangkau sudah bisa wifi remote bluetooth serasa pakai hape di tv packing rapi pakai bubble respon dan kirim cepat very recommended seller,positive
barang yang saya pesan yaitu tv dan bracket nya sama sekali belum saya terima tapi saya dapat email dari lazada barang sudah di terima saya cansel saja pesan saya terimakasih,negative
mantap bosque bayar jumat sabtu sampai barang sesuai rekom deh,positive
standard saja kuaitasnya,negative
pesan saya mana,negative
bagus banget,positive
lumayan tapi lewat jadwal kirim nya,negative
kirim lebih cepat hari dari estimasi barang terima dalam ada bungkus rapi dan mulus gambar dan suara bening moga awet harga lebih murah dari toko terima kasih lazada,positive
barang nya jelekngk bagus,negative
kirim tepat waktu barang oke fungsi semua tapi enggak ada kaki nya bagaimana diri ini nya nih gan mohon segera kirim ya harus nya bom kirim cek lengkap nya jangan sampai tinggal,negative
kirim agak lama tapi puas dengan tv nya moga segera dapat fre hooq nya,negative
saya order otg flasdisk tapi yang datang flashdisk saja plus beda merk order samsung dapat hpmau balikin lebih ribet lagi prosesnyakecewa,negative
enggak bisa pakai sama sekali usb rusak saya minta ganti sama yang fungsi,negative
barang sampai dengan selamat dan dalam kondisi yang bagus terima kasih,positive
terimakasih lazada memory card samsung 32gb sudah darat sampai di rumah moga barang nya guna buat saya,positive
packing oke saya daftar sn pada barang ini di website tapi tidak deteksi bingung saya,negative
barang sudah sampai dan sesuai deskripsi,positive
barang jos mantap,positive
bagusrecokmended banget kurir nya ramah tnk lazada,positive
murah cepat samped walaupun packing ada barang oke,positive
dari sekian banyak barang yang saya beli di lazada cuman di toko ini yang paling parah kirim lebih dari estimasi barang yang di kirim pun cacat benar benar cacat,negative
barang orisinal sok far oke oke saja,positive
barang sesuai ekspektasi,positive
halo mengapa tera bahwa barang sudah terima sedang nyata barang belum ada saya terima mohon perhati atas nama beli maria sianturi,negative
barang nya bagus enggak ada lecet sama sekali packing rapi kurir nya juga ramah terima kasih lazada,positive
aku sering belanja di lazada dan enggak pernah kecewa kirim cepat pokok the best lahjempolkeatasjempolkeatas,positive
alhamdulillah paket sudah terima lum coba mudahmudahan awet amin yra,positive
barang bagus sesuai ekspektasi rekomend lah,positive
sampai dengan selamat,positive
barang kau guys bilang simpan 64gb tapi benar cuma 500mb gue sudah beli 10 lagi mau jual tapi nyata malah rugi kalo lu colokin flashdisknya ke laptop bakal baca 62gb tapi coba saja lu simpan file lebih dari 500mb bakal corrupt filenya,negative
lebih cepat dari yang janji,positive
flashdis nya error semua file masuk ke situ jadi rusak,negative
sesuai gambar good,positive
proses kirim sangat cepat 12 bayar 14 sampai tapi kaget syok terima paket tipi gede ini di paketein enggak ada kam sama sekali cuma buble wrap enggak ada packing kayu kartu garansi enggak ada layar tv bagi samping koplak2 aduh bagaimana jalan keluar atas layar nya tolong jawab gan,negative
barang enggak bisa di pakaidata enggak bisa baca,negative
sudah sesuai dengan gambar dan emas yang cukup baik kirim sesuai kira senang belanja di lazada,negative
mantap barang murah riah,positive
tv nya bagus tapi hanya untuk yutube browser nya enggak bisa play iflix viu dl karena tidak kuat simpan hehehe tapi overral bagus thx,positive
lumayan bagus,negative
maaf mas kok kagak bisa di password iya flashdisknya palsu tapi ngapapa yang penting bisa pakai,negative
murah bagus sesuai pesan,positive
barang sesuai harap kirim cepat,positive
tb sudah sampai dengan selamat bareng sesuai mudahmudahan awet kurir ninja van ramah wlpun enggak ada orang rumah tapi usaha nlp knfrmasi tenkyu lazada tenkyu cooca,positive
waktu bareng datang agak resah karena dkerubuti semut tapi stlah dcoba bisa dan tidak ada rusa fisik cukup puas dengan hrga gin sudah dapat smart tv 40 moga awet,positive
sesuai deskripsi barang bagus barang sampai lebih cepat dari ekspektasi keren deh pokok,positive
saya sudah mes dan tunggu bulan untuk produk ini namun saat seseharusn sampai tiba tiba batal dan tera alamat tidak temu padahal di google map pun alamat ini muncul,negative
kartu garansi belum enggak ada di paket bagaimana supaya kartu garansi dapat kirim,negative
keren barang tidak lecet sama sekali,positive
sesuai gambarmurah jos pokoke,positive
tidak bagus,positive
belum terima kasih sudah sampai barang tapi sini saya ulas semua 1flash drive sesuai gambar namun isi yang beda tera di flash drive 64 namun jadi 58 tapi enggak apaapa alhamdulillah karena ada harga ada barang toh 2pengirimannya lama 3sellernya kurang respon dan lebih bagus,negative
anehbarangnya sampai juga kagaktapi status di lazadanya sudah terima dan saya cek ada palsu paraf sayaprofesional sekali,negative
kok aneh ya di status lazada barang telah kirim dan ada no resi pos indonesia tapi kenapa pas di cek no resi enggak daftar atau enggak ke lacak ya kalo memang belum di kirim jangan tulis di status telah kirim jadi buat konsumen tunggu dan kalo memang stok atau barang habis jangan di jawab ready coba dari pihak lazada untuk di tinjau ulang dengan pihak toko yang jual produk ini jangan sampai banyak konsumen yang di buat kecewa karena saya masuk orang yang sering belanja online di lazada thanks lazada,negative
mungkin karena produk negeri luar yasaya nrima agak lama,negative
tv belum diterimaterus gunaya lazadacare apa,negative
layar tv yang saya terima ada gores saya mau retur,positive
beli eh duaduanya enggak bisa pakai mana ada file yang di cut dari pc lagi jadi hilang sampah,negative
mantap,negative
jelek banget ya enggak bisa di pakai sama sekali di pasuk data malah error benar sih 64 gb tapi kalo enggak fungsi mah ya buat apa pantesan saja murah,negative
terimakasih lazada saya suka tapi flash disk nya belum saya coba kalau bonus nya sudah semua nya fungsi dengan baik terimakasih kurir nya baik ramah,negative
pakai otak kelian kalo jual woi pikir beli jing dari dolo tak pernah ubah kelian tukang kasus,negative
kirim saya pikir pakai packing kayu nyata cuma buble wrap tapi aman sampai tuju saya pesan 27 maret sampai tuju april sekitar minggu kirim oke,positive
kirim cepat namun unit yang saya terima tmpkny ada masalah sering error dan enggak ke detect pas lagi dipke untuk psnan lain micrsd brjln baik belum ada kendala,negative
sedih sekarang flashdisknya sudah hilangjatuh pas main bola,negative
barng ok,positive
packingnya bahaya tanpa packing kayu cuma di lapis buble wrappriatepukjidat,negative
barang sudah terima dengan kirim sesuai jadwal antar ramah verpacking rapi dan kuat barang sesuai pesan dan muas,positive
belum di tes moga bagus lama sampai,negative
barang bagus sesuai pesanansudah saya isi data sepeed bagustrimakasi lazada,positive
terima kasih lazada tvnya mantul rekoment untuk seler,positive
lazada sangat kecewa order dengan cicil tapi tagih tetap ful komplain ke customer service hanya di jawab masih dalam proses aju sampai chat box nya di tutup cepat2 padahal belum selesai tanya capek deh,negative
alhamdulillah barang telah terima rumah ibu dalam ada baik tanpa cacat info antar pakai mobil ira pakai becak hehehe estimasi tanggal 10 badala tanggal pagi deh terima ibu selamat ultah yang ke 72 ibu moga manfaat baru sekali beli di toko ini nyata lebih cepat dari estimasi kirim,positive
pesan yang 32 gb yang dtang 16 gb,negative
barang bagus sesuai yang di posting moga awet terima kasih freebang,positive
flasdisk rusah gambahr lagu data enggak bisa di buka,negative
kirim lebih lama dari estimasi barang nya mantap masih di segel packing barang pakai amplop coklat saja yang 32gb isi 2942gb terima kasih min ya,negative
tv ini cocok buat tonton bokep bareng keluarga besar bahkan satu kampung pun bisa dan lebih asik cocok buat mabar bokep ya,positive
good product,positive
mantap untuk gaming cukup muas,positive
produk ok tapi janji fre bracket malah kagak ada,negative
very cute,positive
barang mantap dan samapai dengan selamat cuman kurir ninjvn nya bikin kesel karena lambat,negative
paket sudah saya terima tetapi sayang sekali ini bukan netbook tidak ada windowsnya baik windows 1087 dl saya kecewa sekali ini kayak android dan lagi warna yang saya pesan warna hitam yang kirim mok warna pinkbagaimana ini lazada saya mau kembali,negative
enggak bisa copy file telah copy paste di cek di laptop blenk semua,positive
bagusrecomended seller,positive
barang yang saya terima ok kualitas dan harga juga ok cuma masalah nyampai nya lama hampir minggu mungkin karena daerah pontianak maka lama tapi dari semua saya sangat puas terima kasih lazada tinggal tunggu barang ge yang belum sampai,negative
terimakasih sesuai yang di gambar,positive
muantap,positive
sukamaju indah,positive
kecewa sama flashdisknya kapasitas kurang 28 gb sudah begitu enggak konek ke otg bagaimana ini saya minta kembali saja uang nya buat apa mahal tapi enggak konek ke otg,negative
mantap gan pengirman cepat visan barang bagus tapi belum di coba,negative
harga murah barang bagus epak rapi kirim cepat kurir ramah pokok lazada the best jempolkeatasterimakasih lazada melipattangan,positive
assalamualaikum apaflashdisk tidak dapat di gunakanapa bisa di kembali ingat garansi bulan,negative
mantab jiwa,positive
flashdisk 64gb nya enggak bisa guna,negative
mantul pesan tanggal 6tanggal sore sudah sampai saja padahal cod ke daerah desa pula top pokok btw cara claim bonus hooq nya bagaimana ya,positive
saya sudah pesan sejak tanggal agustus 2016 sampai hari ini 11 agustus 2016 pesan belum juga sampai bahkan saya cek resi yang di ikan oleh lazada di jnecowokid yang ada malah not found apakah pesan saya benarbenar di proses,negative
belum coba sesuai harga mudahmudahan fungsi dan awet,positive
like this design sok convenien,positive
harga sesuai dengan kualitas kirim cepat,positive
tv di terima dengan baik tanpa ada cacat sedikit pun,positive
barang bagus sesuai pesananpackingnya rapi barang dua dua bagus tidak ada masalahterimakasih lazadaterimakasih sellerjempolkeatasjempolkeatasjempolkeatas,positive
siapa yang ira enggak dapat tas nyata dapat tas di terang enggak dapat tas sudah hubung admin shop kata tidak sedia bagtas untuk item ini sudah lanjur beli tas di belah nyata bawa dapat tas hahha,positive
kirim dan packing oke barangnys juga oke pokok puaas,positive
tidak bisa di pakai,negative
lumayan,positive
belum dcoba,negative
pua banget ledny bagus hrga brshbat mudahmudah awet thanks lazada,positive
kenapa hanya di batam ongkir nya sangat mahal sekali,negative
saya sangat kecewa sekali dengan barang ini karena tidak ada satu yang fungsi saat baca laptop memori ful dan format juga tidak mau,negative
kirim cepat barang sesuai bagus deh pokok,positive
barang pesan belum saya terima kenapa sudah ada email bahwa saya sudah terima suruh tulis ulas pula apa yang mau saya ulas,negative
enggak sesal beli di lazada bonus banyak terima kasih,positive
tolong bantu barang yang saya terima dengan packing kayu dan lihat baik baik saja telah saya buka nyata isi pecah dan tidak bisa digunakansenang saat lihat barang pesan tiba tapi sedih saat lihat isi nyata pecah dan tidak bisa guna,negative
tolong di kirim ulang,negative
kecewa karena barang tidak sesuai gambar,negative
kok enggak bisa baca ya fd nya sudah lah tunggu nya lama begitu sampai malah enggak detect kecewa,negative
mantap benar sesuai,positive
saya sudah berkali2 beli barang di lazada namun kali ini saya kecewea karena barang yang saya beli tidak sesuai dengan iklan di web di web nyata televisi bisa koneksi dengan flashdisk namun ketika barang sampai tidak bisa guna sama flahsdisk di iklan juga janji kirim dengan paking kayu namun hanya guna bubble wrap sehingga saat kembali barang saya harus bayar 100000 lagi untuk bungkus dengan packingan kayu rugi banyak duit deh jadi,negative
sudah di terima dan cuma lazy pot nya kok kayak second ya,negative
flashdisk memang belum datang padahal saya pesan tanggal 27 januarisampai sekarang belum sampai wajar sih kalo kirim dari luar negeri waktu kirim tidak sesuai estimasi moga flashdisk datang dengan selamat dan kualitas bagus,positive
barang sudah sampai packing kayu nyata ada bagi packingnya patah kardus lihat rusak sobek bagi kayu packingnya yang patah eh telah buka nyata lcd tv nya remuk alhirnya saya langsung laku retur barang sudah saya packing kembali seperti sediakala untuk di retur kepada jne nya lagi dan saya ingin pesan lagi,negative
suara belum uji,negative
alhamdulillah moga awet,positive
bagus masih segel seagate moga awet,positive
barang sudah sampai hanya braket nya enggak ada kenapa ya kata fre braket,positive
kirim cepat barang bisa guna dengan baik thx lazada seller melipattangan,positive
sudah lewat batas kirim barang belum sampai,negative
product mantap gambar jernih,positive
sudah chat dengan asus untuk aktifasi kode microsoft office karena original saran untuk bawa ke asus center sampai di asus center lampung staf tidak mau layan kata hanya untuk hardware daripada pusing pergi saja toko lain untuk instal office walau tidak original dan keluar biaya charger juga agak longgar gampang lepas saat colok,negative
barang bagus ok rapisayang kirim agak ngaret enggak sesuai batas max yang mereka tentu sendiritolong baik lagi waktu pengirimanya ya thanks lazada,negative
barang sesuai kriteria,positive
bagus qualitynya lumayan untuk harga segitu,positive
enggak bisa pakai file2 yang sudah dipindahin enggak bisa ke buka harus dformat dulu kecewa lah,negative
otg nya rusak,negative
bagi data tidak baca,negative
bisa pakai dengan baik mudahmudahan awet,positive
barang bagus sesuai spek,positive
begitu barang buka dan coba sudah ada dead pixel garis panjang barang baru kok sudah cacat kirim pula ke customer memang murah dan diskon tapi jadi kesan murah dan sembarang sudah complain ke cs cooca dan harus kirim dulu ke jakara untuk tukar unit repot sekali,negative
paket telah terima tapi belum coba moga awet seller the best untuk servicenya chat balas terus karena paket saya lama sekali sampai tapi barang ada hologram kok di depan insyaaallah orisinal,positive
cepat tepat mantab dan sesuai pesan,positive
saya ingin mengbalikan flashdisk karena enggak fungsi sama sekali tolong saya ingin ganti baramg sebut dan kirim alamt toko anda agar saya bisa mngrmkn kembali,negative
data korup bohong publik,negative
sudah pesan tunggu minggu pesan batal garagara barang enggak ada ribet uang wes harus tunggutunggu,negative
mantap barang sesuai gambar packing rapi tapi belum di pakai minggu kok gambar langsung tidak ada tapi suara ada masih ada garansi tidak ya,negative
bagus lumayan untuknharga segitu,positive
barang bagus saya puas dan kayak saya mau pesan lagi,positive
barang deh terima minggu sore layak dan cepat tlng pertimabangkan lagi untuk packng aman barang bisa tingkat tks,negative
bagus barang tapi enggak sesuai kapasitas yang iklan pas tester hanya dapat 56 gb dari 64 gb,negative
proses kirim cepatproduk 100originalpacking rapi mantap deh pokok nya sukses selalu lazada,positive
mantap sudah siap simpan bagai data,positive
barang sudah sampai sesuai jadwal packing rapi cuma enggak ada bubble wrap tapi enggak apaapa kan tahan banting overal itusi good thx lazada thx kenkez,negative
mantabcepat hari kirim ke padang produk oke packing oke cuman enggak pakai kayu,positive
mantul harga irit dapat tv android thaks lazada dan hidup coocajempolkeatasjempolkeatasjempolkeatasmelipattangan murah tapi kagak murah,positive
knapa waktu di klik beli sekarang tidak bisa masuk ke keranjang,negative
ini kata nya external hd kenapa saya hanya terima kotak kosong saja,negative
tv fungsi dengan normal thanks lazada,positive
barang tidak susuai gambartak ira m2 terus bagaimana ini,negative
barng rusak sampai rumah layar pecah akibat packing dengan kayu yang lengkung ke dalam tolong brng yang sudah dikemblikan di respon tolong mengecewaka,negative
kerenharga sahabat,positive
barang bagus dan darat dengan selamat kirim oke hari sampai cuma kurang aman packingan nya enggak pakai kayu,positive
barang terima sesuai pesan,positive
bought this unit and expected much like the specification but you sent me the unit without copy disk tapi disk features need tapi reclaim what suppose tapi get but dont think lazadacowokid wil help me tapi negotiate with them cause this unit came from foreign country orang can you what di you think costumers shop has changing the brochure good education wel information for usnice,negative
kecewaotg tidak berfungsidan hanya bisa ngisi 30 lagi,negative
product bagus ketika hidup sambung internet langsung instal windows moga awet pakai,positive
terimakasij kepada lazada barang sudah sampai moga awet dan moga manfaat,positive
kacau balau kode promo bnihutri73 cuman jebak betmen agar transaksi banget bayar pakai bni credit card transaksi langsung valid potong tanpa kode otorisasi oto resiko bobol kartu kredit saya parah transaksi tidak bisa batal langsung dari aplikasi bahkan batal lalu live agent pada h0 dan h2 gagal total akhir bareng kirim dan saya akan kembali tapi minta duit saya dibalikin dulu bodo amat deh apa kata kalian lah wong sybyg kena jebak betmen gilir jadi begini saya di hubung melulu kenapa tidak hubung saya ketika barang kirim,negative
sempat kecewa dengan kirim barang belum terima tetapi status pesan sudah terima dan sudah ada ttd nya walaupun akhir sampai tidak jagan seperti itu bikin orang jadi prasangka buruk kepada orang lain,negative
mau tanya bagaimana pesan saya notifikasi di akun barang sudah sampai tapi hari ini saya belum terima padahal kirim pakai gojek tolong di cek kembali,negative
saya mau tukar yang baru kalau bisa kalau enggak kembali dana sajasoalnya layar saya terima pecahsaya harap pihak seller bisa erti terima kasih,positive
barang ok fungsi tapi kecewa dkit enggak ful 16gb,negative
barang bagus sesuai ingin,positive
paket sudah sampai gan sesuai pesan dan oke rekomended deh buat yang lain,positive
original mantap,positive
fd nya jelek tiap mau pasuk video selalu enggak bisa puter video kecewa banget,negative
keren abizzzx,positive
produk fungsi kapasitas sekitar 29gb moga awet,positive
batere enggak sesuai sebentar langsung drop harus di support power bank baru bisa jalan normal,negative
yang jual lagi linglung judul 48 inc di terang 24 inc bagaimana nih,positive
barang yang kirim tidak seperti yang di gambar,negative
terima kasih lazadasinar agung electronik storebarang nya bagus dan cepat prngirimanny lama di sajat nya harus ambil ke gudang sajat nya sendiri untungny sajat nya dekat rumah,positive
barang nya bagus puas pokok,positive
brgnya bagus kerja dengan baik,positive
percuma enggak baca sama sekali,positive
kirim cepat packing rapi cuma sayang fre bracketnya tidak di kasih tapi enggak apaapa sih mungkin lupa,negative
kirim bareng super fast guna ninja expres barang mantap sesuai dengan deskripsi nya jempolkeatas,positive
pakai beberapakali langsung kp,negative
barang dan bonus mantabpengiriman sangat cepat dan aman sore pesan besok siang deh sampai terima kasih lazadajempolkeatasjempolkeatasjempolkeatas,positive
barang tidak pernah sampai yang hitamyang putih enggak bisa pakai,negative
cocok meong,positive
micro sd nya mantap kencang buat transfer file,positive
barang bagus murah tapi enggak murah sudah di coba dan di cek tidak ada masalah kirim cepat packing kayububble wrap rapi dan aman thanks lazada,positive
bagus ada yutup nya,positive
trimakasih brang sudah sampai dengan mesti brang sesuai gambar hanya saja belum smpat cek korup atau tidak fd nya,positive
sesuai pesan,negative
ini gimanasih tv nya mati total,negative
kirim sesuai dengan estimasi biar rating yang bicara recommended,positive
barang sudah di terima walaupun harus susah payah ambil sendiri di kantor pos tolong lain kali jangan lagi guna jasa kirim posindonesia,negative
kirim hai pakai bubletraplayar pecah,negative
saya sudahsering belanja di lazada dan akhir saya mencobamembeli eksternal hard disk dan hasil sisi kirim sangat muas cepat dan aman produk saya sangat syukur kualitas walaupun harga relarif lebih murah namun bukanberarti kualitas murah tapi kualitas mutu trmkasih lazada moga makin kualitas,positive
thanks for lazada,positive
semua fungsi dan realpicokejempolkeatas,positive
alhamdulillah barang sampai tang dalam waktu 3hari telah pesan cuma syngny enggak kirim rumah dengan alesan kurir enggak tau alamatnyaakhirnya saya kasih alamat kantor saya jadi itu barang diserahin kantor,positive
cara hilang yang ada di pojok kiri atas bagaimana ya,positive
barang rongsok enggak ke pakai kalau bisa jangan di jual tuh plesdis nyakasihan sama yang lain cukup saya saja yang ke tipu,positive
barang nya selamat sampai tuju over al sok good recomended banget sok di beli enggak salah toko pasti nih yang paling murah barang nya ok,positive
maaf ini ada port lusib nya enggak,negative
barabg belum saya terimatolong cek kurir,negative
barang rusak file dalam tidak bisa di baca,negative
parah baru pakai 2x tewas baru simpan data 3gb an,negative
pesan informasi dari lazada barang telah kirim dengan kirim standar lalu kantor pos sabtu 13 januari 16 januari 2018 pesan akan tiba namun sampai hari ini kamis 18 januari 2018 pesan belum juga sampai sudah kami cek nyata no resi yang di ikan dari lazada belum daftar di kanror posbagaimana ini benar enggak sih jual,negative
barang pas sama tembok rumah saya pokok wedan deh,negative
lihat dulu ulas dari beli verifikasi biar enggak tipu,negative
alhamdulillah packing ful safety plus kayu kualitas ok semua fungsi dengan baik gratis bracket payung official mantap untuk produk bintang untuk jnt mending lazada ganti saja nih partner kurir dengan yang lain kita beli online itu supaya barang nyampek rumah ini kok malah harus ambil lagi ke gudang jnt lagi kita kena ongkir 256rb ke sumur,positive
cuman enggak cocok sama hp merek opo,negative
kecewa dengan kirim lambat sekali kondisi barang 90,negative
barang rusak tidak deteksi saat diconnect ke windows saya akan retur,negative
kapasitas 64 gb tidak sesuai dengan barang yang saya terima kapasitas flasdsik yang saya terima hanya 59 gb saya tidak rekomendasi barang ini untuk beli karena tidak sesuai,negative
bagussesuai harapanpacking amancuman sayang beberapa hari di lazada ada promo lagi dengan barang yang sama dan lebih murah 300rb lagisemoga awetbelum di check sambung usb nya karena belum erti cara,positive
nama produk baru saya kenal nyata qualitas luar biasa saya kemarin yakin beli karena produk japan jadi saya tidak ragu untuk bel sukses cooca,positive
kirim super duper cepat kurang dari 24 jam barang sudah sampai padahal beda kota jakartacimahi seller responsif barang oke windows 10 orisinal speaker suara jernih dapat harga promo warna juga sesuai dengan harap thanks,positive
barang enggak bergunadi isi file tidak bisa di bk,negative
1010,positive
2bulan pakai crashed padahal enggak pernah jatuh,negative
yang pes model dvbkok bisa yang saya terima dtvenggak pogram dvb,negative
tv fungsi dengan baiksuara okpokoknya puas dehterima kasih lazada,positive
kirim lama benar dari tanggal 21 sampai sekarang saya komen belum ada notifikasi kalo barang sampai atau siap kan uang anda atau apa lah sangat kecewa pihak lazada sekarang rumah saya di pusat kota bandar lampung bukan di pelosok,negative
ok bos barang sudah di terima datang lebih cepat dari yang di jadwal sip,positive
bagus deh keren,positive
packaging aman barang sampai sesuai pesan thank you,positive
barang bagus bisa tempel logo untuk souvenir catat tidak recomended untuk master installer karena tidak akan fungsi untuk software instal thanks,negative
mantap paket pakai peking kayu,positive
thxs lazada sudah sampai cepat sekali sampai order malam siang sampai sukses terus lazada,positive
maaf kak plesdis ya enggak bisa di guna kan enggak baca sama komputer dan hp bagai mana nih kak,negative
barang di kemas dengan rapi tapi barang mungkin yang saya terima cacat saat akan menindahkan file telah di save data kembali hilang dan saat saya sambung ke tv file tidak di dukung tapi saat saya pakai fd toshiba milik mama saya dapat sambung,negative
kabel otg tidak work,negative
isi casingnya untuk hardisk yang 25 inc ya enggak bisa pakai lah sesal benar beli sini,negative
good,negative
kirim barang tidak sesuai janji kata expres hari dari hari jumat barang sampai hari rabu moga barang awet saja,negative
barang bagus kirim cepat padahal weekend di tambah lagi dapat harga flash sale terimakasih cooca dan lazada sukses terus,positive
flashdisk baru waktu pas beli lagi diskon packagingnya juga rapi sok far sok good,positive
sama tvnya saya puas tapi kirim nya tolong baik tmben saya tunggu kirim sampai 10 hari,negative
packing mantul mantap betul pokok enggak sesal beli pokok mantap moga awet,positive
barang yang kirim lcd nya pecah,positive
barang muas,positive
mantap sesuai deskripsi,positive
saya sih rasa kasiihan kalo yang kirim pakai lex memang cepat sih tapi mereka itu dari cimanggis depok kasihan jauh rumah di bekas saya kasih uang lebih saja buat tugas lex nya haha,positive
lama pakai banget disruh buru tf kata brang sudah disiapin tapi brang sampai ya minggu an habis itu mksa suruh follow store ya lagi,negative
kasih info dong yang sudah bisa nyicil bagaimana proses yang enggak pakai kartu kreditterima kasih,negative
bonus briket tolong kirim,negative
barang sesuai maaf baru sempat ngulas,positive
barang orisinal bagus lah walaupun ada suara berisik dikit,positive
bos kok yang datang memory bukan flasdisk baru kali ini beli di lazada aco,negative
produk murah banget dari yang lain enteng kecil percaya lagi apalagi ada bonus otgnya yang bantu banget dan kirim yang cepat paling murah belanja sini terimakasih ridista dan lazada,positive
saya baru kali ini belanja online apakah produk ini bisa saya bayar telah barang sampai,positive
barang cepat sampai ke medan gan kondisi sangat cantik tks banyak ya gan maju terus pantang mampir,positive
recommended barang sampai hari lebih cepat,positive
lcd nya pecah kirim lama di antar pakai motor pula sangat kecewa,negative
barang sudah datang pesan dan bayar tanggal 10 des 18 barang datang tanggal 15 des 18 packing pakai buble wrap barang orisinal discount lagi pokok puas deeehjempolkeatasjempolkeatasjempolkeatas,positive
banding dengan harganyakualitasnya jauh sekalidengan harga 150 ribu dan kualitas yang kurang pada harga sebut mahal,negative
saya tanggal 13 pesan sampai hari ini tanggal 15 belum sampai juga ya,negative
barang sudah sampai kondisi baik terima kasih tambah hubung sekitar akhir 2018 masalah tv dan untung masih garansi saya tuker kembali dan proses cepat sekali tanpa ribet maaf bintang kurang dua karena saya harus antar dan ambil sendiri ke gudang lumayan jauh,negative
sesuai foto enggak nih barang ragu mau beli takut enggak sesuai foto sama barang,negative
flashdisk mantap jempolkeatasjempolkeatas,positive
harus isi fd nya 64 gb ini malah 58gb saja enggak sesuai respon agak lambat kirim telat,negative
saya mau kembali produk karena gambar layar tidak lihat,negative
ninja top deh cuma dua hari paket tipi nya sampai di tangan buyer lanjut layan prima nya ya ninja thanks,positive
maaf baru kasih tau barang yang saya pesan sudah datang kualitas ya bagus dan tidak kecewa terima kasih buat lazada,positive
jelek banget fd nya enggak bisa pakai,negative
di tunggu jawabannyaini tv saya baru datang sudah coba pindah2 tempat tapi masih ada gar ada minus di layar atau bagaimana kalau itu minus cara tukar bagaimana,negative
barang sudah terima tapi kondisi prihatin panel led sudah retak kecil bentuk oval mungkin salah dari expedisi tapi masa iya tv baru cepat sekali panel led nya pecah saya sangat kecewa mana barang sampai hari telah estimasi waktu lama order tanggal 07 desember sampai di palangkaraya tanggal 18 desember sedang tanggal estimasi waktu lama 17 desemberckck,negative
pakai 1x langsung rusak,negative
smart tv android oreo google assistant bezel tipis konektifitas semua bagus dan sesuai untuk kualitas gambar kayak perlu banding dengan tv merk lain,negative
otg enggak ke baca sama hp belum tau kalo ke komputer mau return barang bingung,negative
kecewa baru kali ini belanja di lazada benarbenar kecewa brang yang di kirim rusak alias enggak berfungsiwajahbersungguhsungguhwajahbersungguhsungguhwajahbersungguhsungguh,negative
baguuus,positive
barang sampai sesuai estimasi waktu kirim packing sangat rapi dan bagusbarang yang kirim sesuai deskripsi enggak ada cacat thanks lazada,positive
barang jelek kalau jual yang benar dongmasa tulisanya 64 padahal cuma gb,negative
nyata bukan orisinal barang moga awet aman saja sih,negative
tv fungsi dengan baikkualitas gambar nya bagustapi saya tidak dapat kartu vip yang di janji serta kirim nya lama perlu waktu minggu sampai ke saya,positive
barng baguspengiriman cepat cuman packingnya kurang mantab karena bagi dalam enggak ada ganjal,negative
biasa saja,negative
transfer file selalu corupt parah pikir lagi yang mau mesen,negative
produk tidak bisa di pakai rekam data tidak bisa masuk parah,negative
kecewa flashdisk nya enggak benar rusak banyak virus kapok beli lagi,negative
produk sangat bagus,positive
sekarep mu dewek mas yang bonus 16gb baru pakai langsung error,negative
packing lumayan hanya saja memory telah di cek hanya 58gb order 64gb,negative
layan bagus tepat waktu tapi saya kecewa barang tidak sesuai konten kata isi 32g telah saya cek pasang di laptop nyata isi 288g tolong sesuaikn kapasitas isi sesuai dengan kontrnya fong,positive
barang bagus tapi lot layar nya pecah bisa tukar enggak,negative
mudahmudahan awet bentuk unik dan simple,positive
barang di pesan selasa malam tanggal 28 februari tanggal maret sudah sampai barang yang kirim aman dan cepat kualitas bagus dan sesuai dengan deskripsi thanks lazada,negative
remot rusak,negative
thx lazada kirim flashdisknya hari sampai di tangan pakai lex barang langsung di coba oke merk sandisk otg,negative
puas banget barang bagustq ya,positive
paket cepat sampai dan paking dengan aman thanks,positive
barang sesuai orisinal ya kapasitas kosong 29gb an lah kirim cepat hari saja terimakasih lazada,positive
kirim cepat rapi terima kasih,positive
pesan yang 32 gb waktu di cek di laptop cuma 288 gb wajahtersenyumsombong,negative
real capacity harga lumayan murah kuat di format kali kali,positive
pesan saya belum sampai di janji tanggal dan feb 2018 sampai tapi sampai detik ini belum saya terima juga layan lazada tolong baik karena jadwal nya sangat menggangu saya karena scedule jadi beranta,negative
barang sudah sampai sesuai spec meski lama sampai lebih dari minggu lain kali tolong lebih cepat lagi kirim tv kondisi bagus paket pakai bubble wrap dan packing kayu,positive
packing oke kirim cepat thanks,positive
ada masalah di bagi audio pakai aux 35m saat mode hdmi suara bocor dari mode lain atv saat pakai speaker tambah di mode dtv sama volume up malah keras suara tv tidak sinkron dengan speaker barang sudah kembali,negative
orisinal harga mantab yang paling hebat itu fre ongkir bintang karena fre ongkir,positive
pesan warna gold kirim silver,negative
product ok punya,positive
barang ok cuma kadang suka enggak konek sama hp asus zenfone max pro,negative
minta merah kok dapetnya biru,negative
barang orginal,positive
lama pakai hari belakang ok lah sangat worth itu untuk harga segitu dan pengirimanya juga lumayan cepat thanks,positive
bilangya bisa buat mic nyata tidak bisa,negative
harga oke kualitas oke kirim lama pesan sabtu senin sore baru sampai,positive
bagus buat jadi dendeng,positive
laptop error baru minggu pakai tibatiba suka ke restart sendiri,negative
kacau nih seller barang pesan kirim padahal bayar nya kalau tau begitu mending beli di toko belah pas lagi bareng event nya enggak teliti nih seller,negative
tidak sesuai gambar dan skripsi,negative
barang sudah di tangan terima kasih,positive
ukur tidak sesuai description yang di sebut barang nya terlalu besar lu hd external yang kecil barang ringkih untuk kirim cuman butuh hari telah mesan awal overal 610 terima kasih,negative
barang sudah terima dengan baik dan fast respon cueepet banget fungsi baik daan lancar jaya kurir juga ramah dan sopanciao terus juang dan tambah sukses jual,positive
ini hari akhir belum ada kabar saya mau batalin enggak bisabgm nih,negative
hanya tahan bulan telah itu rusak,negative
terima kasih laptop sudah sampai sesuai sama sen packingnya rapi dan aman bubble wrapnya tebal jempolkeataswarnakulitcerahjempolkeataswarnakulitcerah kirim juga cepat,positive
sellernya kece kirim cepat packing nya aman dan bagus belanja sini memang effortles sellernya juga recommended,positive
packaging rapi produk bagus sudah cek keasliannx di web dan betul asli,positive
kualitas spek desain ok banget untuk ukur laptop dengan harga 3jt,positive
barang mantap bos gambar bening banget,positive
barang cepat sampai kemas bagus rapi isi sesui yang tawar dan dalam kondisi baru 100,positive
produk baik cepat bootingnya,positive
kirim lumayan cepat barang oke banget fast transfer produk orisinal,positive
thanks lazada sudah saya terima hari sampai,positive
kecewa barang enggak bisa pakai,negative
tahan kurang dari 1bulan deh koit kurang untung kayak,negative
kirim tepat waktu sedikit kecewa sih karena di imagegambarnya sandisk flash disk cruzer switch tapi kirim sandisk flash disk cruzer edge harus ada beri tau misal stocknya habis karena sudah punya cruzer edge jadi model sama dengan flashdisk saya dulu terimakasih,negative
kirim cepat tapi barang enggak bisa simpan data kecewa,negative
flashdisk bagus sesuai pesan cepat sampai juga,positive
kirim cepat barang bagus asli garansi fd dan otg fungsi dengan baik tapi sayang otg yang dapat bukan warna pink,positive
barang bagus tapi belum dipakaisemoga awet dan enggak ada masalah,positive
barang bohong cuman muat 100 mbak,negative
bareng sudah sampai kalau bisa kirim lebih kilat lagi thank lazada,negative
tv bagus gambar jernih mudh2an awet terima kasih lazada,positive
barangx sudah ku terima thx lazada,positive
barang bagus dan fungsi,positive
mohon baik untuk sistem kirim barang yang saya pesan dengan nomer pesan 382377323 sampai saat ini belum sampai yang harus estimasi paling lambat tanggal 21 des dengan nomer resi 3823773231530 total logistics mohon konfirmasi ke kurnisetyawan com karena resi tidak bisa ditracking terima kasih,negative
flash disknya rusak enggak bisa pakai,negative
flash disk nya baru di pakai hari sudah rusak enggak bisa buat simpan file sedih apa bisa di folow up mas,negative
barang bagussayang agak lama prosesnyamakasihsemoga lancar,negative
alhamdulillahbarang sudah sampai tadi sore dan langsung trpasang malamnyareal pictorisinal moga awet dan bermanfaatuntuk kirim goodjob packing rapibtw good luck lazada resellernyaterus tingkat kualitas kuantitasnyausbflashdisknya enggak bisa trhubungtolong dong tunjuk,negative
kecewatida bisa simpan pail parah,positive
puas sekali begitu kita klick untuk paymentnya dua hari kemudian barang kirim sudah datang sesuai alamat yang tuju,negative
alhamdullllah barang sudah sampai walaupun sedikit kecewa sama kurir ya karena kurang sabar cari alamat rumah tapi semua oklah terima kasih buat lazada terima kasih juga buat ninja expres yang sudah anter barang sampai rumah dengan selamat,positive
good packing bagus dan terima sesuai jadwal yang janji,positive
pas,negative
where another my file,negative
bagus murah kualitas tapi kirim agak lama,positive
barang original recommended sellerjempolkeatas,positive
barang nya cepat datang packing rapi tapi barang enggak bisa di pakai,negative
memang barang cepat sampai tetapi tidak sesuai dengan apa yang iklan seperti di lazada karena fre bracketnya hanya php buat daya tarik doang mungkin,negative
harga murah lumayan ful hd,positive
keren barang bagus puas banget gratis ongkir pula,positive
saya kecewa tulisanya sih 64gb tapi dalamya 4gb,positive
cukup muas walaupun ada satu flashdisk yang enggak fungsi,negative
real pict good jobs,positive
kok enggak pakai tutup,positive
colok kecil enggak bisa harus pakai kabel usb tambah yang besar bikin ribet padahal hpku sudah samsung a7,negative
kirim lama sih tapi kualitas barang mantaap,positive
produk bagus terus fungsi mantap,positive
produk belum sampai,negative
keeeereen cepat banget sampenya tv bagus suara jernih terima kasih moga awet kurir ninja nya juga ramah,negative
tv terima dengan baik tidak ada yang penyok belum saya coba,positive
kirim sangat cepat pesan malam besok sore sudah sampaipacking rapi barang fungsi dengan baikterimakasih lazada,positive
bagus sesuai deskripsi,positive
mantap tvnya murah lagi terima kasih,positive
tidak ada barang sudah bayar lunas,negative
ok ship mks,positive
mantaaaaaap,positive
pesan jam malam cod besok jam siang sudah sampai mantul lazada harga jauh lebih murah dari yang lain barang oke selalu beli electronic di lazada kualitas oke tv semua sudah coba aman mantul,positive
fdnya korup masalah kalau bisa kirimulang,negative
kecewa dengan kapasitas yang cuma 145gb tapi puas lah sama barang dan kirim yang cepat,negative
imut tapi kapasitanya gede mantap deh walaupun datang lama tapi puas,negative
harga oke tapi barang yang pajang di gambar tidak sama dengan tipe yang tawar lis bagi bawah lebih tebal hatihati kalau belanja sini,negative
jelek tidak fungsi lcd pecah cacat kecewa sekali beli barang sini tolong pandu nya cara returt bagaimana,negative
pesan tanggal 3005 sampai tanggal 1406 cukup lama nunggunya tapi seperti barang as total space 286gb,negative
barang sudah sampai tapi gratis enggak ada padahal situ ada beberapa barang yang fre wajahberkeringatwajahberkeringatwajahberkeringat,negative
tidak pikirin dosa jual barang rusak,negative
tampil luar biasa keren bezel nya tipis kirim ke pesisir barat lampung juga lumayan cepat hari sampai ui nya turut saya mudah paham oleh orang awam puas moga awet amin,positive
kerja dengan baik dan tanpa kendala,positive
recomended banget lah barang asli ada garansi lagi,positive
terima kasih lazada sesuai pesan,positive
gue enggak saran kalian untuk beli barang ini cukup gue jah yang kecewa,negative
mantul cepat sampai fast respon tinggal ditest saja moga lancar,positive
laptop hp original sip,positive
bagus,positive
barang sampai ke konsumen dengan kondisi pecah lcdnya barang di packing dengan careles cuma dengan lembar bubble wrap tanpa packing kayu sedang proses retur dan nyata proses retur pun makan waktu 56 hari kerja saya kecewa berat,negative
cepat sekali sampai padahal minggu atc terus senen siang sampai tapi belum coba flashdisknya dih moga awet,positive
tiba dengan bungkus rapi dan sesuai barang berfungis,positive
tv nya bagus keren cerah mantap pokok enggak sesal beli sini terimakasih lazada tetap tahan kualitas yang baik ini sukses selalu,positive
tv nya mana paksaya hanya terima surat invoice saja tapi barang enggak adamohon untuk tindak lanjut,negative
kipas bunyi kencang banget jelek,negative
di terima dengan aman kurir cepat di aktif yes,positive
barang sudah sampai barang original recomended seller terima kasih,positive
kok psanan di batalin coeg,negative
respon cepat kirim lumayan cepat brng bagus tapi sayang voucer yang dicantumkn tidak kasih wajahgembiraberuraiairmatawajahgembiraberuraiairmatawajahgembiraberuraiairmata trimakasih lazada ninja moga makin succes tingkatkn pelayananyawajahtersenyumlebardanmemejamkanmatawajahtersenyumlebardanmemejamkanmata,positive
barang originalkwalitas produk ok banget,positive
buku pandu office nya enggak dapat respon lambat juga,negative
akhir telah 15t,negative
recomended sekali,positive
orisinal,positive
barangsdh at terima terima kasih lazada,positive
packingnya aman ada kardus barang sesuai gambar kualitas barang bagus bahan enak genggam terima kasih,positive
nangkap sinyal kurang bagus padahal sudah pakai antena yang bagus yang di pakai di tv yang belum,negative
barang sampai lcd retak enggak bisa di pakai sudah kirim balik ke lazada terima kasih lazada ongkir balik tanggung lazada,negative
kirim cepat cuma agak kecewa di belakang enggak ada usb nya beli saya kurang teliti kalo di tukar bisa enggak ya baru hari kok,negative
waktu barang datang nerimahnya sedikit resah karena janji packing palet kayu eh rupa cuman pakai bubblewarp saja untung pas buka kondisi mulus pas coba juga bagus moga awet sok far sok good lah,positive
pesan sampai 2minggu enggak dtg2 kontak kurir kirim nya sudah berapa kali banyak cerita kirim maleman di pending karena libur yang akhir enggak visa cari alamat padahal lazada kalo pakai lex jne itu bisa ketemu akhir nya saya cancel mohon evaluasi jasa kurir nya kecewa banget,negative
pesan unit ok tapi yang retak bagi kiri bawahmau di retur lama lagi datang nya,negative
packing nya bagus,positive
jos puas,positive
senin tanggal 30nov bayar kamis 3des sudah sampai packagenya rapi dan bagus nyata dimensi agak besar dari ekspetasi hehehe barang murah tapi tangan dengan profesional good job,negative
ok barang datang tpat waktu,positive
ada harga ada kualitas banyak file yang sudah dicopy langsung lenyap saat buka di laptop lain,negative
barang bagus cocok,positive
alhamdulillah tv nya bagus dan paking nya rapi,positive
bagus wajahberkacamatahitam,positive
barang sudah terima dan dicobaok gantks lazada,positive
rada2 bagaimana begitu beli semua memang harga segitu tuh enggak benarbenar fre,negative
bagus dan sesuai,positive
kurir good seler mantap,positive
mantaptapi aga telat sampenyabut any waythank lazada,negative
good moga awet enggak ada bad nya,positive
barang bagussangat memuaskandan fungsi dwngan baik,positive
baru pasang kualitas gambar ciamik moga awet enggak rewel sampai bertahun2 ya,positive
mantul,positive
mantap paking rapi senang terima kasih,positive
produk nya bagus dan original bukan kaleng kaleng hehe layan juga baik recommended produk dan seller nya,positive
paket sudah kami terima tapi voucher enggak ada mohon info nya,positive
tv nya mantap tapi sementara ini remote tv nya untuk volume suara tidak bisa di guna terima kasih cooca tvjempolkeatasjempolkeatasjempolkeatasjempolkeatasmelipattanganmelipattanganmelipattangan,positive
bagus mau pesan lagi tapi harga mahal kalo sekarang,negative
panel layar pecah bos ada garansi bos,negative
mantab,positive
flashdisknya kau data yang di copikan ke fd jadi korrup semua no recimmended kembali lagi boleh apa indak,negative
cepat sekali barang datang pesan hari apa esok langsung datang untuk kualitas barang mantap belum temu cacat packing benarbenar aman,positive
biasa saja smart tv yang sangat standart nanggung rasa nya kalau mau cari smart tv untuk dongle saja ribet harus pakai internet segala lah harus sama xiomi lah smart goblok,negative
kecewa sampai sekarang brng belum datang,negative
mntp,positive
barang sesuai pesananpaking rapi sekali walaupun isi cuman 2863 gb tapi gapapa,positive
beli tanggal 14 desember 2016 kasih estimasi barang sampai pulang lambat tanggal 30 kemudian undur tanggal januari dan kata undur lagi januari dan sampai sekarang barang belum saya terima,negative
cara retur barang bagaimana ya kak tolong di bantu tvnya baru hari sudah blang hitam kadang keluar gambar kadanf tidak,positive
produk yang terima tidak sesuai sellernya salah kirim barang,negative
sangat muas trimakasih lazada,positive
kirim cepat dan untuk isi oke walaupun tidak pakai bubblewrap tapi yang penting aman,positive
narang sama sekali enggak kepake rusak,negative
beli smarttv untuk orang tua pada 1212 barang sampai cepat dan tepat waktu tanggal 13 desember paking buble wrap tanpa kayu entah dapat barang bagaimana begitu coba ada kendala pada layar saat di pencet volume layar jadi hitam paruh selain itu bagus bagus saja tvnya worthed tapi buy sekarang saya mau proses refund bagaimana proses sukses untuk lazada dan cooca,negative
data corufvideo enggak bisa tampil foto juga samadimasukan data 1gb hilang semua,negative
barang sampai jogja 3hari untuk kualitas produk standar,positive
barang pesan saya sudah sampai dengan aman kemas kuat coba juga ok tks seller,positive
cukup bagus dan baik productnya tapi layar panel krg muas dan kartu garansi serta vip card yang di janji tidak ada,positive
spesifikasi yang muncul di tab bohong karena sudah modifikasi jika di cek dengan aplikasi spesifikasi yang benar prosesor hanya core 13ghz ram hanya gb memori juga cuma 16gb saya sudah coba copy file 32gb ke memori internal tidak muat android hanya kitkat dengan spek segitu harus nya harga empat ratus atau lima ratus ribu,negative
barang datang dengan selamat bagus tivinya masih ajar cara pemakaiaannya nyata sudah chromecast built ini hebat besok besok kalo ada yang 60 inch harga sama mau beli lagi deh,positive
good jempolkeatasjempolkeatas,positive
nice murah riah kualitas oke,positive
jangan nipu dong,negative
product not tapi bad lahlumayanok cuma memang untuk tangkap sinyal tv kurang akuratmasih kalah dengan product koreajapan,positive
ready gan,negative
kirim sangat lama tanggal 19 di pesan tanggal 22 barang baru kemas tanggal 23 baru ambil ekspedisi tanggal 25 baru sampai masih dijabotabek tapi lama,negative
barang sudah sampai dengan selamat bepungsi dengan baik kirim cepat trimakasih,positive
barang sesuai spec yang tulis bonusbonus kirim komplit dan kirim lebih cepat dari yang kira recommended lah pokok wajahgembirajempolkeatas,positive
barang sudah sampai dengan selamat dan sesuai dekrepsi mantap terimakasih lazada,positive
kirim cepat packing rapi kualitas barang orisinal serta kartu garansi 10 tahun transfer data cukup muas tapi saat cek kapasitas bukan 32gb lain 2980gb moga awet terima kasih seller dan lazada,positive
barang sesuai pesan moga awet,positive
walaupun beberapa kali kecewa dengan seller karena sering promo namun barang sering kosong kali ini saya sangat puas dengan produk dan promonya cooca seperti sudah tingkat kualitas sedia barang produk terima dengan baik dan terus terang value for money produk ini sangat luar biasa moga tahan juga begitu thanks cooca lazada,positive
parahbarang indak bisa pakai saya retur kembali,negative
works wel harga sahabat fungsi normal sesuai dengan yang mesti mudahmudahan awet,positive
waaaah baru kali ini dapat toko yang kirim cepat kilat pesan tanggal eh sampai di rumah tanggal padahal rumah ada di luar kota dari jakarta senang belanja sini packingnya rapi banget tvnya enggak ada pecah bagus bagus deh pokok baru sampai langsung pakai moga awet kalau buat cerah lumayan buat tv led harga jtan kontras juga udab bagus sudah itu saja lebih cepat rapi dan kualitas tank you moga awet deh,positive
saya beli tanggal maret 2019 kemudian tulis telah di terima pada tanggal maret 2019 padahal saya belum terima barang saya sudah hubung seller lazada dan jne saya sangat kecewa hadap layan lazada seagate dan jne wajahsangatmarahwajahsangatmarah,negative
baru pakai bulan tv saya sudah rusak tidak bisa masuk ke menu android tvnya kontak ke csnya tidak ada jawab yang beri solusi moga ada solusi untuk masalah saya dan moga para beli tidak alami hal seperti yang saya alami kalau ada yang alami masalah seperti saya bisa kita saling bagi terima kasih,negative
barng sudah nympe mkash lazada,negative
sudah coba di laptop sama tv lcd overal puas thanks lazada and seller wajahberkedipwajahberkedip,positive
barang packing bagus rapi cuma gede saja tas nya,negative
balikin duit gue woooy pesan apa yang kirim charger hp,negative
barang sudah terima dan coba kirim cepat bagus dan fungsi dengan sangat baik tapi kok tidak ada nota beli,negative
bagus banget enggak pernah sesal blanja di toko yang ini,positive
sering reconnect,negative
alhamdulillah dipacking kayu dan bubble wrap ditest normal dan plug play video di usb langsung oke masih ada unsupported format tapi video download dan copy hape berfungsiterima kasih lazada dan seller serta ninjavan,positive
terimakasih barang sesuai pesan kirim juga ramah sopan,positive
pesan barang yang tipe basic kok yang di kirim tipe ready moga awet,negative
barang bagussemoga awet,positive
terima kasih laz,negative
16 gb nya benar asli tapi 64 boongansangat kecewa,negative
kondisi ok packingan rapi tepat waktu,positive
barang okbekerja dengan normal tapi sayang isi cuma 14 gb yang 2gb mana ya,negative
haraga murah sesuai kualitas barang yang tidak bisa guna tidak kedetek ketika colok ke pc,negative
alhamdulillaah notebooknya sudah sampai tanggal 10 juli 2018 responnya cepatterimah kasih lazada,positive
saya kecewa,negative
barang bagus sampai tanpa cacat walaupun kirim cukup lama,positive
barang kirim tanpa packing kayu alhasil pecah ktk sampaipengiriman tunda lama,negative
barang enggak sesuai sama dengan photo di iklan namun kualitas barang oke saja,negative
isi cuma 14gb hadeh,negative
barang sesuai pesan,positive
kecewadisplay flashdisk tosibayang datang merk hp,negative
kecewa banget deh pokok kirim nya lama sudah lagi mesen yang 64gb yang kirim 32gb pas cek nyata cuma tulis doang 32gb nyata asli nya malah 500mb parah syekali modus,negative
kata tv 4k tapi saya bagaimana setting warna gambar nya tetap lihat kayak tv belum ful hd begitu walaupun buka video 4k tetap saja kurang muas gambar nya bagus bagaimana setting warna juga enggak tau lagi deh,negative
pesan tidak di packing kayu sehingga lcd pecah saat sampai tuju,negative
baeang bagus dan original namun pemrosesan paket sedikit agak lama dari biasa mungkin itu dari pihak lazadanya tapi untuk sandisk official store ini sangat recommended dan percaya,positive
alhamdulillah kapasitas real 29 gb tapi tak apa barang tepat waktu terima kasih lazada seller,positive
flashdisk enggak bisa di pakaiisi paling 500 mbakkecewa bangetcasing tok yang bagus,negative
kirim lambat ninja,negative
flashdisk yang ku terima nyata cacat fisik chip error,negative
barang sesuai harapansesuai dengan harganyabahkan kualitas lebih hargapengiriman cepatpacking oke bangetsiiip pokok,positive
usb error sudah isi data hilang terus,negative
keyboard sudah rusak apa faktor keburuntungan atau memang model ini yang masalah,negative
barang oksampai dengan selamat kurir nya juga okramah ke customer namun kendala di estimasipengiriman telat dan jauh sekali dengan tanggal estimasi yang telah tentu barang sampai lewat estimasi nya telah hari estimasi yang telah ditentukanbaru lah barang sampai tuju,negative
terima kasih lazadapuasbagus dengan kecewapesan kemarin hari ini datangmakaih juga ninjaxpres,positive
usb nya enggak bisa pakai,negative
barang uniklucu saya suka cuma lama az kirim nya packing rapi nanti mau order lagitapi yang cepat ya kirim nyaterima kasih,positive
apakah windowsnya original,negative
item as described,positive
barang sesuaj iklan cuma himbauan untuk toko mohon di cantum cara guna di wndws bagi orang awam bisa bingungkarena tidak bisa hhd nya plug and play tidak terbacakalau untuk orang yang pintar komputer memang tidak ada kendalaterimakasih gan,negative
kecewaenggak semua mp3 nya enggak bisa di putarini cocok nya buat simpan file poto saja,negative
layar pecah pas di buka hancur minapengiriman lama sekalisudah lewat waktu yang di tentu kan pengirimanny dari lazadasekarang lagi proses kembali barang,negative
pesan saya kok belum sampai juga ya sudah lewat estimasi,negative
cepat sampai pesan sabtu malam senin siang deh sampai tv lumayan tipis enteng nila lah dengan harga,positive
sangat kecewa barang tidak sesuai dengan pesan pesan model type 9310 di kirim malah type 9300,negative
lebih bagus dari type yang sama di kelas aplikasi smart tv dukung google play dan mudah instalasi dari sumber yang kain apk,positive
keren enggak kecewa,positive
mantaf,positive
barang sesuai harap terimakasih,positive
layar led rusak,negative
kok enggak bisa bayar di tempat bagaimana nih,negative
barang baru sempat buka dan pecah mohon bantu solusi karena sudah lewat masa kembali,negative
no comment packing good,negative
sedapjempolkeatas,positive
bagi zippernya sangat kecewa agak susah untuk buka tutup,negative
resleting agak kurang lancartapi bagus luarnyamelindung harddiskthankscepat kirim,positive
akhir bisa terima siar digital terima kasih cooca atas layan,positive
barang sudah diterimasesuai estimasi waktu bagus bahan moga awettetapi yang saya terima warna birusedangkan yang saya pesan warna merah agak kecewa sih tapi gapapa terimakasih lazada dan seller,positive
tidak bisa di kurang ya biar jadi 1000000,negative
barang baru datang terus saya buka cacat dan lcd layar pecah parahsaya minta packing kayu pihak penjuala bilang barang amanpihak jual bilang tanggung jawab saya minta untuk kasus ini di urus secepatnyadan barang akan saya kirim balik terimakasih,negative
hd enggak bisa di colok di tv,negative
alhamdulillah sampai wajahtersenyumlebarbermatahati,positive
produk asli oke tapi bingung nginstalnya kecewa warna yang di pesan enggak sesuai pesan biru yang datang hitam moga saja awet dan enggak dah kendala,negative
kirim lama sekali dioper2 oleh ninja expressnya moga awet saja nih,negative
barang sudah sampai dengan selamat tapi sangat sayang warna flashdisk yang saya pesan kemarin hitam tapi yang datang warna merah flashdisk fungsi dengan baik,negative
barang sudah terima dengan baikpengiriman cukup cepatajib deh buat barang pungsi dengan baiktidak kecewa brlanja di lazada,positive
enggak sangka bisa dapat barang bagus ini dengan harga yang worth tapi buy banget packing kayu yang bikin aman barang dan enggak lecet sedikit pun,positive
produk baik sesuai deskripsi hanya nyata remotnya tidak seperti di gambar promosi kami kira remotnya include smart remote bluetooth speakrnya belum ada ydk di kirim sama dengan televisa kata minggu sudah baru di kirom jadi was was juga,positive
pakai hari langsung rusak,negative
beli hari kamis siangsabtu siang sampaibarang okecuma screen mirroring dari laptop pakai windows 10 tidak bisacoba dari hp oppo a3s juga harus instal aplikasi dulu baru bisa screen mirroringapakah memang screen mirroring dari hp oppo a3s tidak bisa langsung yaharus pakai aplikasi overal semua nya oke,positive
enggak sesuai,negative
overal sok good untuk harga gin ya maklum kualitas bahan juga ala kadar senoga awet,negative
unit sudah sampai dengan packaging yang aman tapi ini belum saya bongkar dan belum saya guna mudahmudahan aman dan lancar kalau baik akan saya ulas lagi kalo bisa,negative
barang bagus sudah pakai hari belum masalah cuma kabel kok ringki begitu tipis seperti kabel palsu padahal punya ane yang lama seri 1tb kabel tebal dan kokohpadahal tipe sama tapi hd nya masih belum ada masalah,positive
untuk barang sesuai dengan deskripsi untuk kirim cepat bangetjam pagi pesan jam 12 siang sudah darat dsby thx,positive
request apa yang dtang apadeh lama lagi dtangya,negative
barang samapai tapi tidak bisa di guna file selalu corrupt flasdisk abal abal,negative
barang ok cepat sampai,positive
tv sudah datangpas di coba kok mati hidupjadi enggak bisa nyalabagaimana atuh,negative
waktu mau beli sempat lihat ada yang bundle sama soft case terus antivirus tapi karena memang butuh nya cuma hd nya saja jadi saya pesan yang ini harga murah barang sampai nya juga di luar duga awal bilang beberapa hari tapi nyata besok dapat email kalau barang sudah kirim packaging oke muas,positive
kirim sesuai estimasi dan kualitas ok,positive
kalo ke toko di bal bisa lewat home kredit,negative
promosi flashdisk hp yang dtang flashdisk samsung sellernya bagaimana sih bisa return enggak nih tipu ini mah nama,negative
untuk harga laptop yang ini benar harga nya gin enggak,negative
enggak bisa copy file enggak bisa formar ntfs hanya bisa banting,negative
barang cepat sampai,positive
kirim produk lebih cepat dan produk sangat bagus cuma bodynya terlalu tipis di banding yang lain untuk epak lumayan good,positive
produk orisinaldari samsung,positive
barang sampai dengan selamattidak ada rusa barang original terimakasih,positive
bagus sesuai,positive
barang sudah sampai tapi belum saya coba tapi keliatanya mantaf dan original,positive
bagustapi salah pilih yang di butuh usb 20,negative
oke banget tvnya pagi transfer siang dah dkirim 4hr sampai ke jember tv bagus gbr jernih cuma krg dsuara saja krg gelegar tapi ok buat dbeli pas dapat diskon bsar jugaasik,positive
benar enggak ada masalah lazada seller barang malah dapat diskon lumayan waktu order hanya saja yang bikin buat adalah pihak kurir sajae waktu di trace terang with delivery courier senang banget sampai enggak mana mana karena mau menunggutapi tiba tiba status ubah rumah kantor kosong wtf,positive
barang fungsi pada awal namun telah hari pakai rusak,negative
baru juga bulan sudah rusak enggak bisa ngbaca hddnya,negative
biar bintang yang bicara,positive
barang sudah di terima fungsi dengan baik trimakasih lazada,negative
mantap suara nya,positive
kurang puas barang yang saya terima tv nya suka mati sendiri suara juga kadang kencang sendiri bikin kaget kecewa deh,negative
brang yang saya pesan tidak lengkap kurang,negative
kirim tidak sesuai pesan payah pesan 40 yang di kirim 32 saya rasa rugi,negative
lama banget di kirim,negative
lama peler,negative
kirim cepat terima baik dengan bubble warp tanpa packing kayu gambar di deskripsi barang bagus sekali tapi telah terima barang tidak sesuai dengan gambar di deskripsi barang untuk tambah aplikasi di market tidak bisa youtube browser kadang alami freeze yang sangat lama akhir saya kembali moga proses kembali barang jalan dengan baik terima kasih lazada,negative
barang bagustidak ada cacat produk,positive
manual instruction nya enggak lengkap bingung cara nya meng aktif wifi dan smart tv android nya mungkin bisa di share tentang tutorial guna nya,positive
the item was sold is same as ini description,positive
kirim cepat barang oke bungkus rapi belum di coba moga awet,positive
beli dua sama puas 5star,positive
cover nya bagus tapi tidak sesuai dengan keguanaanya tidak bisa untuk backup file tidak ada kartu garansi tidak kompetibel untuk copy software,negative
barang sangat jelek,negative
enggak bisa digunain 22 nyayang warna item jek otg nya bengkok,negative
bisa konfirmasi kirim barang saya kok belum sampai ya pesan tanggal 13 sampai tanggal 20 belum sampai juga,negative
bagus nih recomended seller saya baru pencet beli saja langsung sampai bagus nih buat baki bantu sayah soal kalo beli baki kayu mahal,positive
tv baik sesuai harap cuma remote tv nya kecil banget kayak zamanya tv tabung,positive
kecewa bangetjangan beli di lapak initulisannya 64 gb tapi telah di cek cuma 200 mbak,negative
bagus fungsi dengan baik jempolkeatas,positive
produk mantap gan gambar jernih,positive
barang sesuai deskripsi dan bonus flashdisk juga sesuai deskripsi barang 95 mulus nya ya baret pada bagi belakang nya perfomaya untuk windows juga lumayan tapi untuk streaming youtube agak lot dan masih rada patah2 buts its ok lah dengan harga gin kuwalitas sesuai harga lah ya,negative
nice,negative
barang sampai sesuai ingin,positive
alqmdllh deh sampaiwalaupun lamaterima kasih lazada,positive
16gb dan 32 gb 50rb yang rugi karena akhir tidak bisa pakai sama sekali,negative
flasdisk kurang bagus,positive
barang sesuai deskripsi bonus juga ada terima kasih lazada,positive
kualitas jempol untuk produk sandisk,positive
batal sepihakharusnya konfirmasi by phone dulu limit jadi potong,negative
mantap deh pokok,positive
bagus kirim,negative
assalamualaikum wrwb saya sudah pesan barang dari hari minggu tapi kenapa sampai sekarang masih belum dtang ya gan padahal dasar email yang saya terima barang akam sampai pada tanggal 23 oktober ini,negative
barang jamin sesuai di gambar dan deskripsi,positive
kirim cepat packing bagus dan sudah di pakairecommended deh,positive
hd saya jadi rusak karena baru sadar pcb hd tempel pada logam ini,negative
saya ini pelang setia lazada kalau memang sampai tanggal desember saya belum dapat barang yang saya pesan saya enggak mau terima brang sebut alias enggak jadi beli kecewa banget trimz,negative
sip moga awet packing rapi aman,positive
jos oke kirim cepat sekali packaging oke,positive
suara standar banget ira benar surround enggak ada lobang baut buat tempel tembok jadi harus leta meja saja layar biasa saja enggak asa hd nya malah waktu pakai buat layar komputer gambar patah patah dan sedikit pecah waktu muter film tapi kalo pakai flashdisk sih mending gambar pecah lebih dikit ya begitu ada harga ada rupa untuk kirim sih sudah ssesuai dengan jadwal yang tera,negative
maaf lama asih ulas barang nya baik sesuai gambar terima kasih lazada,negative
tolong bantu cek pesan saya belum sampai ya terus kok no resi yang lazada kasih enggak bisa di lacak ya sudah hari nih,negative
tv dalam kondisi baik sudah saya terima tapi kok tidak ada buku garansi nya ya gan,positive
puas packaging rapi dan bisa guna dengan baik,positive
benar benar kualitas jepang mantap recommended bgetz buat yang cari led tv dengan design yang apik,positive
ok banget,positive
barang tidak sesuai dengan pesan yang sampai cuman 16gb,negative
barang sudah sampai pas di coba tv nyala gambar lumayan bagus tapi suara kurang bagus terus lagi suara kadang hilang,positive
terimakasih lazada,positive
itu tidak baik dan sngat kecewa enggak fungsi bagai mana mesti,negative
enggak nyala semua,negative
saya pesan yang 32 giga yang datang 64 gigapas di cek isi 67 gigaeeeh barang error enggak bisa di pakaicuma bisa nyimprn kali jepret fotoabal abal,negative
nyata yang saya pesan tidak cocok dengan hp saya samsung s8 yang pakai type sih mau tukar ke seller chat saya tidak balas dan baca,negative
enggak stabil kadang filenya hilang sendiri barang jelek,negative
paket sudah sampaidi kemas rapi dan aman guna kayutapi belum saya bukamudahmudah enggak dah masalahdan awet,positive
benarbenar baru masih kosong belum ada program jadi kalau beli harus instal windownya sendiri,positive
barang darat sempurnatapi belum di cobasemoga brfgsi dengan baikpgrmn lmyn cepat terima kasih bonus otg nya,positive
lumayan lah untuk harga segitu,negative
bisa di rekomendasi kan,positive
datengnya cepat sih hari fd nya juga garusak tapi saya pesan pink kenapa kirim merah hm,negative
ini bohongbukan 32gb tapis lebih kecil kalau saya hitung elkuran filenya lebih kecil jadi jangi barang,negative
alhamdulillah laptop sudah terima dengan kondisi baik dan normal,negative
barang ory banget recomended dehpacking rapi,positive
barang sudah sampai packing nya rapi ok,positive
trimakasih lazadah lama belanja di lazadah enggak pernah kecewa jempolkeatasjempolkeatasjempolkeatasmantap deh pokok nya,positive
laptop original material kurang kokoh karena pengaruh harga juga tapi lain lain cukup untuk pakai hari hari terima lazada,positive
gan cencel saja sudahsudah sminggu tunggu masih proses saja 3192465682 no kede sen,negative
pengiroman cepat packing rapi barang bagus,positive
kabel otg tidak dikirimsaya kecewa,negative
belum coba sihtapi yakin ok kalau beli di official store,positive
mantap barang original moga awetamin,positive
tv telah datang dengan selamat tapi untuk fre hooq ya kok enggak ada nya turut informasi fre satu bulan mohon cerah nya,negative
barang datang tv layar pecahenggak bisa dipakaibagaimana cara pengembaliannyacuma di bubble tipis kenapa enggak di packing kayu,negative
kenapa judul memori ram 8gb tapi detil dan fakta hanya 4gb jebak batman siap2 yang beli terima nyata ram hanya 4gb,negative
barang di terima sesuai gambarkwalitas okeharga murah siiip lah,negative
salah kirim barang,negative
flashdisknya rusak enggak bisa pakai buat simpan data,negative
barang ok kirim cepat sesuai piluhan ekspres hari,positive
paling enak tuh belanja di lazada kenapa lu semua beli kalau mau cari untung di lazada gampang jadi begini lu pada beli barang lebih dari biji misal beli nanti kalau sudah terima lu pada komplain bilang saja terima tinggal foto 3biji produk yang satu umpetin sudah lu pasti percaya dan jamin duit lu balik untuk barang yang anggap belum kirim 1lg gue punya kasus garagara 1merchant nama aneka perdana gue beli 6dikirim gue komplain tapi foto gue enggak percaya karena enggak di foto sama kemas padahal gue beli barang lain yang mahal2 banget enggak pernah akalakalan ini barang murah enggak berapa harga enggak di percaya lihat saja transaksi gue kan tahu ah sudah lah pokok mau cari untung di lazada ikut cara gue atas jamin hasil komplain lazada kiki no komplain ingat nama merchant aneka perdana masalah sudah bulan masih gantung terima kasih lazada kalah rekor komet ya komplainya buat jadi timbang lu semua sob mudahmudahan ada manfaat,negative
al hamdulillah sudah datang barang nya enggak ada cacat,positive
tapi saya di luar jabotabek apa bisa di kirim kan,negative
telah terima sesuai estimasi kirim kualitas barang dan emas baik,positive
keren banget sip lah,positive
barang original mantul,negative
barang oke,positive
suka banget barang original dalam box nya ada terang beli layan adminya ramah kurir juga baik ini dua kali beli di official store nya sandisk moga awet dan bagus terus biar bisa selalu jadi recommendedminusnya pas mau geser dari port untuk micro usb ke port untuk jadi flashdisknya agak macet tapi overal muas banget terima kasih sandisk dan lazada,positive
pesan sudah sampai trimah kasih,positive
kirim cepatcuman belum saya bukasoalnya saya masih di luar kotayang terima teman sayatq lazada,positive
kalau cicil bagaimana cranya ya,negative
fast lightning dispatch very cheap with fre shipment fe,positive
selalu puas beli produk di lazada harga jangkau dan produk kualitas,positive
sangat molor kirim dari jakarta ke bandung doang sudah hampir minggu estimasi mundur terus astaga tau begini gue beli saja di toko elektronik dkt rumah ada cacat juga gampang cek lah ini kalo misalny ada cacat juga mesti kembali belum ribet ngurusnya belum ongkir kita yang nanggung halah kapok belanja sini,negative
terima kasih barang sudah sampai dengan amanjempolkeatasjempolkeatas,positive
enggak sesuai capacity nya,negative
respon seller bintangbersinarbintangbersinarbintangbersinarbintangbersinarbintangbersinar kualitas produk bintangbersinarbintangbersinarbintangbersinarbintangbersinar,positive
enggak bisa copy file dan enggak bisa format dari awal,negative
saya amat sering beli produk di lazada namun kali ini saya kecewa batal pesan saya dari pihak lazada tanggal 21 mei namun sampai saat ini tanggal juni uang belum saya terima sudah telepon cs 2x saya kecewa,negative
alhamdulillah barang sudah kita terima tapi sayang aku minta disettingke sekali tiba belum disetting moga saja aweeeet,negative
belum di coba barang bagus enggak ada yang lecet,positive
rezeki banget memang daridulu ngincer tv cooca ini dapat harga murah pas flash sale lagi harga murah kualitas baik order tggl 22 maghrib tggl 23 jam sudah sampai rumah gratis ongkir packaging pakai bubble wrap saja tapi sok far lumayan lah enggak ada rusa,positive
touch pad enggak fungsi dan cursor juga enggak bisa,negative
gan knapa pesan saya belum nyampe2 dari tanggal 18 sampai sekarang belum sampai,negative
keyboard motherboard masalah benar produk hancur harus produk seperti ini tidak jual apalagi ini bukan harga murah sangat kecewa sekali,negative
saya beli flashdisk tapi tidak fungsi saya sangat kecewa,negative
packing rapi kirim lumayan cepat sayang kapasitas memori real 5959 gb,positive
packeging nya rapi kirim paket tepat jam sesuai dengan ingin recomended banget thank you lazada thank you ninja van id,negative
good stuf love itu,positive
baru pesan malambesoknya langsung sampai wajahgembira mantap jiwasemoga awet kurir ramah,positive
kata barang ready telah tunggu hari tibatiba pesan saya batal no pesan 3269773746untung saja belum keluar duit,negative
mau tanya cicil tanpa kartu kredit,positive
barang jelek enggak bisa pindahin file ke flasdisk nya eror kecewa kalo bisa minta di tuker,negative
gue beli and semua enggak bisa pakai file yang masuk ke fd enggak baca,negative
barang topdeh cek pas isi 64gbtks gan,positive
kirim ke surabaya cuma hari thanks lazada moga awet sudah coba dan muas,positive
flasdisk nya tidak orisinal kayak kwalitas biasa saja,positive
good condition thanz lazada,positive
barang oke kirim cepat sampaicuma ini enggak dapat bracket ya semua sih oke garansi lengkap dl thx lazada,positive
tidak bisa guna dan support dari produser tidak tuntas,negative
stok tidak sedia kenapa di pajang foto ikut harga,negative
kecewa,negative
barang oke originaltapi belum sampai menit sudah panas,positive
alhamdulillah tvnya sudah terima sesuai estimasi kirim packing aman terimakasih cooca lazada,positive
plashdisk enggak bisa guna untuk simpan file file yang simpan enggak bisa menampilk dataenggak bisa buka kacau eror sudah coba beberapa leptop dan komputer kacau,negative
packing rapi sekalisukapengiriman good,positive
kenapa yang datang malah nourish skin padahal saya enggak pernah pesan,negative
kualitas keren puas harga murah sudah ful hdlebih mantabhbpas pakai hdmi tonton film animasi warna nya lebih keluarthangkyou lazada,positive
berapa gb,negative
barang sudah terima,negative
barang bagus packing rapi cuma datang agak lama lebih dari waktu yang di tentu tapi ok lah barang enggak kecewa,negative
barang telah terima dengan kondisi tanpa cacat kualitas produk sangat baik,positive
barang orisinal terima dalam ada baik tapi sayang kirim lumayan telat sehingga harus komplain kepada expedisi agar bisa ditindaklanjuti,negative
sangat kecewa pesan barang saya kurang satu tapi sampai sekarang tidak ada jelas,negative
alhmdllah barang sudah darat dgan selamatbarang bagus banget no cacat barang bungkus dengan rapiterima kasih lazada kami sangat puas dan enggak mengecewakanwajahtersenyumdenganmatabahagia,positive
kecewaaku beli 2duaduanya enggak bisa di pakaifile protectyang benar saja kalo jual,negative
mantap barang orisinal sudah di cek kirim cepat,positive
kirim lebih cepat dari estimasi yang beri akan tetapi safetynya kurang bagus tidak ada bubbel warp,negative
sampai dengan cepat pakingx bagus barangx belum tak coba terimakasih lazada,negative
jenis barang tersebutternyata harga bekas bilang lebih mahal dari harga pasar dan untuk charger tidak stabil agak longar tlng tim lazada perhati untuk jenis barang second,negative
lumayan,negative
barang datang dengan selamat kurir ramah kirim juga cepat pagi pesan sore sudah sampai,positive
paket sudah sampai memori sesuai dengan skripsi kapasitas sesuai,positive
cepat sampai tapi kapasitas hanya 12gb lebih dari itu maka file yang di copy akan rusak,negative
no pesan tv sharp led 24 inchi belum datang juga mohon informasi kapan sampai nya saya cek resi di pos indonesia data tidak temu,negative
hadsfre sama kabel data nya tidak ada padahal beli nya lagi hot sale,negative
recomended banget,positive
ntbk ungu ada,negative
layan cepat kirim cepat dan aman harga murah tapi tidak murah suara bagus tapi sayang kalo ini android pasti lebih bagus lagi salam dari samarinda terimakasih cooca,positive
top bareng bagus isi sesuai kapasitas,positive
sangat puas meski lama datang nya lain kali jangn pakai pos laut karena lama estimasi,positive
barang sudah sampai dengan selamatsemua fungsi dengan baik,positive
pesan yang warna hitam tapi datang nya malah warna biru,negative
mantapwarnanya suaranyakurang streao,positive
kirim sesuai jadwal packing rapi metode bayar bisa cod jadi sangat bantu sekali,positive
mouse tidak jalan,negative
belum sampai,negative
untu lengkap baut kecil kurang barang masih belum di coba kirim standart thanks kalau barang sudah saya coba nanti saya tambah bintang,negative
baru pakai langsung beberapa menit saja data enggak bisa baca,negative
bagusmudahmudahan awet,negative
telah di coba langsung mau cuman isi 14gb walaupun sudah format,positive
barang nympek dengan selamat dalam waktu yang cepat dari kira bareng st ok ist the best terima kasih lazada,positive
100 orisinal ada garansi pokok enggak sesal,positive
flasdisk tidak terbacasangat kecewa,negative
tv tidak nyala mati total cuma colok tombol power merah nyala kemudian mati mohon proses tukar dengan unit yang baru,negative
alhamdulillah bagus,positive
proses lama baru datang sih packing nya lumayan dan pas di coba masih fungsi tapi waktu copy file eh langsung error dan tidak baca lagi di laptop jangan di beli kualitas murah,negative
mohon waktu belum deal dengan langgan kasih tau dulu kena kirim butuh berapa lama agar bisa dimaklumin barang sudah terima dengan rapi packing kayu terima kasih,negative
barang sudah sampai meski kirim lambat sekali mungkin harus di baik untuk proses kirim nya,negative
tipu anjing kata cpu prosesor nya 260 nyata 110 tai lah lazada tolong lah barang2nya jangan yang tipu begini langanan bisa pada kabur semua,negative
kualitas barang okay orisinal sesuai deskripsi lengkap kartu garansi juga,positive
flashdisk enggak bisa pakai buang saja,negative
bagus dan realpict,positive
product sesuai pesan polytron pld32t7511,positive
hari ini akhir dari estimasi tapi belum dtng jugabagaimana cara batal jadi kezeeel nungguinnya yang konsisten dong dua estimasi jangan bikin phpsudah mah nunghuin enggak bisa mana mana takut dtng ini yang ditungguin enggak dtng jugahm kezel habis,negative
produk ok kirim cepat packing rapi kualitas baik,positive
kirim sangat cepatproduk sesuai deskripsi dan semua fungsi dengan baikthx lazada,positive
kecewaflasdisk enggak bisa pakai,negative
barang bagus cuman gagal fokus pembelix,negative
terimakasih barang sudah sampai ram sesuai dan tidak ada kendala apa saat guna,positive
sangat disyangkan enggak sampai 32gb padahal saya punya merek lain yang se kelas kurang ya beberapa mbak saja,negative
enggak tau gede sama hd merk wd tapi its ok,negative
harga ubah mulu hahaha barang oke layar kurang tajem kalo pakai antena biasa panel tombol kayak tv murah sih tapi ya harga enggak bohong doa gue moga awet,negative
terima kasih banget kirim deh sampai sesuai estimasi,negative
barang di terima dengan sangat baikterima kasih ekspedisi lazada,positive
bareng sudah terima dengan baik tv led 40 cooca led sudah di coba semua fungsi dengan baik gbr ok kualitas ok bintang saya kasih kalau ada thanksi lazada,positive
saya pesan tnggal 10 desember dan barang sampai di rumah hari tanggal 12 desember kirim super cepat namun packing barang tidak pakai kayu jadi kurang aman tv belum dcoba kbtulan lagi di luar kota overal untuk harga 28 mah worth itu lah terima kasih lazada terima kasih cooca,positive
barang datang dengan cepat bungkus juga kokoh dan rapi tetapi pas di lihat cas nya banyak yang lecet,negative
enggak sesuai pesan,negative
sudah saya pakai terima kasih ya,positive
telah di test barang tidak bisa tulis dan baca dengan baik dan benar,negative
barang terima dalam kondisi baik belum coba operasi,positive
kirim lambat sekali sampai 20 hari lebihsangat kecewa,negative
terlalu setandar mungkin karena harga yang murah,negative
barang sudah sampai selamat,negative
produk murah dan orisinil sudah sering belanja sini selalu muas thxs ya,positive
barang mulus packing rapi antar cepat mudah mudah awet thanks lazada,positive
barang sudah sampai di makassar dengan baik good job gan meski gift tidak sesuai gambar tapi cukup puas soal lumayan manfaat juga gift ganti tapi kirim sedikit lebih lama dari beli saya belum tingkat,negative
barang nya sangat bagus dan tidak kecewa packing rapi dan harga lumayan murah terima kasih lazada,positive
terima kasih barang sudah nyampek dengan cepat tapi enggak sesuai dengan isi enggak nyampek 32,negative
flashdisk kerja dengan baik transfer lancar antara hape dan laptop ada built ini ap pula mantap banget,positive
produk bagus fungsi dengan baik emas standar aman jamin terima kasih lazada,positive
simpan kapasitas besar okelaaah,positive
barang original sandisk order malam pagi langsung antar harga yang hemat tapi kualitas ok packing ok kurir ok flasdisk fungsi dengan baik,positive
brngnya erorpayah huf,negative
telah tunggu proses kirim lambat minggu tautau batal stock tidak ada promonya enggak jelas,negative
saya suka barang bagus terima kasih lazada,positive
entah kenapa lazmal yang kirim pakai jne kan jadi lama sekali minggu baru sampai bagaimana sih malah pakai jne sampai untuk konfirmasi itu barang di telepon sama pihak lazadanya,negative
barang bilang sudah kirim dan terima kenyataannu barang tidak ada dan saya harus komunikasi dengan pihak lazada sendiri ditelfon 1x sama pihak lazada habis itu tidak ada followup sampai saya harusnfollowup sendiri dan baru urus barang terima luar dari eta awal sangat payah,negative
asli sumpah puas bangetrecsel banget enggak bisa di omong buru beli,positive
respon cepat barang sesuai peaanan dan kualitas ok banget,positive
kirim enggak banget masa tv segitu kirim ikat pakai motor tau kan hasil dan sampai tempat terus di hidupin tv paham kan jadi seperti apa rusak,positive
barang kok rusak dicolokin enggak bisa filenya eror,negative
packing rapipengiriman cepat layar ya lumayan lah dengan harga segitu,negative
barang tidak bisa di pakai sama sekali kecewa,negative
tolong dong tindak nya dari lazada pesan saya lom sampai dari 13 des19 des sudah transfer nih,negative
barang sudah sampai thx seller lazada,positive
enggak sesal fitur input vga hdmi av komplit gambar oke harga murah kantunguang packing kayu safety banget,positive
ini minta otg di kasih entah apa jadi aneh wajahbosan kecewa,negative
barang terima tepat waktu packingnya sangat bagus bonus fungsi semua thx lazada,positive
untuk saat ini ok bintang dulu saja nanti kalo sudah bulan masih baik kan ku beri bintang,negative
kecewa banget barang pesan saya tibatiba di cancelkalo memang kosong bilang saja kosong,negative
cepat kirim,negative
sudah di tunggutunggu belum sampai juga sudah lewat extimasi mending an di kirim sama kurir lex dari pada pos indonesia sudah di kasih no resi salah lagi kecewa,negative
barang oke,positive
kirim sangat lama,negative
bagus sesuai ingin,positive
usb kok enggak bisa pakai untuk putar lagu gambar dan video apa cuman aksesoris saja,negative
bagus packing an keren tepat waktu,positive
sangatsangat cepat kirim tanggal 10 malam pesan tanggal 11 siang sampai sangatsangat very2 recommended sekali,positive
bagaimana ya ini,negative
ada celana dalam room nya kah,positive
hd terima dengan baik dan fungsi dengan baik sayang bonus yang beri tidak sama seperti di gambar sengaja timbang pilih mousepad dan model pouch seperti di gambar banding jual lain tetapi bonus yang terima model pouch tidak seperti di gambar dan kalendar kecil,negative
kirim dari jne nya lama jadi saya harus ambil sendiri ke gudang jnekalo dari toko ok barang bagus,positive
barang sudah sampai dengan rapi dan cepat tapi tolong teliti lagi barang karena barang cacat tapi untung masih bisa pakai,negative
thanks lazada hari ini baru sampai flashdisknya pas saya mesen hari yang lalu alhamdulillah enggak kecewa nyata flashdisk nya orisinal,positive
kalau saya mau beli tv di lazada di jamin enggak ya kualitas,negative
kirim nya cepat lebih murah barang bagus tks lazada,negative
kenapa paket belum sampai padahal sudah lama order,negative
thanks barang sudah saya terima,positive
terima kasih untuk kerja smax barangx sudah saya terima hari ini brangx bagus dan tidak lecet tapi syangx remotx tidak bisa di pakai karena tidak brfungsi kirakira bagaimana ya bisa tlong beritahu no kode,negative
kok enggak bisa,positive
parah google assistantnya enggak bisa suka hangstuck kalo pencet google assistant hubung xiaomi suruh hubung lazada hubung lazada suruh hubung xiaomi begitu saja terus sampai tua mau balikin ribet bawa tv nya ke gede kampret lah,negative
barang yang sampai tidak sesuai yang sampai merk lexar gn kapasitas 16gb,negative
remot tidak fungsi,positive
terimakasih lazada paket sudah sampai tapi barang kecewa gbr tidak ada cuma suarany saja cara kembali barang bagaimana gan,positive
flashdisknya enggak sesuai gambar,negative
sudah ikut langkaah2 yang kirim tapi ternyta pas instal startuseexe nya untuk input activationnyacode nya nyata invalid,negative
barang orisinal kualitas bagus kirim cepat terima kasih lazada,positive
bareng sesuai pesan wajahtersenyumdenganmatabahagia,positive
kapasitas nya kok 14 gb ya,negative
first orderbarang sesuai gambar plus bonusthanks lazada thanks jualtrancend,positive
banyak virus nya enggak bisa di pakaiwajahmenangiskeras,negative
gila beli dari 1111ampe tggl 2311 barang enggak nonggol2 lokasi di bal sudah kayak kirim ke ostralia padahal di email di kirim tanggal 1211 balikin uang ku lazada atau saya viralkan,negative
bahan kuat dan sesuai deskripsi moga tahan,positive
bagus walau sempat tunggu lama,negative
telah coba barang aman sempat deg degan karena cuma pakai buble wrap namun masih bingung dengan konfigurasi,positive
barang sesuai dengan desc,positive
bagus lumayan rapi,negative
barang cepat sampai hanya saja tidak di packing kayubarang belum di cek takut kena lcd nyadi cek lumayan bagus,positive
sangat kecewa barang rusak di kirim payah saya ingin kembali barang yang saya pesan minta uang kembali,negative
kecewa tranfer file enggak bisa tampil,negative
moga saja kirim saya cepat,negative
hd jadi lebih aman,positive
ini flash disc nya mana malah tidak ada sama sekali kecewa banget mas justru saya nunggu2 flash disc nya untuk tunjang kerja saya eg yang kirim malah kartu memory tingkat lagi layan untuk pesan custumernya mas teliti kembali apaapa saja order sih custumernya supaya tidak kecewa,negative
apakah bisa tolong diinstalkan windows nya kak,positive
muas moga awet hardisknya amin,positive
as described itusi tb of hard drive with the valid warranty itusi hard tapi go wrong when youre buying direct,positive
murah banget suka,positive
langsung di pakai dan paaas manteeeep maknyuus fungsi dengan baik dan lancar semua trimakasih,positive
mantuul,positive
packing baik dan save tapi kirim tidak sesuai jadwal yang tentu,negative
28 gb doang tapi gapapa bagus dan lancara flasdiskny,negative
awet bagus,positive
wifi tidak bisa di hidup minta ganti unit,negative
mantap walau lama sampai ke papua,positive
payah telah dipasangin cuma 59 gb,negative
barang sudah sampai lumayan lama suara nyanyi enggak bisa hilang enggak bisa pakai buat karaoke,negative
barang terima dalam kondisi baik packing baik ok,positive
barang sudah sampai tapi lama banget sampai kesal tunggu ya yang penting barang sudah sampai deh tapi bagus juga packing nya rapi tq lazada,positive
yang belanja saya yang terima orang lain,negative
mantap thank you,positive
pertama beli batal karena salah harga pesan ke lama banget barang datang,positive
barang aman dan fungsi dengan baik kirim sangat cepat lalu jne dan beri lindung kayu,positive
barang error file tidak bisa di buka,negative
packing tidak menggunankan kayu kotak kardus tv dapat banyak gores dan bolong2 untung kondisi tv di dalam ana,negative
produk bagus original sesuai dengan deskripsi,positive
cooca led tv 24 inch,positive
harga nya oketapi tv yang saya terima bagi list atas lihat terbukakhawatir makin buka ke seluruh listnya harus kalo di qc kondisi kayak begini enggak bakal lolos,negative
tv nya ok tidak murah tapi murah,positive
barang kau,negative
produk hanya bisa di isi hingga gb tidak tahu apakah saya salah format atau memang kapasitas yang seperti itu,negative
sampai saat ini belum ada hal yang kecewa kondisi barang sampai dengan baik masih segel proses kirim barang juga cepat,positive
produk baguspengiriman super cepat cuman kapasitas baca hanya 61gbtes otg usb nya fungsi dengan baik lumayan cepat,positive
barang sesuai yang di deskripsi mantap lah,positive
baru pakai bulan deh rusak refurbis,negative
bagus sih datengnya cepat banget cuma pounchnya janji pounch toshiba tau buka,negative
bagus moga awet,negative
rim barang ini sungguh lama sudah order dari tanggal 14122016 sampai sekarang belum datang jasa kirim yang di tunjuk juga tidak bisa di telfon,negative
pesan sudah sampai sesuai deskripsi mudah banget bongkar pasang hardisknya recomended seller thanks lazada,positive
yang benar dong kalau asih judul product biar enggak banyak berita miring tentang lazad,negative
alhamdulillah paket sudah sampai belum sempat buka sih tapi moga bagus kirim cepat mas kurir juga baik dan sabar tunggu maaf tadi tunggu lama thanks lazada,positive
terima kasih kirim sangat cepat cukup keras warna sesuai pesan,positive
sesuai fungsi dengan baik kirim super cepat,positive
sesuai deskripsi dan garansi sampai bulan pakai tidak ada masalah cepat dan kapasitas sangat muas,positive
fungsi dengan baik sayang build quality yang kurang,negative
packing rapi harga mantap bisa cod,positive
mungkin lagi apes kali barang sih sesuai dengan gambar nya tapi sayang tidak fungsi dengan baik file tidak bisa kebacanih seller enggak amanah tidak bisa di percaya hanya cari untung pribaditapi rugi banyak konsumen enggak lagi belanja di toko ini jjr sangat mengecewakanjempolkebawahjempolkebawahjempolkebawahjempolkebawahjempolkebawah sangatsangat tidak rekomendasi untuk belanja di toko ini,negative
enggak sampai 16 gb,positive
barang sudah sampairapi dan barusayangnya enggak bisa pasang sim cardkalo di return bagaimana,negative
productnya original dan garansi tahun,positive
kirim cepat pesan 10 des 2018 sampai rantauprpat 13 des 2018 sore hari tapi kartu garansi nya kok enggak ada ya mohon jelas,positive
seller incapable tapi keep his product page clear the tv shown is not 43k5002 itu is the 43k5100 thought itu is sok bought itu turned out that itu was the wrong one having al the hassle of bringing 43 inch tv tapi the post office for return thanks lot btw delivery of the tv was aligned with the courier for 10pm and waited until 11pm but he never came waste of time he brought itu the next day without notifying me ahead instead he was terrorizing me by phone why sama not home tapi receive itu wtf,negative
laptop sudah terima barang bagus sesuai spec kurang hanya belum di instal microsoft office,positive
barang murah tapi bagus,positive
bareng ok sampai cepat,positive
bagus barang nya,positive
mudah instalasi plug and play,positive
please kalo memang ini enggak bisa kerja jangan jual ya makasih,negative
cara mesan bagaimana ya terus prsyaratannya apa saja,negative
thanks lazada moga awet tv nya wajahtersenyumdenganmatabahagia,positive
ada duga virus,negative
barang mulus sampai cepat masuk untuk packing supaya lebih tebal lagi di bagi sisi kardus,positive
tiap data yang di copy semua enggak bisa buka lagi,negative
barang oke,negative
barang abalabal tidak bisa pakai,negative
barang orisinal milyar kirim cepar packing tebal tapi enggak ful 64 gb sih tapi is oke lah,positive
enggak usah belanja di toko inipenipuansaya beli item yang datang cuma 1dan tidak bisa di pakaisudah tau dkirim cuma 1item tapi tidak ada ini kembali dana atau kirim barang rusak kembali lagi,negative
isama very happy tapi have sihthrough external drive casing,positive
sangat kecewa tidak bisa di pakai,negative
alhmdlh barang sudah saya terima darat dengan mulus tanpa ada masalah produk originalrespon jual baikpengiriman standar kurir nya juga ramah mudahmudahan saja barang nya awet terima kasih samsung dan lazada,positive
enggak sambung di hp saya,negative
32gb nyata 16 gb doang kecewa,negative
barang baru di buka nyata layar pecah,positive
belonya tapi yang datang cuma 1wajahmarahwajahmarah,negative
kecewa dan sangat kecewa apakah seller tidak baca pesanandi jual tera flashdisk 16 giga dan saya pesan yang 16 giga dan datang barang yang giga tidak sesuai dengan apa yang di jualsangat tidak rekomendasi,negative
produk enggak bisa buat menginstal,negative
barang saya terima dan di charger tidak bisa nyala mau kembali cara bagaimana kasihan anak saya uang hasil nabung belrbulanbulan,negative
alhamdulillah tv sudah saya terimabagus bangetpacking rapi bangetpakai kayu lagi jadi aman tv nyapokoknya mantul jempolkeatasjempolkeataskurirnya juga ramah terimakasih lazadacooca jempolkeatas,positive
saya sangat puas belanja di lazada proses kirim yang cepat barang sesuai gambar packing barang rapi kurir juga ramah trimakasih lazada,positive
barang rapi belum di cek memori kirim cepat hari sampai bakal direwiew di sarana gadget sekali test,positive
casingx fungsi dengan baik thaks lazada,positive
kirim sangat cepat cuma hari barng fungsi dengan baik dan harga jangkau thanks lazada xiami dan kurir ninja yang ramah,positive
baguspackingan rapibarang nya okepengiriman sangat cepat,positive
flashdisk tidak fungsi sempurna loading terus dan data jadi tidak bisa buka agak kecewa,negative
barang okorisinal pokoke puas banget,positive
puas,positive
oke jempolkeatasjempolkeatasjempolkeatasjempolkeatasoke,positive
barang bagus mantap deh pokok,positive
adaptor enggak jelas tapi fd nya oke kok,positive
flash disk apa an ini kok dijualwajahsangatmarahwajahsangatmarahwajahsangatmarahwajahsangatmarahwajahsangatmarahwajahsangatmarah sangat kecewa baru kali ini beli flash disk di lazada enggak bisa di pakai mending beli merk lain mskipun kau tapi bisa di pakai,negative
barang kualitas okecocok pokoknyaugreen selalu paling oke,positive
terimakasih barang datang dalam ada baik tidak ada rusa dan dapat bonus tas mouse,positive
apa yang anda lihat apa yang anda dapatkanpengiriman pakai ninja expres mantap luar jangka waktu pengirimansemoga tetap jaga puas langgan tidak hanya awal saja seperti jasa logistik lain,positive
barang baru mulus habis,positive
usb jalan normal cuma untuk simpan video atau file besar enggak bisa alias langsung error,negative
walau harus makan waktu hampir minggu nyata sampai juga ke sayaterima kasih,negative
tv nya bagus kirim cepat tapi tidak sesuai dengan ukur kan mintak 24in yang datang 21in,positive
satu bintang dulu entar kalo barang sampai dan kondisi bagus nanti tambah lagi bintang,negative
barang sesuai dengan request,positive
murah fungsi dengan baik sudah beli,positive
mantap mau pesan lagi namun harga sudah naik lagi,positive
maaf ini baru hari datang kok kayak begini iya bagaimana ini,negative
sangat baik cuman sayang enggak bisa pilih game,positive
terima kasih lazada saya senang bisa beli tv ini layar tajam dan tv bagus dan lebar sampai sampai saya bisa masuk dalem tv kayak film dora dan boots wkwk terima kasih ya,positive
sudah terima dengan baik semua terima kasih laz dan sellernya,positive
top jempolkeatas,positive
mantap kali,positive
barang sudah sampaipengiriman cepatcuma pas saya coba di hp transfer file malah hilang semua file nyabagaimana sihkalo kayak begini jadi kecewa,positive
good lah bareng deh sampai apik,positive
saya kecewa biasa lazada layan bagus tapi akhir2 ini jadi kurang kalah sama lapak2 belah saya pesan tv sharp 24 ini ikut braketnya pada hari selasa tanggal 26 juli 2016 entah kenapa sampai hari jumat tanggal 29 barang belum datang padahal bracket nya sudah datang tanggal 28 juli 2016 ketika cek no resi enggak ada di jne terus nelpon ke cs lazada dan nelpon tiap hari pagi dan sore tanya sampai mana proses kirim bareng saya sampai tanggal 03 agustus 2016 baru no resi bisa di cek di jne minta batal tidak bisa kata cs nya barang sudah dalam proses kirim tapi sampai hari ini tanggal agustus tenryata saya cek di jne ada cancel by shpper nach saya kan mau beli tv buat tonton tv bukan tonton braket gan hadeeuh batal deh punya tv dan buang2 waktu tunggu sampai minggu hanya untuk tidak kirim,negative
kalo cicil musti punya kartu kredit gan moga manfaat,positive
seller no responpengiriman lamasemoga awet deh tv nya,negative
kok surat garansi nya enggak ada,positive
produk bagusberfungsi dengan baik cara seluruh oke,positive
kalau voucher sudah enggak ada enggak perlu diiklanin lagi dapat voucher hooq bulan tipu nama ini,negative
saya sangat kecewa karena saya transaksi dari tanggal 132018 dengan via gojek kirim tapi sampai sekarang tidak sampai barang,negative
saya mulai belanja di lazada sejak tahun 2012 sampai dengan sekarang baru kali ini saya sangat kecewa sekali pesan pas harbolnas sampai sekarang belum datang juga padahal estimasi paling telat tanggal 15 sudah terima saya mohon kepada pihak lazada untuk tanggung jawab jangan kecewa langgan yang sudah lanjur percaya dengan anda 12 hari telat mungkin masih maklum tapi nyata ini sudah bermingguminggu terima kasih,negative
hai lazada barang sudah saya terima tanggal oktober 2018 saya baru instal tanggal oktober 2018 karena baru pulang dari luar kota telah di instal nyata pada lcd nya dapat bintik hitam besar banyak buah pada posisi hampir tengah lcd lihat foto lampir bintik hitam makin jelas jika layar terang internet wifi pada tv sering sekali jadi tidak ada koneksi internet walaupun sudah hubung dengan router yang ada padahal router sebut coba pada perangkat lain koneksi internetnya ada saya minta barang sebut tukar dengan type yang sama bagaimana prosedur terimakasih atas perhati jimmy,negative
ok banget pelayananny cepat respon nya hari langsung dikrm sesuai estimasi kirim kurir biasa ramah pokokny ok lazada,negative
beli yang ke2 biar bintang yang bicarawajahgembira,positive
maaantulbro,positive
case nya besar juga lebih dari ekspetasi jadi bisa simpan yang lain2 juga thanksi recomd seller,positive
nah ini benar asli nya lahir sampai batinpuaslaaaaah intinyaterima kasih lazadadan kurir selalu ganteng,positive
keren thanks lazada,positive
alhamdulillah barang darat dengan aman dan bagus packing rapi barang bagus dab kurir ramah sabar pakai nya enggak kecewa deh,positive
barang bagus kak saya suka sekali,negative
power bank tidak dapat guna,negative
barang cepat sampai dan aman thanks,positive
thanks gan barang deh nyampek dengan selamat,positive
bagus,positive
payahenggak sesuai gambarpesan flaskdisk merek toshiba yang datang merek hpkecewa banget,negative
barang sudah di terima kerja dengan baik kapasitas sesuai tulis terimakasih buraq shop terimakasih lazada online shop baik,positive
tq sudah sampai dengan baik kurir ramah mau tunggu saya pulang kerja dan kirim ke tempat lain dulu,positive
saya terima bareng tanggal 13 sept 2019 dalam ada led pecah saya sudah aju kembali barang tanggal 13 sept 2019 juga sampai sekarang belum ada proses mohon untuk proses kembali dana saya atas nama fik putra lubis,negative
barang sudah di terima dengan kondisi baik telah hd pasang dan di tes pakai fungsi dengan normal dan lancar thanksi lazada and best elektronik itu,positive
terima kasih lazada paket beli tv kami telah sampai tuju tepat waktu tanpa cacat sedikit pun,negative
semua jalan normal desktopmmc tes kapasitas real capacity 289 gb cek aplikasi guna ap fakeflash moga awetterima kasih,positive
fre kabel data dan usb flas led enggak ada mana tambah barang barang sudah datang tapi kabel data sama led nya enggak ada saya beli buah flashdisk enggak ada pun barang bonus sungguh parah,negative
mantap gansesuai keinginanukuran mini kapasitas yahuuud,positive
barang cepat banget seep,positive
kirim cepat barang bagus,positive
barang original samsung ada kartu garansi juga kirim cepat tv bagus suara juga bagus suka pokok terima kasih lazada terima kasih samsung,positive
sesuai dengan pesan cantik fdnya,positive
sudah minggu belum sampai barang,negative
kualitas mantap,positive
barang sampai dengan bagus gan kualitas oke terima kasih,positive
nice telah coba dan sekarang sudah 1th mungkin masih bisa pakai dengan lancar jaya pas ini beli yang pertama beli dua sudah saya review lagi,positive
fast respon packing cukup aman dan jangan ragu belanja sini jempolkeatas,positive
jempolkeataswarnakulitcerahjempolkeataswarnakulitcerahjempolkeataswarnakulitcerahjempolkeataswarnakulitcerahjempolkeataswarnakulitcerah packing good barang good terima kasih xiaomi dan lazada,positive
produk nya bagus,positive
barang sampai dengan baik barang juga ok,positive
sampai dengan cepat packaging luar biasa harga paling murah antara seller yang lain produk amazingly great top seller very recommended,positive
barang original sandiskpengirman cepatmaju terus lazada,positive
kak pesan saya dengan nomer order kenapa belum saya terima di skripsi hanya tera telah kirim saya pesan dari tanggal 13 desember sampai sekarang belum saya terima tolong untuk tindak lanjut trimakasih,negative
bagus sudah sampai saya beli semua terima kasih,positive
barang sudah sampai fungsi dengan baik bagaimana cara langgan hooq dl,positive
ok activation key untuk office 365 enggak dapat alhamdulillah sampai sekarang office tidak bisa pakai terimakasih,negative
flshdisk kemas rapi tapi enggak tau kenapa flash disk panas banget waktu digunkn ini orisinal atau kau,negative
pesan flashdisk kirim micro sd apa iya enggak di cek lagi yang kirim mau balikin ribet prosedur niat butuh buat libur malah enggak kepake,negative
mantapsangat puasbarang orisinal,positive
batas krim waktu sudah lewat tolong konfimasinya gagal atau tidak takut saya sudah beli malah dikirimin,negative
flasdisk tidak bisa pakai,negative
mantap sesuai spek,positive
di kecewa saya beli tanggal 1111 di gambar di bilang akan dapat kartu vip cardnya tetapi pas sampai barang nya rumah enggak dapat kartu saya cek sampung kiri dan kanan dus enggak ada amplop yang isi kartu vip card 365hari sebut saat 1111 enggak seperti 99 kartu di amplopin di samping kanan dus bagaimana ini layan hedeh,negative
telah di terima dengan ada yang baik dan fungsi dengan baik cukup muas proses juga sangat cepat tapi kirim agak lama mungkin karena waktu pasuk waktu lebaran kali ya jadi biar terima kasih lazada senang sekali belanja di tempat anda sangat muas,positive
apa fre bracket nya cuma available untuk wilayag jabodetabek saja gan,negative
tipis dan trendi tapi bonus enggak sesuai gambar moupadnya punya merk wd kan enggak mecing sama case hardisknya juga enggak sesuai untuk produk sih ok mantap,negative
brgny bagusbisa fungsi bantu banget buat save file2 yang penuh di laptopmoga nanti enggak rusak di brgnya,negative
kirim minggu yaenggak terlalu lama barang darat dengan mulus mutu mantul terima kasih lazada untuk diskon ulang tahun coocaanya harga samgat murah tapi barang bagus,positive
cooca android tv 40s5g recommended banget dengan harga flash sale dapat fitur yang keci habis kirim cepat packing kayu dan bubble wrap aman moga awet dan after sales nya bagus,positive
kapasitas sesuai 128gb bisa pakai normal,positive
kirim cepat sampai produk bagus sesuai gambar terima kasih,negative
kok masih kirim kan sudah dibatalin,negative
mantap sampai dengan selamat,positive
tv nya oke sesuai pesan tapi kirim lumayan lama mudah an awet tv nya,positive
buruk dikirm file eror terrus tolong yang benar kalau jual,negative
sangat bagus di lihat dengan hrg segitutapi barang nya keren,positive
worth itu lah dengan harga bawah 2jt tapi kok ada dead pixel ya apa bakal nyebar,negative
ini benar ram nya 8gb enggak 4gb,negative
kali order datang nya putihpadahal di seller chat bakal di kirim warna hitamenggak benar,negative
saya order dari tanggal 25 sampai sekarang status masih sedang proses sampai kapan saya tunggu,negative
barang sampai sesuai estimasi waktu yang beri belum coba insyaallah awet kurir juga ramah mau tunggu rumah pas saya dan keluarga pergisoale deh sering antar kerumahterima kasih ya mas kurir lex terima kasih sellerterima kasih lazada,positive
sangat puas pesan malam besok dtang thanks lazada ninja expres wajahtersenyumlebarbermatahati,positive
walapun kirim agak lama karena dari luar negeri barang akhir tiba dengan selamat dengan kondisi baik packing lumayan rapi recommended seller,positive
tv nya keren,positive
ngapa kirim pakr pos indonesia kenapa enggak yang lain bodok saya deh enggak sabar tonton,negative
barang yang datang hd transcend 25m3 warna biru bukan 25h3 purple,negative
saya pesan flash disk 32 giga kirim 16 giga bagaimana ini gan,negative
kirim nya lama tapi bagus aman tidak ada yang lecet pokok nya bagus deh untuk lazada,positive
kirim cepat terima kasih sandisk dan lazada,positive
barang sesuai pesan dan orang,positive
barang mantab bos,positive
lidah flashdisk baik untuk usb maupun micro usb typesih tidak bisa keluar dengan baik sehingga tidak bisa pasang kalau mau pasang ke usb port belakang flashdisk harus dorong supaya lidah usb keluar dan dorong tahan supaya lidah usb tidak masuk kalau kena tekan retractable connectornya rusak walaupun dorong ke kiri lidah usb micro typesih tidak keluar gambar kanan yang harus keluar dan lidah usb keluar walaupun retractable connectornya ke kiri gambar kiri yang harus tidak keluar,negative
alhamdulillah barang deh nymp kondisi bagus fungsi dengan baik terima kasih lazada moga kirim bisa lebih cpat lagi jempolkeatasjempolkeatasjempolkeatas,positive
lu nkapasitas barang enggak sesuai dengan deskripsibarang yang saya terima kapasitas kurang dari 2gb187gbpadahal yang jual kapasitas 64gb jadi malas belanja di lazada banyak penipunyakampret,negative
tidak bisa mensave semua data,negative
kwalitas item ok cuma kirim lmyn lama,positive
tak bagus,negative
enggak pernah kecewa belanja di lazada 3x cod 2x transfer semua barang tidak ada yang kecewa selalu sesuai awet enggak terlalu lama diskonx selalu manfaat,positive
baik pakai packing kayu puas belanja di lazada hari sampai sangatta,positive
unit tidak pungsi dan baca sama sekali oleh komputer,negative
kulitas gambar tidak seperti yang di harap namun over al ok ada barang ada harga kirim supar cepat,negative
barang sudah saya terima kondisi masih di segel tapi belum saya coba terima kasih lazada,positive
barang sudah terima layar bagus androitnya cepat cuma untuk live tv yang dengan kabel antena luar malah enggak fungsi apa ya memang begitu produk ya,negative
barang ok cuma kirim lama minggu lewat mungkin karena barang impor china,positive
saya minta cancel saja karena sampai saat ini barang belum saya terima batas waktu kirim tidak sesuai dengan nyata,negative
barang real pict enggak ada masalah apa kirim sangat cepat mesen jam malam jam sore sampai,positive
barang sudah sampai dengan aman,positive
kurir enggak mau antar,negative
ini bukti gambar nya di layar tv sharp 32 inc,negative
pngriman cepattv mndrat dengan amansemoga awetthankz lazada,positive
barang tanpa kemas tanpa lindung apa hanya dus tv saja lihat dus sobek dikit sudah mulai curiga kayak pecah ini eeeeelllla pas buka pecah benar bad seller benar benar bad seller mau untung saja tanpa peduli ada produk kalo enggak ada untung pelit paking ya jangan jual barang sudah retur mudah mudah barang cepat di kirim lagi di,negative
barang hari ini pesan di anter juga hari ini tapi mana di tunggu 24jam enggak ada saya pesan dan tf tanggal jam pagi tolong dong gojek nya juga susah di hubung,negative
tvnya sampaikok hadiah bracketnya bilang batal yaapakah tidak jadi dikirimthx,negative
untuk 40 inchi nya keren tapi layar ya sesuai harga lah walau ini ful hd tapi bagus hd tv nya samsung saya yang 32,negative
untuk sekarang mantaf tv lancar jernih,positive
overal bagus tapi pas di cek kapasitas flashdisknya kenapa jadi 14gb 2gbnya lagi kmna,negative
kalo cara kreditnyacicilanyabagaimana,negative
produk oke,positive
sangat kecewa dan sesal beli tv produk samsung tv baru 7bln tibatiba mati total lebih bagus tv sharp sama lagi awet dan kuat,negative
pesan saya kok belum datang padahal saya pesan sejak tanggal 25 november,negative
moga awet gan kirim cepat antar kurir malammalam packing tidak pakai kayu cuma bubble wrap terimakasih cooca terimakasih lazada,positive
mantul banget,positive
mantul sesuai semua,positive
mantap puol,positive
saya pesan dari tanggal 67 januari estimasi barang sampai tanggal 910 januari tapi sampai saat ini barang enggak kunjung datang padahal status sudah kirim lalu pos dengan no resi 35136151466625 tapi di cek barang dengan resi sebut enggak adabagaimana tuh lazadakalo barang memang enggak ada harus konfirm dong,negative
darat dengan selamat walau nanti agak lama karena sih ninja but over al good lah produk baik kualitas ok,positive
kualitas produk sangat baik produk original harga produk sangat baik cepat kirim sangat baik respon jual sangat baik,positive
ini laptop atau notebook,negative
barang bagus lumayan,negative
barang bagus tapi cacat cukup mengganggubisa komplai kaksaya mau pesan satu lagi kak,negative
bukan android tv asa tipu dikirm tv nya cacat pabrik kaca tv bagi dalam ada bercak hitam 23 senti enggak enak banget beli tv baru cacat,negative
barang hari sampaipacking pakai bubble wrap mungkin karena dekat tapi semua fungsi normal,positive
barang sudah sampai untuk rim ke kupang nt waktu masuk cepat packing safe dan rapi barang sesuai gambar dan spek yang tawar tak lazada kenkez,positive
pertama colok masa flashdisk sudah error terus enggak bisa buat bootable dan format akh kacau lah,negative
barang bagus cuman pengirimanya agak lama,positive
great good quality and the order come sok fastthx guys,positive
hardisk nya sesuai dengan ingin saya dan kualitas nya bagus saya puas belanja di saller kenkez ini karena ada bonus thx,positive
barang enggak sampai ke saya enggak tau sampai mana,negative
pesan saya sampai sekarang belum sampai mohon di perhati,negative
mantaplebih cepat dari estimasidan hasil luar biasalancarbest sellerrecomended bangettks,positive
tv di terima dengan baik kondisi baik hanya mes tidak pakai peking kayu,negative
kecewa hari sabtu pesan besok padahal minggu sudah sampai saja paket padahal mau pergi jalan gajadi jalan jalan gara pengin unboxingwajahmerenung,positive
barang sesuai dan flashdisk bisa fungsi dengan baik di,negative
tvnya bagus sesuai deskripsi,positive
hanya bisa simpan sedikit file padahal kapasitas 16 gb bagi besar file lain tidak bisa baca padahal sudah saya coba beberapa kali,negative
tv sudah tiba di minggu malam delivery cepat via motor by kurirwajahbingungtv sudah di tes lama harikendalanya tiap tv di of dengan posisi standbydan di on kan kembalisinyal wifi tv status hubung namun tidak ada koneksi inet padahal inet rumah saya tidak kendala alhasil harus di cabut power tv dan di on kan lagimaka baru bisa live conaction inet saat ini masih seperti itu kendalanyasemoga tv tidak masalah yang lain dan awet,negative
barang orisinal dan harga murah enggak pernh nyesal beli di lazada thanks lazada,negative
kirim bagus hari sudah sampai packing nya rapi,positive
paking rapi kirim cepat aman sampai tuju coba langsung top cermantuuuul,positive
allhdullhbagus dan okwalau masih ksgbelum di instal,positive
harga okerespon nya cepatpacking rapi barang nya bagus dan okesimpan file apa saja oke saya suka sekali terima kasih,positive
barang mantap dan recomended bangetmoga tambah sukses ya,positive
ok sip,positive
enggak bisa di pakai barang rusak,positive
sesuai pesan kwalitas barang bagus,positive
kirim cepat kualita oke,positive
barang yang pes telah terima dengan baik tks,positive
bareng tlah tiba dengan aman namun belum di coba,positive
sampai saat ini barang belum proses,negative
semua bonus oktapi flask disk cuma gbenggak sesuai dengan iklankecewa,negative
saya dapat tvnya layar pecah dan lazada tidak ada no telphn atau hp yang bisa dihbgin saya tidak akan belanja lagi dilazada karena jujur saya kecewa beli tv dan terakhrnya barang rusak total,negative
alhamdulillahbarang darat dengan selamat kurir ok banget dan ramahdan estimasi kirim lebih cepat dari yang di tentukanjempolkeatasjempolkeatas the best deh buat semua thanks lazada and seller,positive
barang di packing dengan baik dan waktu kirim hari thank lu lazasa dan nnja expresjempolkeatasjempolkeatasjempolkeatas,positive
thanks lazada barangya cepat sampai packing bagus tidak ada cacat sama sekali,positive
kecewa sekali barang tidak sesuai dengan deskripsi dan tidak fungsi dengan baik,negative
barang aman walaupun packing bublenya sobek sobek yang bikin kecewa estimasi waktu kirim tolong kalau kirim hari di cantum di barang hari jugabukannya estimasi waktu di barang berapa dan realitanya telat bangetterima kasih,negative
keren flashnya murah proses standard suka banget kurir oke banget ramah dan friendly,positive
top dah,positive
kirim cepat harga murah packing barang aman barang ajiiib,positive
ini bagaimana cara sambunginnya kok saya pasang kok tidak masuk masuk kenapaya,negative
ya dengan harga segt oke lah wlppun seperti tidak orisinal,positive
barang sudah terima kondisi baik,positive
barang tidak fungsi,negative
barang sudah terima packing bagus tapi kartu garansi tidak di cap kosong saja apa bisa pakai nanti,negative
barang sampai lama sudah begitu enggak bisa ngebaca file kecewa banget,negative
packing bagus dan barang sesuai dengan pesan,positive
enggak sesuai skripsi hilanga 12gb enggak ada 64gb cuma ada 52gb,negative
sangat muas pokok barang segel dengan rapi real pict banget arti ukur kapasitas flashdisknya total 32 hanya potong gb buat kapasitas operasional mantap banget deh pokok,positive
ini bagaimana saya baru beli kayak beginisaya mau tuker saya chat jual kok malah enggak dibales enggak tanggung jawab banget jadi jual,negative
lumayan untuk harga 1jutaan,positive
barang sudah terima kirim cepat packing rapi kurir sudah langgan,positive
produk ok cuman belum cocok dengan kabel hdmi saya di mungkin beda versi kabel,positive
pesan tanggal 27 feb dan sampai palangkaraya 10 maretlmyan lama kirim tapi bayar dengan product baikaman dan tanpa lecetpakai packing kayu jadi lmyan jamin keamanannyakualitas fisik okkualitas layar standar ya sesuai dengan hargasemoga awet nih led tvsukses lazada dan sukses buat cooca pelopor tv murah di indonesia,positive
barang kurang bagus tidak bisa disave data hilang,negative
datang lama barang juga jelek tak bisa muat file video padahal cuman gb kata 32 gb pokok enggak puas deh,negative
barang original sesuai yang pes,positive
alhamdulillah sesuai dengan harap,positive
pesan tanggal mei 2017 maksimal kirim tanggal 12 mei 2017 tanggal 12 mei 2017 jam malam baru ada email bahwa pesan saya batal oleh seller tanpa alas apa padahal barang ready tuh masih jual buangbuang waktu orang saja seller yang enggak niat jual atau toko palsu ini kayak,negative
good recomended,positive
saran saya jangan beli barang di toko ini pas stok habis toko akan laku dengan kirim barang lain enak jidat,negative
terima kasih bareng sudah sampai jempolkeatas,positive
maaf baru sempat beri ulas terimakasih barang sudah sampai dan real kapasitas,positive
obeng bohong enggak ada kalau tau begitu enggak jadi beli,negative
alhamdulillah brang datang dengan selamat dan baguus,positive
saya pesan tanggal jun dan langsung byr dengan metode kirim expres untuk kirim tanggal jun namun sampai tanggal jun jam 830 barang belum saya terima tyt metode kirim expres ganti jadi regular tanpa ada konfirmasi kepada saya lebih dulupada saat bayar bareng saya sudah kena charge biaya kirim expres sdgkan kalo regular fre deliverysaat tanya antara pihak lazada dengan supplier saling tunjuk satu dengan yang lain perihal gojek yang tak kunjung datang di tanggal junnah sekarang malah mereka pakai ninja expressang ninja expres malam jam tanggal jun telp saya untuk mau kirim barenggila saja alamat kirim ke kantor kagak cek dulu apa ya jam malam baru mau kirim siapa yang mau trimainbenarbenar kapok saya cukup sekali ini,negative
gambar barracuda di deskripsi 7200rpm yang kirim malah pipeline 5900rpm parah jauh ini performa,negative
barang sampai dalam hari kurir sangat ramah dan sabar dalam delivery barang sesuai dengan iklan puas,positive
barang sesuai kirim cepat,positive
tidak bisa buat lihat tv biasa maupun tv kabel,negative
baramg sudah terima dan kondisi bagus sesuai pesan,positive
barang cacat penyok bagi atas warna tidak rata bagaimana cara kembali nya,negative
barang terima dalam hari kerja kemas dengan baik lengkap barang juga fungsi dengan baik,positive
senang tv nya sampai dengan selamat dan tepat waktu thanks ninja xpres untuk packingan kayu mantap,positive
barang baaguspengemasan rapi kurir ramah terima kasih lazada,positive
produk ini sangat kualitas,positive
sampai dengan selamat di pontianak mantab jiwa,positive
mantapslangsung di isi mp,positive
barang bagus original simple mudah operasi,positive
ok barang sesuai dengan gambar,positive
terima kasih pesan sudah saya terima dan sudah saya guna dan hardisk bisa kerja dengan baik,negative
mantap barang fungsi dengan baik dan kirim sesuai dengan istimasi waktu aplikasi,positive
cracked ini delivery ini corner after weeks and only dvdsi played not working just shows no disc no guarante,negative
apa bisa bayar di tempat,negative
barang sangat bagus moga awet,positive
mantul layan sangat cepat sesuai dengan gambar dan telah coba hasil bagus,positive
maaf telat bahas jauh ini enggak ada mslahtop,positive
barang datang dengan selamat cuma agak telat di kurir nya over al jos gandos,positive
pesan dari tanggal 14 desember belum kirim juga sampai sekarang tolong dong layan kecewa berat,negative
alhamdulillah pesan sudah terima suka original bisa masuk banyak,positive
mantuul enggak kecewabisa fban dan youtube,positive
cepat dan mantap,positive
begitu sampai lihat dari fisik layar tidak ada yang pecah nyata pecah di layar led bagi dalam mungkin pecah jalan dalam antar tuju rumah saya namun dana sudah direfund dan proses refundnya juga gampang moga pihak lazada lebih perhati proses kirim barang dengan cara tegur pihak ekspedisi yaitu ekspedisi ninja,negative
good barang cepat sampai,positive
barang sampai sesuai waktu packaging rapi dan barang oke,positive
barang sudah terima dan yang penting alat bisa dan cocok untuk di gunakanmantabthks,negative
jelek enggak baca,negative
barang telah sampai sesuai janji,positive
bagus tv nya enggak ada yang cacat alhandulillah,negative
barang terima sesuai pesan ada kartu garansi dan fungsi dengan baik,positive
sudah parno saja lihat retingan yang bintang satu nyata pas datang sangat muas barangny ok banget terima kasih reseler dan kurir sangat sopan,positive
port buat yang ke hp kok enggak bisa ya,negative
tv nya baru datang hari ini25719bali order tanggal 15 juli order datang sesuai dengan yang di pesan cuma agak waswas karena waktu pemgiriman yang lama,negative
barang baguscdatang tepat waktu jugagood seller,positive
yang tulis ulas pada menghayal semua,positive
barang kerja dengan baik,positive
wah mantap deh ini enggak kecewa barang sampai sesuai moga moga purna jual nya juga oke bisa bantu klaim kalau ada apa apa,positive
sangat kecewabrng enggak sesui fotogambr enggak jernihandai saja bisa di kemblikansaya di ptong 100rb enggak apaapa,negative
cara cicil bagaimana pakai dp enggak,negative
akhir sampai juga awal sempat kecewa sih karena enggak sesuai tanggal sampai telat minggu semua lengkap mulai dari hd dan bonus2nya belum dicba sih entar lagi coba seller nya fast respon tapi yang jadi mslah itu jasa pngirimannya packingannya rapi tidak ada yang rusak,negative
gan saya sen yang cruzer switch kok yang di kirim malah yang cruzer blade sih saya enggak suka yang model blade tolong di tuker ya gan dengan yang sesuai pesan saya tolong di respon ya terima kasih,negative
colok langsung rusaknot rekomnded,negative
kecewa barang tidak bisa pakai karena tidak bisa pasang ke laptop,negative
packing rapi cepat banget pengirimny thanksi lazada,positive
gan saya pesan tanggal 11 tapi sampai sekarang barang belum datangdatang deskripsi kirim tanggal 1621 barang datang butuh jelas,negative
mantap bang cuman enggak ada nota nya,negative
puas banget tadi kuatir pas bareng datang puas banget ninja expres juga mantap terima kasih lazada moga awet sampai turun wajahmemberikanciumandenganmatatertutupwajahgembiradenganmatabahagia,positive
flashdisk tidak bisa terima file dari komouter ada tulis corrupt sudah di format ulang hg enggak bisa sudah di coba file di pindah ke flashdsk lain bisa masuk dan baca ini bgaiman apa enggak bisa di tukar mohon tespon cepat,negative
barang busuksaya beli tapi ndk bisa pakai untuk save film semua,negative
sangat puas,positive
seller fast respon itu bagus tapi seperti product knowledgenya dan salah tulis di deskripsi kurang di perhati dengan barang yang kirim saya enggak terlalu kecewa sebab seller ramah dan sabar dalam jawab pertanyaan2 saya mohon tingkat dan di update lagi untuk terang di detail produk dengan barang yang kirim terima kasih,negative
lumayan tapi kadang kalau ke beda laptop sering muncul ada virus jadi kurang nyaman deh soal barang baru kok ada virus,negative
barang bagus dan sesuai deskripsi,positive
tulis 64 gb di buka cuma ada gb kecewa,negative
kirim lebih cepat dari yang janji aman packing kayu andai dapat bonus bracket pasti lebih mantab,positive
minus cuma awal colok ke port usb laptop atau mobil agak sempitsusah begitu sudah masuk malah longgar jadi sering enggak baca fd nya,positive
ini barang bagus,positive
barang bagus banget sesuai pesan,positive
lumayan sesuai deskripsix,negative
enggak tau ini produk orisinal atau kau tapi dengan harga segitu wajar lah dapat kualitas di bawah standar mungkin ini enggak bakal tahan sampai tahun,negative
mantap langsung colok overal kece dehjempolkeatasbiar bintang bicaramelipattangan,positive
sudah lama pakai enggak dah masalah copy file jauh lebih cepat dari usb 20,positive
dead pixels di tengah layar,negative
ini saya sulit mau tanya mana tv tidak bisa di remote saya minta kembali atau beri tunjuk bagai catat saya punya yang 43 dan tidak ada kendala merk xiami juga saya mesti hubung siapa mana hubung saya,negative
bagus sesuai gambar tapi besar buat hardisk eksternal,positive
kirim cepat hanya hari packing rapi memori jalan dengan baik barang original terimakasih lazada,positive
kirim tepat waktu barang sudah saya cek copy paste formating dan kapasitas sesuai 64gb tinggal cek untuk booting os saja,negative
enggak bisa pakai flashdisknya chargernya bukan buat menambahmalah ngurangin baterai,negative
barang ok,positive
mantap original garansi,positive
mantaaaps,positive
baru pakai 2x batrei drop dan speaker rebek,negative
2gb 16gb,negative
batre nya kok cepat habis jika sambil di charge nyterum pasang nya enggak rapi ya belum saya cek semua moga kagak lemod,negative
barang datang tanggal 15 aprilbaru di buka tanggal 22 mei nyata rusakkecewa bangetbisa di kembali kah,negative
film atau lagulagu saat di putar dari plashdisk errorsmuanya film error enggak bisa di putarwajahmenangiskeraswajahmenangiskeraswajahmenangiskeras,negative
karena segel sudah buka kalo harga sih murah,negative
packing rapi barang datang sesuai estimasi moga awetthanks lazada,positive
kenapa belum juga sampai,negative
bagusn iri,positive
tv keren bisa nangkep siar digital hd mudah mudah bisa awet tahun tahun,positive
kurir enggak sopanmarah marah dan enggak sabarantolong di tingkat lagi agar langgan rasa puas belanja di lazada,negative
gan kata 32 gb kok 16 bisa di retur kg,negative
real picture kurir ramah dan cepat kirim,positive
barang bagus dan ok trmksih,positive
usb 8gb ini enggak bisa di pakai,negative
sen saya kenapa belum sampai yapadahal status sudah terkirimmohon informasi segera,negative
barang nya bagus dan cepat lumayan,positive
alhamdulillah produk pesan mi smart tv nya sudah sampai tapi yang saya kecewa di sini adalah masa saya di kasih kertas smartfren bolong tanpa kartu dan juga kualitas dari produk itu sendiri yang mana setup dan konektivitas baik itu ke jaring widi maupun multimedia flashdisk ke port usb tidak baca sedikit terus mau apa nih tv kalo konek usb saja enggak baca apalagi widi sungguh ribet dan tidak banyak smart tv seperti samsung tcl orang lagi yang telah jadi brand lama di tv lebih simple dan ada menu alternatif plus banyak fitur dan enggak ribet,negative
mantap bagus dan kualitas,positive
tv fungsi dengan baik kirim juga cepat di,positive
nice product terima juga cepat tapi perlu buat desain baru lagi nih yang lebih futuristik canggih agar tidak monoton thanks sandisk,negative
barang sesuai dengan terang packing rapi aman akan belanja lagi jika ada product yang butuh terima kasih,positive
televisi bagus kirim cepat puas belanja di lazada,positive
pesan tv saya sudah datng tapi kok enggak dapat kartu garansi jadi kalo mau claim garansi bagaimana nihsama,negative
pesan sudah di terima jam 2140 packing hanya guna bubble wrap langsung di bongkar sama kurir nya produk baik no minus ya cuma yang di sayang kirim oleh ninjaxpres yang terlalu lama hari kirim lebih nya oke terimakasih,positive
original,positive
kirim cepat sangat puas thank lazada,positive
terima kasih amanah kasih barang sudah sampai dalam waktu hari sertelah saya buka barang dalam kondisi yang baik dan tidak rusak,positive
beli warna biru yang di kirim warna hitam,negative
maaf baru asih ulas karena lupa hehehe barang bagus pengirinan cepat semalem order siang sudah sampai moga barang awetterima kasih lazada,positive
oche,positive
alhamdulillah tv nya bagus dan barang sampai dengan cepat selamat dan tidak ada lecet untuk harga gin lumayan lah dengan yang di dapat recomended banget lazada,positive
barang untuk layar keyboardx bagustapi body laptop lecet semuabagian belakang ada yang terbukakartu garansi enggak adaterus servis mana,positive
barang yang saya terima bayang garis di belah kiri saya sudah aju kembali tapi dari pihak jne tidak gratis harus biaya ongkir sendiritolong dengan sangat bagaimana tanggung jawab lazada terimakasih,negative
barang sudah sampai dengan selamat mulus tidak ada cacat walau packing cuma bubble wrappengiriman cepat ke krwng psn mggu kamis sudah datang moga awet recommended seller,positive
barang bagusreal,positive
enggak yes,negative
belum di terima siapa terima,negative
laptop bagus sesuai dengan harga,positive
baik sekali,positive
terima kasih atas kerjasamanya lazada meski sdikit ada kendala di proses kirim alhamdulillah akhir barang tiba dalam kondisi yang sangat muas,positive
produk orisinal kapasitas real,positive
pesan sudah terima dengan kondisi baik guna armada roda kurir juga ramah hanya packingnya yang mengkuatirkan karena hanya lapis duplex saja waktu kirim hitung cukup tv langsung ditest dan fisik serta kualitas gambar cukup baik terimakasih ninjaexpres dan lazada,positive
barang bagus banget terima dengan baik fungsi dengan baik dapat murah berkat promo lazadaflash sale tunggu double promonya lagi terima kasih wd terima kasih lazada,positive
screen di patchwal sering blank screen dan perlu di restart berulang2 bagaimana cara return atau tukar,negative
tipi ok gambar bening suara kencang fitur2 nya juga kece tapi kirim nya lot minggu lebih baru datang garagara pakai sajae lain kali baik guna lex saja biar cepat sampai bintangmediumputih kualitas produk bintangmediumputih kirim,negative
kirim normal packing rapi tapi cuman 29 gb isi ya lumayan,positive
bagus bismillah moga awet,positive
kirim cepat barang oke,positive
ts enggak dapat,negative
kirim payah asal2an masa barang gede begitu packing hanya di bungkus plastik tidak packing kayu akhir langgan yang di rugi,negative
barang bagus fix banget dengan external hardisk dan lebih aman,negative
payah,negative
entah jual atau memang toshiba nya yang kualitas jelek pertama buka kesan rapuh banget nih barang mulai hidup tombol powernya enggak rata dan kesan enggak bagus banget layar ok touch screen ok suara agak gember enggak enak di dengar yang paling bikin kecewa touchpad nya kayak touchpad rusak patahpatah susah digerakin mungkin bisa konfirmasi baik oleh jual atau pihak lazada sendiri ini memang produk seperti ini atau cacat barang terima kasih,negative
barang bagus asli mulus saya puaaaaas banget terima kasih ya recomended seller mantul jempolkeataswajahmemberikanciumanjauh,positive
kirim cepat bubble wrap produk bagus terima kasih,positive
apa flashdisk dari hongkong ini nama flashdisk pesan flashdisk sama main kok kirim main semua mana sama lagi wajahtanpaekspresi mau pakai flashdisk nya mohon tanggung jawab nya,negative
terima kasih sesuai gambar bos mantap,positive
sudah sampai fdnya terima kasih,positive
sesuai dengan deskripsi,positive
bareng oke tiba dengan kondisi baik produk kualitas,positive
nih bisa pakai voucer gojek point enggak mas,negative
lokasi mana bos,negative
enggak sesuai kapasitas,negative
sesuai dengan di gambar kirim barang rapi kurir nya telpon dahulu harga jangkau,positive
belum di cuba jadi 4bintang dulu moga awet,positive
lihatlihat dulu om,negative
ongkir gede lzda,negative
ok tv bagus paking rapi dan aman kirim cepat moga bisa awet tvnya,positive
sudah batas akhir kirim masih saja belum ada tanda2 barang mau datang payah nih prioritas apa prioritas untuk kecewa langgan kali ya,negative
respon dan kirim cepat tapi barang terima cacat tidak dipacking dengan aman pakai kayu cuma kotak tv biasa sampai ke alamat saya layar tv pecah saat ini saya sedang laku retur saya kirim ulang via tik tolong segera ditindaklanjuti kirim ulang dengan aman,negative
saya posisi digresikjatim bagaimana cara pesan kredit,negative
sudah terima dan bongkar fungsi dengan baik namun audio output enggak fungsi enggak bisa sambung ke subwofer padahal atur suara sudah di pindah ke auidio output kecewa deh pantas murah harga,negative
gan saya beli item tapi yang sampai cuma item di status mesan belum kirim tolong ditindaklanjuti gan,negative
barang corup,negative
tolong seller atau lazzada ini cara garansi bagaimana barang baru sampai suara muncul hilang terus bagaimana cara urus,negative
brang bagus fungsi dengan baik terima kasih ya,positive
mantap barangnyapuas banget,positive
mantaaaaap betul,positive
tv nya bagus packing kayu rapi hanya saja kirim barang telat hari dari kira tapi cara seluruh ok trimz lazada,negative
sampai walau lama,positive
pesan tanggal 13 status tanggal 16 proses kirim sampai sekarang barang belum datangkonfirm ke cs estimasi akhir sudah 3x ubah mundur teruse akhir sampai suruh tunggu tanggal januari sangat tidak profesional kirim barang,negative
bagus rekom banget,positive
bari terima kondisi buruk sekalipadahal dus kemas baikbaik saja,negative
best produk bonus mantap,positive
orisinal sih cuma apa nama kalau tulis di kemas 64 gb sementara telah pasang cuma 5959 gb 4gb nya lagi ghoib,negative
bagus lah sesuai harga barang bbagus normal lcd enggak pecah paking bagus lancar jaya si,positive
kerenjempolkeatasjempolkeatasjempolkeatasyhx asuslazada,positive
bagus orisinal awet sudah kisar tengah tahun ini baru sempat riview,positive
fisikly oke,negative
flashdisk tidak bisa di pakai,negative
saya pesan lenovoyang kirim merk hp,negative
nyata barang yang saya beli bukan barang orisinal tapi barang bmsangat kecewa sekali dan rasa tipu dan parah nya lagi touchped nya tidak fungsi,negative
barang oke sudah sampai,negative
barang sudah sampai bagus kurir ramah tapi sayang seller enggak tepat janji barang tidak langsung bisa di pakai harus di instal lagisaya kecewa,negative
barang bagus bentuk lucu dan tepat waktu,positive
gan saya belum terima paketnyatolong di bantu ya di sini di tulis barang sudah di terima,negative
parah banget di aplikasi saya paket sudah sampai dan sudah ada yang tanda tangan tapi paket saya belum sampai ke tangan saya coba dong jelasin mana paket saya itu sudah di bayar meski enggak berapa tapi nyaman dan percaya mahal harga nya,positive
kirim cepat tapi flashdisknya tidak bisa guna karena trobel dan sekarang ngangur,negative
hadiah speakernya taro dimanata,negative
mantap di tunggu paket ikut wajahtersenyumlebardanmemejamkanmata,positive
saya lecewa yang datang bukan 64 gb tapi cuma 8gb,negative
kenapa spedifikasinya di ganti telah saya beli barang kemarin waktu saya order di buat 64 gb en nyata sudah saya order ganti jadi 64 mbak dasar produk bohong sudah harga mahal banget,negative
barangx telah tiba bungkusanx juga rapi tapi sayanhx indak bisa saya pakai karena matax lebar indak cocok sama hp saya jadi bagaimana ini,negative
ok banget dengan harga yang murah kirim dalam hari sudah sampai packing ok banget rapi dan aman dengan bubble,positive
kalo mau dagang jangan tipu2 lu kirim barang rusak file gue hilang jejak sesal banget beli sini,negative
kirim cepat produk original moga awet thanks,positive
harga paling murah dari yang lain kualitas barang bagus bungkus rapi pesan sampai tuju sesuai kira waktu tiba,positive
barang muas langsung work senang banget,negative
good job terima kasih sudah beri layan baik saya senang barang bagus dan sesuai pesan bukan kaleng kaleng and no minus kirim cepat dua hari sudah sampai jangan ragu laah beli sini mantul jempolkeataswajahgembiradenganmatabahagiajempolkeatas,positive
produk baru sampai potong hari minggu overal barang lengkap sesuai deskripsi belum coba hardisk nya mudah mudah awet saja terima kasih seller terima kasih lazada,positive
barang sudah terima tanggal juni kemarin tapi enggak ada bonus otg nya,negative
mantap terima kasih,positive
great,positive
kecewa barang tidak bisa di guna sama sekali harga murah tapi murah kirim lama,negative
barang di kirim cepat dan sampai dengan aman dengan ada warp nya jadi aman thanx lazada,positive
kenapa kirimn tv ku lama banget kg smpe2,negative
packing rapi dari lazada barang sesuai skripsi cocok buat hardisk 25,positive
terima kasih tv nya sudah saya terima tapi mau tanya kenapa ya karena sempat hidupin manual terus pas hidupin pakai remote jadi mati hidup begitu padahal enggak pencet,positive
suara enggak beningenggak tau deh kenapasok far semua ok thanks,positive
rada tidak bisa guna wajahterbalik,negative
kok enggak bisa baca filenya padahal baru bulanwajahtidur,negative
kalau belum siap jual enggak usah pajang barang di etalase bikin ribet pesan hari tidak di proses terus di tolak payah,negative
barang bagus kemas amanjempolkeatas,positive
wow bagus hadsetnya flashdisk be corrup cuman baca 12gb ajib deh,negative
hingga kini kirim belum juga tiba estimasi kirim sudah lewat hari,negative
barang di kirim dengan super baik sekali tvnya lancar jaya sempurna terima kasih lazada,positive
barang sudah terima dengan baik buku garansi juga ada yang nyata ada di halaman akhir di buku manual yang sayang cuma enggak ada invoice sama kirim agak lama pesan hari selasa tanggal 18 sampai hari minggu tanggal 23,positive
good packing rapi dan aman cuma kirim saja rada lama,positive
jelek barang rusak kapok saya jadi buang2 uang flashdusk nya enggak bisa pakai,negative
saya hanya terima tv nya saja soundbar sesuai bundling promo yang di jnjikan tidak ada mohon tunjuk dari pihak lazada saya ambil sendiri ke kntor jne dan sudah saya tanya kpda tugas hanya seperti gambar yang saya unggah tugas hanya blang tv saja,negative
tampil elegankecil tapi muat banyakcocok buat saya sayangnyaandroid saya enggak support otgjadi harus ganti hp duluhehehe,positive
waktu datang langsung tes dan lancar jaya,negative
kirim super lama lebih estimasi,negative
saya mau kembali tablet initablet ini bekas pakai dan sudah rusak tolong di bantu minwajahmarah,negative
telah di cek kapasitas real,positive
ini bukan tv digital,negative
sudah nyampek,negative
kalo barang nya rusak manding enggak usah di jadi bonusmengecewakan,negative
mohon maaf flashdisk nya rusak bisa di tukar enggak nhe,negative
go,negative
sipenggak kalah sama merk belah,positive
terimakasi barang sesuai dengan photo mantab,positive
kirim aman dan cepat kurir langsung temu saya produk ok tapi nyata kosong ya tidak ada aplikasi apa yang diinstal jadi saya harus instal dulu,positive
barang nya belum saya terima bang,negative
terima kasih sudah kirim sesuai pesan saya,positive
barang bagus original,positive
barang yang saya terima bentuk nya beda dan nama nya cruzer blade,negative
order 1111 barang sampai 0312 entah kendala apa tapi barang sesuai order okewarnakulitcerah,negative
barang sampai dengan selamat tanpa kurang suatu apa,positive
barang sudah sampai cuma packing kecewa kata mau dipacking kayu tapi telah sampai hanya lapis dus biasa,negative
mantap tvnya bagus dan cepat sampenya terimakasih banyak ya tcl moga awet jempolkeatasjempolkeatas,positive
palsu,negative
mantap barang meski transfer file nya biasa saja dan simpan nya cuma 930 gb memori untuk sistem nya saya rasa terlalu besar masa perlu 70 gb,positive
bareng sudah terima sudah dipakaithanks,positive
mantap ganterimakasih,positive
thanks cooca tv nya mantap baru sampai dalam hari kondisi tv mulus benar enggak ada yang cacat perfect banget,positive
transfer file agak lambat,positive
tq pesan cepat terima di test copy music film dl baca,positive
mantap jiwa,positive
alhmdllh barang selamat sampai tuju packing rapi dan aman mulus dan murah banget walau lumayan lama kirim nya wajahtersenyumlebardanmatatertutupwajahtersenyumlebardanmatatertutup mungkin over pesan kali ya sukses buat lazada top banget,positive
kualitas baikharga okepengiriman cepat hari sampaikurir ramah,positive
cukup lah harga segitu mah tapi buat mindain data cukup lama,positive
keren deh enggak sesal beli sini angin dari kipas asa banget adem pokok wkwk kabel data juga fungsi pokok semua dabest,negative
flashdisk enggak bisa dipakaikalo buat simpan file langsung korup enggak worth itu,negative
barang flesdisk tidak berfungsisaya kembali barngx tolong kembali uang saya,negative
baru hari tvnya datang remotnya sudah rusak,negative
kirim super cepat,positive
lumayan moga awet sampai tua,negative
ya cocok harga segitu,positive
produk tidak serta kartu garansi invoice tidak nyata bahwa produk ini garansi,negative
barang ok banget,positive
moga awet thanks lazada,negative
kondisi produk tiba dengan baikoriginal dan fungsi,positive
sudah sampai,negative
barang sudah sampai di tanggal 29 desember dan baru saya buka di tanggal 31 desember tapi kenapa gambar nya semua channel stasiun tv nya hitam putih pakai antena luar sudah tetangga saya 0akai antena yang sama gambar nyabu warna kenapa ini bisa di retur kah,positive
tvnya mantap sudah di jajal jos gandos moga awet ych,positive
tidak dapat braket tv,negative
mantul dan sukses selalu buat reselerny,positive
fd yang 16 gb enggak bisa ke buka gan,negative
bagus barang sesuaiwajahmemelukwajahmemeluk,positive
sampai dengan selamat dan barang sesuai no tipu2 pokok sukaak,positive
packing rapi kirim cepat barang oke thanks,positive
barang bagus dan sesuai dengan gambar thanks lazada sukses dan jaya selalu,negative
alhamduliillah barang baik sesuai deskripsi kirim cepat terima kasih lazada,positive
sandisk memang jawara,positive
jos mantap,positive
sangat bagus alhamdulillah sesuai,positive
thanks for al,positive
saya pesan yang 32 gb barang datang 64 gb saya isi lagu mp3 belum sampai 40 lagu sudah penuhsetelah saya putar nyata yang baca cuma 15 lagu yang lain enggak baca sayabkecewa produk ini abalabal,positive
saya beli sini beberapa minggu yang lalu baru pakai beberapa hari sudah error tidak bisa simpan dan baca kecewa,negative
barang bagus sesuai harga,negative
barang yang saya terima sesuai dengan gambar kemudian kondisi barang baik dan mulus terima kasih,positive
barang sampai hari lebih cepat harus tanggal datengnya tanggal mantab,positive
bagussayang enggak bisa usb movie,positive
nah nih baru asli 128 gb moga awet,positive
remote tv nya tidak fungsi dengan baik mohon tukar,negative
pesan hari jumat barang hari sabtu sore deh sampailangsung buat tonton bareng bolabarang juga bagus enggak mengecewakankurirnya juga ramah,positive
tidak bisa fungsi,negative
produk orisinil harga murah,positive
muas seringsering promo ya,positive
mantap 100 orisinal ada kartu garansi real storage capacity 64gb pesan kemarin sampai hari,positive
kualitas ok,positive
tv terima dengan baik tapi telah pasang tiap menit tibatiba mati total nyala kembali mohon bantu teknisi xiaomi melipattanganwajahmengantuk,negative
flasdisk rusak gan bisa simpan cuma file lebih file rusak gan,negative
kirim tepat waktu packing sangat rapi barang sesuai dengan harap,positive
bagusbarang orisinalrecomended buat harga gin,positive
barang tiba cacat charger ada bunyi letuk waktu pakai packaging tidak aman dalem cuma kasih lembar kecil bubble wrap kecewa,negative
barang yang di tawar dengan harga cukup jangkau tetapi tidak sesuai yang kata flat nyata tidak flat seperti yang di gambar,negative
kendor,negative
bagus enggak ada cacad fisik,positive
barang tidak sesuai deskripsi grafis tidak dedicated yang saya terima shared hddnya jauh dari yang deskripsi hanya 300an gb dari tera seperti yang deskripsi itu tetap kecewa walo kirim cepat order malam siang datang,negative
kirim cepat kemas rapi kurir ramah pas coba semua ok sangat puas alhamdulillah enggak pernah kecewa dengan lazada mohon untuk dipertahannkan dan kalau ada seller yang nakal langsung di cut saja kasihan konsumen maupun lazadanya,positive
kualitas kirim baik tidak beri invoic nota beli bagaimana kliem garansi,negative
barang datang tepat pada waktu dan semua kondisi baikbaik saja,negative
sesuai deskripsi kualitas bagus dan kirim juga cepat packing lumayan tapi agak kurang tebal bubblewrapnya,positive
barang yang terima enggak sesuai dengan pesan sangat kecewa enggak bisa buat langgan dan enggak bisa percaya kalo barang enggak ada ya jangan jual,negative
alhamdulillah brgny sudah darat dengan baikmmny langsung setel bagus gambrny enggak kecewa order di lazada trm kasih lazada lain waktu aku mau order lagi,positive
terang dapat fre pouchpengintapi mana enggak ada,negative
mana bundling smartfrennya kok enggak ada lantas knapa di iklan ada bundling smartfren,negative
kirim cepat dan responsifbarang belum coba moga awet thanks lazada,positive
kapasitas cuma giga tidak sesuai dengan gambar yang 16 giga,negative
tv terima kondisi pecah layar kayak proses kirim yang kurang hatihati konsumen yang nanggung rugi sudah saya proses beli barang lewat dropof kantor pos pihak lazada saya tunggu refund dana moga tidak belit belit,negative
hari tunggu akhir barang sampai barang masih segel dan telah coba di laptop bisa thanks lazada,positive
enggak bisa pakai ditv dan speaker,negative
maaf telat bangey asih testimoni pesan malam sore sudah sampai padahal saya di makassar barang bagus enggak ada masalah top banget,positive
flashdisk tidak fungsi file yang dalam flashdisk error dan enggak bisa buka biasa isi flashdisk itu kan enggak real capacity karena ada untuk sistem tetapi yang ini benar 64gb enggak isi sistem pokok buruk kali pas ulang lagi file sebut selalu corrupt saya ingin kembali barang real bad quality,negative
ini 64mb atau gb yang benar mohon di jawab thanks,negative
terimakasih lazadamemory cardnya terima sangat cepat dan packing rapi tapi belum saya coba,positive
isi flash disk tidak sesuai copy data error apakah barang bisa kembali,negative
mantap sesuai barang,positive
namun tidak sesuai pesan saya pesan hayabusa yang datang malah model yang lain,negative
puas banget kalo untuk tv ini harga murahkualitas bagus pakai banget,positive
barang sesuai gambar bagus dan fungsi normal hanya saja tidak bisa guna untuk flashdisk installer karena produk partisi jadi dua kalau untuk simpan file oke dan untuk film juga oke2 saja dan nali oleh lcd tv thanks,negative
kalau bisa saya mau pesan,negative
kak bagaimana nih kok enggak bisa di pakai ke hp sih malah ada tulis drive tidak di dukung dan harus format data dulu,negative
barang sampai dalam hari order pas flashsale 1212 unit belum buka moga semua fungsi baik,positive
matul saya suka,positive
antivirus nya enggak bisa di claim,negative
instal laptop fre dos,negative
telah pemaiakain saat flashdisk isi data lebih dari gb filenya selalu corrupt padahal fdnya 64 gb,negative
mantab dan sesuai pesan,positive
value deal untuk smart tv kualitas dengan harga 3jt an sudah dapat 40 hanya saja entah kenapa unit saya kadang connect wifi tapi no internet padahal di perangkat lain dengan koneksi sama tidak ada problem tapi overal masih recommended moga tahan lama juga produk,positive
thexs lazada barang saya trma lebih awal kirim cepat paking rapi oke trmks lazada,negative
mantap sesuai deskripsi dan gambar moga awetwajahmenyeringaimelipattanganwarnakulitcerahsedang,positive
bagus moga awet,positive
pesan sudah sampai sesuai pesan dan kualitas bagus,positive
enggak mau kasih bintangbarangnya enggak sesuaitertulis giga nyata baru di isi lagu sudah penuh dan enggak ke baca kecewa malas deh,negative
kurlir nya minta uang lebih,negative
barang sudah sampai,positive
barang sampe dengan aman dan barang tidak rusak,positive
harga dan kualitas bagus banding kirim juga lumayan tidak terlalu lama,positive
kirim cepat,negative
alhamdulillah tv sudah sampai insyaallah tv nya bagus dan tahan lamaterima kasih lazada,positive
dari product yang saya pesan cara sama hanya product ini samsung micro sd yang tiba hari lebih lambat daripada tiga product lain dan ketika tiba harga dua ribu lebih mahal daripada yang tera di websitehehe tapi tidak apaapa toh saya tetap kasih tips kepada abang kurir yang sopan sebut meski begitu dari mesan di tiga online shop lazada beli dan jadi dalam jam yang hampir sama lazada yang tiba lebih awal sedang dua online shop beli dan jadi belum tiba hingga ulas ini saya buat terimakasih banyak lazada,positive
mantulmantulmantul thanks lazada kirim juga cepat banget,positive
paket terima dengan aman selamat sentosa packingnya juga rapi pas coba memorynya cuma ke detect 29 gb itu kenapa ya,positive
cepat sekali sampenya,positive
kirim super cepat,positive
pesan saya belum saya terima padahal saya sudah pesan dan proses bayar dari tanggal 21 juli 2017 kapan pesan saya sampai,negative
darat aman ke tenggarongkaltim,positive
kirim cepat produk bagus recomended buat temanteman,positive
barang saya masih belum sampai saya order tanggal juni tanggal terima 1417 juni sampai saat ini masih belum saya terima barang nomer resi yang saya terima di email mpds38214418921641 telah saya cek tidak bisa mohon info thx,negative
segera saya coba layan sangat baik terimakasih,positive
barang orisinal packing bagus sampai cepat cuman hari keep the great work lazada,positive
ini barang bekas yang jual dengan beberapa indikasi file sudah ada isi isi bukan software autobackup dan pasword wd tapi file file perintah betul yang saya dapat file perintah daerah bangka sudah ada backup hp upa foto foto dalam jumlah 5gb pengin yang beri buah pulpen kenko kampret yang jual enggak ada kartu garansi barang sudah dibalikin tolong segera kembali barang yang sesuai atau moga dalam waktu dekat akan alami bangkrut se bangkrut bangkrut,negative
beli enggak bisa pakai,negative
tv nya sudah di tempat layar ok gambar ok tapi suara kadang hilang kadang besar sendiri apalagi kalo dengar suara adzan jelas banget suarany hilang sendiri,negative
telah colok ke tv dari antena kok banyak semut ya gambar enggak jelas,negative
barang jelektidak fungsi dua dua nya,negative
perfect banget deh,positive
scrap barang sampah jual,negative
beli pas lazada 99 mantap deh pokok enggak sesal beli sini seller bagus kurir juga ramah moga awet tv buat emak nanti pengin beli lagi yang buat saya thx,positive
ganboleh tau enggak lokasi toko di mana,negative
kirim lama banget lewat tanggal estimasi kurir juga enggak nganter ke rumah jadi ambil paket sendiri terus kapasitas cuman segitu doang agak kecewa sih tapi takpalah moga awet untuk packing rapi banget terima kasih seller terima kasih lazada,negative
baru saya hidup satu minggu produk mati garansi ke mana tak ada stempel garansi power hanya remote manual mana waduh bagaimana solusi,negative
barang bagus alhamdulilah kirim expres pagi di pesan sore sudah dtang,positive
barang terima layar pecah kepala changernya juga pecah dan emas tidak pakai babble wrap pokok parah banget,negative
bagus enggak,negative
barang sudah sampai walaupun agak lama packing bagus dan rapi barang deh di coba ok tapi sayang cuma bisa buat isi data iso sekitar gb an kagak bisa dan winrar sekitar 49 gb walaupun buat music atau video bisa tapi masih beli ane coat video yang at gb nya tapi ok nih,negative
kirim super cepat barang belum coba tapi seperti ok packing rapi recommended seller wajahtersenyumdenganmatabahagia,positive
terima kasih barang sudah sampai cepat dan packignya juga rapi,positive
kemas bagus rapi sekali jempolkeatas,positive
terima kasih lazada barang sudah sampaikurir oke kurir juga ramah,positive
darat dengan sempurna terima kasih,positive
sangat kecewa tidak sesuai pesan barang seperti bekas tidak baru tidak sesuai dengan gambar,negative
barang terima dengan baik packaging oke sayang tidak sesuai isi paket dengan yang tampil sini masalah yang sama alami kebanyakn orang yang tulis review ini mouse pad tidak ada dan pouch tidak sesuai gambar untuk seagate sempurna untuk seller kurang muas thanks,positive
barang darat dengan aman dan fungsi seperti seharusnyathanks lazada,positive
awal ya dek2 kan sekali di coba mantulenggak pernah kecewa belanja di lazada,positive
overal puas dengan barang bagus di pegang enteng sih enak tidak berat dan mungkin tidak ringkih tapi saya kira 24 inch itu besar banget tapi nyata tidak pokokny puas lah dengan barangnyawajahberkedip,positive
mantap jos jamin mutu,positive
paket sudah di terima,positive
barang sudah terima packing rapi barang cepat sampai moga awet,positive
enggak ful 32gb sih,positive
jangan beli flashdisk sini semua baru juga sehat sudah enggak bisa baca di laptopdan hari langsung rusaksaya rugi beli sini,negative
sangat puas banget pakai tv xiomi ini anak jadi enggak pegang hp yang bikin anak rusak dan jadi betah rumah terima kasih lazada wajahtersenyumdenganmatabahagiawajahgembiradenganmatabahagia,positive
alhamdulillah puas,positive
saya sangat kecewa dengan beli flasdisk ini karena telah saya pakai untuk nyimpan dokumen telah di cek kembali banyak dokumen yang hilang dan tidak simpan jadi jangan mudah giur dengan harga murah dan banyak bonus karena kualitas tidak jamin sudah sudah chat ke pihak penjualnamun tidak ada respon sama sekali hanya baca saja mohon untuk seller admin agar bisa baik kualitas produk dan layan hadap konsumen dalam jual,negative
barang tiba dengan kondisi normal walaupun packing cuma buble warp,positive
awal bahagia banget barang deh sampai dalam hari tapi waktu dicolokin ke pc hardisknya enggak bisa kedetect dengan kabel bawa harus kabel dua cabang akhir harus minjam kabel teman,negative
keren habis agak lama sih tapi its ok lah belum pernah kecewa belanja di lazada kurir ramah thanks lazada lancar terus buat toko cooca,positive
packing rapi bonus banyak harga murah good seller but fake enggak bisa save video,negative
sesuai dengan gambar nya mantul deh,positive
harga ok sudah saya transper 275 ribu nyata harga 275 juta pantas yang kirim cuma kardus,positive
semua baik pas coba di hp juga baik semuany tapi pas coba di laptop kenapa fdnya enggak baca ya,negative
tidak sesuai gambar tidak sesuai skripsi,negative
great itusi like what expected,negative
enggak fungsi,negative
barang orisinal bagus kirim cepat terima kasih seller dan lazada,positive
barang bagus,negative
nice pesan sudah terima barang fungsi sesuai dengan semestiya thanks,positive
flaadisk tidak bisa di pakai enggak tau kenapa waktu pasuk file video ke flasdisk video enggakbisa di puter di tv kalo pakai flasdisk lain bisa,negative
buku garansi seperti apa ya contoh soal saya cari buku garansi tidak ada,negative
sesuai dengan harga yang penting bisa pakai,negative
saya kecewa barang lama sampai telah saya terima barang enggak sesuai di cover tulis 32 gb tetapi telah saya cek di komputer hanya kapasitas gb mohon di cek kembali apabila kirim pesan kepada costumer agar costumer lain tidak kecewa dan barang dagang agar lebih laris,negative
barang sesuai dengan gambar bagus dan unik tetapi flasdisk nya tidak cukup masuk ke slot pc kmptr hany bisa guna di laptop terimakasih,negative
hd sudah saya terima kondisi sangat bagus dan cepat sekali kirim belum jadwal wel done keep up the good work,positive
sesuai orisinal recomend seller,positive
barang sampai belum estimasi dari lazada barang mulus kerja dengan mesti moga awet tapi pouch kok bukan wd asli sama enggak dapat kaspersky but dont care worth itu,positive
alhamdulillah barang sudah terima dengan baiktapi enggak semua file video dapat di playmau mirorring enggak dah pilihannyaselain ituoveral okmungkin depan bisa baik lagisemoga awet tahan lamaterima kasih ya gan,positive
alhamdulillah sudah sampai dengan selamat tanpa packing kayu hanya di lapisin buble wrap tv bagus,positive
stok ada enggak,negative
barang bagus sesuai gambar murah tapi bukan murah packingnya rapi kirim cepat kurir langsung dari toko terima kasih kencana electronik,positive
orisinal enggak gan,negative
barang bagus original kirim cepat terima kasih lazada,positive
barang dah ditetima kondisi baik sesuai pesan tiba sesuai jadwal terima kasih,positive
barang sesuai dengan pesan,positive
bagaimana kalo mau nyicil,negative
mantap top habissemua jalan dengan baik dan lancarbeda 500rb dari diskon 99 gapapa yang penting enggak rebut dan masih bawah harga kompetitor untuk tv android 40 sok far mantap enggak ngelag cuma jadi harus langgan netflix biar puas hahaha,positive
kok dapat bonus smartfrennya kagak ada ya,negative
enggak banget kapok deh flsadisk enggak jalan kalau rusak jangan di jual dong,negative
16gb tapi 145gb ok enggak apaapa lah barang bagus pngiriman juga cepat,negative
ini tv berapa inch sebenarnya48 inch 24 inchterima kasih,negative
kirim ke bekas keren banget packing nya rapi enggak ada penyok walaupun enggak pakai packing kayu dapat harga yang paling bagus baru pengin unboxing udha yakin saja isi pasti mulus mudahmudahan awet terima kasih lazada,positive
baru dinyalain langsung matisuara keluar tapi gambar tidak adasaya mau di refund min,negative
barang sampai tapi saya mesen yang item kenapa datengnya yang putih ya,negative
packaging rapi dan lindung aman paket sampai dengan tidak ada baretlecetgoresan begitu colok ke komputer display di komputer kapasitas 624gb tapi begitu isi file file corrupt dan tidak bisa diapaapai sudah format juga tetap tidak fungsi kecewa enggak akan pernah belanja di toko ini lagi,negative
barang sudah sampai tapi belum coba,positive
masih fungsi telah tahu,positive
jual dan barang ok,positive
bentuk fisik unit baik cukup halus 75 puas sisa enggak kirim baik dengan tarif fre ongkir hari tiba di balikpapan beberapa minus nya menu rada aneh nagkap sinyal anten krg ok beberapa siar tv lokal semut remote kurang sensi mesti tekan aga kuat,positive
sudah minggu barang belum di kirim jugabagaimana ini gan ada barang enggak sih,negative
barang bagus kwalitas okcept dtngnyathx lazada,positive
sangat kecewa gue pesan flashdisk yang 128 gb tapi yang kirim 64 gb hatihati bagi yang pesan toko ini cek dulu barang baru bayar kalau enggak sama pulangin saja enggak usah bayar,negative
barang sudah terima cacat banyak gores minta dituker,negative
barang terima sesuai iklannyalumayan baguspacking juga oke terima kasih lazada,positive
deskripsi 64gb tapi produk yang kirim hanya kapasitas 8gb,negative
barang sudah saya terima tapi lama sekali terima barang tidak saya cek bagus atau tidak karena barang itu langsung saya kasih untuk doorprice klien,negative
produk ok tapi voucher yang tera pada tawar sudah expired,negative
kirim lama barang nya enggak bisa pakai,negative
lumayan,negative
barang cepat sampai kondisi baik thank lazada,negative
mohin infonyadong kalau instal sendiri gmnaya,negative
barang telah terima dan kemas dengan baik serta fungsi normal terimakasih reseller tingkat kualitas layan dan jaga percaya konsumen terimakasih lazada dar masuk mohon ongkir sesuai dengan harga barang,positive
parah tiap saya tutup layar nya terus saya mau buka lagi layar malah blank warna hitam kayak di foto ini kenapa ya,negative
barang bagus mdhn awet,positive
kirim cepat sekali hari sampai packing rapi top barang mulus sempurna moga awet lancar jaya kenkez store thanks lazada,positive
bonus bagus hardcase yang kecewa harddisk nya nyata bekas pakai dari axio tahun 2014 pakai dua kali sudah enggak baca,negative
mantap wajahgembirajempolkeatas,positive
barang sesuai deskripsi kualitas bagus respon cepat,positive
pas datang produk sih oke tapi selang beberapa bulan sudah deh data enggak bisa baca alias rusak baik di cek dulu mas mbak seller nya pasti benar orisinal tuh fd nya jangan yang abal abal kalau enggak bisa kepake begini kan rugi,negative
tvnya rusak masa eror begini setel tv enggak bisa bagaimana nih mana enggak ada buku garansi bagaimana,negative
mantap lah langsung saya pakai puas banget kurir nya ramah,positive
tv bagus dan sesuai deskripsi terima kasih seller dan lazada,positive
pesan sangat lama nympe produk oke,negative
langsung corruption gamenya,negative
lha saya ulang kali mesen dengan alamat yang sama kok yang ini malah gagal sampai pasti salah di sih kirim nih karena saya input alamat saya selengkaplengkapnya yasudahlah,negative
flashdisk di colok di tape mobil enggak baca tidak recommended,negative
barang lumayan sesuai harga tapi sayang saya pesan bayar tapi di kirim cuma,positive
brng dah nympe dari kemarintrimakasih proses cpat sngat puas,positive
kirim minggu sudah nyampai packing barang bagus dan rapi kwalitas barang bagussesuai spesifikasi pakai lancar jaya,positive
barang tidak real kapasitas terus sangat lambat dalam transfer file ada harga ada kualitas,negative
top deh asli dan muas terimakasih samsung,positive
bagus layan cepat barang hari sampai nice job barang sih oke cuman enggak tau tahun ke depan,positive
produk sangat kecewa spesifikasi sangat tidak sesuai ram gb gb rom 32 gb 16 gb prosessor octacore quadcore saya mau kembali saja,negative
after sales payah no telpon dan wa service center tidak ada guna tidak dapat hubung pihak lazmal cooca juga tidak ada inisiatif bantu selesai masalah,negative
gambar kurang jelas tidak sesuai deskripsi bilang ful hd tapi gambar kayak begini,negative
mantap tv nya keren,positive
tv good delivery service awful,positive
barang bagus dan sesuai dengan pesan juga cepat sampai,positive
barang palsu kapasitas hanya 512mb,negative
klao bisa barang yang original,negative
kan saya pesan pcs per kali ongkos kirim kenapa cuman yang dtang mana itu saya sudah bayar lagi pcs tlong kirim sisa kali atau uang di kembali karena kita sama jual juga jangn sampai nama lazada yang rusak gra masalah kaya begini,negative
alhamdulilah barang sudah sampai dengan amanterus untuk jamin layan kartu garansi kok indak ada cap toko yaterus kita bagamana ya biar dapat jamin garansi tahu itumakadih lasada,positive
alhamdulillah sampai dengan selamat dan kirim sangat cepat toko nya fast respon terima kasih dan kurir sangat ramah top markotop lazada sukses terus,positive
barang ini tidak baca di komputer mana pun padahal saya sudah coba dengan beberapa komputer jadi percuma bel karena tidak bisa pakai mau saya kembali invoice kertas sudah hilang kalau bisa barangseperti ini jangan di jual lazada karena rusak brand image lazada mohon dapat hapus biar tidak rugi customer lain yang pesan thx,negative
produk ok antar cepat harga saing dan packaging ok,positive
kecewa bang ya gue memang enggak harap banyak sama barang murah wkwkwkwk,negative
film animasi tidak sesuai harap anak saya lebih tarik dengan film yang lebih real animasi gambar pun kurang tarik kalau bisa tampil pesan dan kesan yang buat anakanak tarik yang lebih inovatif,negative
pas sampai lihat packingan nya sempat kaget sih karena bagi kardus dan bubble warp nya ada yang sobek tapi pas tes barang nya senang karena bagus dan tidak ada kendala apa recomen deh belanja di lazada,positive
gan ini laptop enggak ada celana dalam nya ya,negative
barang telah terima tepat waktu hanya ada bercak jamur di layar lcd bagi bawah,negative
bagus mudahmudahan awet ya dan belum sempat coba tapi sudah gantung ganti tv lama yang 44,positive
maaf mas tidak usah kirim maaf belum,negative
barang bagus semua normal original dan tidak khawatir ok deh,positive
mantap keras,positive
biar bintang yang bicara recomen gaes,positive
kirim cepatcuman kualitas gambar nya enggak sesuaiwajahmenangis,negative
barang top kurir mantap,positive
warna tajam mudah operasi menu,negative
tidak bisa guna,negative
mantapisi sesuai dekskripsi,positive
kirim cepat packing rapi,positive
ini laptop atau notebook,negative
belum tahun pakai sudah ada bad pixel di sudut kiri bawah sudah ke service center di bandung kata di dalem ada sarang semut dan tidak bisa klaim garansi terus apa guna garansi panel tahun dari tv yang ada di rumah cuma tv ini yang rusak masuk semut hahha moga yang lain tidak alami hal yang sama alam buruk dari cooca ini akan saya ingat selalu,negative
flash disknya oke,positive
awal ragubegitu sampai rumah aku buka utuhmulus pokok rekomendetjempolkeatas kirim ke surabaya kilat hari ini pesan bsuknya datang good,positive
barang cepat sampaibarang okthank lazada,positive
barang mulus oke fungsi tapi tidak ada kartu garansi sudah di chat belum kirim untuk serta kartu garansi tapi pas datang tetap enggak ada kartu garansi kecewa,negative
jos puas banget pakai produk cooca rekomended,positive
pas masuk ke hp eror,negative
bagus speed transfer data ok lebih cepat banding usb 20,positive
original biar bintangn yang bicara,positive
ok bareng original,positive
pindah channel serasa lot seperti smartphone yang ram nya 1gb dijejalin banyak aplikasi tambah penganturan contras brighnes sudah distel bagai macam masih saja terlalu tajam putih bisa rusak mata kalau tonton durasi lama fitur eco mirip atur cerah layar di hp simple sih cuman jadi gelap layar kalo tv nya di indoor overal kalo banding sama harga yang tara misal tcl 40 smart tv mungkin kalah fitur cuma menang brand saja,negative
harga sangat saing barang sesuai sudah cek ke asli nya mantap,positive
mantap bang oke berfngsi dengan baik ok,positive
ini bagaimana sih kok kaki tv nya enggak ada saya komplain mana ini kaki tv nya enggak ada,positive
tv mau coba kga muncul muncul no signal dibeliin antena baru tetap no signal mau direturn saja kga ada jelas dari penjuala ya untuk cara yang benar,negative
brang bagus,negative
flasdisknya bagus tapi mp3 yang lain bisa di baca,positive
barang cepat sampai kapasitas 63 gb moga dapat guna dan awet,negative
eror flashdisknyh sis bagaimana ya bisa di retur enggak saya mau balikin nih bagaimana caranyh ternyta enggak bisa di save,negative
bagus barang asa kwalitasnya bukan murah,positive
sampai dengan selamat dapat hrga lumayan pas promo tanggal 28 sampai tanggal kurir ramah recommended oh iya kalo untuk klaim garansi bagaimana ya min,positive
pesan tanggal 11 bayar tanggal 11 barang sampai tanggal 12 ruaaar biasa cepat luar ekspektasi produk ok mantap tapi sayang bonus vip card nya tidak ada jadi tidak sesuai deh sama yang iklan jadi agak kecewa deh,negative
lumayan dapat flash sale,positive
alhamdulilah barang sudah sampai gan ane puas mau beli lagisukses selalu buat agan,positive
produk orisinal cepat baca ratarata 80mbps bukan 95 mbps tidak sesuai dengan deskripsi cepat tulis 30mbps over al ok lah moga awet thx lazada,positive
harga sahabat tapi kualitas hebat,positive
thankyou for my early christmas present,positive
terima kasih produk bagus muas sekali lagi terima kasih,positive
barang bagus dan sesuai gambar mudahmudahan tahan lama,positive
great shop great product great price,positive
mending pihak lazada tutup nih akun jual yang kayak beginijual barang rusakcapek deh,negative
dapat diskon dari hut lazada tks lazada dan cooca,positive
mantap kirim cepat,positive
enggak bisa jadi bootable,negative
kata produk orisinal tapi kemas sudah pernah buka belum pakai cutter bagi belakang,negative
barang datang sesuai harap gambar dan suara mantul channelnya pun banyak youtube nya juga lancar meski teatring dari hp moga kuat dan tahan lama,positive
alhamdulillah tv sudah sampai dengan selamat terima kasih buat lazada cooca dan kurir jnenya juga ramah pokok mantaaaaap dah,positive
kirim cepat hanya kurang puas fd kadang baca kadang enggak wajahmerenung,negative
sesuai dengan janji mantap,positive
puas sesuai harga,positive
barang sudah sampai dengan metode cod,positive
selamat siang paket saya sudah sampai ya mau tanya siapa ya terima,positive
gan barang hd elements saya tidak mau baca di laptop atau pc semua padahal saat kirim barang aman saja namun hd tidak sama sekali baca walau indikator hd nyala mohon respon dan bantu gan agar saya tidak sesal terima kasih,negative
judul nvidia gt920mx nyata tidak ada cuma intel grapich 520,negative
bagus semua fungsi dengan baik moga layan nya lebih bagus dan baik pula,positive
alhamdulillah tidak pecahbagus,positive
lucu imut seperti gambar packing rapi fungsi dengan baik,positive
tvnya cacat pabrik dan tidak ada tanggung jawab dari lazada,negative
kurir nya ramahtapi peking nya enggak rapiharus nya kan ada kayu nyaaku terima dalam ada pecahtapi salah aku sendiri sih enggak aku buka lama minggu karena jadi mau di balik kin juga enggak bisa pasti,negative
mantul puas,positive
pasang mudah dan transfer data juga cepat tapi sayang kirim dari lazada nya lama,positive
baru minggu sudah rusak padahal tunggu minggu baru datang ini barang,negative
pesan ke4 kali seperti biasa kirim cepat barang mantap dan betul ada promo jadi dapat harga lebih murah banding belum,positive
barang sampai lama benar beda sama estimasi,negative
pesan cepat sampai hanya hari tv nya keren banget ada androidnya bisa connect google account mantap lah enggak rugi beli pas 99 harga cuman 32jt sekarang sudah 42jt kurang nya tv nya berat hampir 7kg itu saja,positive
flashdisk nya enggak bisa dpake telah file di pindah keflasdisk ini malah enggak bisa baca wajahmenangiskeraswajahmenangiskerasalhasil semua file aku rusak semuawajahcemas,negative
akhir paket datang tepat di akhir estimasi kirim telah bantu cs lazada terimakasih lazada dan kena barang paket datang dengan packing bubble warp dan sedang di cek seluruh moga enggak ada masalah,positive
enggak ada kartu garansi,negative
barang terima dengan baikterimakasih,positive
terima kasih lazada barang sudah sampai sangat muas kan dan besar,positive
packing rapi barang orisinal kirim cepat thx,positive
barang sudah sampai tapi pas dinyalain enggak bisa bagaimana tanggung jawab lazada,negative
sangat kecewa pakai barang kirim sudah telat sudah begitu simcard tidak baca barang juga ringkih sangat sesal beli barang ini,negative
tak bisa di guna,negative
bareng yang sampai tidak sesuai pesan harus konfirmasi terlwbih dahulu kalau bareng kosong atau hendak ganti saya sangat kecewa,negative
barang bagus dan cepat sampai tuju,positive
senangpengirimannya cepat,positive
thanks barang sesuai pesan kirim cepat buat yang bingung yang di dapat saat beli apa saja yang jelas dapat laptop kan ya hehehe dapat tas gantung kunci stiker jadi lengkap lazada tolong di lengkap deskripsi agar yang mau beli enggak bingung,positive
barang bagus sesuai deskripsi kualitas ok,positive
bagaimana cara untuk kembali laptop ini soal belum minggu layar sudah nge blank beginiwajahbersungguhsungguh,negative
pas mindahin file pasti corrupt,negative
hanya satu kak buat lazada dan sandisk kereeen,positive
barang enggak layak jual malah jual bagaimana sih saya pindahin file ke flashdisk bisa pas buka lagi malah hilang lah kecewa berat pokok sesal saya beli flashdisk nya di store ini untuk beli baca ulas nya dulu ya jangan seperti saya sesal belakang,negative
maaf sis mas bro flashdisk ok tapi baru sekali pakai no connect,negative
barang ok dan kirim cepat terimakasih seagate,positive
flashdisknya bagus tapi bonus kayak fan android nya enggak muter pas pasang,negative
barang lama sekali,negative
barang sampai kurir ramah tapi kecewa charger nya tidak ber fungsi jadi enggak bisa pakai deh wajahkecewanamunlega harap ditingkatkn kualitas nya,negative
barang terima baik packing rapi cuma kurang banyak bubble wrap nya terimakasih,positive
jelek baru pindahin data sudah error,positive
enggak bisa buat video hancur semua,negative
warna salah ukur barang gede enggak cocok untuk hd 25 sesuai lah sama harga,negative
nice product sesuai dengan yang ingin,positive
dua tidak bisa guna,positive
kecewa banget flashdisk apa enggak bisa pakai sesal deh beli hatihati jangan pesan,negative
baru simpan dikit deh rusak data,negative
barang sudah sampai malam langsung di coba bisa bagus imut imut,positive
mantulbarang ok pingiriman cepat,positive
barang sampai dengan cepat banget dan kemas rapi indak kecewa lah saya beli harga sudah saing dari produk lain,positive
tidak bisa simpan video,negative
puas syekali,positive
ini judul nya 48 tapi baca spesipikasi utama led 24 yang benar yang mana,negative
barang bagus kirim lama,negative
layan nya bagus barang juga bagus mantap banget cuma yang buat kecewa dari pihak kirim nya masa dari depok kirim ke depok harus tgu sampai smguan baru sampai barang lama simpan nya di gudang ninja nya,positive
sudah minggu order laptop padahal sudah sesuai petunjukenggak bisa gman carany min ini,negative
sangat kecewa saya order tv sudah tunggu lama gilir sampai eh barang pecah hamsyooong masuk ke lazada untuk lebih jaga barang dalam tiap kirim,negative
apa ini benar tv ke karena gambar enggak begitu bersihkalo ke kan gambar bersih banget mohon di jawab,positive
belum sampai 20 hari sudah enggak bisa baca hp saya kecewa,negative
kemas sudah buka waktu sampai alamat kemarin,negative
kenapa tidak dapat kabel hdmi ya,negative
barang sudah saya terima tadi jam 1119 tapi saya kecewa banget gan flashdiskmemory kenapa enggak bisa dsmpn,negative
paket saya terima sore ini jam 14an baru saya buka malam ini jam 20an bungkus rapi packing kayu dan wraping buble plastic tapi kenapa tv nya enggak bisa nyala meski lampu indikator jadi hijau telah pencet remotenya,negative
moga awet,positive
produk oke untuk kirim lumayan namun akan lebih baik jika di packing kayu jangan bubble wrap saja thanks,negative
jempolkeatasjempolkeatasjempolkeatas,negative
mantaaap,positive
kirim cepat tapi sayang suara sond nya naik turun padahal tv baru payah,negative
recommended sellers,positive
good lah untuk harga segitu,positive
sukak,positive
pesan satu kok malah kirim dua,positive
barang oke semua nya enggak ada kendala,positive
puas banget,positive
pesan rabu malam sabtu pagi sampai di jepara jawa tengah thanks lazada barang 100 works enggak sesal pokoke,positive
barang datang lambat sekali,positive
produk lumayan bagus,positive
produk keren sudah android dan bezel tipis,positive
ini size nya berapa yaw,negative
agak masalah tidak semua komputer bisa buka,negative
mohon laku kece kembali karena saya belum terima barang per tanggal 20 desember 2017 sedang status sudah kirim di tanggal sebut jangan sampai konsumen kecewa,negative
kirim cepat deh begitu saja terimakasih,negative
barang bagus tampil cantik led notifnya keren jos pokoe,positive
kapasitas 931gb kirim cepat lanjut,positive
buat kirim file gb bisa sampai jam,negative
barang sesuai deskripsi dan cepat sampai jempolkeatas,positive
mantapbarangnya bagussesuai banget,positive
kira usbnya bisa nyata usb khususwajahmenangiskeraswajahmenangiskeraswajahmenangiskeraswajahmenangiskeras,negative
barang sudah sampai packing kurang karena tidak pakai packing kayu,negative
semua file yang pindah ke flashdisk ubah jadi file corrupted,negative
baik sok far hampir panik remote tv enggak bisa pairing nyata ada trik nya tks lazada buat pre sale nya tv 40 inch harga juta baik,positive
thanks cooca thanks lazada tv nya mulus cocok deh pokok kebetluan beli lagi pas ada sale jadi harga lumayan bantu muraaaaaaaah wajahtersenyumlebardanmemejamkanmatawajahtersenyumlebardanmemejamkanmatawajahtersenyumdenganmatabahagia,positive
flasdisk enggak bisa isi apaapa buruk bohong moga kena adzab amin,negative
untuk harga segitu bagus sihtapi kalau mau yang berkualitasya harus butuh korban nguras kantong agak dalem,negative
masa saya pesan 9agustus kode voc ia enggak bisa di pakai terus bagaimana nih tangan ia mkcy,negative
gan saya mau nyicil bisa enggak,negative
enggak ada cacat sedikit kurir nya ramah tq lazada tq seller enggak kecewa sedikit wajahmemberikanciumanjauhwajahmemberikanciumanjauh,positive
brngx cukup bagus,negative
gercep banget tapi kapasitas cuma 30 gb an dan yang fre 297 gb tapi worth karena resmi garansi,positive
file yang di copy ke flashdisk enggak bisa baca,negative
mau tanya nih kondisi barang baru atau second terima kasih,negative
bagus cocok buat case hd laptop,positive
barang kau,negative
sip sesuai pesan tapi belum coba mudahmudahan fungsi dengan baik,positive
barang akhir datang telah telat hari dari estimasi bingung banget dari kemarin mau batalin tapi saya sabarin akhir sampai juga good product bad delivery,negative
barang yang jual sangat amat buruk tulis 64 gb yang dapat 199mb,negative
assalamu alaikumsaya habis beli hardis tisiba tkok baru minggu sudah rusaktidak bisa di pakai copy pailpropertis juga tidak bisatolong di bantu,negative
bagus sekali dan juga murah dua fungsi dengan baik moga awet suka suka,positive
barang ok tapi kok kaya ada garis begitu ya mudahmudahan awet saja biar enggak sesal beli di ladaza,negative
packing aman dan rapi tapi memori cuma ada 56 gb sisa hilang,negative
barang sudah terima terima kasih moga awet,positive
ini bayar di tempat apa tidak,negative
barang bagus fungsi dengan baik real pic,positive
sayang sekali tidak bisa usb movie ada lobang usb tapi hanya tigas service yang boleh begitu jasa di buku tunjuk telah coba memang tidak support agak sedikit kecewa saya rasa sementara di judul usb tv padahal keluar baru sedang tv2 jadul saja keluar tahun lalu sudah serta fitur itu untuk yang mau order pikir2 dulu lah,negative
stok masih ada enggak gan,negative
mohon info bagaimana cara klaim garansi sen saya sun disk 32 giga rusak tidak bisa di baca,negative
alhamdulillah sesuai dengan spesifikasi tapi colok bengkokini produk asli atau bagaimana ini,positive
kirim cepat barang orisinal,positive
tampil lumayan cerah seller sangat responsif biarpun agak lot balasny hehe sayang tombol power vol di bawah socket charger di samping jadi agak aneh enggak terbiasalayar agak mudah gores kayak entah ada lapis bawah lagi enggak kalo enggak belum 1tahun pakai bisa dah buram tuh layar isi tablet kosong melompong sampai google pun mau diinstal wkwk saya kurang bintangny karena kapasitas rom yang 64gb telah simpan data sisa masih 50gb enggak bisa simpan lagi muncul pesan eroro insuffient space,negative
packing nya ok lah cuma belum sempat di cek nyala apa tidak nya baru lihat lengkap sesuai sama yang di iklan kirim justru lebih awal bagus lah harus tanggal 8eh tanggal sudah datang trimakasih fast respon nya layan ok,positive
tv matimau di return tidak di taggapiakhirnya putus di ambil lazada untuk returnbarang sampai ke jual lagi pun tidak di konfirmasi lazada lagi yang memutuskansaya cuma reseller kecil bos,negative
deskripsi toshiba canvio basic namun yang datang toshiba canvio ready jadi beda type agak kecewa,negative
besar,positive
tobat beli enggak bisa sibaca kalau jual jangan asal jual lah gan tobat tobat beli,negative
good masih bisa diup dengan detail,positive
okok,positive
saya kecewa saya di tipu saya pesan dua teryata harga tetap dua,negative
puas puas puas puas puas,positive
barang bagus dan fungsi dengan baik datang cepat pokonye keren deh,positive
recomended seller,positive
fast responbarang sesuai dengan deskripsi,positive
biar gambar saja yang bicara,positive
barang belum saya buka masih dikemassaya puas deh dilazadarespon cepat enggak ribet,positive
flashdisk nya jelek enggak bisa pakai,negative
barang kau masa pasuk data2 ke flash disk nya langsung hilang kecewa berat,negative
bagus sekalee,positive
flasdisknya belum aku coba jadi aku kasih bintang dulu,negative
good tks,positive
fd nya bungkus rapi sampai juga cepat terima kasih,positive
sangat tidak recomend saya terima dengan kondisi eror tidak bisa diapa2kan,negative
baru pakai data saya langsung rusak,negative
barang bagus tapi harga nya turun lagi ketika saya beli 1849 sekarang langsung 1799,positive
cepat pengirimanya puas hasil,positive
untuk produk mantap cuma di dalam enggak ada breket padahal ada slot breket mungkin saat test tinggal bisa breketnya kirim,positive
gan bisa kirim via gojek ke daerah cileungsi tidak,negative
kirim cepat admin nya fast respon hd nya bagus sesuai spek kec sampai 110 mbaksi hadiah nya oke lah ya nama juga hadiah you know lah ya gaes,positive
saya pesan pakai jasa gojek harus sampai tanggal 30 nov tapi sampai saat ini barang saya belum sampai juga tolong jangan buat orang kpok beli dilazada layan tidak recomended,negative
sangat kecewa barang terima dalam ada rusak layar lcd pecah di tengah dan jalar ke tepi packing kirim tidak guna packing kayu layak barang pecah belah namun hanya bungkus bubble wrap barang sedang dalam proses kembali ke lazada moga bisa segera proses untuk ganti dengan barang dengan kondisi yang bagus atau uang kembali,negative
layar gar lagi coba claim garansi,negative
saya beli tv ini karena lihat video2 review pada bilang bagus enggak tau saya dapetnya barang cacat atau bagaimana ada dead pixel kualitas gambar dan suara sangat buruk tipe picture sudah pilih yang paling bagus tapi saat tonton video hasil bayang suara juga sember walaupun sudah pakai mode dts wel ada harga ada barang,negative
najong masa flashdisknya rusak baru sekali bisa di pindahin dokumen eh pas mau mindahin lagi malah enggak bisa mau delete saja enggak bisa,negative
mantap barang bagus,positive
produk originalpacking rapipengiriman cepat kurir ramah,positive
dua kali beli tv sini yang pertama 32 inch yang dua 43 inchduaduanya memuaskanbarang sampai dengan selamat tanpa ada cacat kurang sedikitpunkurir sudah langgan selalu mau bantu cek barangthx laz sellerwajahgembiradenganmatabahagiawajahgembiradenganmatabahagia,positive
saya pesan kenapa dtngnya ya,negative
kecewa bukan flasdisk yang kirim malah micro sd yang dkirim mls proses retur nya sellernya teledor,negative
barang nya ok cepat sekali sampenya,positive
kurangada bagi file yang tidak bisa di baca,negative
barang oke kirim cepat bayar cod tambah aman belanja online yang saya laku moga barang awet,positive
alhmdulilah barng sudah sampai kirim cepat moga tv awet sampai tua terimakasih,positive
kecewa salah alamat tidak bisa di baru saja transaksi langsung tidak bisa di batal buat alam ini harus kasih waktu 1jam belum lanjut di proses kasihan orang kalo salah alamat,negative
kirim cepat respon baik barang tiba dengan selamat dan sesuai pesan rekomendasi banget terimakasih,positive
produk standar mahal lebih mahal sini harga daripada toko belah,negative
barang sudah sampai dan fungsi dengan baik terima kasih lazada,positive
bgus,positive
bareng ok,positive
baramg sesuai deskripsi dan fungsi dengan baik terima kasih,positive
fungsi baik tks,positive
barang deh terima namun sangat kecewa beli paket bundling tv sound bar tapi yang yang kirim cuma tv nya saja tanpa sound bar tolong dong lazada tanggung jawab bagaimana sudah 15 hari telah kirim kurang barang belum kirim juga,negative
barang sudah sampai,positive
kirim cepat kurir pun ramah terima kasih lazada,positive
khusus beli di 11nov di terang tulis include fre vvip card mana vvip cardnya saya buka kotak tvnya tidak ada vvip cardnya tolong kirim lagi vvip cardnya,negative
packing rapi cepat transfer data cepat mantap,positive
isi kok cuma 2971 ya memang sih ada sticker datascrip teman saya bisa sampai 31 lho,negative
masa remot rusak di kasihwajahmerenung,negative
ya lengkap sih sesuai dengan judul tapi enggak rekomendasi buat yang kerja itu ya karena ini sifat fat32 cant convert ntfs ya jadi sistem buat copas file besar enggak bisa dia lot banget ya buat orang kantor use ini enggak apaapa lah,negative
kirim cepat moga awet,positive
mantapbarang sudah sampai sesuai specs,positive
barang oke kapasitas juga sesuai cuma mohon maaf saya enggak kasih bintang mana harus bintang karena warna nya biru padahal saya sudah info ke seller warna req hitam dan kalo tidak ada hitam warna apa saja enggak apa asal bukan biru eh malah kirim biru yasudahlah sukses untuk jaya,negative
sempat khawatir kirim ke sulawesi tengah enggak pakai packing kayu nyata benar dong cuma bubble wrap doang tapi alhamdulillah barang enggak ada cacat dan sampai dengan selamat fungsi dengan baik lumayan dapat murah nak flash sale,positive
pokok saya puas banget atas semua hal kwalitas harga layan dan ramah hingga logistik yang lancar terima kasih lazada,positive
kirim nya sih cepat tapi packing nya cuman pakai buble wrap pas di buka kardus bagi dpan tv ada penyok ngeri layar nya pecah tapi untung enggak respon jual nya lama tv pas di cek nyala sih normal tapi buku pandu enggak lengkap parah nya remot tv nya ha fungsi utama tombol volume dan tombol geser kiri parah jadi enggak bisa gedeinkecilin suara tolong dong seller sama gudang lazada belum kirim ke konsumen barang di tes lebih dahulu jangan barang riject di kirim tiap beli barang di lazada zonk mulu,negative
pesan dari tanggal tanggal 21 baru sampai kecewa lama banget kirim nyabelum di buka tv nya moga bagusbagus saja biar enggak tambah kecewa,negative
mantap barang sesuai yang pes,positive
kali kali beli di lazada tapi yang ini sangat kecewa pesan dari tanggal 12 des 17 sampai sekarang tanggal 19 des 17 barang belum datang padahal sudah langsung di byr estimasi sampai tgl15 des 17 tnyt molor tolong baik layan agar langgan tidak kecewa,negative
barang telah sampai layan bagus terimakasih lazada,positive
boleh enggak kalau misal credit,negative
tolong kirim kembali kok tiba tiba ada pesan pesan anda di batal,negative
bagus sih cuman enggak bisa baca kadng cofy file enggak baca,negative
pesan 16 gb produk yang kirim 32 gb dan tidak fungsi segel sudah buka sangat kecewa,negative
maaf baru asih review kecewa banget ira belanja di lazzmal aman barang bagus nyata parah tvnya bluret parah banyak semut enggak hilanghilang padahal sudah numpang antena tetangga yang pakai antena digital,negative
hdmi support,negative
kualitas sesuai harap dan kirim cepat cuma hari tahan ya,positive
mantap 24 jam langsung ke kirim lumayan buat main pas,positive
biasa suka fre sekarang sudah bayar saja sama jasa ongkirnya,negative
produk sesuai deskripsi dan fungsi dengan baik kualitas gambar suara dan lain ok harga relatif murah 2499jt sudah masuk ongkir,positive
hard disk sesuai deskripsi sesuai ekspektasi moga awet jempolkeatasjempolkeatas,positive
promosi dan diskon dari lazada memang gila harga sangat murah dan produk yang beli penuh butuh sukses terus lazada,positive
saya order tanggal desember 2017 via gosend yang harus sampai hari yang sama tapi sampai saat ini saya masih belum terima flashdisk nya mohon direspon dan mohon bantu,negative
gan sudah har kok belum nyampek juga barang,negative
apa yang ulas ya salah kirim barang nih,positive
kalaudi kirim ke karawang bisa enggak,negative
barang sudah terima tapi enggak bisa ke detect di komputer mohon solusi buat kembali barang karena dalam paket enggak ada kertas buat kembali barang,negative
tengkyu barang sampai tepat waktu packing rapi dan savety banget recommended seller,positive
amat sangat memuaskantop banget trimkasih ptesitrmksh lazada dan triksh ninja expreskalian luar biasa masuk buat pt esiknapa enggak jual sekali braket khusus cooca 32 dan 40 kemarin saya beli braket dan harus lubang sendiri untuk baut ke tvsupaya besi braket tidak lihat tonjol keluar ke bawah buat yang mau beli smart tv cooca enggak usah ragu2smart tv ini memang keren dengan harga jangkau,positive
barang aspal,negative
produk sangat muas,positive
pesan baru di terima sayang enggak ada tempat bracketnya sehingga enggak bisa di gantung moga saja bisa awet,positive
kirim cepat barang mantablah tapi vocher hooqnya enggak ada,negative
bagus banget,positive
tv nya okeenggak ada masalah tapi kulkas nya penyok2enggak ada yang mau tanggung jawabisi formulir selalu di tolakbeli barang kecil oke lahdi lazadatapi kalo barang besar kudu mikir lagi,negative
kalo di kredit bisa enggak gan,negative
mantap kurir sopan dan baik moga awet,positive
pesan tanggal 88 pkl 0005 harga 2jt 35rb ongkir sudah muter2 cari tv led fhd 40 enggak ada yang dapat harga gin langsung kirim dan terima tanggal 98 dengan jne trucking ukur paket lumayan gede lengkap tv led 40 tipe 40d3a kaki remote control batre 2xa manual kartu garansi sudah tes fungsi dengan baik tonton tv antena lokal tonton film dari flash disk nb baru engah kalo colok usb nya cuma ira ada kayak colok hdmi pilih 40 karena sesuai budget dan kalo mau jadi smart tv tinggal tambah android tv box di kisar 300rb1jtan tonton di colok hdmi,positive
walaupun awal ada masalah tapi sudah diselesaika oleh selergood,positive
barang belum di coba packing plastik dalam nya pecah moga fungsi dengan baik,negative
flashdisknya bisa digukan cukup baik tapi otgnya enggak bisa sudah guna beberapa hp juga tetap enggak bisa connect,negative
saya mau aju kreditcaranya seperti apa085692294155terima kasih,negative
pesan hari senin langsung proses lazad selasa pagi sudah di dakota cargo saya tunggu sidi jumat malam barang belum saya terima juga sabar sabar sabar lah kalo nyebrang pulau sama wajar nah ini kirim ke bekas doang ngabisin sabar,negative
alhamdulillah amanah barang sampai dengan selamat insyaallah awet terimakasih melipattanganwarnakulitcerah,positive
isi sesuai packing nya lebih di rapi ini lagi kurir ramah yang jlas sesuai dengan harga,positive
otg karat untung masih bisa dipke,negative
baru bagus,positive
barang di terima enggak di packing kayu pas saya terima terus di buka barang pecah dan tidak di ikan remote,negative
kecewa nihmasa barang baru deh kena lcd nya garis2 hitamaneh bangetteam quality check nya bagaimana sihtv rusak kok dikiirim juga hrga nya juga enggak kaleng2kalo mau di return enggak bisa ganti tv malah kevoucer,negative
sangat bagus banget,positive
storage enggak sesuai realita,negative
barang nya enggak bisa pakai nyesal sebab enggak bisa copy paste pantas murah,negative
akhir datang juga walupun cukup lama yaitu tunggu 5hari jasa kurir pos indonesia ya kata istri saya kurir minta rokok supaya kasi ongkos lagi mungkin enggak kasi sama istri sih lantar gkada saya coba kalo ada saya enggak tau tuh mau saya apa kurir ya saran saya ke lazada pakai kurir lex saja padahal,negative
bisa di cicil jadi 1899000,positive
sudah lewat bts waktu estimasi2minggu lebih enggak datang juga ini brng kecewa berat kalo enggak datang juga balikin deh uang,negative
bagus sekali semua normal,positive
beli enggak fungsi semuadikasih file file nya hilangbusuk,negative
barang orisinal sesuai gambar malam order siang barang datang sangat puas blanja di lazada,positive
fungsi dengan baik,positive
barang yang terima bagus kemas sangat jaga dengan baik di pakai juga enggak ada masalah lama ini mau order lagi flashdisk nya,positive
bagus dan kirim barang cepat terima kasih lazada,positive
mantap barang sesuai gambar hanya saja pas buka bingung soal enggak kasih tanda di barang untuk buka good seller jempolkeatas,positive
terima kasih banyak fungsi dengan baik,positive
barang sudah sampai cuman enggak bisa di pakaisaya benarbenar kecewa dengan produk,negative
barang sesuai moga awet,positive
barang telah kami terima lambat hari dari tanggal yang informasi lebih batas tanggal yang telah tera kualitas barang pesan sangat baik dan masih baru plus dengan bonus hadiah yang tawar for lazada,negative
barang kali orisinal sesuai pesananterima kasih,positive
harga paling murah dari yang lainketika mesan walau enggak dapat case tapi storejet memang enggak perlu packing rapi di lapis kardus lagi sesuai ukur kotak barang biar aman kirim cukup lama dari jakarta ke medan sekitar smingguan barang keren walau agak kecewa nyata bagi atascolokan nyata plastik tapi slebihnya di lapis karet overal greatjob,positive
barang bagus cukup muas,positive
baik dan oke saya beli yang giga tapi yang datang 64 giga bagaimana nih status saya punya flasdisk,positive
tv sudah ada hdmi dan usb hanya usb tak bisa movie mohon deskripsi ubah sesuai dengan fungsi,negative
ini kunci produk microsoft nya mana ya enggak bisa pakai tanpa itu,negative
item arrived ini perfect condition and stil working wel until today fast delivery and great customer servicecommunication thanks,negative
kualitas produk baik kirim cepat terima kasih lazada,positive
seperti bekassudah buka huh,negative
goid,positive
cukup puas belum senang karena ada yang kurang fahamwajahbosan,negative
sudah pernah coba semua tv merk lain dari yang ber merk sampai yang enggak ber merk cuma tv ini yang murah spek dewa panel led philips enggak perlu ragu lagi,positive
barang pes tanggal 18 juni 2017 terima hari ini selasa tanggal 20 juni 2017 cepat juga ya tapi telah hidup layar gar mohon bisa tukar yang lebih baik percaya langgan itu nomor,negative
pesan tanggal 12 sore barang sampai tanggal 14 sore ada port usb ada kartu garansi barang overal fungsi dengan baik invoice kirim via email hari telah barang terima terima kasih samsung dan lazada,positive
sangat kecewa kirim sangat lama,negative
flashdisk corrupt bisa simpan tapi file ya enggak bisa di bukakapasitas yang di cantum kan enggak sesuaibaru kali beli di lazada kena tipu,negative
saya tunggu hari kenapa enggak di proses sama sekali padahal saya minta kirim via gojek loh,negative
lazada yang baik,positive
kabel tidak ada,negative
original sesuai deskripsi kirim juga cepat banget respon seller top markotop pokoke mantul sangat rekomendasi terima kasih,positive
bagus sandisknyacepat kirim,positive
mantap ganharga murah mantappacking mantapbarang mantapsegel orisinal mantapseller mantaplazada mantapsemuanya mantappokoknya mantap gan,positive
gemebel gblk masa corup pas copy file najis tlol,negative
lumayan cepatkondisi bagus,negative
mantab lah amanah kasih barang sudah sampai dalam waktu hari sertelah saya buka barang dalam kondisi yang baik dan tidak rusak,positive
barang bagus asli tapi benar kata orang di bawah ane lama benar sampai nya mungkin ini barang laku keras sip deh,positive
kurir ark expreskatanya baru tapi enggak ngecewain ganmantapbarang sampai tadi siang2belum dicobasetelah ane coba baru ganti reviewnya lagi gan,positive
item is ini good condition satisfied with this product,positive
enggak kecewa dan moga awet thanks lazada,positive
barang tidak sesuai item dan sangat mengecewakanwalo baca cuma satu data video yang bisa diputarselebihnya enggak bisa,negative
maaf lazada barang nya coba tapi indak baca dia kecewa,positive
tvnya rusak enggak bisa di apaapa ini saya telp service centre nya bilang ada rusa di software kami yang belum bisa kami baik untuk sementara tunggu sampai software baharu nanti akan cara otomatis baharu bagaimana mungkin tvnya saja belum koneksi internet enggak bisa masuk menu dan enggak ada respon aneh ah wes balik duit saja wes moga enggak ribet,negative
barang tidak terima,negative
order tanggal 1111 terima tanggal 1711 tidak ada vip cardpadahal beli pas 1111 lazada tolong konfirmasi admin soal vip card yang janji saat promo 1111 untuk lazada yang lebih baik tunggu konfirmasi,negative
barang di terima tapi rusak pecah,negative
saya pesan dari tanggal 09112016 sampai hari ini tanggal 17112016 barang belum saya terima,negative
murah cepat dan bagus hanya saja used space 29gb tidak sampai 32gb,negative
nyata telah beberapa kali pakai keepatan tambah kadang bisa sampai 100mb,positive
di jamin orisinal,positive
pesan tanggal 11 datang tanggal 13 bayar lalu cod layan sangat bagus kualitas tv bagus saya suka hanya saja packing nya kurang tebal buble nya tapi masih golong rapi harga sangat jangkau bisa stgah nya kalo beli smart tv merk lain smart tv 40 inc pertama saya yang saya beli pertama juga di lazada kurang nya yaitu tidak ada vip card nya tetapi pihak lazada sudah konfirmasi bahwa vip card akan di kirim max 15 hari telah barang terima terima kasih lazada,negative
barang sesuai pesan cepat buat copy file film cuma sayang barang terlalu kecil gampang selip,positive
beli waktu promo harbolnas eh habis beli cek lapak lain langgan lebih murah 40 ribu sesal juga betul ira sudah flashsale lzd dah mantap eh tipu packing minim benar ngeri cuma packing plastik hitam dan bubblewrap tipis dilakban mudahmudahan pas kirim enggak habis terombang ambing dan masih perfect performa thanks gan moga bisa jadi feedback depan sukses selalu,negative
trimakasih lazada laptop bagus kirim cepat,positive
tidak sesuai deskripsi harus dapat kabel data malah dapat kabel otg,negative
this is very disappointing good received is different what was order and take to long tapi arrive never going tapi order from this supplier,negative
barang lama sampenya bikin deg deg ser pas sampai langsung cek dan barang bagus belum coba copy paste file sih moga muas,positive
barang sudah sampai tepat waktu tapi bonus kuota yang di iklan enggak kirim,negative
sudah sampai dan kecewa batre nya kurang bagus tidak pakai batre nya habis sendiri dan datang juga lama,negative
barang sudah sampai cuma belum di cek di karena kan saat barang sampai saya tidak ada di rumah,negative
pertama terima barang kes sampai suami ngeluh kok enggak bisa connect usb berkali2 baik pakai flashdisk maupun pakai sambung usb kabel hp baru hari ini otak atik benarbenar enggak bisa malah ada tulis sambung av ada tapi sambung usb enggak ada tapi ada colok dbelakang kan bikin sensi lamalama gue ajuin saja kembali kecewa deh dkira ini tv bagus enggak tau nya enggak jelas,negative
produk datang sangat cepat kemarin pes besok sampaibarang juga orisinal cuma satu lemah yaitu sangat mudah panas,positive
barang oke speaker lumayan tapi tidak certified netflix padahal tuju utama saya beli android tv untuk itu mungkin lebih teliti lagi belum beli karena saya sering lihat2 review bisa netflix tapi nyata buat yang 50inch saja,negative
saya senang sekali,positive
kualitas sangat kecewa susah conect harus berkali2 di colok baru conect,negative
kecewa banget pas pakai semua file yang aku pindah ke flashdisk jadi rusak video jadi enggak bisa putar padahal pas seblum di pindah file masih bagus,negative
flashdisk nya jelek enggak bisa fungsi saat di isi musik enggak jalan aneh,negative
kemas penyok barang yang saya terima cop kabel putus jadi enggak bisa pakai,negative
kata dapat hdmi tapi trnyta enggak,negative
kecewa berat kata 64 gb nyata hanya gb pokok kecewa jempolkebawahjempolkebawahjempolkebawahjempolkebawah baru awal beli barang di lazada sudah kena tipu,negative
pesan 32 gb yang datang 64 gb sayang nya enggak bisa simpan data kecewa banget terima kasih lazada,negative
produk kurang bagus karena di saatsaat tentu tv error dan harus restart ulang kemudian harus instal ulang,negative
saat download mp3 ada yang bisa tapi banyak yang enggak bisa,negative
barang tidak sesuai,negative
terimakasih barang sudah sampai hari yang lalu packingan mantap banget meski flashdisknya sudah ada tempat tapi masih di packing lagi pakai kardus pokok mantap dah benar benar limited edition thanks lazada team masih bintang soal belum di coba flashdisknya moga awet,positive
sesuai dengan harap,positive
sudah datang dengan selamat mantap thanks buat semua saja,negative
saya bagai costumer tetap lazada kecewa dengan layan yang tidak ada response dari email cs atau keluhan2 atau ulasan2 yang telah saya sampai masuk kualitas yang tidak sesuai dan tidak dapat guna lazada hanya diam saja tidak bantu costumer untuk lanjut kepada sellers apalagi refund,negative
kapasitasy kurang bagus aturany kalau kosong enggak bnyak firus tapi nieh bnyak firus sangat kecewe,negative
original dengan hologram dengan garansi 10 tahun,positive
ini chasenya doang ya,negative
alhamdulillah operasi normal,positive
bareng nya enggak bisa di baca rusak,negative
bagus lebih bagus kalo ada soft pouch atau carry bagnya akan lebih guna lagi,negative
moga awetpacking rapi respon dan kirim cepatterima kasih,positive
kenapa barang saya belum datang ya kata terakhit tanggal desember,negative
sudah 10 hari barang belum di terima beda dengan ol shop lain yang di saat sama pesan barang tapi sudah sampai di tuju,negative
sangat tidak muas file tidak dapat buka,negative
belum coba sih nanti saya ulas lagi kalo sudah ke pakai dari tampil sih yakin,negative
tiap masuk file file nya jadi error enggak baca,negative
mantap barang,positive
barang lu busuk kagak ke pakai hancur semua kecewa berat,negative
barang bagus sesuai dengan deskripsi100 original,positive
sudah bayar transfer minggu enggak dteng2 barang tapi di pemberitahuannya sudah terima tapi barang belum dateng2 wah parah nih,negative
love iiitthanks million,positive
apa sama harga dengan yang tertulissaya beridulu karena bulum pernah caba tolong di jawab ya lazada,negative
pesan warna gold kasih warna merah dichat enggak dibales kirim cepat cuma seller enggak komunikatif barang belum coba,negative
alhamdulilah barang bagus enggak ada yang lecet awal ragu beli oline kalau elektronik nyata lebih murah dan sama dengan dtoko jempolkeatasjempolkeatasjempolkeatasjempolkeatasjempolkeatasjempolkeatasjempolkeatas,positive
gan barang yang kamu kirim tidak fungsi harap kirim lagi barang yang fungsi kalau saya kembali bagaimana biaya kirim,positive
barang sudah darat dengan selamatthanks lazada,positive
bagus cepat sampai,positive
bagaimana di terima barngnya pecah tidak sesuai,negative
sen micro sd sandisk 32gb buah dan flashdisk toshiba 64gb buah yang datang flashdisk semua,negative
gambar tidak bagus dan ada merah2 pada layar saya sanding dengan produk lain supaya lihat perbedaanya nyata memang benar tv 24inch sharpnya enggak beres kecewa pengin di minta tukar baru,negative
barang bagusmemori 29gb baca bukan 32gbsemoga awet amin,negative
bagus tapi kalau buat ngopy kok panas ya itu kenapa,negative
yes barang sudah sampai terima kasih lazada selalu puas belanja di sini barang orisinal,positive
barang bagus sesuai expextasithx lazada,positive
barang dan kemas ok punya and sudah di tes good quality,positive
mantap gan hardisknya sampai dengan selamat lengkap sama hardcasenya paket juga bungkus aman dan rapi respon selllernya juga cepat sukses bang recomended seller,positive
puasmantap thanks lazada seller,positive
saya sangatsangat kecewa banget kenapa sih sudah di tranfer malah di batalin barang nya bagaimana sih lazada,negative
telah tunggu minggu akhir barang datang juga tv nya oke cuma suara yang kurang keluar tks lazada,negative
mantap tv jernih dan langsung dapat update ketika sambung di wifi remote responsif desain oke pesan senin siang selasa siang deh sampai jos cooca,positive
good product good seller good logistic,positive
saya sudah order bulan tapi tak kunjung datangkapan mau kirim bos,negative
assalamualaikum nih harga ya berapa siyal ya kuat enggak,negative
barang sudah terima dengan baik pas bareng sampai langsung di buka bungkus sama anak soal sudah enggak sabar pengin di tonton karena tv yang belum nya pas lagi rusak juga recommended lah untuk harga gin mudahmudahan awet bareng nya thx lazada seringsering lagi saja disc kaya begini jangan pas cuma event harbolnas saja hehe,positive
produk sesuai gambar dan deskripsi kirim yang super cepat oleh tim lex,positive
apa ada bawa celana dalam driver,negative
ira muat untuk harddisk eksternal nyata kecil,negative
kualitas barang bagus sesuai dengan specifikasi dalam katalog di lazada,negative
barang sampai tadi sorepas di buka lcd nya sudah pecahwajahmenangiswajahmenangiswajahmenangis,negative
bisa sip,positive
brang lumayan bagus,negative
barang bagus tapi agak kecewa kapasitas hanya 5995,negative
ini laptop mantel banget saya beli pakai duit ngambil dari orang tua hehe mantel lah,positive
kirim agak lama,negative
aman cepat pula,positive
pas dinyalahin langsung muncul bios saya minta cncel saja pak kembali barang tuker unit baru atau kembali dana,negative
tv datang lebih estimasi tv lumayan bagus terima kasih lazada,negative
paking rapicepat pula mantap maju terus,positive
baru bayar tanggal tanggal sudah sampai dong thanks wd official store admin bya juga fast response untuk di tanya2in,positive
alhamdulilah barang sudah sampai akhir bisa tonton tv juga tapi rumah sakit karena saya bayar pakai ginjal enggak apa lah hilang satu yang penting punya tv mahal,positive
sudah minggu order laptop lewat cicil bankenggak masuk order barangnypadahal sudah sesuai petunjuktolong bagaimana solusiny,negative
sesuai duga bukan asli sih tapi kapasitas real sayang transfer speed sangat lambat jangan beli pasti beli yang asli saja,negative
barang bekas atau cacat jual keyboard lihat habis cat tombol spasi penyok yang satu yda susah tekan body lecet,negative
baru kali ini pesan saya enggak dateng2 padahal sebelum2 nya lancar jaya tolong dong di perhati kalo memang barang redy kirim dong kalo memang enggak ada barang nya tolong di cencel langasung,negative
sayang hisense pureshot cdma tidak dukung fitur otg,negative
mantab harga murah tapi ok featurenya semiga awet,positive
terima kasih lazada puas dengan tv nya,positive
deterima dengan selamat sampai tuju belum coba langsung sih soal lagi keluar kota cuman kata orang rumah bagus fungsi dengan normal,positive
telat kirimsudah sampai barang nya baru bilang telat kirimkondisi tv overal okecuma ada baret lecet di bagi bawahkondisi lecet kedalammohon next time pas di kirim ya di cekyang rugi konsumenquality check nya tidak bagus,negative
tv ngehang alias kadang nyala kadang mati bagaimana ini bos saya sudah cari alamat servis center yang di bandung tapi sudah enggak ada tv cacat enggak mau tau harus tanggung jawab bangkai lu,negative
barang bagus fast kirim cepatthanks lazada,positive
keren tv nya lumayan dapat harga murah meriahtengkyu lazada,positive
begitu datang langsung tes dicolokin dan fungsi kirim lama mungkin karena pas harbolnas,positive
barang baguspacknya juga rapiterima kasih,positive
barang berdungsi bagus banget kirim lumayan lama tap terimakasih,positive
terimakasih bareng sudah sampai order pas flash sale tggl sampai tggl 13 hari lumayan tunggu mungkin efek libur lebaran idul adha tv nya cuma kirim dengan buble warp sudah di pasang di dinding dan sedang di coba moga awet terimakasih,positive
barang tidak fungsi memori tidak sampai 64gb hanya 700mb saja lebih file jadi rusak dan tidak baca,negative
fisik dan lengkap semua oke akan tetapi layar lcd nya kok retak dan enggak bisa keluar gambar,negative
kondisi barang vs harus warna merah harus hitam ukur 35 harus 25 model tidak sama dengan gambar,negative
barang bagus kecil sesuai dengan gambar ada aplikasi buat lindung file,positive
baru pakai sudah enggak bisa hidup,negative
cepat sampek,positive
produk kecil ringkas namun powerful dengan dukung koneksi usb30 ngebuat ngebut pas transfer data ukur yang kecil buat usb ini tidak rusak pandang pas di colok di headunit mobil,positive
kampret kagak baca,negative
sesuai dengan harga murah tapi memang lot ya karena masih 2gb kirim aman,negative
parah enggak bisa digunain kok jual,negative
flashdisk tidak deteksi file tidak bisa buka,negative
packing ok,negative
barang tidak datang dan belum saya terima tapi kok notifnya terima ya apakah ada main di kurir,negative
iya namaa juga harga murah ya produka juga ya murah enggak mau sama sekali barangarugi belia lain kali kalo dagang yang jujur jangan jual barang rusak,negative
barang bagus orisinal segel dengan baik suara gelegar untuk speaker ukur segitu khas polytron banget,positive
cara umum barang bagus saya beli flash sale dengan harga 73rb yang bikin agakkecewa harga barang saat tidak foash sale nyata 83rb tidak sesuai dengan harga yang coret saat flash sale,negative
barang darat dengan aman kualitas bagus dan muat untuk hd terima kasih wajahgembiradenganmatabahagia,positive
pertama kali order tv via onlineharap2 cemas dan alhamdulillah tv nya ok jempolkeatasjempolkeatas terima dalam kondisi baikpackaging rapitidak kecewa,positive
sokvery good,positive
oke bagus,positive
tidak bisadipakai alias rusak,negative
baru unbox di tes gar mau urus garansi ribet banget banget banget mana service center enggak yang di jakarta atau di daerah samasama bertele2 enggak jelas cooca orange mau jual online tapi after sales nya buruk garansi tahun hanya tulis saja seperti nya,negative
bintang dulu ini mau konek ke speaker susahbegini terus enggak mau konek kartu vipnya enggak ada kata mau di email sih tapi tiga netflix lagi error enggak bisa di akses pakai tv ini tapi kata lagi di baik sama cooca nya over al bagus sih untuk gambar dl dan harga murah banget,negative
barang bagus dan sesuai dengan dskripsi,positive
sudah terima itu produk dan ok jempolkeatasjempolkeatas,positive
maturnuwun gan baru datang tadi sore ini masih di tes packingnya aman rapi aku kira datengnya lebih cepat nyata harus sabar juga hehe terima kasih bonus earphonenya ya,positive
barang orisinal dan moga awet sampai puluh tahun,positive
ini tv bagaimana ceritanyasetelah muncul tampil bahasa terus tekan okmalah mati lagi ini tv nya yang masalah atau cara atur yang salahpercaya sudah coba ulang kali tapi tetap hasil mati terus tlong unjuk dong,negative
di foto lihat ukur hardcase dan harddisk sangat pas tetapi telah barang datang dan saya buka nyata ukur lumayan besar tidak seperti di foto mau saya balikin tapi kok barang murah ya sudah saya pakai saja enggak apaapa kok,negative
barang yang kirim enggak sesuai pesan orico 6228us3 yang dikirm 619us3 benar benar repot saya kembali saja dana kalo enggak bisa kirim bareng yang benar,negative
sesuia dengan gambar semua dalem 32gb tapi kirim lama,positive
produk orisinal buat transfer file cukup cepat dan kirim juga cepat thanks,positive
halo lazada pesan menggencewaka packing jelek tidak bagus kurir baru kerja kurang bagus packing jelek beda masa kurir lama dia sudah tau siapa beli dan hati 2x bawa pesan packing selalu bagus dan tidak menggencewakan beli rama lazada saya henti belanja di aplikasi lazada lama bulan saya akan belanja lagi asal kurir lama bawa pesan saya lazada sekian,negative
di gambar flash disk merek toshibabegitu barang sampai nyata merek sandisksaya pikir wah lebih bagussaya coba di tv mobil nyata enggak ada fileterus saya masuk ke laptop memang tidak ada filehanya tera kapsitas fre 145 of 145berarti kosongtolong penjelasanyaterima kasih,negative
layar lcd nya pecah kurir jnenya memang top,negative
rekomendasi saja kenapa flashdisk enggak sesuai beli yang 64 gb telah di cek nyata 32 gb bungkus doang hemzt,negative
barang nya enggak bisa buka file laguvidio kecewa barang orisinal enggak mungkin led nya warna merah dan barang ini bener kau,negative
barang tidak fungsi dengan baik rusak kecewa,negative
saya saran untuk tidak beli tv sini baru minggu tv sudah masalah tidak keluar gambar tapi ada suara saya terima tv tanggal 12 agst tg 21 agst sudah rusak tibatiba layar mati total tapi suara ada ok memang ada service center telah cek 2x nyata panel kena dan harus tunggu bulan rugi,negative
barang tidak asli alias fake pas di cek nama bukan lexar tapi barun kemudian cepat write mentok di 25mbsi read di 68mbsi tidak sesuai iklan nya yang capai 95mbsi yang aneh ini lexar atau barun,negative
sesuai skripsi moga awet tahan lama,positive
windows10 sudah terinstal tinggal pakai saja ada yang bilang sudah ada yang bilang belum,negative
pas simpan file filenya ada yang rusak dan simpan gambar juga gambar nya ada yang hilang,negative
tvnya oke biat harga segitu mantab,positive
barang sudah terima dengan baik packing rapi dan aman terima kasih,positive
barang sesuai,positive
suka amat fre nya,positive
dari barang sih oke cuma packingnya yalord biasa gue beli barang kayak begini sama yang jual itu kasih safety kayu tapi ini cuma bubblewrap yang kecil mudahmudahan dlmnya enggak knp2 wajahmenangiskeraswajahmenangiskeraswajahmenangiskeraswajahmenangiskeras,negative
jelek tv rusak di kirim bagaimana ini ganti nya,negative
barang oksemoga awet,positive
quick respon kirim cepat dan barang sesuai pesan,positive
pouch nya kecil enggak muat di harddiscnya,negative
barangny bagus tanpa gores masih seperti baru lengkap dengan usb otg gb,positive
sudah bulan masih awet murah riah deh pokok nya,positive
produk ok harga ok cepat kirim ok,positive
barang bagus enggak cacat kirim normal respons jual cepat tapi casenya gede sih hehehe but its ok,positive
al good and no problem at al,positive
kirim tepat waktutetapi untuk packing kurang memuaskansehingga barang yang terima cacat,negative
terima kasih gan brgnya sudah aku terima,positive
ini hp kok retak begini sih kecewa banget pokok deh nunggunya lama pas datang lihat kondisi hp retak begitu saya beli tuh hp buat anak saya yang lagi sunat karena dia minta hp kalo disunatin tapi nyata tuh hp pas dtng dalam ada retak begitu layar saya mau balikin tuh hp tapi bagaimana cara saya enggak erti,negative
malam bos no pesan saya tiga dua enam tiga enam sembilan sembilan delapan enam enam tadi pagi saya terima tv led samsung 24inch tapi pas di stel ada garis merah nya layar tolong hubung no wa sayakosong delapan tujuh delapan delapan delapan tujuh tujuh delapan sembilan empat dua tunggu,negative
barang sudah terima dengan baik kalau bisa krim celana dalam untuk windows 10 home 64 bit dan driver software untuk di instal karena kita yang di daerah saya sulit dapat celana dalam windows orisinal dan software,negative
lumayan lah ya walaupun sempat di phpin ekspedisi untung team lazada cepat tanggap luar biasa,positive
barang sudah darat tapi belum di cobamdah2an brfungsi dngn baik awetthankz lazada jet store,positive
mantap asli tv nya ful hd nya mantul,positive
ok,negative
barang bagus kurir ramah,positive
barang order sudah minggu indak datang di telfon kurir kirim sabtu sore kemarin tunggu malah indak datang niat kirim indak sih kecewa dengan kurir lazada sudah 2x kecewa lazada jadi ragu untuk beli lagi di lazada,negative
barang bagus kurir ramah dan pesan jumat malam minggu siang datang jempolkeatasjempolkeatas,positive
bagus orisinal terima kasih lazada,positive
kualitas barang sangat jelekerror,negative
data enggak baca habis copas trus hilang datanyayang benar saja dong kirim barang,negative
tv nya bagus cuma di suara saja sedikit suara nya keras cuma enggak tajam begitu maksud kalau suara musik dia kencang tapi kalau orang yang omong nyebar begitu suara itu saja sih lebih bagus,positive
the best lah packing rapi kirim juga lumayan kurir baik laptop jalan dengan baik,positive
enggak ada sopan nya kurir nyagiliran di kasih duit lebih baru sok ramah hahahahatapi keren deh paket nye rapi,negative
barang sesuai gmbar kapasitas real 64 gb packing rapi recomended lah,positive
barang bagus tapi belum sempat di coba,negative
packing rapibarang sesuai pesan tapi agak kecewa dikit coz pese,negative
mantul paket 99jangan ragu dengan seller resmiguede banget telah 32 ke 40 mungkin kapankapan 50 kalo sudah hrganya mnarik,positive
coeg kau nya,negative
sayang enggak bisa guna di ho xiomi tapi bisa di hp lain,positive
saya kecewa brangny baru datang kok enggak bisa,negative
digital,positive
good,positive
veking rapi rim sangat cepat mantaps lazada sukses terus,positive
awal datang kaget karena produk hanya di dalam amplop tanpa bubble warp packingnya kurang muas warna flashdisknya pun enggak sesuai gambar,negative
saya pesan warna hitam yang datang warna putih kecewa enggak sesuai ekspektasi,negative
di catalogtermasuk ada hands fretapi nyata tidak ada,negative
sudah terima taapi belum buka dan enggak tau dalam kardus kondisi tvnya fre ongkir sih fre ongkir tapi enggak kayak begini,negative
trimakasih kepada lazada seller ninja expres dan kurirnyamelipattanganadanya promo berkah ramadhan saya dapat tv android original xiomi sangat murahwajahtersenyumdenganmatabahagia tv fungsi dengan baik dan mulusjempolkeataswajahberkacamatahitam moga awet dan berkah pakai oketadinya was was juga karena kirim tidak dipacking kayu dan pakai motorwajahgembiradenganmatabahagia kirim begitu cepattepuktanganpuas bangetkeluargapriawanitaanaklakilaki,positive
beli flashdisk tapi tidak bisa di pakai ini bagaimana cara nya buat komplainganti rugi,negative
okey banget,positive
seller tolak pesan padahal sudah transfer harus tunggu 12 minggu lagi sampai kembali dana selesai proses lain kali kalau kirim gratis untuk daerah jabodetabek bukan hanya judul tulis besar juga dipengaturanya jadi enggak phpin beli,negative
tv terima tanpa segel di bagi belakang,negative
kenapa kapasitas hanya 29gb sisa mana kirim yang lambat dan kirim yang tidak sesuai estimasi terlalu cepat sehingga pesan saya di batal jadi saya harus mes lagi untuk kali keduawajahtersenyumbertandukwajahtersenyumbertandukwajahtersenyumbertanduk,negative
barang deh sampai terima kasih,positive
halo semua ada yang alami kendala yang sama dengan saya kah aplikasi cooca store tidak dapat buka tampil hanya loading saja sudah hubung lalu layan chat saran hubung cal center cooca di telp enggak pernah ada yang angkat dan di wa hanya balas akan tanya ke tim tekhnisi yang sudah hampir minggu enggak ada update di wa kembali enggak pernah balas,negative
kirim cepat moga awet thanksi ya,negative
belo di coba moga tidak seperti memory card,negative
works fine,positive
file langsung pada corupt,negative
barang bagus harga miring,positive
orisinal,positive
awas jangan beli saya beli yang 32gb seleweng ini dan nyata tidak resmi tidak ada setiker hologram,negative
mantap banget,positive
barang sudah terima dan kerja dengan baik packing rapi sesuai dengan harap kirim juga cepat tapi bonus kurang tarik tapi enggak apa puas deh di,positive
otg bisa fungsi dengan biasa dan sip,positive
mohon dibantusaya panik telah pakai harimuncul layar recovery tool tapi saya enggak punya celana dalam driver masalah ada data gb dalam belum di back up sos minta bantu seller kotakom,negative
cepat sampai sore pesan besok siang sampai gambar jerjih suara mantap youtube lancar pakai simpati toop deh,positive
barang cacat dibalikin dapat kembali uang upa vouchersayangnya ongkos kirim kembali enggak ganti dan diskon awal jadi enggak dapat tapi overal layan ok dan harga bagus,positive
beli tv sampai belum estimasi habis jasa kirim baik saya dapat pas promo jadi harga super murah banding toko offline tv ini belum digital support,positive
muaantapcepat banget datang ini baru jual on linepacking rapikurir ramahbarang fungsi baikjempolkeatas,positive
barang real 32gbkurir ramahtapi enggak support otg hp tap enggak masslahpokoknya topoke,positive
alhamdulilah pesan deh sampai dengan selamatbarang bagus dan sangat puas,positive
terimakasih lazada cooca barang terima dengan baik fungsi semua kirim super cepat 20jam,positive
top,positive
bagaimana sih kok enggak bisa di baca filenyaenggak bisa buat ngapa2inrugi dong terus bagaimana ini,negative
flash disknya sesuai kapasitas 64 gb namun file yang dicopy ke dalam flash disk selalu hilang entah mana indak tau mengapa jadi dan tiap mengcopy file folder tidak semua tercopy dan yang tercopy tidak bisa buka,negative
packing bagus tapi sayang bonus power bank nya enggak bisa digunakanbuat ngecash,negative
barang sudah sampai,negative
kak pesan saya apa sudah kirim pakai gojek kalo sudah saya tunggu di kantor saya enggak pulang dulu maaf saya tanya sini kolom tanya eror,negative
abalabal tyta,negative
produk sesuai deskripsi,positive
belum sesuai dengan deskripsi telah saya test read speed max cuma 80an mbps write speed cuman 14mbps harga juga standar enggak worth itu lah,negative
tablet susah koneksi alias lelet bisa tukar yang lain,positive
cept banget sampainyabarang oke,positive
barang sesuai skripsi kurir ramah packing rapi top seller jempolkeatasjempolkeatasjempolkeatas,positive
kalau buat isi game pas bisa enggak ya,negative
barang bagus dan fungsi baik harga ok,positive
kirim cepat kurir ramah,positive
barang ok sesuai,positive
packing rapi,positive
kalo yang satu ini ok banget top markotop buat lazada,positive
terima dalam packing yang bagus telah cek ada barang benar benar bagus,positive
barang sudah terima dan barang sesuai dengan yang dimintathanz lazada,negative
bosok,negative
barang nya kurang muas tiap pasuk file selalu enggak bisa ke bukawajahmerenung,negative
barang sesuai deskripsi aman dan asli sangat sedih dan kecewa pihak jne bagai jasa kirim tidak bertanggungjawab,negative
tibatiba enggak bisa baca telah tahunbisa tolong,negative
spesifikasi kata ful hd kenapa pas di test pakai aida64 resolusi hanya hd ready1280 kali 720 mohon jelas xiaomi indonesia,negative
flash disk tidak baca di hp maupum di komputer sedih,negative
enggak bisa di pakai cuma satu file sudah ful,negative
barang sampai dengan selamat tapi kualitas barang jelek enggak bisa buat simpan film buat simpan data besar filenya enggak bisa di buka kecewa saya not recommanded,negative
barang sampai sesuai pesan tapi belum di coba baut kecil kurang tolong di perhati lagi saat kirim,positive
selalu puaaaaaaaas,positive
mudahmudahan awet,negative
belum di coba moga awetdan bagus,positive
saya pesan tiga dating january satu,negative
original cepat fungsi dengan baik moga awet melipattanganwarnakulitcerahsedang terima kasih lazada asus,positive
remot tv nya enggak bisa sinkronisasi dengan tanya dan tv nya enggak bisa set up keluar kode error 001,negative
ini isi memang cuma 29sekian giga,positive
barang originialpacking rapicepat sampai barang nya minus di flashdisk tidak ada ap sandisksecurejadi download sendiri dan bisa di jalan di flashdisknyaorisinal,positive
