text,label
tidak ada bonus gratis konsultasi yang ada pembayaran bukan nya membantu tapi membanting tidak ada rasa tolong nya semua pakai uang sama saja bohong sudah dapat gaji harap lagi uang dari rakyat tidak mampu lebih unistal dari pada di save tidak ada gunanya juga karena harus membayar minimal nya aplikasi dan dokter nya pelit dengan kesehatan bagi rakyat kecil yang tak mampu,NEGATIVE
setiap mesan oobat selalu dibatalkan,NEGATIVE
sejauh ini pelayanan bagus dan akurat dalam mendiagnosis penyakit,POSITIVE
chat saja berbayar autouninstal,NEGATIVE
duh kok saya enggak bisa masuk ya padahal registrasi sudah selesai di katakan saya bisa masuk mengunakan email tersebut tapi kenapa setiap mau masuk selalu bilang email belum terverifikasi atau user belum terverifikasi ? tolong di perbaiki dong dok,NEGATIVE
dokternya ramah,POSITIVE
mantap,NEGATIVE
bermasalah pas lagi konseling,NEGATIVE
sangat baik dan ramah dokter nya,POSITIVE
saya merasa di persulit oleh aplikasi ini ketika saya ingin menebus obat yang di resepkan dokter karena saya tida ada uang saya tunda dulu beberapa hari pas saya ingin nebus malah enggak bisa aneh sumpah,NEGATIVE
kok enggak bisa daftar ya? tulisannya kesalahan jaringan terus,NEGATIVE
puas dengan jawaban dokternya trmksh,POSITIVE
respon cepat enak untuk konsultasi,POSITIVE
selamat malam dok,POSITIVE
bintang 1 saja kasihan sangat bosok sekali auto report chuack wkwkwk banned,NEGATIVE
keren banget sangat helpful,POSITIVE
selalu puas dengan halo dok cepat aplikasinya enggak ribet sat set trimkaasih,POSITIVE
good aplication,POSITIVE
bagus membantu orang untuk berobat lewat rumah,POSITIVE
canggih dan cepat,POSITIVE
cukup bagus untuk konsultasi online ketika sakit,POSITIVE
tidak bisa upload foto katany koneksi internet bermasalah padahal saya pakai wifi,NEGATIVE
pelayanan cepat respon,POSITIVE
kau tau tidak ?? setelah payment apk logouymt dan uangku hilang tanpa chat dokter wkwkwk najer,NEGATIVE
artikel artikel nya bagus untuk menambah pengetahuan bagi siapa saja yang ingin sehat semua nya termasuk sehat organ2 vital nya,POSITIVE
lama responya chat payaah padahal memilih aplikasi online biar lebih cepat konsultasi ini malah lama,NEGATIVE
drivernya enggak bisa jaga privasi,NEGATIVE
pembayaran lewat dana kok enggak ada ya kak,NEGATIVE
coba dulu dok kasih 4bintang terima kasih,POSITIVE
chat sebentar saja bayar ya kak?,NEGATIVE
di suruh menunggu pas sudah lama menunggu tapi dokternya enggak ada,NEGATIVE
sudah di bayar baru sai hello sama dokternya lngsng deh apknya tidak bisa di gunakan walau sudah di uninstal dan download lagi tetap enggak bisa mau nipu kah,NEGATIVE
suka salah kirim tolong diperbaiki sistem kurirnya,NEGATIVE
sangat baik sangat membantu perkembangkan,POSITIVE
bagus terang sekali,POSITIVE
kurang ramah admin halodoknya enggak tau perasaan orang,NEGATIVE
buruk percakapan telat balas langsung di akhiri saja,NEGATIVE
cepat layanannya dan dokternya sabar,POSITIVE
dokumen harus2 lengkap cap basah dari dokter nama dokter resep obat padahal periksa di klinik kampung yang jelas cuman ada kwitansi dan stempel dan petugas pun diminta ya cuman dikasih itu reimburstment lewat pihak ketiga cuman malah ribet rugi,NEGATIVE
mau tanya dok ini pinggang belakang kok merasa pegal terus gejala apa ya mohon info,POSITIVE
dokter banyak yang scam sudah bayar dan dokter tidak merespon selama 30 menit maka percakapan otomatis ditutup untung doang buat mereka semoga jadi penyakit uang yang meraka dapat,NEGATIVE
update rating saya beli obat disini karena percaya barang orisinal awalnya tidak puas karena obatnya packing lama pembelian kedua sudah cepat sampai malahan sebelum jadwal barang sampai sukses selalu halodoc,POSITIVE
pesan obat sering dibatalkan sepihak oleh kurir alhasil uang kita lenyap,NEGATIVE
doktrrnya lama gagal konsultasi tapi dana enggak refund,NEGATIVE
sumpah ya dokter disini ramah banget padahal gua banyak bertanya pas lagi konsultasi haha thanks ya dok!!,POSITIVE
mudah cepat berpengalaman dokternya,POSITIVE
konsultasi sangat detail dokter yang berkompeten,POSITIVE
dokter ramah dan bahasa mudah dipahami,POSITIVE
keputusan kami di bila ada sahabat membantu dengan sukarela kabulkan permohonan saya mengucapkan terima kasih bila tidak dikabulkan itu tidak akan rugi kan orang karena hanya sekadar menolong bagi sesama umat terima kasih,NEGATIVE
artis kak?,NEGATIVE
belum beres sudah otomatis berakhir bagaimana sih padahal masih fast respon,NEGATIVE
ini bagaimana ceritanya mau ke ahli kulit malah di kasih ke ahli paru enggak menyambung dong tolong ini bagaimana solusinya mana sudah bayar enggak dapat informasi apa apa pula,POSITIVE
sangat membantu selalu dengan aplikasi ini salam sehat sejahtera untuk semua ikatan dokter,POSITIVE
sudah lebih dari 1 tahun selalu ada penarikan auto debit dari rekening saya tolong dong alo dokter benerin jangan ada penarikan otomatis di rekening saya lagi karena dari awal pihak kalian tidak pernah memberi tahu akan adanya penarikan otomatis ini ini sama saja pemaksaan,NEGATIVE
aplikasinya parah jelek banget sudah dibayar aplikasinya malah ngebug enggak bisa kebuka buka jiir kembalikan uangku aku enggak ikhlas,NEGATIVE
disini dokter reguler atau konsultasi gratis responya sangat cepat recomend banget nih yang malas kerumah sakit bisa konsultasi sama dokter dokter spesialis dan mantap nya respon para dokter sangat cepat harga dokter spesialis juga murah2 gan,POSITIVE
waktunya cuma sedikit responya lama enggak memsuaskan,NEGATIVE
respon yang cepat,POSITIVE
yang aku suka dari klinikdokter tuh kita bisa tebus obat lewat applikasinya langsung jadi tidak harus pakai resep yang bentuknyw kertas begitu praktis banget,POSITIVE
bayar bayar,NEGATIVE
dokternya enggak tau apa apa blas selalu sarannya hubungi dokter dst percuma adakan aplikasi ini cuma buang2 waktu saja dan kebanyakan doker yang muncul diaplikasi ini dokter yang enggak laku di manapun,NEGATIVE
saya ada buat janji temu sudah bayar pula karena berhalangan hadir jadi di cancel dapat pemberitahuan lewat wa perihal refund katanya akan diproses 5 hari sampai lebih dari 5 hari saya chat cs by wa dan email tidak dijawabâ² tidak rekomend apk ini bilang saja enggak mau di balikin uangnya mengapai pakai peberitahuan dan janjiâ² saya unistal saja ini apk,NEGATIVE
semua aplikasi bagus,POSITIVE
mantul benar,POSITIVE
lagi diskusi sama dokter aplikasinya eror enggak bisa dibuka buka,NEGATIVE
enggak jelas dokter sibuk duitnya enggak di refund,NEGATIVE
dengan adanya alodokter kami masyarakat awam sangat terbantu terimakasih alodokter,POSITIVE
dari terbaik,POSITIVE
cepat penangananya,POSITIVE
aplikasi alodokter sangat membantu,POSITIVE
tanya saja harus lngganan bayar mending terus membantu ujungnya sruh kedokter sama saja mengomong bertanya sama tembok bukanya memvantu malah menyekek biaya bertnya saja dulu enggak sekarang kaya rentenir saja serba duit,NEGATIVE
tolong dong ya ini saya mau membatalkan berlangganan soalnya saya tidak pakai aplikasi nya dan juga saya tidak merasa daftar atau setuju dengan berlangganan setiap bulan saldo rekening saya selalu di potong tolong ya di batalkan terimakasih pikir itikad baik andaâ² admin anjing,NEGATIVE
saya kira untuk sekedar konsultasi saja gratis tenyata tidak,NEGATIVE
apakah bertanya saja harus berbayar?? mohon bantuannya saya pemula,NEGATIVE
mau tanya chat kedokter nya ada batesannya enggak ya? berapa jam hari,POSITIVE
pesanan obat hampir seminggu enggak sampai enggak bisa dibatalkan dan uang enggak kembali 220rb lenyap payah!!!!!,NEGATIVE
kenapa jadi autodebit padahal dulu sudah meminta brhnti sudah berapa bulan ini di tarik terus uang nya meskipun 39 000 tapi lumayan itu sudah bbrapa enggak ngitung juga deh berapa bulan,NEGATIVE
respon nya pakai chat gpt,NEGATIVE
aplikasi enggak jelas sudah bayar buat konsultasi ditolak dokternya akhirnya hangus uangnya sudah chat adminnya enggak di respon menyesal download nya,NEGATIVE
baru mau verifikasi no hp saja enggak bisa enggak ada kode masuk sudah pakai 2 nomor yang berbeda,NEGATIVE
dokter tidak profesional sama sekali bikin mengakak sendiri,NEGATIVE
sangat memuaskan dan membantu,POSITIVE
apk yang membantu banget konsultasi dengan dokter spesialis buat yang enggak punya waktu berkunjung ke rs terima kasih alodokter ðÿ ¼,POSITIVE
dengan menghubungi halodoc semakin mudah untuk konsultasi dan membeli obat,POSITIVE
pakai halodoc untuk konsultasi dunia perskincarean dapat promo ugalan ugalan mantap terimakasih halodoc,POSITIVE
awal awal enak di chat dokternya eh yang kedua kalinya pengin chat lagi sudah melakukan pembayaran nggataunya dokternya offline enggak bisa di chat ini bagaimana??? mohon responnya ya,NEGATIVE
awalnya dokter merespon lalu tidak ada respon dan arahan sampai batas waktu chat konsultasi habis padahal sudah bayar,NEGATIVE
membantu aku banget dalam menangani jerawat ringan dikedua pipiku 3,POSITIVE
bagus deh sangat membantu,POSITIVE
terima kasih cukup membantu,POSITIVE
tidak ada respon sama sekali padahal sudah di bayar!,NEGATIVE
sesi belum selesai tapi dokter nya enggak mau balas bangkai padahal sudah bayar balikin duit gua,NEGATIVE
tolong dong alodokter jangan kerjasama dengan gojek buruk sekali saya pesan 2 dari resep dokter grab langsung tiba sampai eh gojek kebiasaan belum sampai sampai kemana tau ini nyasar nya ampun deh pesan makanan bermasalah gosend bermasalah goshop bermasalah halodoc bermasalah sampai saya uninstal halodoc karena driver gojek semua coba deh pakai grab saja cepat smart terima kasih,NEGATIVE
menunggu lanjutan chat dari dokter malah habis sesi kan ngontol banget gue memakai enggak gratis ajjjg lah,NEGATIVE
pas sudah bayar baru ada pemberitahuan dokternya sibuk terus enggak bisa di chat tapi uangnya tidak kembali ini bagaimana pihak halodoc saya rugi saya mau konsultasi tiba rugi begini,NEGATIVE
terima kasih banyak karena melalui aplikasi ini kami bisa sembuh tuhan memberkati semua dokter dalam aplikasi ini amin,POSITIVE
enggak bakal pakai alodokter lagi jawabannya terlalu umum dan kurang spesifik jawabnya cuma ya tidak ya tidak doang terkesan menyepelekan biaya yang sudah di keluarkan untuk membayarnya sudah begitu sesi bertanya jawabnya juga terbatas banget paling 20 menit sudah di close sama dokternya enggak ramah juga terimakasih ini review jujur karena duit yang di keluarkan tidak sebanding dengan pelayanan dan tidak konsultasi maximal padahal sudah mencoba 2x yang prtma buruk mencoba lagi kedua tetap saja buruk!,NEGATIVE
dokter nya ramah menjelaskan dengan sabar terimakasih,POSITIVE
dokternya ramah respon cepat menjawab dengan baik sabar dan mudah dimengerti paling tidak bagi saya senang ada aplikasi ini bisa tanya dulu sebelum memang harus ke dokter semoga sukses selalu dan lebih maju lagi,POSITIVE
saya pengguna alodok dari yang konsultasi ke dokter umum masih gratis saat itu menurut saya pelayananya bagus dokternya cermat cerdas dan diagnosanya sesuai sangat membantu tapi ketika saya gunakan lagi ternyata berbayar 8000 dan kualitas dokternya mohon maaf tidak sebagus yang dulu ketika diajak konsultasi tidak dua arah hanya saya yang terus bertanya,NEGATIVE
sudah bayar mahal dokter online tapi tidak merespon selama 30 menit sesi konsultasi sudah otomatis di tutup percuma bayar mahal mahal dokternya juga tidak bagus,NEGATIVE
selalu terbantu oleh halodoc,POSITIVE
membantu di saat mendesak tks halodoc,POSITIVE
dokternya baik ramah dan sopan banget,POSITIVE
keren membantu,POSITIVE
lebih baik menggunakan milvik dokter berlangganan cuman 38rb perbulan sudah dapat konsultasi dapat obat gratis langsung diantar kerumah dan bebas kita meminta obat langsung dikirim,NEGATIVE
coba buat layanan yang bermaafaat untuk masyarakat gratis jangan dikepala duit saja itu lah kalau sudah otak di isi dengan materi saya belum pernah jumpa dokter yang suka membantu tampa pamrih mudah mudah ada generasi yang akan datang biyaya berobat cukup dengan uang receh lihat doktor yang enggak meminta bayar wahai pradoktor tirulah orang ini mangku sitepoe,NEGATIVE
alhamdulillah pelayanannya sangat bagus dan cepat,POSITIVE
sudah enggak bisa gratis lagi sekarang apa apa bayar jadi malas untuk menggunakan nya lagi sorry,NEGATIVE
dokternya ramah cepat respon nya terima kasih dokter semoga sehat selalu,POSITIVE
gud apps,POSITIVE
aku pasien nya dokter astridaku suka pelayanan beliau dan alhamdulillah cocok semua resep yang beliau kasih,POSITIVE
bisaâ²nya apes banget lagi sakit duit lagi iritâ²nya sampai gajian gua bnerâ² niat mau konsultasi ke halodoc katanya bagus banget eh malah zonk astagfirullah mau konsultasi arahannya sudah di ikuti pembayarannya sudah berhasil di tf giliran mau chat tulisannya sibuk di coba lagi terus enggak bisa ujungâ² nya hangus malah balik lagi ke awal unptuk pembayaran lagi astagfirullah mungkin aku kurang sedekah,NEGATIVE
aplikasi ini bagus dan dokter yang pertama melayani saya baik ramah detail tapi lagi enak enak mengobrol eh waktu nya habis terus saya chat lagi dapat nya dokter laim dan dokter yang kedua ini jutek banget jawab nya kayak yang enggak niat mentang mentang bertanya gratis jadi dia seenak nya,POSITIVE
sangat tidak membantu belum apaâ² sudah disuruh bayar aku log out dan hapus apk saja lah daripada nanti kayak ulasanâ² yang lain yang pada tbâ² dipotong rekeningnya meski sudah dihapus,NEGATIVE
enak aplikasi sudah di perbaiki konsultasi mudah dan dapat dilakukan dimana saja,POSITIVE
ingin mengubah hidup,NEGATIVE
ini setiap mau konsultasi harus bayar ya? rekomendasi dong yang apk yang enggak bayar,NEGATIVE
dikira tanya alodok gratis eeh suruh bayar enakan juga langsung konsultasi ke dokter langsung,NEGATIVE
dokter fast respon,POSITIVE
enggak mengerti deh cara pembayaran dan pemesanan obat kalau gagal enggak bisa dilakukan pemesanan lagi dihari yang sama padahal gagalnya dari sistem sendiri terlebih errornya enggak jelas seseolah dipersulit,NEGATIVE
sebenarnya sih bagus fiturnya dokternya pun ramah tamah tapi kurang resfonsif dalam menanggapi chat lama balasnya,POSITIVE
sangat bermanfaat banget,POSITIVE
coba di perbaiki masa saya sudah bayar tidak bisa menggunakan hak saya sebagai pasien tidak bisa memberikan solusi dari apa yang terjadi yang mana bukan salah saya melaikan dari aplikasi ini sendiri saya cukup kecewa dengan respon yang diberikan dana hilang cuma2 dan tidak dapat refund serta tidak bisa konsultasi bagaimana bisa dipercaya oleh pasien jika seperti ini alodokternya tolong jangan dianggap sepele hal seperti ini,NEGATIVE
sangat membantu sx dengan jawaban dari dokter2nya,POSITIVE
mengecewakan saya chat dengan spk berbayar tapi 30 menit tidak efektif chat tidak masukâ² meskipun sudah di refresh alhasil tidak ada solusi dari dokter,NEGATIVE
aplokasi bug kerang chekout tidak bisa di nuka dan muncul keterangan maafvterjadi kesalahan,NEGATIVE
klikdokter sobat anak kosan kayak gue konsultasi kesehatan tinggal klik klik doang,POSITIVE
dokternya sangat kompeten dalam menghadapai pasien saya harap ini bisah di pertahankan agar pasien yang berkunsultasi bisah merasa lebih baik,POSITIVE
aplikasi ini sangat membantu dan dokternya pun sangat ramah ramah,POSITIVE
saya sudah baya dan di terima tapi ada notif di hp saya sat saya buka ke kelik dokter ke pesan gaak ada pesan sama sekali tapi ada notif di hp saya rugi kan saya tolong dari pihak kelik dokter melihat ini,NEGATIVE
dokter berkualitas,POSITIVE
sebagai pengguna baru kesel sih pas daftar aakun di tahap gmail enggak mau masuk katanya coba cek email anda email aku cuman 1 itu doang aku pakai di apk lain tapi di alodokter enggak mau masuk,NEGATIVE
slow sekali responnya,NEGATIVE
biasa selalu konsultasi disini barusan salah pilih dokter enggak bisa di cancel di cs juga enggak bisa cancel jadi gakepake kebuang uangnya sia2 sebelum menulis ulasan ini sudah dikasih tau sama cs di wa enggak bisa di cancel kalo sudah pembayaran semoga nantinya ada fitur buat ganti dokter,NEGATIVE
sangat membantu sekali ketika tidak bisa pergi ke dokter apalagi bisa pakai asuransi,POSITIVE
tahi diupdate makin parah mau chat doktor malah keluar sendiri bagus enggak usah di perbarui,NEGATIVE
terima kasih atas dari rio aditya sudah memberi saya saran dan informasi yang bagus saat live chat tanya dokter,POSITIVE
mudah banget dari daftar konsultasi pembayaran resep semuanya tersedia tanpa ribet,POSITIVE
bermanfaat saat tidak ada dokter yang peraktek hari minggu,POSITIVE
dokter nya ramah2,POSITIVE
dokternya balas nya lama banget,NEGATIVE
pertama kali makai recomand,POSITIVE
aplikasi yang banyak manfaatnya,POSITIVE
ribet!,NEGATIVE
membantu dikala masih bimbang apa yang harus dilakukan setelah menerima hasil dari rs,POSITIVE
masyaallah bagus sekali manfaat alodok ini dan semoga selalu di pertahankan baiknya semoga berkah dan jadi amal jariyah untuk pembuat platform dan dokter dokter didalamnya amin,POSITIVE
bagus !,POSITIVE
sumpah ya aku sudah dua kali melakukan pembayaran disini tapi selalu enggak dapat pelayanannya karena dari pada sibuk mana enggak bisa refund lagi mau untung malah buntung,NEGATIVE
sangat membantu semoga bermanfaat bagi semua sehat selalu amin,POSITIVE
apa aplikasi error ya soalnya enggak bisa login sama sekali,NEGATIVE
aplikasi apa ini saya sudah bayar terus suruh menunggu antrian tapi dicancel terus tibaâ² dapat kode vc pengganti saldo terus pas sudah berhasil terhubung sama dokter nya malah fitur chat nya enggak berfungsi saya enggak bisa mengetik apapaun alhasil chat dokter berakhir dengan sendirinya dalam 30menit tanpa ada komunikasi apapun rugi saya sudah bayar tapi enggak bisa konsultasi apapun bikin menyesal customer kalo begini sih,NEGATIVE
enggak ada diagnosa buangbuang duit,NEGATIVE
obat2an nya terjamin mutunya proses mudah ada konsultasi dengan dokter duli setelah itu langsg pengiriman cepat sampai terima kasih halodoc apotik2 terkait juga mas2 grab yang baik dan ramah,POSITIVE
masyaallah baru ini konsultasi jelas dan puas terimakasih halodoc,POSITIVE
sangat membantu yang ingin konsultasi kesehatan secara digital aplikasi ini sangat direkomendasikan sukses terus klik dokter,POSITIVE
sangat bagus jika pelayanannya cepat dijawab dan jika arahannya juga tepat tks,POSITIVE
halo dok saya sama sayuti saya baru sembuh dari kovid tapi batuk nya belum sembuh sudah hampir 1 bulan sampai enggak bisa tidur untuk obat batuk nya apa ya dok yang paten terimakasih dok,POSITIVE
tingkatkan,NEGATIVE
sangat membantu dan ditingkatkan terus,POSITIVE
dokter spesialisnya lengkap banget dan selalu avail 24 jam jadi enggak perlu khawatir kalau butuh konsultasi dokter malam malam,POSITIVE
ini gratis chat sama dokter ya,POSITIVE
juara umum sih pelayanannya aku yes banget pakai klikdokter buat konsultasi online,POSITIVE
kurang membantu dokternya slow respon sementara waktu yang di berikan hanya sebentar waktu habis di pakai menunggu respon dokternya saja hadeh buangâ² duit saja tau begitu konsultasi di offline langsung menunggu lama juga dapat hasil,NEGATIVE
dokter nya baik penjelasan yang diberikan jelas semoga keluhan saya segera membaik,POSITIVE
aplikasi hanya untuk orang berduit download kan pakai kuota berbayar semuanya apa bedanya sama datang langsung ke klinik alhasil untuk pasien bpjs seperti saya paling ujung2nya ke puskesmas rp 49 000 bisa untuk beli obat yang enggak di cover bpjs atau bisa buat beli makan sesudah makan obat,NEGATIVE
sejauh ini cukup baik karena saya hanya menggunakan untuk konsultasi saja,POSITIVE
saya sangat suka ap ini sangat membantu saya dan dapar berkonsultasi sama dokter dengan mudah,POSITIVE
aplikasi cacat sudah pesanan enggak di kirim sudah 5hari terus di batalin sama pihak apk nya mau refund dana kembali suruh menunggu 3 hari kerja mana cs nya super lelet,NEGATIVE
memudahkan sekali,POSITIVE
koneksi nya bagaimana sih buka youtube tiktok ig game dl lancar lancar saja pas buka halo doc kayak benar benar enggak ada jaringan bagaimana mau dipakek coba kalo jaringannya kacau parah,NEGATIVE
aplikasi jelek banget punya bug yang bikin ngelag ngerusak hp malahan perbaiki deh buruan mengecewakan,NEGATIVE
doktermya gercep salam sehat selalu,POSITIVE
mau tanya bolehkah alamat kirim obat ke alamat kantor tapi yang menerima bukan pasien melainkan suami resepsionis dikarnakan alamat rumah nya kurang mendukung ? plis fast respon,POSITIVE
kelamaan balesnye bilang 14 menit taunya lebih 2 menit gadanta gue ketiduran hasilnya enggak jadi konsultasi,NEGATIVE
ãã ãƒã ã ã ã ãƒ,POSITIVE
saya pernah dapat telepon dari telemarketernya kok memaksa sekali untuk daftar paket langganan sampai didatangi ke rumah untuk meminta ttd padahal saya sudah bilang tidak mau masih dipaksa aplikasi cukup bagus tapi karena itu saya jadi mikir ulang lagi buat pakai aplikasi ini akhirnya saya uninstal karena takut tolong diperbaiki lagi,NEGATIVE
kecewa order dari tanggal 10 desember jam 03 51 pagi dan perkiraan sampai tanggal 13 desember terus kalo ada kendala bisa sampai 1 4 hari? eh kocak ini sudah 5 hari belum sampai bagaimana? kalo datang nya besok 6 hari dong? reguler reguler reguler,NEGATIVE
sangat bagus dan berguna sekali,POSITIVE
bertanya saja harus bayar enggak membantu nih aplikasi,POSITIVE
respon lambat sudah transfer tapi di aplikasi tidak terupdate hingga akhirnya transaksi kadaluarsa meminta pengembalian dana tapi seminggu tidak terproses juga sangat tidak bagus sekali aplikasi ini,NEGATIVE
ya ini mah mending kita datang langsung konsultasi langsung bayar juga enggak penasaran tapi semua keluh kesah kita bisa kita sampaikan chat di sini payah bayarannya mahal tanggapan dan jawabannya kurang memuaskan ujung2nya suruh datang ke dokter2 juga,NEGATIVE
sangat membantu sekali untuk saya thanks klik dokter recommended banget aplikasinya,POSITIVE
sangat membantu sedikit mengurangi beban,POSITIVE
kita bayar konsultasi tapi dokternya seperti sedang chat dengan orang lain jawabannya lama template dan menurutku lebih baik tanya google saja biar lebih jelas,NEGATIVE
chat cs tidak membantu sama sekali kecewa sama pelayanan cs nya,NEGATIVE
terbantu dengan aplikasi ini recommended tarif murah dokternya ramah tamah,POSITIVE
buat yang punya hewan peliharaan dan mau konsultasi kesehatannya bisa banget via klikdokter karena ada dokter hewannya juga,POSITIVE
parah sih nih aplikasi psen obat urgen harus nya toko obat nya mencari yang dekat sama lokasi pesanan biar di krim pakai grab atau gojek bukan pakai expedisi harus menunggu lama keburu parah yang sakit tolong di perbaiki lagi,NEGATIVE
dear dokter bima ananta sapa og ini aplikasi buat spesialis itu bayar lho tapi enggak ada tanggapan sama sekali waktu konsultasi enggak gratis lho ini baru ink tertipu sama klik dokter enggak usah pakai metode berbayar kalau yang gratis saja lebih fast respon!!,NEGATIVE
terimakasih sudah dibantu,POSITIVE
sangat cocok untuk kita semua,POSITIVE
aplikasi ini bagus tapi hanya sharing atau tanya jawab harus bayar tolong dong diperbaiki lagi,POSITIVE
dari jaman covid sudah konsultasi dokter tetap pakai holodoc hingga sekarang,POSITIVE
membantu sekali saat dibutuhkan untuk konsultasi dokter bisa 24 jam konsultasi dengan dokter mana pun dan spesialis apa pun terima kasih alodokter,POSITIVE
saya sudah tf tapi kenpa masih menunggu pembayarn padahal dari transaksinya sudah berhasil,NEGATIVE
pelayanan nya bagus dan dapat di percaya terimakasih banyak,POSITIVE
kenap mesti bayar nya mahal sih,NEGATIVE
terima kasih dokter dokter di klikdokter sudah sangat sabar dan jelas banget tiap saya konsultasi berasa kayak di ruang dokternya benaran,POSITIVE
ada ketidaksesuaian pembayaran saya sudah membayar biaya konsultasi dokter dengan asuransi sedangkan dokternya enggak jawab2 setelah saya chat lalu setelah percakapan selesai malah ada tagihan manual di luar asuransi kalau saya tidak membayar asuransi saya akan diblokir mohon maaf saya kecewa dengan halodoc,NEGATIVE
harta yang mulia adalah sehat lahir batin,POSITIVE
respon dokternya cepat dah memuaskan,POSITIVE
lama enggak pakai apliks ini dan iseng mau nanya2 lah kok byar semua padahal dlu2 grtis byarnya mahl banget pula semua sekarang serba bayar,NEGATIVE
bagaimana caranya pengembalian dana ?,NEGATIVE
aplikasi yang sangat membantu sekali jadi tidak perlu repotâ² ke puskesmas atau rs bisa konsultasi dimana saja mantap,POSITIVE
coba dulu tapi saya beri bintang 4 karena saya lihat dari ulasannya positif semuanya,POSITIVE
sangat bermanfaat kita bisa berkonsultasi setiap saat dan berbagai macam keluhan,POSITIVE
ini sangat bagus,POSITIVE
enggak ada yang geratis konsultasinya bayar,NEGATIVE
awalnya memang ada petugas alodokter yang mendatangi saya di cafe untuk survey kesehatan dia bilang tidak akan ada penarikan dari debet yang diberikan ternyata untuk aktivasi proteksi dan dikenakan autodebet,NEGATIVE
keren apps nya penggunaan mudah,POSITIVE
manjur,POSITIVE
apakah dikenai tarif prabayar setelah melakukan transaksi,POSITIVE
baru di balas 1x tanpa solusi main tutup chat saja dokternya aplikasi enggak guna,NEGATIVE
keluhan dari awal sudah dijelaskan tapi malah dokternya bahas kemana2 malah bingung,NEGATIVE
sangat membantu pelayanan juga ramah meski lewat chat,POSITIVE
halodoc sangat membantu banget di saat di rantauan jauh dari orang tua dan keluarga terimakasih banyak dari budiyanto marsðÿ,POSITIVE
penjelasan sangat baik dan jelas,POSITIVE
jelek lagi di pakai chat dokter tiba tiba aplikasi enggak bisa masuk,NEGATIVE
sesuai dengan kebutuhan pasien,POSITIVE
mudah dapat informasi t kesehatan dan cara langkahâ² menangani dengan tepat,POSITIVE
ada iklannya mana iklan judol lagi,NEGATIVE
kab banggai kepulawan kec tutkum selatan sulteng,POSITIVE
penjelasan nya kurang dan tidak membantu,NEGATIVE
terima kasih dok atas solusi dan validasinya,POSITIVE
tidak di rekomendasi kan sudah dibayar malah tidak bisa chat sama dokternya dua kali bayar tetap enggak ada respon,NEGATIVE
setelah komplain masalah transaksi yang berhasil namun pesanan gagal langsung diatasi pihak cs dan dana sudah dikembalikan sesuai nominalnya,POSITIVE
yang paling gua suka sih pastinya fiturnya ya apalagi disini bisa tebus resep memang bintang 5 deh nih aplikasi,POSITIVE
alhamdulillah puas dokternya fast respon,POSITIVE
1 bintang buat apk begini mengira gratis masa bertanya saja di bayar malah mahal lagi,NEGATIVE
cepat n jelas,POSITIVE
cukup membantu terimakasih banyak,POSITIVE
sangat membantu terma kasih,POSITIVE
lebih murah dibanding ke rumah sakit bisa konsultasi sama dokter spesialis,POSITIVE
dokternya mengulur waktu dan mengakibatkan konsultasi tidak selesai dalam satu transaksi,NEGATIVE
kenapa hapus fitur chat dokternya saya butuh chat dokter,NEGATIVE
aplikasi yang sangat membantuðÿ ðÿ ðÿ,POSITIVE
urgent enggak bisa tambah asuransi buat anak,NEGATIVE
dulu sering banget mendapatkan dokter yang jutek parah akhirnya aku coba klikdokter ternyata dokternya baik banget dan enggak jutek lagi mantapppps,POSITIVE
penjelasaannya kurang detail,NEGATIVE
gila parah banget gue pesan resep katanya datang maks 1 jam paling lama sampai 1 jam 30 menit belum diantar juga parah sig,NEGATIVE
semoga bisa membantu saya terima kash,POSITIVE
tanggap cepat sangat membantu,POSITIVE
dulu bisa tanya secara gratis sekarang malah bayar bye bye alodokter,NEGATIVE
chat nya terlalu singkat,NEGATIVE
setahun saya enggak pernah cek mutasi rekening saldo rekening kepotonh mulu aplikasi apaan begini enggak ada pemberitahuannya,NEGATIVE
penjelasan yang sangat membantu dokternya baik dan ramah,POSITIVE
bintang 100 kalo ada untuk alodokter,POSITIVE
enggak jelas aplikasi nya mau chat dengan dokter pilihan harus bayar dulu sudah bayar via ovo begitu chat enggak ada respon sebelum pilih dokternya statusnya online pas di pilih no respon terbuang percuma saldo ovo saya mending isi pulsa benaran enggak jelas,NEGATIVE
saya baru saja transaksi sudah bayar ke spesialis 45 ribu sudah chat awal tapi belum dibalas apa apa eh tiba tiba langsung di selesaikan sesi chat dengan dokter nya aplikasi mencari duit doang inisih payah,NEGATIVE
aplikasi nya kurang bagus jawabnya juga lama pokoknya kurang mantap,NEGATIVE
heran deh dulu enggak bayarnya untuk chat di alodokter ini malah sekarang bayar !!!!!,NEGATIVE
dokternya ramah bintang 5,POSITIVE
penjelasannya ramah dan baik,POSITIVE
aplikasinya bagus tapi saya kesel dokternya lama balas nya buang buang waktu aja!! dan saya belum puas sama jawaban dari dokternya enggak jelas banget sama pertanyaan saya_,NEGATIVE
sangat membantu untuk mencari obat yang enggak ada di apotek langganan tapi enggak tau tersedia di apotik mana,POSITIVE
dulu aldokter mau chat itu gratis kenapa sekarang ber bayar ya padahal kan ibarat kita mau sharingâ² dulu payah,NEGATIVE
pesan 4x semua dibatalkan enggak waras nih aplikasi,NEGATIVE
logout terus,NEGATIVE
ramah dan dokternya menjelaskan dengan mendetail dan memberi saran yang bagus,POSITIVE
aplikasi penipu sudah bayar tapi obatnya enggak sampai!!!!,NEGATIVE
di login nya enggak bisa masuk parah,NEGATIVE
bisa memberikan solusi secara cepat,POSITIVE
seklinya buka eh sih apl ini enggak merespons padahal deh berbyar harusnya enggak menunggu 30 mnit untuk dokter pembantu beraksi ini dokter yang dibayar enggak balas chat sampai dimatikan secara otomatis kalo ditanya malah balik bertanya enggak simpel jelasin apa yang ditanya jadi sesi habis cuma buat menunggu dokter umum dari alni kalo enggak bisa balas lebih baik jangan online ngejebak orang keluarkan duit saja tapi zonk sini butuh benar benar dokter sangat menyebalkan sampai ketiduran pula nunggunya sekalinya dijawab dokter lain pl,NEGATIVE
aplikasi hanya untuk orang berduit enggak begitu membantu orang yang susah,NEGATIVE
pelayanan dokternya bagus obatnya jaga bangus yang jadi masalah yang ngatar obatnya 2 kali pesanan saya enggak sampai beli mahal2 tapi obatnya enggak sampai tapi di aplikasi di infokan sudah diterima anak lagi sakit nangis2 tapi obatnya enggak sampai sampai mohon cari pengatar barang yang amanah,POSITIVE
penjelasan dokter disini rata rata terburu buru beda sama yang sebelahnya padahal memakai ini niatnya karena lebih murah but begitu deh buru2 banget,NEGATIVE
susah dibuka aplikasi nya mau screenshot resep enggak muncul gambar nya 70rb buat setengah jam saja mengobrol pun sma dokter nya kayak enggak mau jawab obat beli sendiri padahal,NEGATIVE
kok saya gbsa masuk ya malah disuruh menunggu kejutan voucher,NEGATIVE
ke saya sudah psen obat tapi saya akhri chat dokter enggak mmbles apkh brng tetap dkrm saya sudah hyr,POSITIVE
kalo pembayaran nya enggak ribet bintang 5,NEGATIVE
aplikasi ini sangat membantu sekali bisa konsultasi langsung dengan dokter tanpa menempuh jarak pelayanannya pun oke dokternya ramah terimakasih,POSITIVE
akhirnya setelah sekian lama aku menemukan aplikasi dokter online yang fasilitasnya lengkap banget sangat membantu sekali terimakasih aplikasi klikdokter,POSITIVE
jerawatku terselesaikan,POSITIVE
bsik,NEGATIVE
banyak penjelasan yang bermanfaat bisa jadi rujukan sebelum pergi periksa ke dokter ketika sakit terimakasih,POSITIVE
ternyata bayar loh kalo tanya uninstal lagi deh,NEGATIVE
cukup terbantu,POSITIVE
beberapa dokter itu fast respon tapi beberapa enggak,POSITIVE
sangat membantu support for al,POSITIVE
kenapa sih enggak bisa chat dokter,NEGATIVE
aplikasi enggak ada gunanya kita sakit doktermya online pas di chat balaznya lama banget giliran tanya tanya obat enggak di kasih tau eh jadi maksudnya ini aplikasi buat apa apa cuman buat bikin rugi saja kalo di download dasar aplikazi enggak guna menyesal gua download mana tenggorokan deh sakit lagi ya jelas lah kalo batuk itu minumnya obat batuk oon masa minum obat sakit gigi yang kita butuh itu resep obatnya,NEGATIVE
aplikasi enggak jelas apotekernya enggak guna masa enggak bisa baca tulisan resep hariskah kita meminta dokternya tulis resep yang bagus biar apotekernya bisa baca,NEGATIVE
suatu yang beruntung bisa chat sama dokter,POSITIVE
sangat membantu tapi pilihan obat terlalu sedikit dan kebanyakan dari farmasi interbat saja obatnya,POSITIVE
tidak terlalu membantu,NEGATIVE
mantap aplikasi ini kita bisa baca artikel kesehatan dan konsultasi dengan dokter 24 jam terima kasih klik dokter,POSITIVE
mei 2025 aku konsultasi sama dokter masalah rambut rontok hasilnya enggak ngefek sama sekali barusan aku coba buat pakai aplikasi ini lagi karena mungkin yang salah bukan di aplikasinya aku cari di pencarian masalah rambut rontok keluar dokternya dengan gelarnya yang enggak mungkin saya hafal sampai saya tau kalo itu bukan dokter kulit karena semua dokter gelarnya sama jadi saya enggak curiga eh pas masuk room chatnya malah salah dokter katanya beliau dokter saraf konsultasi hasil nya nol besar,NEGATIVE
aplikasi yang helpful dan user friendly,POSITIVE
aplikasi busuk lama reponnya chat cuma dari dokter saja percuma respon lama kita tunggu enggak bales2 begitu dokternya balas langsung di tutup kurang jos,NEGATIVE
ok rinci banget penjelasannya,POSITIVE
mantap dimudahkan untuk kesembuhan,POSITIVE
respon dokter nya cepat n ramah ngbantu sekali kalo yang mau konsultasi tentang kesehatan,POSITIVE
sangat mempermudah proses konsuktasi dan oembelian resep obat,POSITIVE
dokternya ketus dan buruk sekali kataâ²nya!! orang program hamil tuh butuh afirmasi positif bukannya malah dikatai dibikin makin down!! heran ada ya dokter kayak begitu,NEGATIVE
enggak ribet konsultasi dan obat langsung terkirim sangat memudahkan,POSITIVE
application served internet health service global,POSITIVE
dokternya sigap menjawab pertanyaan via chat,POSITIVE
bisa tau obat yang tepat dan gampang untuk konsultasi,POSITIVE
deh bayar dokternya enggak respon wkakak enggak banget lah!!! kalau bisa bintang 0 deh saya rate 0,NEGATIVE
sangat cocok untuk yang sibuk kerja dan enggak ada waktu untuk cek kesehatan aplikasi ini sangat berguna dan sangat memuaskan sekali terima kasih dokter atas pelayanannya yang baik sangat memuaskan,POSITIVE
terimakaih,POSITIVE
mohon maaf untuk chatnya digratiskan karena kita harus saling membantu orang yang sedang kesusahan tidak cukup punya uang mohon chatnya digratiskan agr aplikasi ini banyak orang yang meminat aplikasi ini semoga bermanfaat,NEGATIVE
pernah tuh bapakku konsultasi aku gaenak banget sama dokternya karena bapakku banyak bertanya tapi dokternya tetap ramah dan balesnya enggak lama huhu thank you sok much lah,POSITIVE
dokter dokternya ramah sekali,POSITIVE
aplikasi masih bug mulu saya mau klik ke live chat selalu keluar terus,NEGATIVE
aplikasih enggak jelas obat saya pesan dari tanggal 15 sampai sekarang tidak di antar antar kata 2 4 hari tapi ini 7hari juga belum di antar,NEGATIVE
bagaimana cra menghapus a tetap saja enggak bisa tutup terus,NEGATIVE
dok saya selalu sakit di sebelah kiri kayany terselit ada kayak b benkak sakit btol dok,NEGATIVE
kode verifikasi bermasalah sudah ditunggu tetap enggak dikirim kode verifikasi bagaimana mau konsultasi !?,NEGATIVE
sejauh ini menjadi pilihan berobat dikala mager keluar rumah semua dokter wel experienced dan ramah pelayanan resep dan obat juga baik namun alangkah lebih baik lagi kalau untuk di kalimantan bisa bekerja sama lebih banyak lagi dengan apotik2 lain terima kasih,POSITIVE
mau cari obat yang cocok tetapi malah yang muncul obat yang tidak sesuai yang saya cari,NEGATIVE
sangat membantu dgan semua penjelasan yang mudah di fahami,POSITIVE
respon dokter sangat cepat dan bagus,POSITIVE
informasi yang dijelaskan sangat detail dan rata rata pelayanan sangat ramah,POSITIVE
pengiriman lebih cepat estimasi 3jam 20 menit barang sudah sampai the best,POSITIVE
kita nya gratis malah disrun byar dulu,NEGATIVE
kenapa setiap mau konsultasi dokter tidak dapat terhubung dan hangus biayanya??? tidak ada pengembalian dana tersebut padahal belum terhubung dan chat,NEGATIVE
praktis dan akurat thankyou halo doc,POSITIVE
ini sih bagus banget halodoc ini mamah aku sampai bisa perawatan kulit cocok banget sih buat para ibu ibu yang jaga kulit tunggu apa lagi yuk buruan download,POSITIVE
katanya alodokter gratis tapi kenapa bayar ya?? kalo begitu lebih baik langsung ke rs saja,NEGATIVE
aplikasi tidak bermanfaat sudah bayar ujungâ²nya enggak ada solusi dan di arahkan ke doketr terdekat,NEGATIVE
good service for personal,POSITIVE
sudah bayar ditanya malah dokter enggak jawab satupun menghilang enggak dapat jawaban,NEGATIVE
iklan di fitur search google playnya ganggu benar klik bpjs kesehatan malah redirect ke aplikasi ini mulu,NEGATIVE
kok enggak bisa loging padahal lagi itu bisa masuk lewat fb pun enggak bisa payah,NEGATIVE
proses rembuestment lama harus menunggu 10 hari padahal sudah era digital tapi masih lama juga hah payah,NEGATIVE
terima kasih banya alodokter karena terbantu ketika saya panik adeknya tidak sengaja minum obat kakaknya,POSITIVE
sekarang berbayar,NEGATIVE
sangat simpel dan mudah digunakan semoga lancar terus selama libur lebaran 2026,POSITIVE
anjir pesan obat resi enggak dikasih pas update vitur chat admin hilang saya mau membatalkan orderan saya tolong kembalikan uang saya,NEGATIVE
sangat membantu sekali trimaksih buat para alodikter sukses terus,POSITIVE
kenapa chatnya lama sekali dibalas sampai sampai dokternya sudah offline sudah bayar biaya konsultasi tapi tidak ada hasil kecewa,NEGATIVE
aneh mau bayar chat via shope pay gaga terus masuk browser terus eror malas,NEGATIVE
saya tanya tentang kewanitaan dokternya jawab ala kadarnya terus aku tanya lagi lebih detail malah diakhiri chatingannya kan menyebalkan,NEGATIVE
karena ada halodoc jadi enggak perlu ke pergi ke rumah sakit lagi puas dengan pelayanan nya,POSITIVE
kecewa banget konsultasi belum dapat apa apa dokternya sudah mengakhiri chat dalam waktu 10 menit komplain tapi cs nya tidak membantu sama sekali aplikasi bobrok ngambil uang doang,NEGATIVE
benar benar bermanfaat terima kasih,POSITIVE
ini bagaimana caranya nomor hp saya enggak bisa didaftarkan 11 digit memang enggak bisa didaftarkan kah,NEGATIVE
terimakasih halodoc saya bisa konsultasi dengan psikolog dimana pun dan kapan pun,POSITIVE
beli obat enggak dikirim,NEGATIVE
berterima kasih sekali buat halodoc saya sangat terbantu konsultasi masalah kulit sampai sembuh,POSITIVE
sangat membantu untuk konsultasi dengan dokter terima kasih halodoc,POSITIVE
aplikasi susah dibuka,NEGATIVE
dapat ilmunya,POSITIVE
ramah dan dapat di mengerti,POSITIVE
ok banget dokter baik,POSITIVE
cuma chatingan tanpa meminta obat eh bayar gratis dong untuk dokter umum,NEGATIVE
alhmdulillah kebantu banget ada aplikasi ini tanggapannya cepat dan obatnya juga cepat apalagi dokternya pinter2 mendiagnosa dan memberi terapinya,POSITIVE
pelayanan bagus penjelasan dokter muda dimengerti,POSITIVE
jam setengah dua dini hari konsultasi dengn bayar 25rb kepada spesialis tht tapi dia sama sekali tidak balas sampai waktunya habis tetap tidak balas mungkin karena dia sudah tidur tapi mengapa sistemnya membuat dia tersedia dan online kalo enggak bisa harusnya dia offline saya coba kirim email ke cs sudah 2x tapi enggak ada respon sama sekali buat yang lain hati hati sapa tau ini bisa jadi pelajaran ditengah bencana covid19 ini sangat susah cari duit jadi duit 25rb pun sangat berarti,NEGATIVE
jawaban detail,POSITIVE
katanya gratis masih bayar prt,NEGATIVE
sudah bayar mahal mahal dokternya tidak menjawab pertanyaan saya eh malah ditutup permanen sama pihak aplikasi karena dokter tidak membalas selama 30 menit ini maksudnya apa coba saya membayar dan ingin konsultasi supaya saya tau apa yang saya alami bukan malah di buat menunggu jawaban lalu diakhiri secara otomatis dan juga saya memesan dokter a tapi setelah melakukan pembayaran yang ditemani konsultasi malah dokter saja ini aplikasi yang tidak membantu sama sekali,NEGATIVE
syukak pokoknya,POSITIVE
wk lucu buat aplikasi untuk bertanya dan dijawab terus mau tanya harus bayar dulu mantap ini baru bagus,NEGATIVE
gue pikir gratis,NEGATIVE
thanks dokternya baik dan ramah,POSITIVE
gopay saya sudah kepotong buat chat sama dokter dokternya enggak bisa terus enggak ada layanan apaâ² tapi saya harus tetap membayar terima kasih aplikasi halodoc bagus banget! saya bayar hanya untuk lihat foto dokternya?! wow keren!,NEGATIVE
fast respon sekali,POSITIVE
ok respon cepat,POSITIVE
sangat ramah pelayanan dan konsultasi,POSITIVE
jelek burik nian balikin bae duit aku dokternyo katek teros cepat!!!!!,NEGATIVE
kok lama kali ya dokternya balas chatnya enggak jelas ini apk,NEGATIVE
sangat mempermudah untuk konsultasinya cepat tanggap dan sangat memuaskan terutama ketika sedang pandemj begini thanks tapi klikdokter,POSITIVE
sangat membantu sekali untuk pasien yang sedang dirumah,POSITIVE
pelayanana baik,POSITIVE
bintang 0 kalo bisa sudah bayar untuk konsultasi online tapi tidak dilayani bahkan menunggu lebih dari 30 menit,NEGATIVE
lah pret katanya gratis tapi pas mau chat dokter bayar juga itu bukan gratis namanya,NEGATIVE
dokter ramah dan baik sangat membantu saya,POSITIVE
dokter nya di halo doc keren,POSITIVE
kurang oke enggak kayak dulu gratis sekarang bayar asuransinya agak mahal,NEGATIVE
sangat membantu sekali terutama dengan jarak rumah sakit yang jauh dari tempat tinggal,POSITIVE
banyak artikel2 kesehatan yang sangat bermanfaat,POSITIVE
ini aplikasi apa?? saya enggak merasa berlangganan atau konsultasi online tapi ternyata selama 8 bulan ada potongan autodebet 39rb??? maksudnya apa??? tolong dijelaskan!!! aplikasi enggak berguna,NEGATIVE
dokternya ramah dan cepat responnya,POSITIVE
thanks dokter great docter konsultasinya jelas sangat menolong,POSITIVE
mempermudah permasalahan kesehatan agar tidak salah beli obat dan lebih berpengalaman di bidangnya daripada apa kata orang,POSITIVE
saya mau daftar kode sms nya enggak bisa dipakai akhirnya uninstal lagi malas ribet,NEGATIVE
bahus sekali,POSITIVE
respon sangat baik,POSITIVE
sudah bayar biaya konsultasi tapi tidak mendapatkan jawaban yang melegakan enggak jauh beda sama konsultasi dengan guru mengaji percuma,NEGATIVE
alhamdulillah membantu sekali buat yang malas keluar ke rumah sakit dokternya juga ramah2 menjawab dengan sabar setiap pertanyaan therapi yang diberikan juga pas dengan keluhan,POSITIVE
dulu pas waktu pertama makek aplikasi enggak pakai bayar bayar tuh krg pas sudah di update eh malah bayar â,NEGATIVE
aplikasinya bagus memberikan konsultasi dari dokter saya juga memakai tapi sayangnya jika hanya konsultasi tentang kesehatan sama saja dengan kita berbicara dengan sahabat atau orang tua hanya memberikan solusi yang untuk harus makan ini jangan makan itu tetapi tidak memberikan solusi obat apa yang harus diberikan mudahan dikemudian hari ada aplikasi yang langsung dapat memberikan resep obat bagi yang konsultasi sekarang saya tidak pakai lagi aplikasi ini lebih baik langsung saja ke dokter langsung diberikan obat,NEGATIVE
biar gampang bertanya masalah penyakit,POSITIVE
lama banget orderan di prosesnya padahal pakai instant bisa sampai 2 jam nunggunya status orderannya stuck lama banget padahal lagi butuh banget tapi menunggu lama banget,NEGATIVE
bayar mahal konsultasi eh gadapet jawaban keburu habis waktu!,NEGATIVE
pelayanan cepat dan memuaskan,POSITIVE
mahal cuma kata kata dari google,NEGATIVE
sudah isi saldo lu pembayaran biaya konsultasi lwat shopepay tunggu dalam 5 minta dari akan mmblas chat anda eh 5 minta lwat 10mnt lwat kagak di balas terus biaya kosulnya tidak bisa di pakai lu konsultasi ke dari yang lain enak dong dapat duit tapi tidak perlu ngbrol ngjlasin keluhan cs,NEGATIVE
kenapa kalo baru mau masuk harus verifikasi nomor terus ??,NEGATIVE
maaf kok tidak bisa masuk sih,NEGATIVE
konsultasi dokternya mudah n cepat respon,POSITIVE
proses refund lama katanya pengembalian 3 hari kerja tapi sampai 3 hari dana belum di refund cal center sama sekali tidak membantu,NEGATIVE
sangat puas dengan semua jawaban dokter,POSITIVE
jujur saya rasa saya chating sama robot daripada sama dokter harusnya screening artificial inteligence nya tidak hanya ada opsi ya atau tidak saja melainkan juga tidak tahu belum dipastikan karena misal kalau alergi obat mayoritas orang yang baru belum akan tahu kalau ada alergi obat tertentu terus biaya 8500 untuk dokter umum serasa cepat sekali diakhirinya,NEGATIVE
makin enggak jelas nih aplikasi tanya cs semua ai enggak membantu dan malah eror2 di faq enggak lengkap,NEGATIVE
saya baru menggunakan halo dok harga konsultasinya lumayan murah dan respon dokter nya cepat dan baik saya sangat senang,POSITIVE
sangat cocok,POSITIVE
sangat membantu terimakasih dok,POSITIVE
jelas tepat menggunakan obat juga ada penjelasannya semoga cocok,POSITIVE
kak kalau sudah dapat resep beli obat transfer obatnya di ambil apa di antar,POSITIVE
menyesal kalo enggak dwonlod aplikasi ini sangat bagus terima kasih,POSITIVE
dokter jantungnya baik,POSITIVE
nice thanks dok,POSITIVE
ciba lihat dulu,NEGATIVE
sangat membantu dan cepat,POSITIVE
enggak bisa di buka habis di update pada hal penting musim hujan begini kalau urgent pada hal sebelumnya aman2 saja sebelum di update,NEGATIVE
enggak bisa donglod,NEGATIVE
lama banget respon dokternya ini kalo dia lama kita harus menunggu terus balesnya seenaknya kita enggak tau tau tau sudah end chat begitu saja terus kalo mau chat sama yang lain harus bayar lagi tolong dong buat dokternya dikasih batas waktu buat jawab kalo enggak dari sistem arahin ke dokter lain sudah disuruh menunggu bayar ditinggalin lagi enggak jelas banget,NEGATIVE
pengalaman pertama gila asli gila chat lancar next chat lagi?? semoga tetap lancar semoga tidak menyampah seperti yang lain jadilah manfaat,POSITIVE
ampuuuuuun aplikasi enggak jelas konsultasi premium bayar enggak ada respon sampai durasi habis padahal menunggu balasan nya lama di tunggu tunggu enggak ada jawaban sedikit pun parah banget aplikasi ini makan uang orang itu enggak berkah bos apalagi orang yang sakit,NEGATIVE
wuh ribet lagi miskin sama penyakit malah ketemu apk kayak begini anjing lah kntol,NEGATIVE
aplikasi ini sangat membantu sekali respon dokter yang cepat dan jawaban permasalahan penyakit sangat memuaskan terima kasih,POSITIVE
dokternya kurang menanggapi balasan chat terkadang,NEGATIVE
mantap praktis dan cepat respon,POSITIVE
dokter yang ramah fast respon penjelasannya bisa dipahami terimakasih,POSITIVE
respon cepat dan sangat membantu untuk kondisi saya saat ini,POSITIVE
maaf kok saya enggak dapat kode verifikasi ya bang?,NEGATIVE
kenapa gagal terhubung terus ke dokternya mana sudah bayar percuma dong !!!!!!!!!!,NEGATIVE
pembaruan yang sekarang kalo konsultasi kok jadi bayar?,NEGATIVE
aku suka banget sama apk ini sangat membantu terima kasih atas perhatiannya,POSITIVE
saya sudah bayar sudah mau konsultasi tapi enggak dijawab aplikasi apaan ini????boleh enggak uang saya dikembalikan????masa habis bayar dokternya enggak ada jawaban sama sekali????,NEGATIVE
bagaimana sih cara berhntiin langgana karena saya tidak pernah konsultasi dan saya juga merasa di bohongin sama yang nyariâ² nasabah supaya downdld alodokter bnci banget tiap bulan kepotong terus saldo atm sudah 2 tahun mah ada kali bikin rugi saja percuma kan kalau tidak di pakai konsultasi,NEGATIVE
suka nih sama aplikasi telehealth yang fiturnya lengkap kayak begini yang diperluin terkait kesehatan ada semua enggak cuma konsultasi saja,POSITIVE
mat siang dokter saya mau tanya saya di suntik oleh dari yang merawat saya karena masalah tangan kiri tidak bisa normal pernah kepleset akibat tangan tidak bisa ngangkat keatas dan kesamping terus saya disuntik di bahu tangan kiri pas posisi dileher bawah akibatnya saya gatal seluruh tubuh dan muka bengkak merembet badan lemes tangan malah lemes dan sampai kaki susah digerakkan ditambah lagi tangan dan kaki kebas2 dan tidak hilang sudah 9 bulan pak dokter saya tanya obat apa untuk menghilangkannya,NEGATIVE
aplikasi lambat,NEGATIVE
saya kasih bintang 2 dulu soalnya tidak bisa login walaupun sudah dicoba berkali,NEGATIVE
konsultasi tasi sama dokter nya enak tidak rumit,POSITIVE
aku suka banget,NEGATIVE
sudah membayar untuk konsultasi keterangan respon cepat tertera 2 menit sampai 30 menit lebih enggak ada kabar atau respon sama sekali untuk deskripsi tolong di perbesar jumlah karakternya deskripsi novel saja sampai 3000 ini kendala dan keluhan yang di alami cuma di kasih 300 saja,NEGATIVE
sangat membantu banget terimakasih alodokter,POSITIVE
aplikasinya sangat bagus dokternya memberikan penjelasan sangat baik,POSITIVE
aplikasi tempik kalo ini kecewa banget,NEGATIVE
konsultasi tentang kesehatan sebagai acuan,POSITIVE
good sangat bermanfaat,POSITIVE
100rb lebih melayang karena lama menunggu dokternya terus akhirnya aku batalin tapi duitnya enggak balik bagaimana maksudnya ya ini??? konsultasi enggak dapet duit hilang,NEGATIVE
puaaaaas banget gratis,POSITIVE
aplikasi kurang berbobot bukan mempermudah masyarakat untuk berkonsultasi dengan dokter justru malah sebalik nya,NEGATIVE
layanan di pakai juga enggak duit tiap bulan di ambil otomatis dari rek gue parah banget parah banget sudah kayak lintah darat ngisep darah gue,NEGATIVE
halo dok muka saya bopeng nih akibat jerawat apa bisa di obati dengan pitaquin?,NEGATIVE
kenapa aku enggak bisa login,NEGATIVE
saya dapat pengetahuan artikel mengenai panyakit saya jaitu diabet 2 stroke dan hhd sangat membantu dan sekarang tambah sakit tmj di sakit di gusi kiri bawah dalam pengobatan sayang saya tidak bisa jadi anggota di klikdokter pendaftaran selalu gagal untuk sexology juga menambah pengetahuan saya diumur 69tahun yang artikelnya masuk facebook saya biodata pria sakit hhdsudah 15th dan db2 11th str 9th tmj di 2 tahu nama fransiscus oetomo di blora jawa tengah,POSITIVE
sangat sangat membantu saya dan dokter dokter nya sangat ramah ramah juga menjawab semua pertanyaan saya dengan detail mantap dan terimakasih play store,POSITIVE
tebus resep pakai aplikasi ini adalah salah satu fitur yang paling aku suka 33,POSITIVE
aplikasi maling duit di rekning lagi enggak ada duit malah di ambil,NEGATIVE
memudahkan dan bermanfaat,POSITIVE
pertama kali konsultasi dengan dokter di halodoc ternyata praktis tidak perlu hengkang dari rumah tetapi sudah terbantu dengan konsultasi via online jadi hemat waktu kebetulan tadi dibantu oleh dari toni baskoro sapa pada alhamdulillah konsultasinya lancar dan komunikatif rinci dalam menjelaskan ditambah dengan contoh gambar terima kasih apa dokter toni baskoro sapa pada,POSITIVE
selalu fast and fast respon dan solusi,POSITIVE
mempermudah bagi pemirsa untuk langsung konsultasi kedokter dalam,POSITIVE
sangat membantu ada halodoc pasien lebih nyaman dengan layanannya,POSITIVE
fitur fiturnya lebih lengkap dari yang lain design aplikasi juga mudah dimengerti buat semua kalangan,POSITIVE
dulu saya pengguna aplikasi alodokter ini dengan chat gratis ke dokter umum tapi sekarang beda harus bayar rp 8 500 membuat saya tidak nyaman,NEGATIVE
aplikasinya ribet tiap mau bayar konsultasi dokter selalu disuruh sambungkan dengan e wallet padahal sudah tersambung dengan spay dan saldo spay juga mencukupi,NEGATIVE
sangat membantu setiap jawaban konsultasi nya,POSITIVE
responnya lama sesinya keburu selesai,NEGATIVE
sangat membantu bagi kami yang tinggal di kota kecil dengan sedikit dokter2 spesialis dengan adanya halodoc kami terbantu dengan opsi2 dokter spesialis di seluruh indonesia,POSITIVE
sangat membantu sih untuk konsultasi masalah kesehatan,POSITIVE
aplikasi yang sangat membantu masalah kesehatan,POSITIVE
apk jelek stuck di logo doang,NEGATIVE
sangat membntu harga terjangkau,POSITIVE
sudah bayar terus bertanya tetapi responnya lama lalu ujungnya juga disuruh periksa ke dokter tidak ada solusi atau saran dari dokternya,NEGATIVE
apk nya sering error apa bagaimana ya?,NEGATIVE
tidak rekomendasi chat dengan dokter sudah bayar ke 3 dokter enggak ada yang dibalas satu pun,NEGATIVE
sangan membantu,POSITIVE
selama pandemic kemarin aku coba beli paket isomannya klikdokter dapat voucer gratis ongkir lagi,POSITIVE
sangat mempermudah apalagi kalau tinggal di desa yang jauh dengan dokter spesialis,POSITIVE
pernah pesan paket tapi enggak bisa di batalin mau ubah alamatnya mengesalkan banget,NEGATIVE
bilangnya gratis ternyata berbayar,NEGATIVE
konsultasi dengan dokter lancar,POSITIVE
kenapa sih tadi sudah benar gmail saya kok tptp enggak bisa kenapa sih ini ih,NEGATIVE
jangan download aplikasi ini karena tidak bisa hapus akun data anda akan ada selamanya disini,NEGATIVE
sudah chat live sama dokter ketika kepencet tombol keluar enggak bisa masuk live chat lagi ? dan ketika di ketik dengan dokter yang sama malah di harus kan melakukan pembayaran kembali ? mohon diperbaiki,NEGATIVE
kenapa saya buka apk ini terus ke verifikasi keluar trus pas mau ke tanggal lahir malah apk nya keluar terus padahal saya butuh apk itu banget tolong dong di perbaiki,NEGATIVE
tidak puas dengan jawaban nya,NEGATIVE
dokternya sibuk terus sudah byr jdinya dignti dokter lain eh cuma kasih saran doang,NEGATIVE
sangat ramah dan membantu trimakasih,POSITIVE
enggak berpengalaman org2nya,NEGATIVE
terima kasih dok sangat membantu,POSITIVE
ap ini sangat membantu ketika tidak bisa keluar untuk ke rs dokternya ramah dan pelayanan konsulnya oke ï ï ï,POSITIVE
bisa konsultasi dengan dokternya langsunh dan sangat terbantu,POSITIVE
tidak semua orang punya uang untuk chat saja,NEGATIVE
buset mahal sekali buat konsultasi bagaimana jika ada orang yang kurang mampu,NEGATIVE
puas tapi harus cepat ngetiknya kalo enggak waktu akan terbuang sia,POSITIVE
tidak ada konfirmasi obat dikirim dari mana estimasi 6 hari ya keburu tambah sakit dan mahal juga obatnya karena sudah dibayar,NEGATIVE
badan anak dingin di malamhari,NEGATIVE
verifikasi no hp deh di isi malah nyangkut,NEGATIVE
bagaimana cara pembelian obat urotractine?,POSITIVE
tiba tiba dapat notifikasi dapat nomor resi pas buka manual di halodoc enggak ada perubahan status apa apa,POSITIVE
bapak kau gratis,NEGATIVE
ø ùùù ù øµù ø¹ùù ø³ùšø ù ø ù ø ù ø,POSITIVE
bagus dan memuaskan,POSITIVE
bagus fastrespon,POSITIVE
cepat respon dokter nya terima kasih halo doc,POSITIVE
belum selesai mengomongnya masih mengetik panjang padaha sekalian curhat biar enggak salah diagnosa karena saya sudah 5x ke dokterl sudah dikasih resep langsung diakhiri padahal juga saya belum jawab sudah pernah dikasih obat apa saja dan resep yang dikasih itu juga obatnya sudah pernah dibeli eh tiba tiba deh close ketikan gue panjang lebar siyya siyya,NEGATIVE
menyesak saya aplikasi sudah di hapus masih juga motong saldo mbanking baca sales bilang gratis enggak bayar,NEGATIVE
ribet dan lama dokternya merespon,NEGATIVE
sangat terbantu dengan aplikasi ini skalipun dari rumah kita tetap bisa konsultasi kesehatan dan juga kita dapat memilih dokter sesuai kebutuhan,POSITIVE
al good,POSITIVE
selama pengiriman pakai borzo enggak pernah beres mendingan pakai medisend gojek karena borzo kita bayar mahal ke halodoc ke borzo cuma kena 6rb jadi ngirimnya se enak dengkulnya,NEGATIVE
tanggapan cepat semoga saya segera sembuh thank you dok,POSITIVE
sudah bayar untuk konsultasi online tapi dokter yang dipilih tidak kunjung merespon diberi alternatif dokter lain pun tidak merespon hingga kesempatan mencoba terhubung dengan dokter habis kemudian harus melalui pengulangan dan harus membayar lagi padahal pembayaran sebelumnya tidak mendapatkan respon dan tidak melakukan konsultasi terbuang beberapa rupiah uang yang saya keluarkan,NEGATIVE
pengiriman lambat tidak ada update di riwayat bilang 4 hari sudah seminggu tidak di kirim padahal sudah bayar lunas fatal sudah di email sudah di chat juga dibilang di tunggu sampai kapan kah sebulan atau setahun kita harus menunggu dibatalkan tidak bisa miris sekali,NEGATIVE
kesulitan mengirim foto dari gambar penyakit,NEGATIVE
menurut saya kurang mendapat jawaban dan sedikit kurang ramah,NEGATIVE
sangat membantu saat ada yang sakit setidaknya kita tau apa yang harus dilakukan,POSITIVE
pembayaran saya hangus karena dokternya tidak merespon sama sekali tidak dilayani dan chat ditutup kecewa sudah menunggu juga ya mending lansung konsultasi ke dokter langsung saja lah ke kalo begini padahal pertama kali menggunakan ap ini saya jadi ogah lagi pakai ap ini tidak akan lagi buat yang lain enggak usah download lansung ke dokter saja kalo mau konsultasi biar enggak kecewa,NEGATIVE
kecewa banget sama aplikasi ini sudah bayar enggak taunya enggak bisa lanjut chat enggak ada respon lagi rugi deh,NEGATIVE
tks dokter akan saya coba saran dokter,POSITIVE
dokter ramah sabar,POSITIVE
bagus mudah dan cepat,POSITIVE
berguna mantap cepat respon nya memuaskan jawaban nya,POSITIVE
dokternya ramah penjelasan detail,POSITIVE
responndokter cepat simple praktis,POSITIVE
alhmdulillah sangat membantu sekali respon cepat dan penjelasan sangat baik,POSITIVE
hampir setengah jam menunggu respon dokter sampai ketiduran enggak semua dokter sih seperti itu tapi memang fiturnya kita enggak bisa tau kapan dokter akan balas keterangannya 5 menit tapi lama banget,NEGATIVE
fast response obat tersedia untuk yang urgen bisa ke sini si di saat ini belum ada masalah,POSITIVE
konsultasi disini enggak nemu jawaban malah nemu tips kayak pencarian google jangan konsultasi di dokter yang diskon harga jadi 8 500 dokter tapi enggak bisa membedakan resep sama tips,NEGATIVE
mempermudah berobat,POSITIVE
tidak puas atas tanggapan hasil dari keluhan,NEGATIVE
puas dokternya ramah,POSITIVE
bagus aplikasinya sangat efektif,POSITIVE
sering saya konsultasi dengan dokter ini alhamdulilah dlcocok,POSITIVE
apk busuk dulu apk ini sangat bagus semlm padahal butuh banget buat nnya kedokter umum est 2 minta malah dibalas 1 jm lebih jadi enggak sempat balas cht dokterny buang2 uang ini apk berbayar loh tapi kok mengecewakan sekali duit saya terbuang sia2 buat hal gjls kaya begini ya walaupun enggak seberapa tapi kalo banyak yang tertipu lumayan juga ya apk ini untungnya hati hati guys jangan di download !!!,NEGATIVE
terbaik dokter nya ngejelasin nya sangat detail sekali,POSITIVE
susah banget konsultasi dokterny menyambungkan terus jangan dokter nya sudah tau mau pakai bpjs konsultasi nya indah nya hidup di indonesia semuanya mudah untuk yang punya uang banyak,NEGATIVE
beenerbener ngebantu banget t,POSITIVE
punya pengalaman enggak enak padahal juga baru jadi pengguna langsung uninstal deh,NEGATIVE
sumpah sudah lebih dari 7x mencoba buat konsultasi tapi selalu disuruh cari dokter lain enggak guna dana enggak bisa di refund hiuuh,NEGATIVE
dokter nya di chat slow respon tapi giliran sudah mengasih resep langsung di akhiri sesi nya padahal mau meminta surat keterangan sakit,NEGATIVE
selalu membantu,POSITIVE
respon dokter cepat gampang untuk konsultasi,POSITIVE
sangat membantu ketika urgent pelayanannya cepat semoga dokternya ditingkatkan selalu pelayanannya dan juga apotek nya yang ada di halodoc,POSITIVE
memilih alamat pengiriman hanya bisa menggunakan maps tetapi lokasi juga tidak akurat segera di perbaiki,NEGATIVE
pelayanan nya kurang memuaskan saya baru bertanya di whatsap namun tidak di berikan jawaban saya mesti cek ke doktor yang mana jika mengalami kecemasan yang berlebihan dan susah tidur saya kasih b1 sampai saya mendapatkan jawaban nya !!!,NEGATIVE
membantu banget untuk sekedar konsultasi jadi gaperlu antri ke pelayanan kesehatan,POSITIVE
dokterna baik n tanggap,POSITIVE
kok aplikasi nya berhenti??,NEGATIVE
respon dokter lama dan bila lewat waktu chat di tutup padahal sudah bayar biaya nya juga,NEGATIVE
mengapai mengasih aplikasi tapi suruh bayar dokter mending pergi langsung ketemu dokter bukannya tambah efektif malah begini,NEGATIVE
aplikasinya eror ya kok estimasi waktu pengiriman obantnya enggak ada biasanya sejam setelah pembayaran diterima sudah begitu cs nya tidak ada respon cepat mohon perbaikan nya,NEGATIVE
dokternya baik banget fast respon kasih penjelasannya juga sangat jelas dan mudah dimengerti sehat selalu ya dok,POSITIVE
sangat membantu dikala di tempat rantau,POSITIVE
sangat membantu sekali jawabannya,POSITIVE
coba dulu kalo bagus entar di tambah lagi,NEGATIVE
terima kasih dan maaf atas penawarannya untuk buat chat saya menggunakan data biasa saja,POSITIVE
wei alodokter kenapa main autodebit tanpa persetujuan apapun dari saya bisa bisanya rekening baca saya tembus diambil oleh elemedicine sumo tekno dibulan ini pada tanggal 8 3 2022 11 3 22 masing masing di ambil sebesar 39rb padahal saya tidak pernah melakukan perjanjian apapun kacau ini seperti perampokan saja saya mau lapor ke bapak vladimir al putin kalo begini terus biar di rudal nuklir sekalian !!! sangat tidak adil dan merugikan saya ini,NEGATIVE
mengira gratis ternyata bayar semuanya ini mah enggak membantu ini bisnis,NEGATIVE
aplikasi konsultasi kesehatan yang mudah dan informatif,POSITIVE
pokoknya fast respon mkasih dok,POSITIVE
dokternya baik semoga segera sembuh terima kasih,POSITIVE
aplikasi jelek !! dokter sudah di bayar 25 ribu tidak solutif 25ribu hanya beberapa menit asli kacau tidak usah download apps ini!!! merugikan!!,NEGATIVE
sejauh ini saya pakai alodokter bekerja dengan baik dokternya juga fast respon,POSITIVE
sebagai orang yang butuh informasi secepat mungkin tapi kadang tidak ada respon yang sesuai keinginan kita,NEGATIVE
dulu dokter umum gratis dong eh sekarang harus bayar sudah begitu fast respon pula hahaha,NEGATIVE
respon cepat sangat bagus,POSITIVE
terimakasih hallodoc sangat membantu,POSITIVE
pelayanan aplikasi perlu diperbaiki lagi sudah bayar sudah chat dokter tapi dokter enggak merespons malah percakapan ditutup eh uang enggak kembali memperbaiki lagi deh sistemnyai,NEGATIVE
sudah mahal lama sampainya lagi !!!!,NEGATIVE
sejak pakai klikdokter sudah enggak berani pindah pindah ke yang lain dokternya selalu respon cepat dan helpful,POSITIVE
alhamdulillah membantu saat sakit enggak usah brangkat kemana mana obatnya tinggal menunggu dikirim,POSITIVE
sudah bayar tiba tiba aplikasi error,NEGATIVE
dokter sibuk tapi kepotong saldonya dibalikin 4 5 hari keterangan sesi 30 menit baru 11 menit tapi dijawab sowrespon paling 3 4 menit sudah di close sama dokternya,NEGATIVE
ini enggak ada dokter yang kita chat gratis ya harus bayar ya soalnya waktu lalu masih bisa chat gratis enggak perlu bayar,NEGATIVE
aplikasi yang sgat membantu dokter nya pun ramah2 dan diagnosis nya bagus,POSITIVE
solusi cepat bila membutuhkan konsultasi dokter segera praktis dan bisa dilakukan dimana saja sangat membantu,POSITIVE
tidak bisa di gunakan,NEGATIVE
ulasan sebelumnya dihapus dasar aplikasi pemecah rumah tangga orang pemeliharaan sistem kirim notifikasi berobat ke spog istri jadi tanggapannya negatif,NEGATIVE
recommended dari halim sangat bagus pelayanan baik,POSITIVE
live chat dokter tidak bisa digunakan,NEGATIVE
aplikasi nya parah dokter sibuk mulu 2 hari mau konsultasi sibuk terus akhirnya voucher di balikin lagi begitu terus membanyaki saja dokternya,NEGATIVE
terima kasih ibu dokter penjelasan nya sangat detail dan membantu,POSITIVE
low respon banget ih,NEGATIVE
bagus baik respon dari agt cepat dab membantu,POSITIVE
mantap masalah kesehatan dapat teratasi,POSITIVE
bgus,POSITIVE
sangat membantu aplikasih ini,POSITIVE
trmksh cukup jelas,POSITIVE
good memudhkn kita,POSITIVE
menambah referensi,POSITIVE
memuaskan penjelasan dokternya,POSITIVE
dokternya ramaah,POSITIVE
konsultasi gratis sudah dihapus,NEGATIVE
menarik dokternya segera menjawab,POSITIVE
fast respon live chatnya terima kasih,POSITIVE
dok mau konsultasi bayi saya umur 4 bulan sebelumnya sudah gonta ganti sufor mulai dari yang murah sampai yang mahal dan kemarin sudah ke dokter anak di menyarankan pakai bmt php sudah habis 2 kaleng yang 800 gr tapi kenapa sehabis minum susu pasti mencret terimakasih dok,NEGATIVE
dokternya slow respon padahal kita bayar enggak gratis,NEGATIVE
salam sejatra semua saya merasa senang dengan adanya aplikasi klik dokter konsultasi dokter online untuk memudahkan dan ssngeut membantu sekali untuk berkonsultasi mengenai kesehatan dan merupakan yang sangeut menunjang sekali untuk kita semua karena kesehatan merupakan yang sangeut paling berharga didalam kehidupan dan sangeut menunjang sekali dengan adanya aplikasi klik dokter konsultasi dokter online trimakasih adek haryanto 1f porpil 1 facebook modelator grup publik pelopor pkdpk,POSITIVE
sekarang alodokter lebih ok,POSITIVE
pgiriman lama sudah begitu ongkir mahal,NEGATIVE
sangat membantu pada saat darurat emergency,POSITIVE
sangat membantu recomended,POSITIVE
penjelasan yang detil,POSITIVE
gercep terimakasi para dokter,POSITIVE
alpikasi ini sangat banget mambatu sekali,POSITIVE
dari feronika best,POSITIVE
memberikan solusi kesehatan,POSITIVE
cepat respon dan cepat di tangani dalam sht selalu,POSITIVE
buka di web kolom komunitas forum mau pencet ï buat pertayaan malah enggak bisa harus donwload sudah donwload enggak ada pilihan komunitas forum nya cuma ada chat bayar artikel shop buat janji langganan,NEGATIVE
beli obat via apps tapi apoteknya jauh sekali mengira bakal dikirim dari apotek terdekat walaupun beda kota saya tinggal di 1 kota di jawa tengah tapi apotek di bandung,NEGATIVE
aplikasi nya mantap cepat bisa di pakai pas darurat,POSITIVE
klikdokter sangat membantu saya untuk mengetahui pnyakiy yang saya derita trimakasih banyak klikdokter,POSITIVE
sedang konsultasi dengan dokter tiba tiba akun log outs sendiri terus pas mau login ulang malah enggak bisa otp gagal terkirim terus,NEGATIVE
baik respon cepat terimakasih,POSITIVE
bu dokternya sangat ramah dan respon sangat cepat,POSITIVE
saya sudah nemu dokter spk yang ramah fast respons detail sudah begitu orangnya cantik sudah sembuh dari jerawat menahun tapi paling enggak suka konsultasi di halloskin jutek banget dokternya balesnya lama banget mentang murah,POSITIVE
penipuan sudah baca tapi pas chat yang di tanyak apakah tertarik dengan asuransi saya jawab tidak langsung chat selesai,NEGATIVE
kurang memuaskan,NEGATIVE
mengira bertanya gratis bilangnya chat dengan gratis eh bayar anjir lah,NEGATIVE
sangat kecewa dengan aplikasi ini saya tidak mendapatkan jawaban apapun ðÿ masa iya harus bayar berkali kali dulu baru bisa dapatkan jawaban,NEGATIVE
sangat membantu masalah kulit,POSITIVE
sering tidak bisa dibuka ap nya kenapa ya,NEGATIVE
kemana semua dokter ya katanya 24 jam padahal masih tidur nya dokter 2 adduh enggak jls aplikasi nya,NEGATIVE
baik terimakasih dok,POSITIVE
aplikasi apaan ini kalau harus pkail pulsa bayar kalau orang susah enggak punya uang bisa apa coba enggak bakal mampu tanya dokter kalau hinga 50 ribu setiap brtnya,NEGATIVE
the best klik dokter,POSITIVE
wow kenapa harus berbayar si semisal mau chat dengan dokternya? padahal posisi lagi urgent,NEGATIVE
saya dari dulu sudah konfirmasi ingin berhenti mengikuti alodok kenapa masih saja uang saya di ambil terus,NEGATIVE
mahal sekarang,NEGATIVE
sangat membantu dalam memahami masalah kesehatan,POSITIVE
bermanfaat dan memudahkan kita untuk konsultasi,POSITIVE
penjelasannya jelas dan mudah di pahami,POSITIVE
saya konsultasi ke spesialis tht dan itu hanya buang2 uang saya konsultasi ke dokternya lebih lengkap info yang didapat dari google,NEGATIVE
senang banget sama afk nya bantu banget teh buat yang mau tnyaâ² tentang keluhan sakit chat respon nya pun cepat,POSITIVE
parah banget office penjualan nya refund an sampai seminggu enggak dibalik balikin pesenan seminggu enggak sampai sampai setiap ditanya jawab nya tunggu tunggu tapi enggak ada tindakan sampai muak!!!,NEGATIVE
sangat membantu untuk saya yang suka malas pergi konsultasi ke dokter disini,POSITIVE
semoga ditingkatkan lagi pelayanan nya,NEGATIVE
parah banget alo dokter mahak banget mau konsultasi dokter spesialis padahal ujung ujung nya dsruh konsultasi kdokter nya langsung,NEGATIVE
sangat bermanfaat dan tahu obat apa yang harus di minum,POSITIVE
pelayanan obat yang sangat buruk,NEGATIVE
pelayanan baik dan ramah,POSITIVE
sangat informatif info info mengenai kesehatan,POSITIVE
sangat membantu cukup dari rumah saja,POSITIVE
sukses selalu dok,POSITIVE
bagus dokternya ramah dan jelas,POSITIVE
sangat membantu sekali terimakasih dok,POSITIVE
terimakasih penjelasannya detail dan respon cepat,POSITIVE
mantap ketika ada problem langsung ditanggapi,POSITIVE
gooood!,POSITIVE
saran saya cukup sebatas untuk konsultasi saja sama dokter jangan sampai beli obat via alodokter karena saya punya pengalama jelek saya pesan obat sudah dibayar dan saya tunggu ujung nya dicancel dengan alasan tidak dapat kurir dan aneh nya saat refun uang kita akan di kembalikan paling cepat 3 hari kerja hebat bukan kita dianjurkan mereka beli lagi dengan uang sendiri lagi,NEGATIVE
baru mau mencoba,POSITIVE
sayang nya semua nya berbayar coba kalo ada yang gratis tambah baik tambah bagus,NEGATIVE
dok bayar enggak,POSITIVE
aplikasi sangat membantu jika ada keadaan darurat dan sakit ringan juga bisa konsultasi ke psikolog dan psikiater,POSITIVE
respon cukup baik,POSITIVE
pengalaman pakai jasa dokter spk di halodoc cukup membayar 57 ribu bisa konsultasi dengan berbagai dokter dalam waktu 30 menit saya kira hampir sama resepnya dengan dokter spk yang saya temui hanya saja di halodoc sedikit buru2 dan sebagian pertanyaan belum terjawab karena chat langsung menutup setelah waktu selesai sementara waktu juga sedikit terbuang karena dokter bertanya berulang juga memikirkan pertanyaan yang akan ditanyakan untuk biaya resep dan tebus obat dihalodoc sedikit mahal,NEGATIVE
parah ya sekarang appnya,NEGATIVE
sangat membantu dokternya juga baik,POSITIVE
mau konsultasi tapi berbayar gajadi deh,NEGATIVE
supa dupa klikdokter demen banget gue sama nih apk,POSITIVE
gila ! mahal banget hanya untuk chat ini sih enggak membantu ya ke dokter kisara harga chat sudah dapat obat loh,NEGATIVE
sangat membantu daripada keluar rumah jauh2 ke rs dan antri ini bisa sambil tiduran langsung konsultasi ke dari nya,POSITIVE
konsultasi baiik dan pengiriman obat cepat,POSITIVE
perbanyak apotik yang bekerjasama agar order di tengah malam gojek mau mengantar,POSITIVE
sangat membantu terimkasih halo doc,POSITIVE
sangat bermanfaat semoga terus berkembang dan sukses karena bisa jadi alternatif buat konsultasi ke klinik puskesmas maupun rumah sakit mantap,POSITIVE
sampai saat ini uang saya belum di kembalikan padahal janjinya 5 hari kerja ini sudah sampai 1 bulan pada tidur ya kecewa sekali,NEGATIVE
cepat dalam tanggapan,POSITIVE
rugi lah kata sayang konsultasi di sini,NEGATIVE
tolong kembalikan uang saya dan tolong hapus akun saya saya sudah tidak berminat join di alodokter karena ada autodebetnya tolong di bantu terimakasih,NEGATIVE
pelayanan buruk masak saya janjian sama dokter spesialis paru di aplikasi ini jam 14 00 dan saya sudah bayar lunas lewat ewalet eh tiba tiba jam 11 00 pihak rs nelpon saya kalo dokternya sudah menunggu di rumah sakit lah kan saya janjiannya jam 14 00 dikira kami pasien bisa lari secepat kilat apa ? sudah dua kali saya janjian dengan dokter spesialis di aplikasi ini dan waktu janjiannya selalu tidak tepat yang pada akhirnya batal proses refund lama juga,NEGATIVE
login e rada susah se,NEGATIVE
dokter bukan mengasih solusi ditanya ndaktau ndaktau sudah bayar jawab lama hasil tak ada sialan,NEGATIVE
aplikasi belum bisa di buka,NEGATIVE
apk enggak guna masak konsultasi cuma sisuruh olahraga doang? dokternya pecat saja enggak guna,NEGATIVE
kenapa saya enggak bisa konsultasi lagi ya,NEGATIVE
luar biasa aplikasi kesehatan dengan pitur cukup lengkap dan mudah di pahami,POSITIVE
sangat membantu karena memberikan informasi2 kesehatan yang baik untuk keluarga salam sukses,POSITIVE
mantab fast respon,POSITIVE
ngeshare pengalaman aku pas sakit di kosan terus di menyarankan kakak malah buat download membantu asli,POSITIVE
fast respon ðÿ,POSITIVE
saya bingung kenapa sekarang pelayanannya enggak bagus dulu benar benar gratis kalau sudah langganan ini harus bayar lagi dan kalau aloshop nya sekarang juga lama saya ke alodokter supaya cepat di chat di whatsap sudah 30 menit tetap tidak ada perubahan status order katanya menunggu untuk di antar karena sudah di kemas ternyata barang enggak ada sangat buruk ya sistem dan pelayanannya,NEGATIVE
sangat membantu di kala cuaca buruk dan tidak bisa keluar rumah,POSITIVE
saya pakai apk ini cuma buat mendapatkan koin malah enggak dapat,NEGATIVE
aplikasi payah sudah bayar tidak bisa chat,NEGATIVE
mohon maaf saya menginstal aplikasi ini karena ada kode otp masuk ke nomor hp saya saya mohon bantuannya karena saya tidak pernah tau apk ini dan tidak pernah menginstal aplikasi ini pertanggal 5 12 2024 kalau ada sesuatu mengatas namakan saya itu bukan saya mohon bantuannya karena kami disini tidak bertanggung jawab kalau ada sesuatu yang mengatas namakan saya,NEGATIVE
konsultasi lebih mudah,POSITIVE
sementara ok,POSITIVE
aplikasi gc benar,NEGATIVE
mau chat sama dokter hewan tapi enggak ada,NEGATIVE
good bermanfaat dan mudah di gunakkan,POSITIVE
respon nya kurang cepat yang berbayar ceritanya konsultasi dan byr 45rb menunggu lama dan akhirnya saya keluar ke aplikasi karena lama menunggu respon akhirnya dari salah satu dokter yang saya pilih untuk konsultasi membalas chat dan saya enggak tau kalau dari pihak ap alodokter akan di tutup percakapan jika kitanya yang lama respon kan rugi di kita kita menunggu lama enggak masalah alodokter menunggu kita tutup chat akhirnya hangus biaya konsultasi tidak dapat jawaban doktor hanya cat masih menanyakan apa yang di alami,NEGATIVE
seep,POSITIVE
bad banget untuk pengiriman obaaat menunggu 2 4 hari padahal di deskripsi diterima 1 jam sangaaaat tidak logis untuk orang yang sakit bukan malah membantu tapi mempersulit,NEGATIVE
fast respon oke banget,POSITIVE
terbaik dokter nya juga ramah dan obat nya ter rekomendasi,POSITIVE
dengan hormat dari saya mau tanya anak saya sakit panas terus setelah sekarang sudah sembuh tapi sekarang dia omonganya halu,POSITIVE
bagus aplikasi nya,POSITIVE
artikel dan info info kesehatannya sangat lengkap dan mudah dipahami serasa konsultasi tatap muka dengan dokter langsung sukses ya klik dokter semoga berkah untuk semua yang berpartisipasi dalam aplikasi ini,POSITIVE
bagus sekali bisa sharing tentang kesehatan,POSITIVE
sangat mengecewakan layanan alodokter ini obat sudah 4 hari belum sampai padahal sudah menggunakan jasa kirim sameday komplain melalui email penyelesaian nya hanya disuruh sabar menunggu dan tidak bisa dibatalkan anak sudah sembuh karena urgent pakai obat lain dulu dan sampai sekarang obat dari sini belum sampai sepertinya ini pertama dan terakhir saya menggunakan aplikasi ini trimakasih,NEGATIVE
easy tapi use,POSITIVE
dari corry dokternya ramah semoga bisa membantu kulit saya yang lagi bermasalah menjawab semua pertanyaan kita trm kasih dokter,POSITIVE
saya butuh obat karena sudah 3 hari sakit ketika order di alodokter sudah bayar obat tidak dikirim2 lalu ada pesan karena ada kendala system pesanan gagal dana akan di refund dalam 3hari kerja alasan kliring bank saya butuh uang itu buat beli obat lagi segera tidak bisa menunggu dalam 3 hari jika konsumen dengan dana terbatas bagaimana jika sakit makin parah karena menunggu uang refund untuk beli obat lagi apakah tidak ada solusi ? hanya bisa pasrah dan uninstal aplikasi alodokter selamanya kapok,NEGATIVE
top lah pokoknya,POSITIVE
terima kasih halodoc semua menjadi mudah alhamdulillah selalu mendapat pelayanan yang baik dari dokterâ² yang ada terima kasih semua,POSITIVE
saya mau pakai pengingat obat tapi ternyata enggak bisa diubah bagian berapa kali sehari itu enggak bisa diubah cuma bisa diubah jam saja misalnya mau mengubah jadwal minum obat jadi ke 2ã sehari setiap 5 jam sekali enggak bisa diubah cuma bisa 3 ã sehari padahal saya sudah berobat diaplikasi jadi karena enggak bisa diubah harus unduh aplikasi lain jadi harus pakai 2 aplikasi berbeda,NEGATIVE
enggak banget konsultasi disini enggak enak dokter nya kalo ditanya jawab singkat banget balas lama,NEGATIVE
pengalaman pertama pakai alodokter saya buat janji dengan dokter gigi di rumah sakit a janji konsultasi di sana keterangan harganya 50k tapi sampai di rumah sakit saya bayar 188k hanya untuk konsultasi masalah gigi tanpa obat tanpa penanganan pure konsultasi soal masalah gigi saat buat janji sudah di konfirmasi jam 13 00 saat datang saya harus menunggu 1 jam sampai dokternya datang sempat bilang di alodokter harganya segini tapi mereka bilang harganya beda entah ini kesalahan siapa,NEGATIVE
ini kok enggak bisa masuk sih,NEGATIVE
mau masuk tapi bagaimana caranya daftar kalo sruh pakai username,NEGATIVE
gampang banget mau bikin janji ketemuan sama dokter tinggal atur jadwal via aplikasi klikdokter,POSITIVE
sangat membantu terimakash halodoc,POSITIVE
bisa konsultasi dimana saja dan kapan saja thx halodoc,POSITIVE
halodoc sangat membantu jika mau berkonsultasi dengan dokter kapanpun dimanapun dan juga bisa pesan obat dengan mudah terimakasih halodoc,POSITIVE
ribet banget ini aplikasi orang darurat banyak bertanya,NEGATIVE
alodokter sangat membantu bila kami sakit bisa konsultasi dan diberikan resepnya,POSITIVE
top lah,POSITIVE
tolong disediakan metode pembayaran lain mau langganan harus pakai kartu kredit kalo enggak punya kakak ya uninstal saja percuma tidak bisa digunakan,NEGATIVE
kok aku enggak bisa masuk?,NEGATIVE
saya sudah melakukan pembayaran dua kali dengan nominal berbeda tapi setiap menghubungkan chat ke dokter selalu gagal rugi saya,NEGATIVE
sejauh ini bagus sih dokternya,POSITIVE
pelayanan sangat membantu dan sangat baik terimakasih,POSITIVE
sepertinya ada bug pada update terbaru untuk device poco m4 pro hyperos 1 0 1 0 tkeidxm sebelumnya enggak ada masalah dalam penggunaan aplikasi ini tapi hari ini aplikasinya malah membuat freeze ponsel saat akan digunakan bukan cuma punya saya saja tapi punya istri juga ponselnya sama sama poco m4 pro setelah clear data dan uninstal halodoc lalu restart device ponsel saya normal lagi,NEGATIVE
gembel saldo gue di potong tiap bulan enggak jelas dari rekening kayak maling,NEGATIVE
jawabnya lama hingga dua jam padahal kami sudah bayar,NEGATIVE
cs sangat membantu,POSITIVE
aku lihat komentar yang lain kok aku jadi curiga dengan aplikasinya enggak jadi aku download â ï,NEGATIVE
payah sih sudah bayar buat konsultasi sama dokter sapa kulit dan kelamin giliran konsultasi dokternya enggak menjawab sama sekali not responding sekelasnya dokter spesialis loh bakn dokter umum enggak profesional menunggu sampai 30 menit enggak ada respon sama sekali sampai akhirnya diakhiri enggak ada solusi enggak usah dipke deh dokternya,NEGATIVE
sudah bayar 3x di batalkan dan uang yang sudah terbayarkan hanya di ganti kode voucher dan ada batas penggunaannya ketika menyambung dokter hanya menyapa lalu tidak merespon sama sekali sampai waktu habis benar benar sangat membantu sekali,NEGATIVE
konsultasi doang bayar auto uninstal enggak manfaat enggak membantu,NEGATIVE
tidak menerima evoucher saya sudah membeli barang di toko halo doc dan tertulis gratis evoucher senilai 25k tapi saya tidak mendapatkan evoucher tersebut,NEGATIVE
mudah mudahan respont terima kasih,NEGATIVE
saldo kok bisa hilang,NEGATIVE
pokoknya senang banget deh sudah ada aplikasi hallodoc jadi setiap ada keluhan bisa langsung konsultasi enggak ribet harus ke rs dan buat obat juga bisa langsung beli dari apotek yang sudah tersedia di aplikasi hallodoc pokoknya hallodoc mantap lah,POSITIVE
aplikasi kurang gaji,NEGATIVE
dokter nya ramahâ² awal nya takut mau konsultasi tapi semenjak tau dokter nya soft spoken jadi suka deh,POSITIVE
waktu asam lambung naik tengah malam agak pasrah saja mengira dokter bakal lama balas taunya wadu gercep banget t_t,POSITIVE
sangat membantu sekali dengan adanya konsultasi dokter secara online,POSITIVE
puas banget thank you halo dok,POSITIVE
dokter nya pada kemana nih untuk live chat enggak ada,NEGATIVE
pesan obat katanya dalam 1 jam akan di proses pengiriman tapi sudah 4 hari obat belum juga sampai kurirnya pun enggak bergerak samsek meminta refund pun enggak bisa padahal butuh banget obat itu buat anak sengaja pesan di ap ini biar enggak usah ke apotik karena punya bayi harusnya sih bintangnya 0,NEGATIVE
saya enggak butuh aplikasi ini ganggu,NEGATIVE
bagus banget pelayanannya,POSITIVE
mau konsultasi dokter malah di cuekin sampai di stop otomatis sama aplikasinya sudah bayar 110k kata admin bakal di refund ini sudah mau sebulan enggak direfund2 cuma 110rb susah bangeeeet cairnya ogaaaaah pakai aplikasi ini lagi bye! tim mereka kayak enggak ada follow upnya benar benar harus ditanyain tiap hari,NEGATIVE
sangat membantu edukatif dan infirmatif dari ulasan2 nya dan artikel2 nya bahasanya tepat dan dapat di pahami semoga makin jaya alodokter,POSITIVE
aplikasi eror sudah diupdate berkali2 tapi tidak bisa masuk mohon diperbaiki dan dikembangkan aplikasinya,NEGATIVE
percuma bayar sudah chat enggak dibalas selama 30 menit sama dokternya terus langsung di close saja sesi chatnya enggak jelas bangetâ ¼ï kecewa,NEGATIVE
jelek lola nunvgu obat lama terus enggak datang obat nya tapi menunggu berjam jam ayolah ini pelayanan kesehatan lho,NEGATIVE
waktu kosulnya sebentar banget belum juga selesai bertanya,NEGATIVE
happy,NEGATIVE
salesnya bilang bantuin mas jalan kaki jauh belum ada yang mau daftar di tolongin malah makanin duit tiap bulan 39000 ribu biasa buat anak yatim dari pada aplikasi enggak di pakai nyedot duit mulu ada yang sama? bisa jawab ? tinggal kan wa ini tidak wajar !,NEGATIVE
kurang memuaskan sudah bayar eh di abaykan lebih di perhatiakan lagi jangan mau uang saja sudah saldo masuk malah menghilang,NEGATIVE
dokternya baik dan bertanya detail serta memberi saran kelanjutannya terima kasih dokter,POSITIVE
sangat membatu saat konsultasi dengan dokternya dijelaskan banget ramah juga dan dapat solusi terimakasih ðÿ,POSITIVE
terima kasih aplikasi ini sangat membantu sukses selalu dokter indonesia,POSITIVE
sumpah ini aplikasi bad banget mengesalkan sumpah bukan nya mempermudah malah bikin pusing karena pembayaran yang gagal terus saldo sudah cukup pembayaran berhasil malah dibalikin lagi dana nya jaringan sudah pakai wifi data selular tetap saja gagal terus pembayaran sudah 5 kali sudah hapus download aplikasi ini sampai 3 kali tetap saja tolong di perbaiki lagi sistem nya biar mempermudah kita buat konsultasi bukan nya malah bikin susah,NEGATIVE
pelayanan nya sangat cepat,POSITIVE
aplikasinya bagus tapi kenapa saat saya konsultasi kok mala tulisan yang keluar itu tidak di tmkn hasil padahal yang gue tanya itu sesuai dengan yang gue alami!!!!!!!!!!!!!!!!!!!!!!!!!!!!!!!!!!!!!!!!!!!!!!!!!!!!!!!!!!!!!!!!!!!!!!!!!!!!!!!!!!!!!!!!!!!!!!!!!!!!!!!!!!!!! tolong di bantu !!!!!!!!!!!!!!!!!!!!!!!!!!!!!!!!!!!!!!!!!!!!!!!!!!!!!!!!!!?!!!!!!!!!!!!!?!?!?!?!?!!!!!!!!!?????????????????????????????????!!!!!!!!!???!?!???!!??!,POSITIVE
enggak tau kenapa jawaban dari nya kayak template banget dari google buang2 duit saja!!!!,NEGATIVE
kecewa sama halodoc aku sering loh konsultasi dan bayar tapi respon dokternya lama parah,NEGATIVE
aplication good,POSITIVE
semoga ada petunjuk dan dipermudahkan untuk sehat spanjang masa hidupnya aaaaaaamiiiin,POSITIVE
lanjutkan bermanfaat ketika sakit bisa via chat telpon atau video cal,POSITIVE
menu pencarian dokter premium enggak sesuai abjad jadi susah mencari dokter yang dituju atau bisa ditambahkan filter pencaria berdasarkan nama dokternya,NEGATIVE
respons dokter cepat dalam menjawab pertanyaan,POSITIVE
saya padahal dari tahun 2018 sering pakai aplikasi ini bahkan dulu gratis belum berbayar dan sangat membantu tapi sekarang malah bayar bagaimana ?!!apa enggak kasihan sama orang kecil yang perlu bantuan tolonglah pelayanannya juga dari dulu enggak ada perubahan dokter yang di chat seperti menyepelekan balasnya lama sekali,NEGATIVE
alhmdllh puas dengan jawabannya semoga bermanfaat,POSITIVE
sangat membantu daripada harus mengantri ke rs,POSITIVE
kurang lancar,NEGATIVE
terima kasih solusi nya,POSITIVE
aplikasinya sangat bagus,POSITIVE
ternyata harga yang tertera untuk buat janji hanya estimasi karena ketika saya datang dan bayar ketempat tujuan harga yang tertera untuk konsultasi adalah rp 200 000 padahal yang tercantum di icon buat janji alodokter ini hanya rp 165 000,NEGATIVE
praktis banget tapi untuk di pedalaman belum ada apotik halodoc terdekat padahal resep hanya bisa ditebus di apotik halodoc,POSITIVE
aplikasinya sangat membantu saya dan ada layanan chat gratisnya dokternya cepat balesnya saya jadi lega sekarang dan tidak khawatir lagi dokternya sangat memuaskan jadi saya bisa konsultasi dengan mudah dan kapan pun saya suka banget aplikasinya terimakasih klik dokter,POSITIVE
sangat membantu dalam hal mendesak,POSITIVE
menyesal update !! setelah update aplikasi jadi aneh ! chat dokter susah banget ribet! biasanya pakai sopipay sekarang saldo tidak mencukupi terus !! padahal saldo ada pakai payment bank nomor transaksi tidak dapat di proses terus padahal awalnya nyaman banget pakai aplikasi klik dokter !!! coba perbaiki lagi,NEGATIVE
mantap banget guys untuk konsultasi2 nya dan layanan juga banyak,POSITIVE
penebusan obat gagal terus admin wa respon lambat lantas bagaimana kelanjutanya ?,NEGATIVE
masyaallah fast respon sekali dokternya ramah,POSITIVE
mengira aplikasi buat konsultasi gratis enggak taunya berbayar sama saja pergi ke klinik apa rs langsung mungkin aplikasi ini untuk wadah para dokter yang malas gerak dan tidak punya tempat praktek,NEGATIVE
sangat membantu suka respon dokternya,POSITIVE
aplikasi yang sangat bermanfaat bagus banget,POSITIVE
tidak batuk pilek dan demam sudah pulih penciuman normal,POSITIVE
sangat detail penjelasannya,POSITIVE
apk ini solusi untuk yang enggak mau ribet ke dokter jauh jauh pelayanan nya bagus banget dan dari nya pun profesional semua,POSITIVE
saya sudah instal ini ap pas pendaftaran tidak diminta isi password tapi waktu login diminta password ya enggak tau password apa yang harus saya masukan kan waktu daftar tidak diminta isi password akhirnya enggak bisa masuk karena password salah terus ketika mau ubah password dikirim dari email reset password tapi setelah diklik tombol reset password berulang2 terus kiriman ke emailnya bunyinya reset passwor terus enggak ada solusi supaya bisa bisa log ini sebenarnya bisa buat chat enggak sih ini ap? membingungkan,NEGATIVE
tiap bulan selalu kepotong 39 bagi saya cukup banyak ya !!! enggak pernah pakai apk ini sama sekali kenapa setiap bulan kepotong uang saya di atm padahal sudah saya hps apk ini karena enggak berguna !! saya punya apk ini gara di tawarin seles tolong caranya bagaimana apk ini tidak motong seenaknya uang saya !!!!!!!!,NEGATIVE
respon cepat diberikan pencerahan,POSITIVE
fitur asuransinya sangat bermanfaat memudahkan nasabah,POSITIVE
alhamdulillah membantu sekali,POSITIVE
halo ini bagaimana ya ini mengenai verivikasi otp tidak bisa ngirimnya karena tombol buat kirim itu tidak ada halo setelah says baca ulasan komentar aplikasi ini kok banyak sekali dokter yang nipu orang apakah aplikasi ini penipuan atau bukan??,NEGATIVE
nice sekali,POSITIVE
dokternya ramah dan fast respon sih,POSITIVE
konsultasi tinggal klik klik saja di klikdokter gampang!,POSITIVE
suka sekali pakai telehealth ini karena dapat harga muraah tapi dokternya tetap berkualitas dan ramah pula,POSITIVE
dokter mengasih resep yang obatnya tidak ada tadi pagi ngecat dengan dokternya terus mengasih resep pas mau nebus infonya invoice nomor resep tidak ngechat dengan admin eh malah yang diribetin dengan mengasih penilaian bintang malamnya mencoba lagi masih tetap sama tapi ada info stok obat tidak tersedia disuruh sama admin pakai aplikasi ngeles nih kayaknya n dicobalah terus ada info apotik tidak ditemukan dan admin meminta maaf,NEGATIVE
bjir chat sama dokter dihalodoc berasa chat sama chatgpt versi bloonnya,NEGATIVE
pengin nyobak bagus enggak,POSITIVE
suka banget sangat membantu,POSITIVE
terima kasih dokter sudah memberikan saran,POSITIVE
respon dokternya cepat dan jelas,POSITIVE
error terus,NEGATIVE
sangat membantu ketika tidak bisa pergi ke rumah sakit ataupun klinik,POSITIVE
bermanfaat banget buat saya,POSITIVE
jangan pakai aplikasi ini menyesal aku pakai aplikasi enggak guna selama 2 tahun tidak pernah claim dan mau berhenti berlangganan proteksi eh sepecerpun duit tidak balik aku menyarankan jangan pakai alodokter ribet apa lagi axa mandiri yang tidak jelas,NEGATIVE
dokternya ramah dan membatu,POSITIVE
beli obat lewat aplikasi alodokter berhubung di apoteknya enggak ada di aliran manual beli di apotek k24 ternyata harga di aplikasi alodokter sama k24 berbeda jauh separuh harga gue rugi dari 51 ribuan jadi 27 ribuan,NEGATIVE
belum juga 10 menit aku instal terpaksa aku uninstal karena di luar jangkauan pelayanan padahal gua tinggal di perkotaan tapi pelayanannya belum menjangkau area gua mungkin apl ini masih fokus area jabodetabek doang,NEGATIVE
mantap aplikasinya mudah diakses thanks klik dokter,POSITIVE
baru mau donwload sudah capek menunggu menginstal tapi enggak bisa bisa sudah batalin coba ulang lagi setiap sudah 100 persen enggak bisa menginstal,NEGATIVE
response cepat,POSITIVE
dengan adanya halodoc sangat membantu sekali saya bisa konsultasi ke dokter dengan mudah sukses selalu,POSITIVE
kenapa ya lama banget on nya padahal sudah jadwal nya padahal saya sudah bayar ini saya lagi capek banget lagi butuh konsultasi capek demi apapun menunggu nya lama banget plis dong kalo jadwalnya on on saja jangan malah of orang kan menunggu,NEGATIVE
metode pembayarannya minim sudah begitu gagal menyambung ke shope pay terus ke gopay juga enggak bisa disambungin katanya sudah tersambung ke akun lain padahal saya enggak merasa pernah menyambung ke akun lain lagi sakit sudah pusing menambah pusing gara gara kesulitan di metode pembayaran yang sangat amat ribet,NEGATIVE
tidak bisa di klik nebus resep,NEGATIVE
kirim foto sangat lama padahal koneksi stabil,NEGATIVE
baru pakai ini semoga bisa sembuh seperti orang orang,POSITIVE
sangat membatu untuk saya pribadi,POSITIVE
baagus banget sangat membantu,POSITIVE
pelayanan ok pesan obat tapi pengantarannya lama 1 jam dan cancel orang butuh obat dikasih nya lama kalo enggak bisa kerja sama sama pihak online mending enggak usah dibuat sekalian!!,NEGATIVE
dokter sangat responsive menjawab dengan jelas memberi cara mengatasi masalah medis saya terima kasih,POSITIVE
dokter nya profesional semua penjelasanya juga baik dapat di mengerti sangat membantu sekali,POSITIVE
terimakasih kegelisahan saya terbantu bisa chat dengan dokter,POSITIVE
puas dari nya baik,POSITIVE
sangat membantu disaat butuh obat cepat aplg untuk kelg orang tua kalo tiba tiba ngeluhin demam batuk pilek radang vertigo kambuh beda provinsi tinggal pesan di halodoc cepat sampai sygnya mahal diongkir bok ya dituruni ongkir pengantaran atuuh,POSITIVE
dokter hararap pelayanan lumayan baik,POSITIVE
saya sudah pilih dokter untuk baca hasil kesehatan saya sudah bayar tapi tidak ada respon dan sesi konsultasi di tutup sepihak,NEGATIVE
dokternya sangat baik ramah dan bikin tenang semoga berkah terus ya dok,POSITIVE
dokternya buat konsultasi enak bakalan konsultasi terus ini ramah banget jelas pula,POSITIVE
klik dokter sangat membantu sekali aplikasi yang bagus dan semoga semakin lebih baik lagi,POSITIVE
sangat membantu terkadang enggak bisa langsung pergi ke dokter karena suatu hal ada alodokter bisa konsultasi dulu untuk meringankan beban pikiran atas penyakit yang sedang diderita bahkan resep obatnya juga manjur sekali,POSITIVE
sangat membantu di saat kebutuhan mendesak,POSITIVE
cukup membantu meskipun agak lama blez a waktunya juga dibatesin jadi mmbuat saya kurang puas dalam bertanya,NEGATIVE
dokternya pengertian,POSITIVE
dokter nya fast respon parah mau berobat jadi cepat dan enggak menunggu lama,POSITIVE
cukup oke,POSITIVE
saya sudah transfer lewat va lalu gagal dapat dokter kemudian saya mendapat voucher saya coba konsultasi lagi menggunakan voucher tapi tidak tersambung dokter juga akhirnya voucher saya tidak berlaku lagi eah hilang deh uang,NEGATIVE
chat regular belum di balas sudah main di akhiri saja jangan kan regular sudah bayar saja enggak ada blsan dari dokter sampai durasi habis aplikasi apa an ini dokter nya yang di pilih enggak profesional gadungan kali enggak usah di download,NEGATIVE
saya kurang menyukai karena 1 dokterpun tak ada yang gratis semua butuh konsultasi ke dokter jika waktunya perlu bayangkan posisi tengah malam dan keluarga tidak punya duit untuk membayar konsultasi dan dia perlu untuk konsultasi itu sangat bersahabat untuk menengah ke atas dan tidak untuk yang di bawah mohon diterima usulannya jika pun yang gratis itu dokter umum,NEGATIVE
sangat membantu saya untuk kesehatan,POSITIVE
chat dokter enggak dibalas sudah bayar kita rugi uang tidak kembali sudah bayar terus menunggu lama enggak ada respon dari dokter terus chat diakhiri aplikasi akhirnya kita dirugikan biaya dan waktu menunggu lama peecuma bayar kalau enggak ada respon chat buangâ² duit buangâ² wektu,NEGATIVE
apaan mau tanya saja mbayar ah enggak asik apa apa harus mbayar politik memang,NEGATIVE
saya sudah bayar giliran di chat dokter malah offline,NEGATIVE
sangat baik dan mudah untuk di akses,POSITIVE
sangat membatu dan mempermudah konsultasi,POSITIVE
indonesia rabu 23 10 2020,POSITIVE
sangat bermanfaat untuk kondisi darurat,POSITIVE
saya lebih leluasa untuk konsultasi karena dari anak nya juga informatif terimakasi halodoc sudah menyediakan aplikasi untuk konsultasi dengan dokter secara daring,POSITIVE
saldo kepotong tapi enggak bisa konsultasi transaksi dibatalkan,NEGATIVE
sipaling suka nih aku sama pelayanan dari klikdokter,POSITIVE
nanti kalo problem saya sudah ditangani saya edit mks,NEGATIVE
membantu sekali karena bisa tanya langsung scara online maturnuwun,POSITIVE
ribet amat mau daftar pakai akun fb indak bisa pakai akun google malah meminta nomer hp enggak salah memang kalau dijaman akhir harus serba materi bukan lagi soal manusiawi,NEGATIVE
assalamualaikum kenapa mau dftr imelx di tulis brulang2 tapi di tolak terus ?mhon ptnjukx,NEGATIVE
sudah cukup baik namun tolong apotiknya untuk didaerah jambi ditambah supaya makin banyak ready obat obatan nya,POSITIVE
apknya bagus banget sangat amat membantu dan respon dari dokternya juga jelas semua,POSITIVE
membantu sekali apalagi pada saat darurat terima kasih saya jadi tenang,POSITIVE
aplikasi paling enggak jelas sudah di bayar malah dokter sibuk!!!!!!!!!!!,NEGATIVE
susah login nya padahal no hp sudah benar tapi enggak ada kode nya muncul,NEGATIVE
kusuka ya ok,POSITIVE
jelas dan akurat penjelasan dokter nya,POSITIVE
buang2 uang enggak ada yang nyangkut dokter nya satu pun!!!!!,NEGATIVE
good is the best,POSITIVE
mantab sangat membantu,POSITIVE
pertanyaannya yang gratis enggak di jawab sepenuhnya ujung ujung nya menawarkan obat,NEGATIVE
saya sudah melakukan transaksi untuk konsultasi eeeh malah enggak bisa kecewa,NEGATIVE
trimakasih banyak,POSITIVE
pesanan obat datangnya lama sekali,NEGATIVE
di arahkan chat dengan heida tapi link nya enggak valid,NEGATIVE
cepat dan sangat memmabntu,POSITIVE
sudah bayar mahal buat konsultasi tapi malah dokternya show up di 8 menit terakhir mana cukup buat konsultasi mana enggak bisa refund buang buang duit mending ketemu dokter langsung saja deh,NEGATIVE
dokternya baik banget suka,POSITIVE
praktis banget sekarang tebus resep sudah bisa via aplikasi luv klikdokter,POSITIVE
saya baru coba pakai ini mudahâ²n bisa membantu,POSITIVE
saya sudah transaksi untuk langsung konsultasi sudah refresh berkaliâ² berharap segera dapat notif untuk masuk ke room chat tapi malah enggak ada dan saldo saya terpotong,NEGATIVE
aplikasi apa ini mau konsultasi saja berbayar begitu mahal tolong hapus aplikasi ini dari playstore enggak ada manfaatnya sudah berbayar dokternya selow respon hoalah,NEGATIVE
masa iya setiap bulan harus kedebet padahal sudah enggak pakai sudah info mbak yang waktu proses tapi enggak direspon,NEGATIVE
cukup memuas kan dan ilmu pengetahuan yang pas di bidang nya,POSITIVE
jos,POSITIVE
semuanya sama dah diupdate malah nyuruh isi email saja bagaimana ini penting banget mau nanyain tentang anakku,NEGATIVE
mudah dan lengkao,POSITIVE
aplikasi lamban jadi jawaban dokter lama masuk,NEGATIVE
mohon dong jangan di kasih pulsa untuk mengirim foto,POSITIVE
sangat bagus pelayanan nya,POSITIVE
ah parahbbgt udha byar tapi enggak direspon kaya orang ngemis,NEGATIVE
pelayanan buruk,NEGATIVE
aslmukum dok nama maksum usia 39 dari demak jateg saya mau tayakenapa saya serig kagetan terus jntug dekdekan kadag malm enggak bisa tidur mohon penjlsan dok,NEGATIVE
kurang puas dokternya bertele2 dalam memberikan solusi menghabiskan waktu chat pilihan dokter kulit pun tak ada kecewa saya padahal iklannya meyakinkan di tv unistal deh,NEGATIVE
dokternya hebat penjelasan nya jelas,POSITIVE
dokter nya baik baik semua,POSITIVE
bagus dan dapat membantu,POSITIVE
parah sekali aplikasi ini hp saya sudah termasuk canggih mau main game beratpun enggak ada masalah tapi anehnya pas mau buka aplikasi ini malah bikin hp saya jadi error dan harus restart kembali berulang kali setiap buka aplikasi ini pasti harus di restart lagi,NEGATIVE
kalo malam enggak selalu stand by dokternya padahal profilnya online sudah 2 kali kayagini alhasil cancel tapi refund dananya lama banget padahal urgent,NEGATIVE
tanya doang kasih saran solusi kagak sengaja di biarkan sampai waktu habis mending cerita sama tembok,NEGATIVE
iklan ampas,NEGATIVE
scam ap maksa saat di telpon buat auto debit dulu ap yang inovatif dan membantu orang konsultasi tanpa mengenakan biaya untuk umum tapi malah jadi aplikasi yang berbayar bahkan maksa untuk auto debit,NEGATIVE
saya kira klikdokter bakal sama saja kayak ap telehealth lainnya taunya melebihi ekspektasi lewat fitur fitur kesehatannya dan dokter dokternya mantap kalih,POSITIVE
cacat kakean bug tidak bisa unduh pdf lampiran enggak bisa di buka internet kencang malah apknya enggak jelas,NEGATIVE
bisa mengasih bintang 0 enggak??? sudah dibayar gopay dokternya aktif tapi enggak dibalas sama sekali !!!! ini chat enggak gratisloh saya bayar kenapa pelayanan buruk sekali drg stevani monika halim !,NEGATIVE
kerjasama dengan astra proses claim reimbursement sangat aman lama 10 hari belum cair juga enggak jelas,NEGATIVE
sangat ramah dokternya baik resepnya lengkap trimakasih,POSITIVE
sumpah ribet banget ini apk pakai di web enggak bisa pembayaran akhir download sama saja buang buang kuota ! padahla dulu enggak kayak begini loh,NEGATIVE
keren bisa mengomong sama dokter lewat hp,POSITIVE
kemarin2 saya bisa konsultasi tapi 2 hari kebelakang kok enggak bisa ya ?,NEGATIVE
aku deh jauh jauh janjian ke rs eh malah beda jadwalnya dan ditolak padahal sudah buat janji di alodok,NEGATIVE
dokternya fast respon dan menyenangkan,POSITIVE
mantab luar biasa sangat membantu sekali,POSITIVE
saya sangat terbantu dengan adanya aplikasi ini terima kasih klikdokter,POSITIVE
malam saya didaftarin gratis 1 tahun katanya begitu tanda tgn dan saya enggak pernah tanya tapi tiap bulan saldo saya dicuri bagi saya uang 39 000 tiap bulan itu banyak lho sudah kayak tikus saja diam motong saya haramkan ya jadi tolong distop !,NEGATIVE
aplikasi yang sangat membantu sekali terima kasih halodoc,POSITIVE
saya baru tahu ada aplikasi ini sangat bermanfaat bagi saya pribadi yang mempunyai riwayat penyakit ringan namun sering kambuh sehingga tidak lagi bingung ketika terjadi hal yang bersifat darurat rekomended slur,POSITIVE
cukup jelas dan mudah di pahami,POSITIVE
terlalu mahal biaya konsultasi,NEGATIVE
sangat cepat dalam menangani pasien,POSITIVE
mudah pegunaannya obat juga cepat sampainya terima kasih halodoc,POSITIVE
ok banget serasa lagi mengobrol sama dokter langsung jam 5 pagi juga dilayani sampai dapat resep terima kasih alodokter,POSITIVE
ininkrnapa enggak bisa daftar,NEGATIVE
kenapa saya tidak bisa daftar apa karena sinyal atau aplikasinya sulit,NEGATIVE
katanya gratis tapi bayar,NEGATIVE
mohon optimasi aplikasinya agar lebih inklusif untuk perangkat spesifikasi rendah saya mengalami kendala fatal pada manajemen ram aplikasi selalu reload dari awal setiap kali berpindah layar ke aplikasi dana untuk menyelesaikan pembayaran akibatnya transaksi tidak pernah bisa selesai saya sudah lapor via email namun hanya mendapat jawaban template suruh hapus cache update padahal masalahnya ada pada sistem aplikasi yang terlalu berat untuk multitasking,NEGATIVE
kenapa kode verifikasinya enggak muncul muncul ya?,NEGATIVE
kenapa uang saya sampai detik ini belum direfund ke ovo saya anda jnji kalo refund 1 3 hari ini sudah 5 hari!!! saya mau uang saya kembali anda jangan tahan2 uang saya ya!!! dan 1 lagi saya tidak mau terima dalam bentuk voucher ya!! kalo saya byr pakai uang jadi kembali nya uang jangan ngadi ngadi anda ya saya tunggu di ovo saya,NEGATIVE
aplikasi penyedot saldo setan,NEGATIVE
setiap kali mau daftar kan harus isi no hp terus bakalan dikirim kode otp kan nah tapi kok enggak kekirim ke no hp dari tadi? smpe2 harus menunggu sejam buat ngulang lagi,NEGATIVE
pertanyaan belum di jawab2 dan ap sering macet tolong diperbaiki lagi,NEGATIVE
dari nya cepat reapon dan ramah,POSITIVE
apk yang sangat berguna,POSITIVE
mode pembayarannya kenapa enggak bisa pakai dana,NEGATIVE
aplikasi yang tidak transparan saat transaksi gagal sehingga tidak ada laporan gagal transaksi saya mengalami hal ini ditanggal 31 dan tidak ada laporan transaksi gagal padahal saldo dana saya dipotong dan tidak dikembalikan oleh pihak halodoc beruntung saya hapal berapa jumlah saldo sebelum dan sesudah dan ternyata kesalahan ada dipihak halodoc dan sampai tanggal 8 agustus belum dikembalikan,NEGATIVE
maksimal paket sampai tidak sesuai dengan yang di tetap kan jasa pengiriman antareja lelet pesan tanggal 6 sampai tanggal 15 belum nyampai juga,NEGATIVE
saya menderita penyakit gatal tak kunjung sembuh tapi tes darah negatif itu karena apa dok,NEGATIVE
pejelasan yang sangat baik,POSITIVE
sudah bayar dokter spesialis malah dokter tidak bisa terhubung uang kali hilang bagaimana itu,NEGATIVE
dokternnya cepat tanggap,POSITIVE
psikolog viral istri gitaris zendhy kusuma bernama evi santi rahayu kalo makan bareng suami di resto jangan lupa bayar masa sudah viral baru mau bayar,POSITIVE
tanggapan cepat ada solusi,POSITIVE
semoga bisa mantap terus,POSITIVE
dokter nya enggak asik banget di ajak konsultasi nya kaku,NEGATIVE
aplikasi parah enggk pernah daftar tapi selalu auto debit di rekening saya,NEGATIVE
baik sekali sangat membantu,POSITIVE
dokternya sangat baik dan detail,POSITIVE
mantap sesuai harapan,POSITIVE
maaf min aku konsultasi terus tiba dibatalkan sama dokter nya karena selesai tugas kayanya tapi aku sudah bayar terus kok uang ku enggak balik ya kan belum jadi konsultasi ???,NEGATIVE
ap telehealth paling canggih al ini one semua ada! enggak menyangka bisa sekalian ada dokter hewan juga fix bintang lima dari saya,POSITIVE
halo doc saya mau tanyk tangan jari saya hitam terbakar setela saya pakai hb lotion pemutih dosis tinggi pertanyaan saya bagaimana carany supya tangan saya bisa kembali seprti semula,POSITIVE
cukup membantu kebutuhan kesehatan dengan tanpa harus bertatap muka,POSITIVE
aplikasi ini sudah lama saya tidak gunakan baik konsultasi secara online araupun offline dengan dikter di rs tapi kenapa selalu memotong dana dari rekening bank??,NEGATIVE
apasih nih aplikasi enggak kayak dulu mau masuk saja enggak bisa meminta kode verifikasi sudah dimasuki benar tetap saja katanya salah,NEGATIVE
ya sekarang bayar ya sudah lah uninstal saja,NEGATIVE
dokternya ramah baik fast respon,POSITIVE
aplikasinya sangat bermanfata suka banget,POSITIVE
kenapa pembayaran gagal terus,NEGATIVE
kok enggak bisa di updet,NEGATIVE
mudh2n bermanfaat dan enggak susah masuk nya,NEGATIVE
dokternya tidak membereskan konsultasi,NEGATIVE
aplikasi yang sangat membantu respon yang cepat dari dokter pelayanan baik,POSITIVE
saya sudah bayar dokter sedang sibuk jadi saya tidak bisa konsultasi dan uang saya hangus,NEGATIVE
aplikasi yang sangat bermamfaat,POSITIVE
sudah standby di room chat sudah refresh halaman room chat tapi enggak ada balasan dari dokternya ternyata menunggu lama tersebut sudah habis waktu setelah keluar dari aplikasi baru cek kalo ada balasan dari dokter dan belum sempat dapat resep karena tidak tau jika dokter sudah balas chat,NEGATIVE
pelayanan cs nya ramah aplikasi mudah di gunakan,POSITIVE
luar biasa penjelasan nya sangat detail dan terperinci,POSITIVE
pelayanan nya bagus terutama layanan chat dokter pertahankan,POSITIVE
aplikasi bug di pembayaran di saya sukses di aplikasi gagal proses laporan lama padahal sudah memberikan bukti lengkap tau lama begini mending ke puskesmas,NEGATIVE
atm saya kena potongan 39rb tiap bulanna hanya karena ada seles yang meminta bantu kejar target untuk registrasi di apk ini tolong dong bagaimana ini nomor yang dikasi juga enggak ada wanya,NEGATIVE
cukup membantu untuk mendapatkan informasi medis,POSITIVE
kok aku sudah memasuki nomor telepon nya kok enggak bisa ya,NEGATIVE
cukup membantu bisa berkonsultasi di mana saja kapan saja,POSITIVE
sangat membantu disaat urgent disaat cuaca tidak mendukung harus ke rs karena hujan,POSITIVE
sok happy akhirnya menemukan aplikasi telemedicine yang bagus karena memang pelayanannya top aku senang pakai klikdokter,POSITIVE
respon dokternya kelamaan mending pindah ke aplikasi lain,NEGATIVE
dokternya super ramah,POSITIVE
solusi cari obat yang pasti ada karena sudah keliling enggak dapat obat yang di inginkan alhasil ke halofoc pasti ada dapat obatnya terima kasih halodoc,POSITIVE
kok enggak bisa dibuka nih apk??,NEGATIVE
saya sudah payment dan sudah tersambung oleh dokter hanya di baca saja chat saya sampai 10menit pun masih di room chat tapi lama lama saya chat lagi langsung ceklis 1 padahal waktu sesi masih ada bagaimana nih halodoc?,NEGATIVE
sangat membantu dokter menjelaskan dengan jelas banget terimakasih halodoc,POSITIVE
aplikasi ini sangat membantu sekali dalam konsultasi dengan dokter,POSITIVE
chat sama dokter berbayar 50k waktunya aplikasi ini panen bintang satu,NEGATIVE
bagaimana indonesia mau maju dan sejahtera kalo mau chat atau konsultasi dokter saja berbayar dan bertarif sedangkan chat di apk hijau saja gratis pantesan indonesia banyak yang sakit tubuh dan pikiran karena pengaruh dunia yang buruk tapi enggak bisa untuk sehat kalo untuk sehat jasmani dan rohani dimahal2 kan semua,NEGATIVE
saya baru melakukan pembayaran untuk konsultasi dan masuk ke halamat chat langsung selesai dan mau caht kembali dokter sedang sibuk mohon info terkait kendala ini sangat butuh bantuan nya,NEGATIVE
sangat membantu n thank you sok much,POSITIVE
agak kecewa tidak ada pembayaran lewat ovo,NEGATIVE
jossh,POSITIVE
aplikasi penguras masyarakat serba di bayar padahal sudah ada gaji dari masyarakat sekarang kewat aplikasi lagi di kuras luar biasa,NEGATIVE
enggak bisa digunakan sudah uninstal terus instal lagi tetap enggak bisa digunakan,NEGATIVE
tidak ada note bahwa pengiriman diatas jam 15 00 diproses esok hari sudah hubungi cs dan saya saran kasih solusi kalau saya yang pick up langsung saja karena saya butuh cepat dan urgent tapi tetap disuruh menunggu esok hari nya obat masih belum datang sampai siang kalo ap sebelah pengiriman 24jam saya kira alodok sama juga ya yang mana notabene nya kesehatan itu harus gercep tks,NEGATIVE
enggak mau bandingkan tapi memang beda sih klikdokter sama yang lain aku pro ke klikdokter sih,POSITIVE
cepat baik jelas sopan,POSITIVE
login susah pembayaran lewat shope susah bolak balik akun,NEGATIVE
sekalian saja buka pertanyaan tanya jawab kayak anak sd!! sama sekali enggak fair dulu sering tanya dan di ruang konsultasi bisa bertanya lagi jika masih belum jelas sekarang malah di suruh jawab ya atau tidak kalau enggak bisa jawab pertanyaan pasien enggak usah buka sesi konsultasi online aku mau konsultasi dan bertanya bukannya menjawab pertanyaan saja aneh,NEGATIVE
pnjlsannya tepat,POSITIVE
aplikasi nya snggat bermanfaat,POSITIVE
parah banget nih aplikasi dokternya enggak ada respon sama sekali tapi pembayaran nya di ambil maksud nya bagaimana nih ?,NEGATIVE
bagus lanjut,POSITIVE
kenapa sekarang dokter umum jadi bayar perasaan waktu itu masih gratis deeh,NEGATIVE
pandemic kemarin aku beli paket isolasi mandiri mudah dan cepat sekali,POSITIVE
terimakasih untuk klik docter sangat ramah dan baik mudah untuk konsultasi sangat bermanfaat,POSITIVE
dana aku dikembalikan tapi enggak dapat surat kesehatan nya,NEGATIVE
saya sudah bayar kok jadi kesalahan ya kembalikan uang saya aplikasi apa nih,NEGATIVE
halodoc tolong diperbaiki agar toko bisa menjangkau ke mana saja sampai pedalaman seperti rumah saya karena saya mau tebus obat lgsng dari apk halodoc itu susah tidak sampai jangkauan nya terima kasih,NEGATIVE
mau chat saja harus bayar enggak melayani setulus hati namanya,NEGATIVE
bagus cuma waktunya sedikit sangat singkat harusnya minimal 1 jam,POSITIVE
apa2in dlunya gratis konsultasi kenapa konsultasi puluhan ribu apakah enggak bisa iya yang konsultasi gratis percuma dong,NEGATIVE
respect banget sama dokternya chat langsung dijawab konsultasi jadi cepat terima kasih halodoc,POSITIVE
sangat membantu sekaliðÿ,POSITIVE
pembelian di shop alodokter tidak bagus pengiriman terlalu lama dari waktu yang di tetapkan,NEGATIVE
memang kalian para dokter otak uang masa enggak ada chat gratis yang betullah bisa enggak kalian sedikit enggak ngolah??,NEGATIVE
dokternya fast respon baiik juga terimakasih dokter,POSITIVE
praktis dan sangat membantu dalam pendaftaran,POSITIVE
kenapa pas mau masuk aplikasinya selalu bermasalah dan harus mencoba lagi?,NEGATIVE
pengalaman menggunakan asuransi alodok ini kurang puas! anak saya sakit hari ini obat datang dari surabaya dan tunggu 2hari sampai ini info cs nya alo bapak ibu terima kasih telah menghubungi customer service alodokter kami informasikan untuk apotek yang tercantum merupakan apotek yang sudah disesuaikan dengan ketersediaan obat ya pak bu terima kasih bayangkan! asuransi mestinya membantu karena kita bayar ini mau berobat malah diminta tunggu obat 2 3 hari!! mending berobat ke klinik saja!,NEGATIVE
rahasia klikdokter selalu rame adalah dokter dokternya yang ganteng dan cantik,POSITIVE
koyok tahi,NEGATIVE
sangat membantu fast respon banget murah terima kasih alodoc,POSITIVE
konsultasi di tanggal 20 april 2024 dan langsung pesan obat sesuai resep! dan enggak dikirim2 sampai tanggal 24 april 2024 ysudah mencoba untuk sabar dan ajukan refund tapi enggak di dikasih kejelasan sampai sekarang tanggal 30 april 2024 ya jelek banget sumpah lelet!!! semua orang ada batas sabarnya,NEGATIVE
semua muanya ok,POSITIVE
dokternya ramah baik dan juga kasih saran terbaik beserta resepnya terima kasih dok semoga kita semua selalu diberi kesehatan dan panjang umur,POSITIVE
dengan adanya aplikasi ini sangat membantu,POSITIVE
saya kecewa setelah konsultasi dikasih resepan obat tapi kenapa direkomendasikan apotek yang sudah tutup terus diminta tunggu sampai buka lagi padahal sudah butuh obatnya terus orang sakit suruh menunggu obat tidak bisa dibatalkan lagi padahal terteranya anda akan menerima 1 jam dari pemesanan saya kecewa dan tidak puas,NEGATIVE
apaan deh enggak jelas banget aplikasi sudah dokternya balas nya lama enggak di kasih resep obat cuma di kasih jawaban yang sebenarnya di google pun sudah ada buang buang uang nya nih aplikasi,NEGATIVE
sangat bagus puas,POSITIVE
tolong min aplikasinya agak eror saya sudah verifikasi tapi tidak di tanggapi,NEGATIVE
bagus dan sngat membantu pasien,POSITIVE
srespon dokter cepat,POSITIVE
deh bayar tiap bulan tapi enggak pernah di respon kalau lagi konsultasi mau non aktifkan saja aplikasinya,NEGATIVE
enggak jelas asli berbayar pun juga sama responya lama,NEGATIVE
sangat disayangkan chat dengan dokter langsung diakhiri sebelum semua pertanyaan saya terjawab padahal hanya ingin tanya lanjutan soal obat tapi harus bayar lagi rasanya tidak adil untuk pasien yang butuh kejelasan tanpa harus konsultasi ulang dari awal,NEGATIVE
respon csnya cepat mantap semoga bisa meningkatkan lagi pelayanannya,POSITIVE
2 kali beli obat hipertensi sama konsultasi dokter di sini benar benar puas sangat terbantukan,POSITIVE
selalu diteror katanya dari alodokter ganggu orang saja mana maksa meminta nomor rekening dan data diri malesin!!!! dan juga konsultasi ke psikiater psikiaternya malesin juga jawabnya,NEGATIVE
tanggapan dan penjelasan dokter2nya sangat baik,POSITIVE
bagus banget aplikasi ya semoga klik dokter ya terbaik,POSITIVE
pengiriman obat reguler lama,NEGATIVE
menyenangkan bisa konsultasi dari rumah,POSITIVE
keren banget aplikasinya bisa chat dengan dokter secara fre tanpa dipungut biaya apapun jawabannya dan sarannya juga sangat memuaskan responnya juga cepat saya tidak menyesal download aplikasi ini terimakasih banyak klikdokter,POSITIVE
tidak akan instal lagi,NEGATIVE
alhamdulilah terbantu,POSITIVE
saya sudah enggak berlangganan kok masih setor otomatis saya akan kolam pencurian ini,NEGATIVE
semoga dokter tidak lelah dengan kami,POSITIVE
timbang bikin janji konsultasi sama dokter terkait doang kena biaya yang setara harga paket internet saya selama sebulan wow sangat memuaskan sekali joe biden dan vladimir putin harus meniru gagasan yang sangat bermanfaat ini terima kasih alodokter!!!!,NEGATIVE
klikdokter tuh aplikasi kesehatan yang worthit gue sampai rekomendasikan ke orang orang terdekat wkwk,POSITIVE
tak berguna nih aplikasi padahal masuk kode verifikasi benar malah enggak bisa,NEGATIVE
luar biasa ok,POSITIVE
tolong diperbaiki untuk maps apotik terdekat yang bekerjasama pengiriman obat juga mohon diperbaiki,NEGATIVE
sangat kecewa sudah bayar untuk konsultasi malah di batalkan oleh dokternya dan dana yang sudah di bayarkan hangus tidak kembali,NEGATIVE
bikin 2 order 1 obat dikirim ke next day padahal pakai instan 2 obat ada tapi enggak dapat driver hedeh,NEGATIVE
heh bego kalo mau ngobatin orang masa cht saja bayar gila sih belum apa apa obat enggak di kasih malah surub byr 49000 mending brobat gue,NEGATIVE
dokter umum yang tadinya gratis sekarang malah suruh bayar benar benar tidak membantu,NEGATIVE
sangat membantu dan respon dokternya ramah,POSITIVE
kasih bintang 1 saja,NEGATIVE
ini bagaimana sih gua chat dokter umum sudah chat2 dsuruh kirim foto tapi enggak bisa percakapan nya satu arah doang gua enggak bisa balas chatnya kirim foto nya juga enggak bisa tiba tiba di tutup karena gua enggak jawab2 bagaimana mau jawab kalau percakapan nya satu arah,NEGATIVE
sangat membantu dan cepat respon,POSITIVE
sangat membantu sekali sukses selalu untuk dokternya untuk apotek sangat mengecewakan karena obat dikirim 3 hari kemudian padahal kita pesan makanan saja langsung dikirim pada hari itu lah ini obat?? ternyata posisi apotik di yogya padahal alamat saya di wonosobo,POSITIVE
sangat cepat responnya terima kasih,POSITIVE
puas 2 kali sudah konsultasi via halodoc,POSITIVE
maasya allah banyak membantu,POSITIVE
dokter nya ramah semua dan penjelasannya mudah dimengerti,POSITIVE
dokter lama respon nya kurang komunikatif penjelasan nya kurang detail,NEGATIVE
aplikasinya mudah digunakan dokternya fast respon,POSITIVE
info nya jelas detail dan memuaskan terima kasih,POSITIVE
pesan obat di alo dokter lama banget dari tanggal 12 sampai tanggal 15 enggak datang datang tanggal 14 katanya dikirim terus tanggal 15 enggak ada update apa apa dan enggak bisa dicancel terus enggak dikasih resi orang yang urgent beli juga keburu masuk igd saking telatnya itu obat datengnya,NEGATIVE
balas chat agak lama,POSITIVE
keterangan di aplikasi terkoneksi dengan asuransi pas pembayaran di meminta bayar mandiri buat apa saya masukan asuransi saya kalau ujung ujung saya di meminta bayar semua mandiri tidak terkoneksi asuransi,NEGATIVE
dokternya ramah dan komunikatif saya suka saya suka,POSITIVE
mending di hapus aplikasi ini bertanya doang bayar niat ngebantuin apa jualan nama bertanya resep obat penyakit saja bayar 200 ribu gila,NEGATIVE
aplikasi aneh daftar otp enggak di kirimâ² sekalinya di kirim enggak memverivikasi,NEGATIVE
ramah dokternya terima kasih banyak,POSITIVE
aplikasi enggak guna order dokter nya malah enggak bisa connect ke chat room nya menyesal banget gue download,NEGATIVE
aplikasi aneh enggak guna buat yang mau instal pikirin ulang karena susah banget meminta refund pengalaman saya saat disuruh pilih dokter yang online setelah pilih pembayaran enggak sampai 5 menit dokter dinyatakan sudah offline n disuruh pilih dokter lain atau buat janji lain waktu padahal kita pakai alo dokter juga karena butuh saat itu juga wa ke cs meminta dana dikembalikan tidak bisa aneh banget pikir2 lagi kalo mau instal aplikasi ini,NEGATIVE
kecewa parah mau konsultasi harus bayar,NEGATIVE
gima ini,POSITIVE
saya sangat puas menggunakan aplikasi ini dokternya juga ramah baik dan tidak sombong,POSITIVE
aplikasi tahi sudah bayar tapi chat enggak di balas2 sampai habis waktu chat nya rugi deh nyumbang ke orang kayak kualat sama orang banyak lo setan,NEGATIVE
tolong di perbaiki lagi sistem di aplikasi nya ya ini saya baru download belum lama sudah di update tapi tiap check ini delete barang selalu nge bug lama banget tiap kali masuk selalu seperti itu terus lama lama jengkel jadinya,NEGATIVE
malas banget kelewat 10 menit langsung batal otomatis enggak ada toleransi nya dana hangus tanpa konsultasi aplikasi apaan ini enggak membantu mengasih solusi juga enggak seenggaknya pengembalian dana separo mana konsultasi harus menunggu 1 bulan lebih sumpah malas banget cs enggak membantu,NEGATIVE
enggak expect dokter spesialis di klikdokter bakal selengkap ini malah tadi pagi pagi buta pun tetap online dan fastrep lagi,POSITIVE
dipaksa download,NEGATIVE
sangat membabtu,POSITIVE
menambah pengetahuan tentang kesehatan,NEGATIVE
saya mau log ini susah sekali terdapat keterangan pengiriman kode otp gagal mau menghubungi email pun tidak di cantumkan harus kirim email kemana,NEGATIVE
aplikasi enggak jelas dokternya juga enggak jelas mengasih resep tapi tidak ada kejelasan di percakapan ujung2nya tidak terselesaikan masalahnya menyesal saya download buang2 waktu saja,NEGATIVE
spam,NEGATIVE
maaf karena setiap konsultasi seluruh dokter yang live chat kurang informatif baru 1 2 kalimat langsung kasih saran ke klinik rs sampai meminta saran pertolongan pertamanya pun kekeuh banget responnya ke rs saja gacuma 1 dokter aku pernah konsultasi ke 3 dokter live chat responnya sama begitu rasanya kayak konsultasi ke operator bukan ke dokter jadi untuk apa instal kalo enggak bisa kasih solusi selain ke rs? lebih suka ke halodoc ap karena kalo di ap halodoc dokternya lebih paham dan berani kasih resep obatnya,NEGATIVE
sangat bagus buat pertanyaan,POSITIVE
setiap pertanyaan dijawab dengan baik,POSITIVE
aplikasi nya sangat membantu sekali apalagi ketika saya harus butuh ke rs dan kebetulan dsa libur jadi memudahkan saya harus berikan obat apa yang tepat untuk anak,POSITIVE
dokter sibuk dialihin ke dokter lain enggak bisa di teken akhir nya dibatalin dan di refund padahal niat mau cepat cepat malah menunggu juga,NEGATIVE
seenggaknya bisa konsultasi sama dokter dan enggak ngawang ngawang lagi dengan overthingking karena mencari tau di google,POSITIVE
alodokter sangat membantu keluarga saya,POSITIVE
jangan jadi orang bego beli obat di aplikasi ini gila menunggu kurir antarkan obat saja seminggu enggak dtg2 tf refund hampir dua minggu belum dikirim kecewa berat sama aplikasi ini karena nominal beli obat lumayan 350rb kalo cuman 50rb gue ikhlasin buat makan yang punya aplikasi mungkin lagi susah,NEGATIVE
aplikasi tahi biasanya ada gratis buat konsultasi awal terus sudah di bayar malah enggak jelas enggak ada balasan jadi menyesak pakai aplikasi gila kayak begini mendingan langsung ke puskesmas pakai bpjs sudah jadi aku unistal saja aplikasi pembohong kayak begini pokok nya jangan di download,NEGATIVE
pesan obat lewat alodokter mulai tanggal 24 desember 2024 sampai sekarang belum sampai untung nya masih ada sisa obat vertigo di rumah saya protes alasan nya mau di tanyakan ke expedisi padahal status nya masih kurir menuju tempat pesanan berarti kan obat nya belum di kasih ke kurir kalau orang nya sekarat yang butuh obat bagaimana apa mentang2 pengiriman nya gratis ya jadi tidak peduli sama pasien begitu,NEGATIVE
pelayanan nya cepat,POSITIVE
kalo cuma beli vitamin doang enggak perlu aikasi sompret ini,NEGATIVE
1 jam untuk pembelian obat tempatnya beda beda ketika beli obat ongkir membengkak sebaiknya infokan saja produk apa yang bisa dibeli di apotek yang terpilih atau infokan toko yang menyediakan semua produk yang dipilih dari pada bolak balik keranjang lalu ke list produk lagi edit lagi keranjang lagi ribet,NEGATIVE
tiba tiba perut gue gaenak betul dari semalem akhirnya memutuskan konsultasi di klikdokter super helpful di,POSITIVE
apk sampah serba bayar nyesal download nya ngabisin kota,NEGATIVE
sbner a bagus aplksi ini kita bisa banyak mngthui tntng jenis pnykit yang ingin di tnykn cuma bagi saya agak sulit buat masuk pada sistm a,NEGATIVE
terima kasih atas penjelasanny yang sangat jelas,POSITIVE
enggak ada yang gratis kah kenapa sekedar tanya harus bayar bulanan,POSITIVE
harusnya terintegrasi dengan baik nyata nya semua ditanya tanya lewat wa dengan cs klik dokter percuma dong ada aplikasi terus resep lama sekali tidak muncuk muncul sudah s3lesai chat padahal 1 5 jam sebelumnya,NEGATIVE
dokternya baik merespon dengan cepat,POSITIVE
mantap konsultasi nya sangat jelas,POSITIVE
sangat membantu fast respon,POSITIVE
mantap aplikasinya bagus dan fiturnya mudah dipahami dokternya fast respon dan ramah sangat membantu sekali terima kasih klikdokter,POSITIVE
sangat membantu sekali apliaksi ini terimakasih para dokter yang baik hati aplikasi ini sangat bermanfaat buat kita semua,POSITIVE
memang enggak ada yang gratis didunia ini untuk orang orang susah ku doain semua nya sehat termasuk saya dan keluarga saya tidak ada yang bisa membantu selain allah manusia membantu hanya mengharap imbalan,NEGATIVE
aplikasi enggak jelas masa sudah 2x konsultasi dijam yang sama karena diawal konsultasi enggak memuaskan hasilnya karena cuma di resepin krim dari apk nya doang dan dokternya gabole resepin obat salep lain serasa buang waktu buang uang,NEGATIVE
balasannya sangat lambat karena anak saya lagi sakit menunggu terlalu lama jdnya saya pintah tngan ke anak saya lagi jadilah mau keluhan yang lainnya enggak srek lagi kalau dokternya niat tolong layanan dperbaiki lagi,NEGATIVE
aplikasi nya benar benar membantu trimakasih klik dokter semoga orang yang bertanya keluhan diberikan jawaban yang benar trimakasih para dokter2 yang sudah membantu,POSITIVE
sangat membantu saya benar benar terbantu terima kasih banyak atas pelayanannya,POSITIVE
dokter baru lulus jawabannya tidak memuaskan search di google saja untuk penyakitmu,NEGATIVE
bagus banget apknya,POSITIVE
selalu bisa jadi solusi,POSITIVE
aplikasi yang sangat membantu dokter menjawab dan merespon pertanyaan dengan sangat baik,POSITIVE
sumpah ini apk menyusahkan banget gue di tawarin sama salles nya buat daftar dan janji nya 1 kali potongan dan alhasil sudah hampir 1 tahun rek gue kepotong tiap bulan dan sales nya enggak bertanggung jawab gila gue di pihak yang di rugiin bayangkan 30k kali seumur hidup gue menang banyak ini apk,NEGATIVE
tidak bisa dibuka aplikasinya,NEGATIVE
sangat membanty,POSITIVE
dokternya ramah dan detail alhamdulillah,POSITIVE
respon cepat konsultasi juga enak,POSITIVE
tolong ya pengembang aplikasi saya ini sudah berlangganan yang 1 tahun tapi saya tidak menikmati fasilitas ya sudah 1 hari lebih tidak ada titik selesai ya saya ini mau chat dokter spesialis terganggu karena tidak bisa,NEGATIVE
mantab degh,POSITIVE
terima kasih penjelasan dari dokter sangat mudah dimengerti,POSITIVE
kok aneh ya sudah ada kode tapi enggak ada tanda kirim?? sudah ada ceklis tapi enggak loding2 sampai waktunya habis,NEGATIVE
saya membayar untuk berkonsultasi dengan psikolog tapi sampai sesi berakhir psikolog tidak membalas chat saya dan saya tidak mendapat kan solusi dari masalah saya uang saya terbuang sia sia,NEGATIVE
kurang respon saya sudah mencoba untuk menjelaskan pertanyaan saya tapi masih saja kurang respon jwaban yang di kasih itu saya tau juga,NEGATIVE
dokternya cuma kasih saran untuk tidak makin makanan berminyak tapi enggak dijelasin itu jenis jerawat apa dan keburu tutup padahal belum dikasih resep obat rugi dong,NEGATIVE
kok chat saya enggak dibales balas lalu konsultasi nya malah di akhiri yang nangani saya dari trianggi putri husni,NEGATIVE
sangat puas dengan jawaban dokter nya,POSITIVE
aplikasi ribet dulu gratis sekarang berbayar suatu kemunduran mau gratis harus ada si ke yang berlaku ckckck respon dokterâ²nya detail dan bagus berbanding terbalik dengan sistem aplikasinya ðÿ,NEGATIVE
aduh dok dok dok saya enggak ada uang sebanyak itu untuk konsulnya yang gratisan saja,NEGATIVE
kenapa ada pemberitahuan pesan masuk balasan tapi enggak muncul di chat di mana masalahnya ya?,NEGATIVE
dari dewita spesial parunya ramah dan solusi yang diberikan sangat membantu saya sempat kecewa konsultasi salah satu dokter paru yang membatalkan jadwal harusnya di haldoc pilihan dokter yang ramah seperti dari dewita,POSITIVE
bug enggak bisa loading,NEGATIVE
pikir lagi kalau mau download aplikasi ini kalau sudah bayar belum tentu pertanyaan kita dijawab karena dokter online seenaknya komplain cs nya cuman kayak komplain sama robot auto blsannya,NEGATIVE
jam 5 wib dokternya ready nyaman untuk konsultasi meski via online,POSITIVE
fast respon dokternya humble mendiagnosis dari gejala yang kita sampaikan dan terperinci lu obat yang diberikan resepnya yang kita bisa langsung membeli nya good halo doc,POSITIVE
luar biasa apk ini sangat membantu sekali,POSITIVE
pelayanan dari dokter nya sangat bagus customer servicenya pun bagus ketika ada pertanyaan dari pasien langsung dijawab,POSITIVE
fiturnya lengkap banget ada info tentang vaksinasi keren deh,POSITIVE
obat tidak semua di cover walaupun itu dari dokter nya sendiri peserta tidak jawab saat konsultasi berlangsung juga jadi tidak di cover asuransi intinya menyusahkan kalau bukan dari kantor enggak akan mau pakai aplikasi ini,NEGATIVE
giman cara biar trhubunh dengan shope padahal sudah ada dana di shopepay,POSITIVE
baik banget dokternya ramah cara menjelaskannya tidak sulit untuk dipahami,POSITIVE
aplikasi enggak jelas sekarang mau beli obat harus konsultasi sudah begitu sering di cancel obat nya obat sering diganti yang mahal,NEGATIVE
dokter nya ramah dan obat nya manjur,POSITIVE
hai klikdokter kira kira kenapa ya saya tidak dapat berkonsultasi dengan dokter lagi? padahal sebelumnya saya sering menggunakan klikdokter setiap kali ingin berkonsultasi dengan dokter rating akan saya ubah kembali jika klikdokter bersedia membantu saya menangani masalah ini terimakasih,NEGATIVE
untuk dokternya responnya cepat dan ramah2 hanya saja terlalu lama pengiriman obatnya sampai 5 hari padahal satu kabupaten tapi sampai 4 5 hari dan saya menyarankan jangan pesan obatnya di alodokter telat banget terus sudah telat 7 minggu giliran di complain malah suruh menunggu 7 minggu lagi padahal obatnya enggak boleh telat di minum itu sudah di prediksikan pokoknya jangan beli obatnya di aplikasi alodokter mending di apotek apotek terdekat print resepnya saja,NEGATIVE
sudah transfer buar konsultasi malah dokter mya batalin mana cash nya masuk jadi voucher aplikasi enggak guna,NEGATIVE
untuk dokter anak biayanya lebih mahal jika dibandingkan dengan aplikasi klikdokter,NEGATIVE
chat dokternya respon nya baik dan cepat,POSITIVE
bertanya sama dokter umum dijawabnya pakai template enggak seperti berinteraksi sama dokter benaran,NEGATIVE
respon cepat dan sangat membantu,POSITIVE
sudah diresepin sama dokter pas mau pesan dimasuki keranjang kok enggak bisa2 padahal lagi butuh banget,NEGATIVE
hati hati dengan aplikasi ini kasus terbaru saya chat dengan dokter semua dicover oleh asuransi tau tau ada notif chat dokter tidak dicover dan muncul tagihan yang harus dibayar ini sudah masuk ranah penipuan kepada pelanggan !!!,NEGATIVE
emak gue suka banget konsultasi sama dokter2 di sini rmah semua katanya aplikasinya juga enakan dipakai enggak ribet,POSITIVE
siapa sih yang gasuka promo dikasih promo mah senang banget!! akhir2 ini aku lagi sering pakai promo nya klikdokter lagi banyak banget promo,POSITIVE
aplikasi nya enggak jelas banget saya sudah bayar tapi saya tidak bisa chat dokter nya bagaimana sih ini,NEGATIVE
aplikasi aneh mau melakukan pembayaran kenapa enggak bisa terus,NEGATIVE
aplikasi sangat membatu buat kami yang butuh pelayanan cepat tanpa harus antri di puskesmas atau klinik,POSITIVE
lemotnya ngajakin ribut sumpah bikin emosi,NEGATIVE
sangat membantu untuk konsultasi,POSITIVE
terimakasih sudah sangat membantu saya,POSITIVE
berjuang lah semampu mu jangan lupa di sertakn dengan doa insya akan makbul amin,NEGATIVE
kata siapa download klikdokter cuma buat berobat kalo sakit saja lagi sehat pun boleh loh konsultasi buat pencegahan penyakit,POSITIVE
kukira gratis untuk masyarakat ujung ujungnya malah bayar dahlah kesebelah saja,NEGATIVE
semakin kesini semakin jelek chat dokter ya lama tapi ketika di exit jawaban ya baru muncul dan tidak gratis lagi,NEGATIVE
coba dulu nanti kalau bagus 5 bisa jadi,NEGATIVE
saya sarankan tambah ekspedisi lain buat kirim obat anda fikir secepat apa ekspedisi anter saja? anda bisa menambahkan grab atau go jek pasien memesan obat untuk cepat sembuh bukan pesan barang random seperti di ollshop bahkan pesanan di ollshop yang tidak terlalu penting bisa lebih dulu sampai,NEGATIVE
kok sudah di bayar chatnya malah dokternya menghilang kurang bertanggung jawab,NEGATIVE
semoga tidak mengecewakan,POSITIVE
kaki jari jempol cantengan bisa refrensi obat dokter,POSITIVE
sangat membantu jika malas ke rs,POSITIVE
baik dan dokterx juga gercep dalam balas chat pokokx dokterx baik deh,POSITIVE
baik banget,POSITIVE
dokternya sangat kooperatif memberikam solusi yang bagus trimakasih dokter halodocï ï ï,POSITIVE
konsultasi ke dokter hewan karena kelinciku lagi sakit dikasih resep amoxcilin setelah di search kelinci gaboleh dikasih amoxcilin langsung di diagnosis infeksi ternyata kelinci ku kena gi statis dan baru engah dia bertanya muntah apa enggak kelinci tuh enggak bisa muntah parah banget kalau kelinci ku kenapa kenapa itu salah tuh dokter,NEGATIVE
halo dok saya sudah pembukaan 2 jari tapi kok belum ada tanda keluar lendir bercampuran darah ya?usia kehamilan saya sudah masuk 40 minggu,POSITIVE
ke untuk sama b untukmu 00 l bx 0 lu w,POSITIVE
pengirimannya cepat,POSITIVE
guud,POSITIVE
memang benar benar mengecewakan sudah mengetik capek2 sudah bayar juga katanya menunggu 24menit tapi ternyata pertanyaan konsultasi ku enggak direspon malah suruh chat dan bayar lagi apa apaan,NEGATIVE
saya kecewa dengan aplikasi ini saya sudah pesan obat dari tanggl 11 dan perkiraan sampainya di tanggal 15 juli dan hingga sekarang tanggal 17 obatnya belum byampe apa menunggu pasien meninggal dunia?,NEGATIVE
terbaik beli obat cepat sampai,POSITIVE
buang buang duit ditanya keluhannya apa pas di jawab enggak balas lagi aneh,NEGATIVE
pelayanan yang terlalu mengecewakan sudah biaya konsulnya mahal beli obat disini sampai sampai berhari hari sakit nya sekarang loh masa obat di kirim berhari hari tidak sesuai prosedur yang tertera untung bukan sakit keras sangat tidak recomen untuk kesehatan kita,NEGATIVE
doktwr ramah penjelasan detail,POSITIVE
semoga bermanfaat,POSITIVE
sangat kecewa dengan aplikasi ini karan ini aplikasi bukan membantu malah merugikan tadi pas saya pesan obat katanya 1 jam paling lama setelah menunggu saya konfirmasi kok enggak datang katanya 8 jam saya tunggu katanya gagal pengiriman saya batalin tidak bisa ini mah menunggu pasien mati kali ya kocak juga ini,NEGATIVE
pas saya pesan obat enggak ada stok anying,NEGATIVE
puas sekali dengan konsultasi nya,POSITIVE
pengiriman obatnya lama banget padahal pembayaran sudah tapi statusnya menunggu pembayaran,NEGATIVE
jawaban kurang memuaskan,NEGATIVE
bangga banget ada aplikasi halodoc memudahkan kita pada saat butuh pertolongan dari spesialis nya juga terbaik banget suami ku ke dari ambar sapa kulit enggak pakai ketemu cuma lewat tapi sampai saat ini obat nya cocok banget dan enggak kambuh lagi alhamdulillah,POSITIVE
respon baik dan cpat cuman terasa waktu kurang belum sampai dkasih resep waktu hasis pasien sakit typingnya lambat,POSITIVE
konsultasi sangat menyenangkan,POSITIVE
trmksh dok responnya cepat dan baik,POSITIVE
sangat bermanfaat dan efesien,POSITIVE
belum selesai konsultasi sudah ditutup chat,NEGATIVE
sangat membantu bagi yang punya permasalahan kulit saya sembuh karena selalu konsultasi dihalodoc sudah dipantau dokter juga jadi aman dibawah pengawasan dokter,POSITIVE
jelek banget pelayanan jika pesan obat dari luar kota jangan pernah pakai halodoc lagi,NEGATIVE
penjelasan dokter sangat bagus dan detail,POSITIVE
tida memuaskan dokternya terlalu bertele tele sedangkan apa yang saya tanyakan tida ada jawaban yang pas,NEGATIVE
dokter nya geblek twolol apa malas mikir penting terima cuan saja ya konsultasi di kasih resep ada yang buat alergi sih dokter malah bilang cari klinik yang lain saja disini ada nya resep itu kalo di lihat profil deh 15 tahun mungkin deh tua otak nya konslet heh dokter geblek mending pensiun saja memang anjix,NEGATIVE
suka banget sama aplikasi klik dokter wajib download sangat membantu dalam situasi seperti ini terimakasih klik dokter,POSITIVE
aplikasi enggak guna! mau konsultasi sudah bayar dibatalin mulu heran sudah ganti dokter bayar lagi teteo dibatalin mulu benaran enggak berguna!,NEGATIVE
user interfacenya terasa tidak nyaman ketika layanan dimulai jendela room chat tidak menyesuaikan dengan tampilan keyboard sehingga apa yang diketik tidak terlihat di hp saya namun bisa dilihat jika tampilan keyboard harus ditutup dahulu,NEGATIVE
mudah untuk konsultasi,POSITIVE
uninstal saja kalo menurut gue nih aplikasi kalo memang kalian lagi butuh konsultasi segera karena dokternya enggak ada yang respon hanya buang waktu mending langsung bawa ke rs setempat ya jangan ke aplikasi ini pasti rugi sudah bayar buat konsultasi tapi enggak dibales sama dokternya,NEGATIVE
dokternya sangat lambat membalas chat bahkan ada yang tidak dibalas,NEGATIVE
sangat komunikatif,POSITIVE
sudah bayar di chat malah enggak di balas sama dokternya bagaimana ini rugi saya apa bisa dana di kembalikan,NEGATIVE
tolong alodokter hapus jasa antar pakai next day karena benar benar ngehambat banget saya order tanggal 19 sampai tanggal 22 hari ini belum juga sampai padahal next day itu kalo ada jasa instan sampai 2 jam sudah saya pakai jasa instan komplen lewat wa respon nya begitu begitu saja tolong kalo kejadian ini terjadi di pasien lain yang lagi kritis itu orang keburu mati!!!!!!! tolong perbaiki nih alodokter untuk jasa antar nya!!! saya kecewa sebagai pengguna setia alodokter saya pakai jasa jne next day,NEGATIVE
menjawab kegalauan ku saat ini,POSITIVE
aplikasi penipu,NEGATIVE
penipu!! sudah di tranfer tapi gagal orang lagi sakit di tipu,NEGATIVE
obat enggak dikirim sudah semingguan dibatalin enggak bjsa cs halodoc enggak bisa dihubungi buset banget,NEGATIVE
ramah sekali responnya ï,POSITIVE
enggak bisa di buka,NEGATIVE
respon dokter lama akhirnya chat dibatalkan aplikasi tapi dana tidak di refund,NEGATIVE
halo dog ini saya tertusuk duri ikan lele bergerigi cara cabutnya bagaimana doc?,POSITIVE
mohon lebih update fitur chat dokternya ðÿ diaplikasi tertera dokter online pas sudah melakukan pembayaran dan chat ternyata dokternya offline alhasil enggak bisa chat padahal sudah bayar,NEGATIVE
belum smpet coba minta update giliran mau update malah enggak bisa,NEGATIVE
aneh sekali aplikasi ini saya bayar dan chat dokter terus 30 menit dokter tidak balas chat di close otomatis oleh sistem dan uang tidak kembali,NEGATIVE
respon cepat dan obatnya ampuh,POSITIVE
kurang ramah,NEGATIVE
aplikasi sangat membantu baik konsultasi hingga peresepannya tidak perlu repot repot keluar rumah karena ada pelayanan antar obat dan gratis ongkir,POSITIVE
waktu konsulnya cuma sejam jir belum lagi dokternya lama balas chat jadi belum puas bertanya waktu sudah keburu habis harusnya mah enggak usah di kasih waktu biarkan pasien puas bertanya dulu kalo sudah selesai kan juga tinggal diselesaikan gue lagi bertanya pemakaian obatnya dan efek samping dl eh malah habis padahal masih belum puas bertanya,NEGATIVE
dok maf saya mau tanya jika suntik kb 3 bulan mulai tanggal 26 november 2023 saya harus balik lagi kapan dok,NEGATIVE
bukan bagaimana ya saya tkt enggak di balas dan saya juga takut kalo adk saya kehamilan karena sudah berbuat seks sama pcr nya di luar nikah tolong jawab ya,NEGATIVE
bagus banget dijelaskan secara detail dan ada resepnya,POSITIVE
cukup puas,POSITIVE
ini suka ada bug pemilihan alamat suka mengaco diperhatikan lagi tim qa nya,NEGATIVE
dokter nya baik dan cepat merespon,POSITIVE
sangat bagus lebih mudah konsultasi dokter dimanapun dan kapanpun dan dokternya ramah,POSITIVE
pelanggan yang terhormat terima kasih telah menghubungi customer service alodokter terkait kendala bapak ibu mengenai pesanan yang belum diterima kami informasikan bahwa saat ini sedang dalam proses pick upanteraja sebagai mitra kurir kami dengan layanan reguler delivery pesanan akan tiba di alamat tujuan dalam 2 4 hari setelah pesanan diserahterimakan dari pihak apotek ke pihak kurir saya terlanjur beli obat disini ternyata 2 4 hari baru sampai dasar pelayanan bejat yang tidak melayani,NEGATIVE
dok saya nih kena adam lambung sudah 2mngu ini sekarang sudah sembuh tapi kok masih lemes dan kepala masih pusing,POSITIVE
aplikasi bagus banyak informasinya,POSITIVE
keren cepat respon dan sangat membantu,POSITIVE
mengira gratis ternyata berbayar,NEGATIVE
aplikasi yang sangat membantu disaat butuh informasi kesehatan penyakit dan pengobatan dokter ramah dan siap membantu semoga terus dipertahankan dan selalu ada peningkatan,POSITIVE
sudah bayar mahalâ²ternyata waktu konsultasi hanya sebentar sekali dan jawaban tidak sesuai padahal keadaan sangat mendesak sangat mengecewakan,NEGATIVE
sangat buruk karena waktu saya coba harus bayar jika cuma bertanya ngpain harus bayar tolol aplikasi ini bukan bantu rakyar yang kurang mampu malah bikin susah pantasan banyak masyarakat tidak mampuh malas pergi ke dokter karena ini ini biangkeroknya mending mereka berobat tradisional sorry ya parah dokter maklum saya enggak pernah sakit jadi dokter obatin dulu otak mu yang belum manusia itu,NEGATIVE
kalo mau membantu masyarakat itu jangan ada biaya lah kasihan mereka yang enggak tahu harus konsultasi kemana kalo semuanya serba berbayar iya kalau sekali konsultasi itu langsung selesai keluhan nya kalau sampai 3 kali atau lebih mikir lah cari amal yang baik untuk bantu sesama manusia jangan cari jalan baik untuk sebuah keuntungan pribadi enggak bakalan rugi lebih nanti di akhirat hitung amal,NEGATIVE
ujung nya disuruh ke dokter tapi terimakasih juga penjelasan nya,POSITIVE
menurut saya salah satu kelebihan klik dokter tuh dokternya selalu ada dan fast resp,POSITIVE
recommended untuk yang pengin cepat dan tidak ingin pergi ke rumah sakit,POSITIVE
alhamdulillah sangat bermanfaat,POSITIVE
puas dengan penjelasan para dokternya,POSITIVE
bisa mengetahui kesehatan dengan mudah,POSITIVE
alangkah lebih baiknya kalau edukasi nya semakin mendalam dalam kehidupan biar kami yang awam semakin mengerti dan memahami hal2x yang di sepelekan itu sangat penting bagi kehidupan berpengaruh bagi kesehatan,NEGATIVE
dokternya nya ramah,POSITIVE
aplikasinya bagus banyak penawaran menarik konsultasi murah bahkan gratis bisa beli obat juga intinya senang pakai aplikasi ini semuanya ada,POSITIVE
lumaya membantu jika tidak sempat ke rs,POSITIVE
ini sangat bagus untuk yang mau konsultasi ke dokter enggak perlu ribet harus pergi atau berangkat ke rumah sakit ðÿ,POSITIVE
tidak sesuai hanya 30 ment bayar 70 ribu mengira bakal dapat obat,NEGATIVE
sangat membantu saat urgent dan tidak bisa keluar rumah,POSITIVE
satu dulu ya ini ada biaya nya tidak ya,NEGATIVE
bagus dan praktis,POSITIVE
sangat mengecewakan dokter enggak balas chat padalah sudah menunggu 15 menitan biaya konsultasi hangus jadinya,NEGATIVE
menyesal saya konsultasi sudah bayar percakapan otomatis berakhir dan saya enggak dapat satupun resep obatnya dan dokternya sangat lama membalas pesan dan kurang respon kalau memang menanganin pasien yang lain janganlah asal terima saya pakai dokter umum,NEGATIVE
enggak dapat notif waktu konsultasi kebuang waktu 15 menit,NEGATIVE
respon dokter sangat cepat,POSITIVE
sangat membantu di saat sakit di rumah sendirian tinggal buka aplikasi konsultasi dan m3nunggu obat terima kasih halodoc,POSITIVE
pusing,NEGATIVE
proses menyambungkan asuransinya error enggak jelas selalu di suruh kontak heidy dan heidynya juga enggak jelas muter prosesnya,NEGATIVE
kenapa chat gratis nya di tiadakan apps nya enggak seru,NEGATIVE
tolong ya saya sudah bayar untuk konsultasi dengan dokter tapi dokternya enggak bisa di chat karena sedang sibuk paling enggak dana di refund lah suruh cari dokter lain suruh bayar lagi,NEGATIVE
enggak mutu,NEGATIVE
konsultasi ke dari raja tina sapa kakak dari muka penuh sama bekas jerawat alhamdulillah sekarang sudah membaik sudah 6x konsultasi dengan beliau penjelasannya super jelas sekali,POSITIVE
dokternya sangan baik sekaliï,POSITIVE
klik dokter jadi aneh banget masak saya konsultasi dijawab seadanya padahal itu pertanyaannya tentang obat enggak semua orang paham bahasa kedokteran jadi kalo jelasin harus pakai bahasa yang mudah dimengerti,NEGATIVE
aduh parah lah pengalaman merugikan,NEGATIVE
apk belum terintegrasi dengan google maps kesulitan cari kunjungan ke praktek dokter terdekat kota tempat tinggalku muncul di singapura malaysian jauh dari jangkauan,NEGATIVE
sudah bayar tapi dokter sapa a nya semua sibuk mulai pagi sampai sore dan hangus uang yang kita bayar terus bagaimana sama hak kita?????? sudah menunggu lama uang enggak balik jaman begini uang 45rb itu gede lho buat yang susah mencari uang,NEGATIVE
terima kasih iso menambah ilmu dan menjaga kesehatan,POSITIVE
saya ditipu mentah2 nih sama aplikasi ini ceritanya saya konsultasi ke dari spesialis saraf lewat aplikasi ini saya sudah bayar dan dapatlah dari destika fahrina sama ked neu sapa n saya ceritakan tentang keluhan saya tapi enggak ada balesan sama sekali dari dokternya malahan dia langsung menutup percakapan begitu saja,NEGATIVE
terima kasih banyak dok atas semua sarannya,POSITIVE
enggak jelas apotik yang dituju kok satu main ke jakarta dan yang satu benar tapi sejam enggak ada pengantaran oke saya ambil sampai di k24 katanya barang kosong di cancel jauh jauh kok malah enggak bagus tolong ditutup saja viral sbntar saja,NEGATIVE
sejauh ini bagus dokternya juga ramah2 beberapa kali konsultasi di tangani dengan baik bisa memilih dokter spesialisnya dan bisa memilih mau dokter perempuan atau laki laki dan di resepkan bisa langsung di arahkan ke apotik terpercaya dan terdekat terima kasih halodoc,POSITIVE
sudah bayar chat belum selesai sudah tertutup otomatis dengan alasan pertanyaan belum dijawab padahal aku yang menunggu dokternya chat sampai setengah jam lebih enggak muncul bagaimana sih uangnya juga enggak balik aplikasi enggak jelas,NEGATIVE
dokternya fast respon pokonya senang banget konsultasi di sini,POSITIVE
kecewa dengan respon chat berbayar sudah bayar dan dokternya online tapi tidak ada tanggapan tapi untuk dokter umum sudah gratis respon cepat,NEGATIVE
aku beri satu bintang dulu soalnya saat masuk kode notifikasi nya dari tadi enggak ada ada sangat buruk kualitasnya aplikasinya sangat kecewa,NEGATIVE
senang bisa memakai apk ini saya dpat leluasa menanyakan sputar kehamilan saya beserta keluhan selama hamil,POSITIVE
barakallah,POSITIVE
spam ads,POSITIVE
tunggu respon 5 menit sudah ditunggu enggak respon2 dokternya mana sudah bayar pula nasib2 mending pikir2 lagi deh buat yang lain kalo mau konsultasi di aplikasi ini respon tolong ditingkatkan,POSITIVE
dokter fast respons dan gratis serasa punya dokter pribadi artikel kesehatan bermanfaat terima kasih,POSITIVE
saya beri bintang 5 karena dokter nya rama dan menjelaskan dengan baik,POSITIVE
amat sangat membantu masya allah,POSITIVE
saya sedabg sakit tapi sulit untuk cuti jadi inisiatif periksa online awalnya di aplikasi ini beberpa dokter sibuk baru beberapa saat ketemu dokter yang bisa konsultasi syafakillah,POSITIVE
enggak bisa daftar akun sudah coba pakai nmor telp akun gmail fcbok tetap saja enggak bisa,NEGATIVE
enggak bisa buat konsultasi sudah berkali kali hapus download hapus download tetap saja,NEGATIVE
paripurna,POSITIVE
tidak merespond pertanyaan karena sibuk melewatkan sesi tanya jawab sesi pertanyaan ditutup,NEGATIVE
puas atas pelayanan dokternya,POSITIVE
fast respon dan sangat membantu,POSITIVE
bisa konsultasi kapan saja dan dibantu oleh dokter yang stok sabarnya melimpah,POSITIVE
enggak bisa registrasi terus berhari hari menunggu tapi tetap enggak bisa,NEGATIVE
dokterx baik dan profesional,POSITIVE
dokternya enggak online online huhu,NEGATIVE
kok enggak bisa2 daftar ya min dari tadi enggak masuk2 daftar nya,NEGATIVE
belum nemu lagi ap seefisien klikdokter mulai dari loading sampai dalemannya lengkap,POSITIVE
sangat membantu sekali surat keterangan sakit jadi mudah untuk anak saya,POSITIVE
ok banget dan mudah,POSITIVE
mantul dokter luar biasa konsultasi dan resepnya manjur,POSITIVE
bagus nih,POSITIVE
pas mau bayar pakai ovo sukses tiba tiba dokter sibuk enggak ada pilihan lain pas pencet back eh mengira ada saldo begitu di akun pas mau order lagi suruh topup lagi hangus deh uangku,NEGATIVE
lumayan buat menambah wawasan tentang kesehatan,NEGATIVE
sangat membantu terimakasih,POSITIVE
saya senang dan sangat membantu,POSITIVE
ini keren sih aplikasinya enggak ribet sangat membantu,POSITIVE
enggak banget sama pelayanannya halodoc beli obat di halodoc estimasi pengiriman tanggal 3 juli 2024 tapi sampai hari ini enggak dikirim kirim dan berujung dibatalkan memang sih duitnya balik tapi tolong ya tim halodoc semoga bisa diperbaiki agar tidak seperti ini trauma beli obat disini enggak lagi lagi deh wkwkwk,NEGATIVE
kok saya sudah masukan nomor hp sudah dapat kode enggak masuk masuk ya padahal sudah saya masukan kodenya tapi enggak ada apapa cuman ada verivikasi otp doang sama kodenya,NEGATIVE
pesanan tidak di kirim sudah 4 hari terus di batalin sama pihak aplikasi nya sudah begitu mau refund uang kembali harus menunggu 3 hari mana respon cs nya super lelet parah banget padahal obat nya mau di pakai darurat,NEGATIVE
saya sudah byr lewat gopay tapi malah enggak bisa chat dengan dokter padahal saldo sudah terpotong bagaimana ini ?,NEGATIVE
cukup membantu untuk informasi terkait kesehatan,POSITIVE
aplikasinya bagusnya yang dulu!!!! mohon diperbaiki lagi supaya peminatnya lebih banyak terimakasih,NEGATIVE
aku suka banget dan bagus sekali karena sebanyak apapun pesan semuanya dibalas dengan cepat dan benar terimasik klikdokter,POSITIVE
sangat membantu karena bisa konsultasi jarak jauh,POSITIVE
cukup puas dengan artikelnya,POSITIVE
parah sih saya sakit lambung terus batuk dan malah dikasih obat batuk yang sangat tidak aman untuk lambung padahal sudah dibilang lagi pengobatan lambung tadinya lambung saya sudah membaik giliran bertanya dokter disini buat ngobat batuk eh lambung saya makin sakit sudah begitu chatnya juga lambat masuk dan cepat berakhir meskipun murah tapi buang2 duit ! menyesal banget memilih dokternya enggak berpengalaman asal asalan bikin susah orang sakit !,NEGATIVE
mudah dioperasikan walau saya lqnsia,POSITIVE
saya kasih bintang 1 karena jika gagal dana di refund katanya 5 hari kerja masuk tapi sudah lama belum masuk juga hal ini bisa merugikan konsumen ditambah lagi jadwal di aplikasi dengan dokter sering enggak singkron,NEGATIVE
alhamdulillah aplikasi ini bisa chat saat bingung anak sakit jadi ada pencerahan bintang 4 dulu ya,POSITIVE
menjadi solusi konsultasi terbaik,POSITIVE
aplikasi beberapa kali saya buka tapi tidak pernah muncul aplikasinya,NEGATIVE
sudah di bayar dokternya malah hilang lol,NEGATIVE
desain aplikasinya simpel harga obat obatan terjangkau dan dokter pun lengkap,POSITIVE
sorry ya dokter kulit gampang banget kasih methylprednisolone tanpa kasih tau efek samping dan aturan pakai wajibnya kayak bagaimana untuk orang yang awam bakalan bahaya loh ini??? gue dulu enggak tau itu obat keras banget dan masuk kategori kortikosteroid dan gue pakenya sering kelewat padahal itu enggak boleh dan enggak boleh berhenti mendadak bagaimana tuh?? mana enggak ada fitur nilai dokternya kalo sudah terlalu lama plis mata gue yang kena ada eyefloaters sama lapisannya jadi tipis naudzubillah,NEGATIVE
pelayanan jelek banget buruk saya lagi urgent butuh dokter untuk anak saya yang sakit sudah bayar dan sesi chat tibatiba dokter sibuk suruh ganti dokter yang lain dan uang saya hangus begitu saja,NEGATIVE
bagud,POSITIVE
lama banget loh paketan saya datang sudah mau seminggu barang belum di proses padahal sudah di bayar dan lewat tanggal perkiraan tiba,NEGATIVE
suka!,POSITIVE
pelayanan pembelian obat tidak ontime harus order ulang padahal butuh urgent,NEGATIVE
beberapa kali dokternya sibuk jadi harus menunggu 2menit dan gagal konsultasi selebihnya lumayan oke,NEGATIVE
parah meminta resep bukannya di kasih resep malah penjelasan panjang lebar di tungguin lama chat di tutup taunya resepnya enggak dikasih jadinya saya harus bayar 2x untuk chat dokter lagi,NEGATIVE
dulu bagus bagus enggak ngcewain sekarang buruuuk performanya lain kali kalo enggak mampu ambil driver terdekat n tercepat dari ruma pasien ya ada lah tmbol cancel untuk pasien ini anak saya dah muntah sudah belasan kali tapi enggak ada tombol cancel saya tunggu lam kaisan anak lain kalo ada empati laj jangan mikir cuan saja memang semua orang serba berlebih bisa beli obat dobel dobel apa rating satu buat kalian,NEGATIVE
konsultasi singkat padat jelas dan puas diberi resep tanpa harus repot bertemu langsung dengan dokter praktis hemat waktu dan biaya terima kasih dokter,POSITIVE
saya harus hubungi ke mana ya?jika obat yang saya pesan di apotek alodokter belum juga dikirim karena harus tunggu kurir next day jne pick up paket pesan paket dari tanggal 25 maret lokasi pengiriman maksimal 1 jam dari alamat tujuan,NEGATIVE
beli obat diklikdokter mudah dan cepat,POSITIVE
sudah bayar 45 000 buat konsultasi dari spesialis tapi enggak di balas percuma buang2 uang padahal dari nya online,NEGATIVE
harus banget pesan obat di apps lo??? mikir tolol,NEGATIVE
ini sama halnya enggak ada gunanya bikin susah,NEGATIVE
kok tiap konsultasi apk malah eor,NEGATIVE
saya mohammad ajrul ingin meminta kepada aplikasi ini untuk menghapus semua data saya db otomatis apa maksudnya? jadi tolong dengan sangat hapus data saya secepatnya,NEGATIVE
masak iya lulus dokter kayak begini? gua tes bertanya kandungan yang gaboleh di campur bilang nya iya iya saja dan boleh pas mengasih resep juga kayak buruâ² banget wkwk cari dokter yang benar dong mls gue kayak begini,NEGATIVE
sangat sangat terbantu dengan adax aplikasi ini bisa konsultasi gratis kapanpun dan respon dokterx cepat trimakasih klik dokter,POSITIVE
aplikasi pas update susah mau konsultasi saja ribet banget,NEGATIVE
saya kira bertanya dengan para dokter itu gratis tapi kenapa berbayar,NEGATIVE
mempermudah sekali,POSITIVE
aplikasi bodong juga nih kadangkala jawaban nya ngawur,NEGATIVE
enggak memuaskan si,NEGATIVE
sangat membantu untuk kolsultasi dengan semua dokter yang kita butuhkan,POSITIVE
penipu!! pembayaran dengan va gagal tapi saldo terpotong habis itu dijanjikan langsung kembali ke saldo halodoc bukan pengembalian ke saldo bank kita tapi sampai sekarang enggak balik2 di ig cuma pencitraan suruh dm tapi tidak ada tindak lanjut fix ini penipuan,NEGATIVE
puas dengan konsultasinya,POSITIVE
enggak tau deh sama aplikasi ini enggak di bales2 sama bu bidannya padahal aku menunggu 15 mnit tapi bu bidannnya awalnya online habis itu aku chat eh enggak online lagi,NEGATIVE
aplikasi yang bagus untuk membeli produk kesehatan original dengan exspayer yang sesuai dan kolsultasi dengan ahli bermacam spesialis penyakit kelemahan aplikasi ini jika obat yang kita pesan dan telah kita bayar dengan cara transfer bank jika obat tidak ada dana refunt kita tertahan di saldo holodoc tidak langsung kembali ke rekening kita,POSITIVE
enggak berguna banget aplikasi niatnya mau konsultasi karena lagi depresi tapi malah di persulot loginnnya bilang saja kalau enggak mau nolong indonesia memang begini kurang banget akses buat kesehatan pendidikan dan kemajuan indonesia bahkan orang depresi saja di persulit,NEGATIVE
sangat membantu dalam hal masalah kesehatan,POSITIVE
cukup membantu ketika ada hal urgent user halodoc sejak 2021 merasa terbantu sekali dengan ap ini,POSITIVE
bertambahnya pengetahuan tentang kesehatan,POSITIVE
dokter raras pratita sangat baik dan ramah terimakasih dokter,POSITIVE
senang banget konsultasi di aplikasi ini sangat membantu banget,POSITIVE
masa sudah di download aplikasinya tapi enggak bisa chat sama dokternya,NEGATIVE
kecewa banget masih bayar pakai ovo dan lain sebagainya tak kirai konsultasi gratis,NEGATIVE
susah banget chat dokternya masuk antrian berhari2,NEGATIVE
sunguh memuaskan pelayanannya n enggak pakai ribet kayak aplikasi yang lain terima kasih para dokter,POSITIVE
respon baik solusi teratasi,POSITIVE
bagaimana halodok ini padahal aplikasinya bagus malah ke sini kalo chat dokter di kasih waktu sedikit tidak kayak dulu yang masih kita banyak tanya dokter itu mungkin banyak kegiatan atau lagi mengurusi pasien jadi halodok mohon mengerti jangan kasih waktu ya sama saja kayak kita ke dokter langsung mending ke aplikasi sebelah deh lebih murah tolong di perbaiki chat dengan dokternya,NEGATIVE
aplikasi kesehatan nomor satu se jagat raya,POSITIVE
tolong diresmikan kami para timor leste karena kami juga membutuhkan jawaban dari dokter indonesia salam toleransi soalnya nomor kami tidak valid,NEGATIVE
enggak bisa nemu titik terang,NEGATIVE
alhamdulilah atas saranâ² dari dokternya bisa bantu saya untuk mengatasi penyakit saya,POSITIVE
sangat direkomendasikan kalau butuh bantuan dokter bisa sangat membantu,POSITIVE
bagus manfaat banget aplikasinya,POSITIVE
dokter tidak fokus beberapa kali jelaskan kondisi anak lemas jawabannya adik sudah tidak lemas kan bu jadi aman dan di suruh cepat ke igd supaya tidak panik bukan karena kondisi anak bla bla bla padahal pilih yang spesialist pengalaman belasan tahun rating tinggi jawaban tidak memuaskan,NEGATIVE
respons ya sangat lama sudah di tunggu tiba ditutup pesannya dokternya offline,NEGATIVE
aplikasi mudah digunakan dan memenuhi kebutuhan,POSITIVE
respon cepat konsultasi nya ramahï,POSITIVE
terima kasih klikdokter,POSITIVE
bagus sangat membantu menjawab,POSITIVE
sangat membantu untuk konsultasi keluhan keluhan,POSITIVE
sudah beberapa tahun pakai halodoc kecewa banget terkahir pesanan pengiriman obat bisa sampai 2 jam enggak jelas,NEGATIVE
ini bagaimana wei masa setiap bulan saldo gua ke potong gua enggak pakai aplikasinya,NEGATIVE
semoga kedepan minimal bisa sebaik bpjs kalau bisa sebaik asuransi yang lain,NEGATIVE
sangat membantu saat konsultasi sebelum bertemu dengan dokter spesialis langsung,POSITIVE
respon dokter nya oke banget,POSITIVE
ramah sangat membantu terima kasih pak dokter,POSITIVE
mau konsultasi ada kesalahan terus hubungi cs malah menambah ribet segala suruh ngisi 1 sampai 8 poin nama cs nya hima,NEGATIVE
sudah bayar balesnya lama banget,NEGATIVE
lah konyol banget sudah bayar dokter tapi enggak balas lagi dokternya chat auto ketutup tanggung jwbnya mana? dikira gratis main seenaknya doang kita bayar juga gara gara masalah urgent mana uang enggak dibalikin gjls,NEGATIVE
alhamdulillah bisa sembuh atas saran dokter2 di alodokter sudah 3x berobat semoga yang ini juga cepat sembuh anakku amin,POSITIVE
mengira bisa beli obat disini nyatanya enggak ada,NEGATIVE
konsultasi itu mahal ya!!!,NEGATIVE
kocak banget nih apk konsultasinya sih bagus bagus saja tapi sistemnya taik masa yang tadinya dikasih obat resep yang harganya terjangkau malah di ganti jadi obat yang mahal kocak banget nanyain ke dokter malah disuruh beli yang mahal saja sistemnya bngsd,NEGATIVE
pelayanan dokternya mengecewakan masa sudah chat mau konsultasi enggak ada balasan malahlngsung ditutup percakapannya padahal saldo sudah kepotong,NEGATIVE
malas banget aplikasinya berbeda dari yang dulu enggak wort itu banget sudah berbayar jawabanya pun enggak memuaskan rugi kalo bisa unistal saja dari pada menyesal berbeda dari yang dulu,NEGATIVE
my favorite,POSITIVE
aplikasi yang sangat membantu sekali bisa konsultasi langsung dengan dokternya dan biaya juga terjangkau,POSITIVE
mantap dokternya tht dari deny,POSITIVE
gut,POSITIVE
deh bayar nunggunya lama eh pas giliran enggak di balas sebentar percakapan sudah ditutup,NEGATIVE
respon dokter cepat menganalisanya durasi waktu kurang,POSITIVE
enggak ada diskon nya payah,NEGATIVE
maaf dokter nya cuek saya sudah bayar untuk konsultasi eh malah suruh periksa ke dokter terus gunanya saya konsultasi untuk apa?,NEGATIVE
gila lengkap banget klikdokter bisa cek alergi juga jadi aku tau deh alergi apa saja aku,POSITIVE
fitur apa saja ada jadi merasa terbantu banget meski sendirian di kost kostan,POSITIVE
mending fitur konsultasi gratis setelah beli paket acne itu dihapus deh enggak guna!! dokter slow respon sampai 3 hari ini belum ditanggapi oleh dokter padahal itu klaim gratis konsultasi karena beli paket acne dari halodoc ini konsultasi juga di jam buka tapi sampai hari ini bahkan enggak ditanggapi dokter bagaimana progres perawatan wajah saya kalo memang enggak bisa gratis dan lelet hapus saja kebijakan ini enggak worth itu,NEGATIVE
aplikasi halo doc tidak bermanfaat macam sekelas dokter spesialis anak yang bernama dokter dwi lestari avianti menyarankan anak saya makan gorengan dan coklat padahal usia masih 6 bulan,NEGATIVE
fitur fiturnya klikdokter tuh bervariasi jadi enggak bikin bosan,POSITIVE
semoga mjdi tmpat solusi mudah jalan keluar dari masalah atas sgala kbaikanny semoga tercat sebagai aml baik disisny,POSITIVE
lebih baik konsultasi langsung lebih sinkron antara sakit apa dan obat nya apa berapa kali konsultasi di halodoc spesialis paru tht anak banyak di resepkan obat yang kurang sesuai dari apotik penjelasan nya juga kurang jelas,NEGATIVE
suka!!,POSITIVE
scam,NEGATIVE
sudah 3x konsultasi dsa baru chat 4 baris saja sudah menghilang sampai sesi selesai bukan berarti enggak mampu untuk ke dsa secara offline tapi kan second option diskusi mayoritas dsa nya pada slow respon enggak ada solusi bahkan terakhir menghilang enggak ada chat uninstal selamanya,NEGATIVE
bermanfad buat kita semuwa,NEGATIVE
aplikasi enggak jelas saya sambungin asuransi enggak bisa saya bayar pakai gopay enggak bisa juga mengecewakan,NEGATIVE
maaf untuk ap ini dulu sangat membantu namun setelah pembaruan sekarang sudah tidak,NEGATIVE
awalnya cuma sering baca artikel di website saja eh ternyata ada aplikasinya jadi download deh aplikasinya juga enggak ribet mencari artikelnya juga gampang sejauh ini artikelnya membantu mau mencoba konsultasi juga nanti,POSITIVE
terimakasih ada nya halodoc alhamdulillah bisa konsultasi online,POSITIVE
tanya tanya lewat chating doang bayar apa bisa akurat analisanya? yang tatap muka saja sering salah analisa,NEGATIVE
tidak seperti yang diharapkan daftar sudah slesai aplikasi tidak berjalan tidak brpungsi pada urusan rugi cuma bikin habis data,NEGATIVE
o gembel buat akun saja dari pagi salah server terus padahal pakai wifi,NEGATIVE
kaki saya gelisa pada saat tidur dan tidur pun kaki terasa tertarik,NEGATIVE
setiap saya konsultasi dan sudah mengajukan pertanyaan tinggal menunggu jawaban tidak ada balasan dari dokternya bahkan terkadang berhenti sendiri,NEGATIVE
halo doc abang saya baru mngalami cidera kepala berat karena terbentur hebat dan sekarang koma sudah 5hari setelah dioriksa dari sapa saraf dia level 6 apakah ada kemungkinan sembuh dok?mohon di jawab,POSITIVE
sangat membantu sebenarnya cuman ada sedikit kendala ketika dokter sibuk transaksi sudah di lakukan tapi uang yang sudah di bayarkan kenapa tidak di kembalikan mohon di perbaiki untuk pelayan seperti itu terimakasih,POSITIVE
kagak guna nih apk,NEGATIVE
koneksi sangat buruk chat terbaca dokternya sangat lama respon dokter lambat dan sangat singkat buang2 uang sama saja tanya ke chat gpt konsultasi terburuk selama pakai halo doc,NEGATIVE
menurut saya sih lebih baik di gratiskan saja karena kasihan sama rakyat yang sakit mau tanya dokter di apk ini enggak mampu buat bayar,NEGATIVE
saat urgent sangat membantu,POSITIVE
ini pertama kali nya semoga benar benar membantu,POSITIVE
saya bingung sering bab tetesan darah,NEGATIVE
respon dokter lama kebanyakan pertanyaan nya template enggak real seperti konsultasi dokter dan pasien pertanyaan sudah dijawab ketika membalas nya lama not recomended untungnya pakai admedika kalo pembayaran pribadi pasti sangat merugikan,NEGATIVE
dokternya ramah baik respon juga cepat,POSITIVE
we alodokter kenapa tanpa spengethuan saya ada db 39rb tiap bulan dan saya baru tau ke bank ternyata ada ptongan dari kalian apa2n ini saya tidak prna mnggunakan aplikasi ini tlong saya dhentikan langganannya itu namanya ambil hak milik orang bisa2 tembus ke rkening saya dan ptong tiap bulan kayak mau bayar pajak saja kembalikan uang saya,NEGATIVE
sangat membantu selalu konsultasi dengan dokter di halodoc dan alhamdulillah anak selalu cocok berobat di halodoc,POSITIVE
sangat membantuï ï ï,POSITIVE
uninstal saja mengira gratis,NEGATIVE
mantap hasilnya melegakan,POSITIVE
belum jadi konsultasi karena enggak direspon tapi sudah kepotong saldo gopaynya,NEGATIVE
jelek chat nya delay loading terus kalo mau buka chat konsultasi nya padahal jaringan stabil,NEGATIVE
recommended banget aplikasinya fiturnya banyak terus juga kalau mau konsultasi enggak ribet,POSITIVE
asam urat saya 11 7 saya sudah minum zyloric 300 badan saya masih nyeri dan mudah capek apa yang harus st lakukan,POSITIVE
kok dari nya lama balas nya,NEGATIVE
chat diakhiri begitu saja sepihak padahal sudah bayar dan dokternya yang enggak balas selama 30 menit,NEGATIVE
selama pakai klikdokter enggak pernah ada kendala sama sekali pelayanan worth itu banget dengan harga yang dibayar,POSITIVE
bagaimana nih masa barang masih dalam proses aplikasi nya sudah enggak bisa dibuka penipuan ya ini tanggung jawab dong !!,NEGATIVE
ini bagaimana ceritanya ya saya chat jam 23 27 disuruh menunggu 31menit saya tunggu sampai 1 jam lebih belum di balas giliran saya tidur jam 2 27 baru di balas saya belum jawab sudah ditutup percakapannya kalo mau chat bayar lagi kalo belum dibalas jangan ditutup dulu dong kan kalian yang lama banget berarti kesalahan di kalian dong?kok jadi saya yang nanggung kerugian?,NEGATIVE
aplikasi aneh!!! gue deh login lewat google dan sudah masukkan kode otp verivikasi nya enggak guna!!padahal banyak banget yang mau di tanya tapi malah enggak bisa masuk!! gue menyarankan jangan dowloand apk ini sudah tidak bisa masuk ke apk nya dan bahkan berbayar!!,NEGATIVE
baik jelas cepat respon,POSITIVE
keren respon dokter cepat dan jelas,POSITIVE
sudah bayar saat konsultasi di blok tolol,NEGATIVE
sudah di bayar ujung ujungnya dokter sibuk pilihannya cuma menunggu atau chat dokter lain kalo pilih chat dokter lain harus bayar lagi malah kayak nipu kayak nguras pengguna,NEGATIVE
obat asli dan pengantaran tepat waktu,POSITIVE
aplikasi sudah bagus sih berbalas chat dengan customer service juga sudah ok tapi untuk obat memerlukan waktu yang cukup lama sekali ya saya pengguna lama tapi untuk case membeli obat di apotek masih baru saya pesan dari jam 8 50 jam 9 05 sudah siap di jemput kurir sedangkan di google apotik itu! tutup jam 9 30 bisa enggak sih untuk case beli obat ini di percepat karena kalian tidak tahu betapa emergency obat tersbt kalo para ojol nya tidak bersedia mengantar apa enggak ada alternatif lain dari kalian ? bahasa deh mndg,NEGATIVE
respon baik n jelas,POSITIVE
aplikasi nya bagus,POSITIVE
karena lagi musim hujanaku kemarin habis bapil tapi aku mager banget berobat jadi lewat telehealth alhamdulillah dari obat pelayanannya bagus dan sangat membantu banget terima kasih klikdokter,POSITIVE
habis di perbaharui malah lagi mau chat sudah keluar sendiri,NEGATIVE
jelas dan puas,POSITIVE
ramah dan detail,POSITIVE
dok sudah 20 tahu lebih saya sakit kepala awal nya 1 bulan hanya 1 kali terus 1 bulan 2 kali sekarang saya sakit kepala 2 hari sekali kalau saya makan bodrrk merah putih pasti sembuh saya tidak mau kau tergantungan obat bodrex mohon saran dan obat paten apa yang harus saya konsumsi,POSITIVE
begitu bermanfaat disaat emergency baik di gunakan aplikasi ini namun kelebihan nya yakni masih menunggu lama di dalam proses tanya jawab secara live terima kasih berharap bisa di upgrade yang terbaik lagi dan juga lebih di publikasikan agar supaya masyarakat umum dapat menemukan aplikasi ini di branda appstore salam yudi novianto padang pelayaran indonesia,POSITIVE
wah enggak menyesal instal nih ap sangat bermanfaat sekali sukses selalu yaaaak,POSITIVE
sudah chat dengan dokter selama 1 jam namun sudah 2 kali tidak ada kejelasan lalu ganti dokter masih tetap tidak ada kejelasan lebih baik ke rumah sakit seandainya konsultasi diperpanjang lebih dari 1 jam mungkin lebih maksimal karena saya sudah tanya bagaimana tindakan dan obat yang harus dikonsumsi? namun semuanya hilang tanpa kejelasan karena terbatasnya waktu seandainya ada orang sekarat di desa mungkin sudah mati karena rumah sakit jauh dan aplikasi ini tidak bisa diandalkan,NEGATIVE
bagus sekali daripada yang sebelah,POSITIVE
berbayar sekali bertanya 45rb mending ke dokter langsung bisa berkali2,NEGATIVE
jawaban dokter memuaskan dokternya ramah di balasnya pun cepat terimakasih halo dok,POSITIVE
enggak jelas alamat pengiriman jelas jelas di bandung harusnya mencari apotek terdekatnya ya di alamat pengiriman dong bukan alamat yang pesan! ini jauh banget masalahnya bogor bandung loh,NEGATIVE
pertama kali banget pakai alodoc kecewa banget sama sistem nya pas beli obat sudah pembayaran lah kok enggak selang beberapa detik setelah pembayaran langsung dicancel penipuan banget ini ok ada menu refund konfirmasinya 3hr kerja eh ini seminggu lebih dana refund enggak masuk ke rekening saya di komplain cuma disuruh menunggu cek secara berkala gila ini aplikasi niat nipu atau apa sampai bosan mau fu refund dana enggak komit banget apa yang sudah di state rugi aku pakai aplikasi ini enggak lagi pakai apk ini!! kapok,NEGATIVE
pengiriman obat lama pesan obat dari tanggal 4 sampai hari ini masih di proses,NEGATIVE
terima kasih atas kerjasamanya yang kesalahan pahaman tersebut,POSITIVE
tidak puas dengan jawabannya tidak ada solusi yang tetap anak saya baru 19 bulan dan tidak mau minum susu saya bertanya dan katanya tidak harus minum susu padahal anak seusia itu masih butuh susu huft,NEGATIVE
lemot banget gila aplikasinya sampai enggak bisa konsultasi sama dokter yang ada rugi,NEGATIVE
saya sudah bayar tapi gagal dan duitnya enggak dikembalikan bagaimana sih enggak amanat banget,NEGATIVE
semuanya berbayar,NEGATIVE
cocok,POSITIVE
aplikasi loading melulu enggak bisa di buka,NEGATIVE
belum apa apa aplikasinya enggak bisa kebuka hadeh,NEGATIVE
aplikasi kocak minimal log ini harus 17 tahun terlebih dahulu?! dikira yang dibawah 17 tahun tidak bisa sakit dan tidak memerlukan konsultasi hah!! niatnya ingin menaruh kepercayaan ke aplikasi ini namun itu semua telah sirna!,NEGATIVE
terimakasih aplikasi ini sangat membantu sekali,POSITIVE
ya allah saya ke psikolog namun karena tidak cek jadwal profesional kata sih psikolog saya cuma konsultasi 20 menit itu juga dibalesnya lama psikolognya enggak menyambung ditanya apa jawab apa?? eh terus dia tanya sudah mudeng enggak? saya jawab saja belum tapi enggak apa apa kata saya eh dia meminta apa yang bingung katanya? saya jawab tentang x eh dia bilang itu bukan kewenangan dia buat mengasih tau sebagai psikolog sejak 23 februari 2024 sampai hari ini eskalasi cs alodokter sangat lambat sangat mengecewakan!,NEGATIVE
cukup pertama dan terakhir kali tadi ke dokter spesialis kulit penilaian keseluruhan tidaklah lebih baik dari halodoc iya memang ada dokter spesialis tapi masih terlalu general akan lebih baik dispesifikasikan contoh dokter spesialis kulit ini dia pengalamanya itu apa saja ada ruam jerawat kulit kering dl karena tadi ketemu dokter spesialis kulit tapi kurang paham sama keluhan saya dan resep salep yang diberikan juga melenceng sama 3 dokter spesialis kulit yang saya temui sebelumnya,NEGATIVE
aplikasi tidak bagus,NEGATIVE
hapus saja apk ini mau uang saja susah untuk konsultasi,NEGATIVE
dokter nya lama respon nya kadang sampai waktu habis enggak di bles,NEGATIVE
trmksh dok baru pertama kali saya dengan alodokter sukses alhamdulillah,POSITIVE
saya sudah beberapa kali mengajukan konsultasi tapi kenapa masih tetap enggak bisa selalu dikrim kode voucher terus padahal sudah disesuaikan waktunya,NEGATIVE
dokter enggak ada respon sama sekali buang buang uang doang,NEGATIVE
saya saran kpda anda coba klik dokter konsultan ahli jangan terllu pikir ayo semua klikï ï ï â ï â ï â ï,POSITIVE
sangat baik sekali puas dengan layanan alodokter,POSITIVE
mudah dimengerti dan detail terimakasih,POSITIVE
bagus akurat diagnosanya,POSITIVE
akhirnya dijawab juga bukan olaj komputer tapi orang langsung,POSITIVE
berguna sekali,POSITIVE
tunggu untuk mecobanya dulu bagaimana mau beri bintang dicoba saja belum,NEGATIVE
enggak rekomendasi beli obat disini untuk kosultasi oke lah kalo customer enggak tanya ke cs nya pengiriman obatnya cuma dikasih harapan palsu doang dibikin statusnya sudah dipickup lah akan dikirim lah sudah ditunggu berjam jam ternyata pas tanya cs baru dikasih tau kalo pengirimannya enggak bisa hari ini tapi besok!! dan enggak ada pembatalan kalau memang enggak bisa dikirim dihari yang sama kenapa enggak ada pemberitahuan sebelumnya bagaimana kalau pasien sedang urgent dengan obatnya??? enggak jelas,NEGATIVE
chat nya kadang eror,NEGATIVE
apdate ini aku kurang suka sudah enggak mudah lagi konsultasi dengan dokter harus serba bayar padahal hanya bertanya doang enggak seperti sebelumnya ada chat bisa gratis walau hanya 10 menit,NEGATIVE
apk jelek lemot respon dokter lama,NEGATIVE
praktis sangat membantu,POSITIVE
baik terimakasih atas informasinya salam semua,POSITIVE
selalu membantu disaat butuh obat untuk anakku terimakasih alodokter,POSITIVE
ngedownload mantap baru saja verifikasi nomor buat daftar malah enggak ada kelanjutan diulang kedua kali tetap sama ketiga kali malah error menunggu sejam ditunggu sejam tetap sama buat developer nya dihapus saja ya 1 enggak benar memang,NEGATIVE
enggak bisa dibuka,NEGATIVE
bagaimana nih dokter ambar spesialis kulit sudah payment padahal tapi enggak muncul orangnya jadinya harus payment lagi kalo mau konsultasi lagi ke yang lain,POSITIVE
jika dokter tidak online oada fitur chat premium sebaiknya tidak usah dimunculkan doket yang offline jadi pelanggan tidak membuang uang sia sia disini uang yang seharusnya untuk konsultasi malah terbuang sia sia disini,NEGATIVE
bessst harus banget pakai aplikasi ini,POSITIVE
sedikit kurang memuaskan,NEGATIVE
puasa terima kasih,POSITIVE
biaya konsultasi spesialis lebih murah menerima banyak ewallet dan va,POSITIVE
ok puas,POSITIVE
apk bagus tapi saya belum sempat khonsultasi sudah di akhiri saja sama dokternya mana slowrespon,NEGATIVE
apk bodong bukannya bantu masyrakat malah ditipu t4ik apk,NEGATIVE
obat komplit,POSITIVE
aplikasinya sangat tidak membantu saya pesan obat tetapi ditolak karena stock habis harusnya kalau obat tidak tersedia di apotiknya jangan ditampilin dong kayak aplikasi sebelah bagaimana kalau ada orang yang sangat urgent butuh obatnya sementara mau pengajuan tunggu dikirim ulang lama sekali dengan alasan menunggu antrian tetapi mau refund cari obat di tempat lain menunggu di proses selama 3 hari sedangkan kita hanya tersisa uang itu tidak ada obat,NEGATIVE
aplikasi jelek seharusnya membantu malah menyulitkan sudah melakukan proses pembayaran tapi pemesanan obat sangat lama untuk diproses sudah chat ke customer service disuruh menunggu 6 8 jam baru pesanan diproses pasien disuruh menunggu selama itu kah untuk mendapatkan obat? saya meminta refund tapi tidak bisa balasan customer service juga tidak mengenakan tidak akan lagi menggunalan alodokter aplikasi yang tidak membantu sama sekali untuk para pasien yang membutuhkan obat cepat!,NEGATIVE
gue nyeritain keluhan lalu dokternya jawab akan saya jelaskan sudah gue tunggu kurleb setengah jam tibaâ² diputuskan percakapannya sama dokternya enggak amanah enggak iklas gue anjer,NEGATIVE
terimakssih aplikasi yang sangaaat membantu thank you,POSITIVE
mau daftar saja susaaaah,NEGATIVE
alhamdulillah senang dan puas dengan konsultasinya,POSITIVE
tetap mending datang langsung ke dokter,NEGATIVE
terlalu lama dan bertele tele,NEGATIVE
buruk sudah bayar dokter 30menit dokternya enggak ada respon alhasil enggak bisa chat duit 115rb lenyap begitu saja,NEGATIVE
waktu tahun 2019 2021 saya sering konsultasi psikologi di halodoc dan top up saldo saldo masih ada sisa 150rb setelah itu saya ganti hp dan tidak download halodoc bulan kemarin saya download saya cek saldo kok saldo saya hilang? hilang kemana ini saldo saya? tolong penjelasannya terimakasih,NEGATIVE
kualitas chat dengan dokter tidak bisa maksimal karena nge lag parah harus keluar dari chat terus kembali lagi agar ter refresh,NEGATIVE
biaya aplikasi sebesar 50an ribu untuk daftar pasien ke dokter saraf di rumah sakit mahal amat maaf auto uninstal,NEGATIVE
mantap segala info nya,POSITIVE
sangat membatu trmakasih,POSITIVE
kak kok di aplikasi saya enggak ada tulisannya chat dengan dokternya ya itu bagaimana,NEGATIVE
mudah banget di gunakan membantu sekali,POSITIVE
konsultasi memuaskan,POSITIVE
dokternya menjelaskan secara rinci,POSITIVE
pokoknya sip deh,POSITIVE
sudah lama instal tadi baru update tapi sama sekali enggak bisa login entah kenapa padahal lagi butuh buat konsultasi,NEGATIVE
konsultasi nyaman,POSITIVE
main batalkan orderan tanpa informasi yang jelas eh giliran refund 3hari kerja lah saat diorder butuhnya langsung bukan 3hari kerja baru diproses,NEGATIVE
dokter umumnya sekarang kok berbayar ya dulu gratis,NEGATIVE
baguus saya sangat terbantu,POSITIVE
sangat membantu dan puas dengan jawaban ya enggak diberikan terima kasih banyak,POSITIVE
respon yang bagus,POSITIVE
berguna sekali aplikasi ini,POSITIVE
dari baik ramah dan cepat membalasnya,POSITIVE
baru pertama kali menggunakan aplikasi ini dokter nya ramah respon cepat meskipun hanya lewat chat dan kirim foto semoga cocok dan sembuh,POSITIVE
berkali2 duit kepotong tapi enggak bisa konsultasi sama dokternya closed sendiri,NEGATIVE
aplikasinya bagus respon dokter cepat dan memuaskan banyak artikel yang menarik juga,POSITIVE
chat sama dokter umum masa enggak di balas padahal sudah bayar worst banget sih,NEGATIVE
sangat bermanfaat dan sangat membantu,POSITIVE
senang bisa konsultasi dengan dari dari rumah mudah mudahan cocok obatnya tq,POSITIVE
sangat mengecewakan mending ke dokter saja,NEGATIVE
sangat membantu dokternya ramah mskipun agak lama balesnya mungkin ngelani yang lain,POSITIVE
bukan ap untuk orang miskin,POSITIVE
tolong dok apa obatnya penyakit kulit kepalamendimbulkan rontok rambutnya,NEGATIVE
simple god job,POSITIVE
sudah enggak bisa reguler sedih,NEGATIVE
aplikasinya jelek dan sangat jelek mau daftarnya susah hapus saja aplikasinya buangâ² data saja,NEGATIVE
aplikasi yang sangat membantu dan respon yang cepat dari para dokter,POSITIVE
dokternya ramah dan konsultasinya cepat,POSITIVE
selalu jadi yang pertama saat ngalamin keluhan sebelum ke rs,POSITIVE
aplikasi klikdokter akan jadi sahabat gue banget nih soalnya gampang banget dipakenya enggak bikin pusink,POSITIVE
halo dok bagaimana nih apa saya bisa di bantu untuk tampilkan whatsap ku,NEGATIVE
ini kok enggak bisa masuk ya? sudah dapat kode verifikasinya tapi kok enggak bisa masuk sih? tolong dibetulkan!,NEGATIVE
beli obat tidak bisa pilih toko obat apotik terdekat beli obat lama sekali tidak datangâ² meminta bantuan chat dengan cs responnya sangat tidak menjawab pertanyaan dan buruâ² memutus percakapan,NEGATIVE
kena tipu sales pinggir jalan sudah dibantu malah nipu mengomong enggak kena potongan taunya dipotong tiap bulan,NEGATIVE
saya kira enggak bayar ternyata bayar tolong untuk ada beberapa yang di gertis kan karena menurut saya harganya mahal,NEGATIVE
enggak rekomendasi sama sekali pilih an pengiriman nya enggak jelas enggak bisa pilih di apotik terdekat pilih reguler malah enggak sampai sudah 4 hariâ â tolong di perbaiki sistemnya kecewa banget jujur aku kira membantu ternyata enggak,NEGATIVE
respon sangat baik dan cepat,POSITIVE
sudah dua kali booking chat online sama dokter gagal terus dan dibatalin begitu saja uang juga enggak bisa di refund malah di jadikan voucher kan kalo uang di refund bisa dipakai buat yang lain ini malah enggak bisa menyesal banget menyesal! lagi urgent karena takut kemana mana malah kayak begini,NEGATIVE
alodokter hanya semata mata cari uang tapi pelayanan tidak profesional kami sangat kecewa dengan alodokter kami sudah bayar biaya pelayanan tapi pelayanan tidak memuaskan di laporkan di admin dan di sebut nama dokter nya namun admin alodokter menjawab dokter tersebut bukan rekanan kami bagaimana ceritanya bukan rekanan kalo dokter itu ada di apk alodokter saya sangat kecewa dengan aplikasi pencari uang ini,NEGATIVE
pengalaman buruk di aplikasi tertera biaya konsultasi tanpa ada embel embel estimasi ketika selesai konsultasi justru bengkak jadi 2x lipat dari harga yang di cantumkan sangat merugikan pengguna,NEGATIVE
dulu konsultasi di sini gratis tapi sekarang kenapa bayar,NEGATIVE
sudah bayar konsultasi tapi karena dokternya enggak online maka di ganti sama vouvher konsultasi gratis eh besok nya mau pakai vouchernya hilang dan malah di suruh bayar lagi parah !! mending cabut saja kan masih ada aplikasi kayak begini yang enggak bikin pusing !,NEGATIVE
tidak membantu sama sekali,NEGATIVE
dokernya gercep pas banget buat anak kos yang sakit tapi enggak ada yang mengantarkan luv banget,POSITIVE
jangan pernah download aplikasi ini dana refund sudah 1minggu lebih belum di kembalikan di hubungi cs ada saja alasanya hati dan tetap waspada jangan sampai ada korban lagi penipuan!!!,NEGATIVE
terima kasih batuan dokter,POSITIVE
bagus dan bermanfaaat tks dok,POSITIVE
sangat sangat membantu dengan harga yang sangat murah bisa langsung konsultasi ke dokter spesialis anak,POSITIVE
mantab cepat enak bekerjasama dengan asuransi kesehatan jadi langsung pakai fasilitas,POSITIVE
bagaimana ya tolong reason !!!! memotong saldo lewat sama banking saya tapi tidak menikmati program nya bagaimana mana ya ini hallo!!,NEGATIVE
pernah beli chat preminium tapi dokternya enggak pernah online ada fitur chat ke dokter lain aku klik terus malah ada tulisan maaf dokter untuk spesialis ini belum tersedia lah piye toh? agak kecewa sih,NEGATIVE
bagus semoga selalu membantu pengobatan online dikaala malas keluar,POSITIVE
sangat puas dan membantu disaat urgent terimakasih halodoc,POSITIVE
dokter di klik dokter keren keren tengah malam pun ramah banget dan tetap fastrep,POSITIVE
dokter sabar,POSITIVE
caranya konsultasi bagaimana ini di 2025 mau chat dokter di fitur yang apa,NEGATIVE
mau sembuh brobat kalo mau sakit enggak usah berobat keren dokternya hilang sia2 45 rebu,NEGATIVE
apk nya leg nih masa kemarin pesan nya di kirim terus di buka lagi belum di kirim besok nya di buka lagi sudah di kirim tapi pas di cek dalam proses pengiriman dua hp saya pakai buat apai tapi tetap saja brti apk nya dong,NEGATIVE
bagus respon nya sangat bermanfaat,POSITIVE
bagus dokter nya fast respon dan sangat membantu,POSITIVE
najis cuman mau tanya saja bayar,NEGATIVE
enggak bagus untuk digunakan aplikasi ini hanya ingin memeras uang anda setelah pembayaran berhasil aplikasi menutupnya!!!! pencuri,POSITIVE
aplikasi sangat buruk jangan pakai kalo kalian tidak ingin rugi,NEGATIVE
sejauh ini efektif kalo ada keluhan sakit dan dokternya ramah sehat selalu dan salam sehat,POSITIVE
bagus ramah cepat tanggap,POSITIVE
sangat mempermudah,POSITIVE
aku sembuh dari segala penyakit,POSITIVE
selalu dapat saran dan yang respon yang baik,POSITIVE
sudah buat konsultasi tapi dokternya lama dan enggak ada respon untungnya walaupun selama chat enggak ada respon masih ada resep yang di berikan,NEGATIVE
sangat bermanfaat tadinya saya khawatir sekali tetapi setelah konsultasi berkurang takutnya respon juga cepat sekali,POSITIVE
enggak ada yang gratis semua berbayar,NEGATIVE
singkat jelas baik,POSITIVE
dokternya baik terima kasih banyak dok,POSITIVE
mohon bantuannya saya daftar waktu disuruh masukkan nomor verifikasi kok enggak muncul2 ke sms katanya nomor verifikasi di kirim melalui sms enggak muncul2 di sms nya padahal sudah saya masukkan nomor telepon saya bagaimana sih apk ini?bikin bingung,NEGATIVE
alhmdulillah sehingga bermangfaat bisa konsultasi dengan dokter kapan saja trimkasih,POSITIVE
selalu suka dengan alodokter terimakasih atas saran dan masukannya sangat bermanfaat sekali,POSITIVE
pengalaman di aplikasi lain dokternya enggak menerima konsultasi via vc tapi pas pakai klikdokter lagi urgent nya buat konsultasi via vc dokternya justru menyanggupi paling beda dan top memang pelayanan klikdokter tuh,POSITIVE
baru instal langsung di coba taunya enggak menyambung bertanya apa jawab apa ujungnya bilang konsultasi langsung next mungkin bisa chat dokter lain kalau puas ganti bintang tapi buat pertama kali sangat kecewa,NEGATIVE
membantu enggak ada diskon ya untuk dokter spesialis,POSITIVE
paket saya sudah sebulanan tak kunjung tiba,NEGATIVE
dokter nya ramah dan helpful terima kasih dari rizka sapa enggak,POSITIVE
sudah bayar buat muncul dokternya enggak di yang aktif enggak dah kompensasi nya bayar hilang percuma,NEGATIVE
okeh dan mudah,POSITIVE
bagaimana sih rugi dong gue bayar 3 kali masa kagak ada yang di respon bisa duit gue di balikin saja konsultasi saja kagak pengembalian duit kalo ada yang mau donload jangan deh mending halo doc saja cepat respon kagak kayak aplikasi ini mau duit nya doang,NEGATIVE
sudah enggak fre lagi ya,NEGATIVE
kesedot terus dari rekening saya cara non aktif yang tertarik rekening bagaimana,NEGATIVE
dokternya gjelas jawabannya sama kayak google menyesal banget cuma buangâ² duit terus lama banget responnya ditanya dikit dikit of gjls katanya pengalaman 13 tahun tapi kayak fake menyesal intinya tau begini deh lihat google saja,NEGATIVE
belum chat belum selesai jadwal sudah offline dari nya uang baru dibayar sudah offline alhasil bingung nyesal download,NEGATIVE
buat ibu yang punya keluhan perkara kesehatan buruan gih capcus klikdokter download saya baru saja coba amat sangat membantu karena anak saya lagi sakit saya baru buka langsung bisa chat sama dokter nya tanpa takut biaya mahal atau harus antri sampai berjam selamat mencoba terimakasih klikdokter,POSITIVE
sangat membantu untuk anak kost yang hidup diperantauan jadi kalau mau komsultasi mudah dan cepat dokternya juga gercep kalau balas chat suka sekali dengan halodoc,POSITIVE
jangan kalian download ini ap masa sudah bayar buat chat dokter belum dipakai sudah hangus padahal baru ditinggal beberapa menit doang,NEGATIVE
mau ngeluh saja sudah pakai pengiriman instan mencari driver nya menunggu 1jam pengiriman nya 1 jam lebih jadi bisa sampai 2jam malah 3 jam oke gapapa pengiriman nya tapi mencari driver nya jangan lama banget dong,NEGATIVE
saya merasa tertipu sudah bayar tetapi sebelum ada tanggapan dari dokter room chat sudah ditutup jika sudah tertutup dokter tidak bisa menanggapi keluhan kita seharusnya ditampilkan list secara real time dokter yang bisa langsung menanggapi keluhan kita bukan dokter yang sudah gabung dengan klik dokter sudah bayar enggak ada gunanya hapus saja aplikasi ini,NEGATIVE
aneh proses batalkan pesanannya ribet merugikan semua pihak buang2 waktu kurir juga diperbaiki supaya opsi batalkan pesanan bisa diproses cepat kayak merchant lainnya!,NEGATIVE
sangat membantu tidak perlu mengantri,POSITIVE
setelah di update kok enggak bisa melacak pengiriman secara realtime?,NEGATIVE
lacak pengantan muter2 mulu chat cs sama muter2 terus enggak bisa dibuka,NEGATIVE
pengalaman pertama dengan layanan yang memuaskan,POSITIVE
dokternya sangat ramah melayani dengan cepat,POSITIVE
aplikasi dalam pembayaran ngebug saya sudah bayar tapi malah ngebug terus proses pengembalian dana butuh waktu lama 5 menit saja enggak ada butuh waktu beberapa jam,NEGATIVE
aplikasinya bagus sih cuman saran saja sebaiknya pembayaran boleh via bri baca mandiri dl agar lebih mudah bagi pengguna yang tidak punya apk dana gopay,POSITIVE
dokter ramah melayani dengan baik go job,POSITIVE
mempermudah untuk membeli obat online,POSITIVE
tidak gratis chat sama dokter harus bayar,NEGATIVE
sangat sangat membantu sekali daripada ngegoogle mencari tau sendiri yang ada malah ovt banget gasiih? tanya ke orang orang malah dikasih resep ngwur2 alternatif2 ujung2nya bukanya smbuh malah makin parah,POSITIVE
bagus tapi kalo chat sama dokter lebih enak sih merah,NEGATIVE
beberapa dokternya balasnya kayak template mungkin copy paste template text yang keyword gejala dan kadang enggak menyambung sama sakit yang sedang dibahas,NEGATIVE
puas bisa bertanya,POSITIVE
sangat jelas dan memyaskan,POSITIVE
setrlah di update malah enggak bisa chatsma dokternya buka chatnya bisa tapi enggak bisa membalas chat dari dokter tidak bisa juga mengetik ini bagaimana,NEGATIVE
semoga selalu sehat,POSITIVE
sangat berguna lebih praktis jadi enggak perlu ke klinik lagi kalo mau konsultasi,POSITIVE
singkat padat lugas bikin dada saya terasa ploooong setelah curhat,POSITIVE
ditanggapi dengan baik,POSITIVE
memudahkan konsultasi online dengan dokter tanpa harus antri ke rumahsakit apalagi di hari weekend yang tidak ada praktik doktermya,POSITIVE
mantap pokonya,POSITIVE
dokter sangat responsif ðÿ,POSITIVE
aplikasi yang bagus untuk informasi dan pelayanan kesehatan sangat membantu banget,POSITIVE
masyallah dokternya baik dan ramah bangetpuas buanget,POSITIVE
dokternya gercep walaupun mash ada pasien lain tetap cepat nanganiny aplikasinya terhubung dengan apotek jadi enggak ribet cari apotek lagi,POSITIVE
buruk chat tidak dibalas sampai waktu konsultasi habis parah,NEGATIVE
mengecewakan,NEGATIVE
sangat puas dengan jawaban,POSITIVE
bagus buat introvert dan pencegahan sebelum tindak lanjut ke dokter di rs jadi hemat waktu dan biaya,POSITIVE
jawaban cepat dan cukup memuaskan,POSITIVE
lebih mudah untuk berobat,POSITIVE
sangat membantu dengan ada nya ini terima kasih,POSITIVE
dokter nya enggak mengulur waktu langsung satset enggak kayak ap lain yang dokter nya baru bals waktu sudah mendekati akhir sesi,POSITIVE
aplikasi enggak bisa di pakai sama sekali,NEGATIVE
mudah dan aman,POSITIVE
terimakasih kak,POSITIVE
pengalaman pertaama sangat sangat memuaskan penjelasan yang sngat jelas cepat dan yang pastinya akurat terimakasih bu dokter,POSITIVE
percaya kwalitas yang baik dan mudah di cerna terima kasih saya kasih bintang 5 semoga bermanfaat,POSITIVE
sanhat membantu,NEGATIVE
parah sih kita sudah bayar untuk konsultasi tapi dokter balasnya lama dan tibaâ² dokter sudah tidak aktif chat sudah berakhir wkwkwk padahal belum ada 50 konsulnya memang paling benar di halodoc,NEGATIVE
jadi lebih mudah tanpa perlu keluar rumah dan mengantri,POSITIVE
sangat bermanfaat enggak perlu antri di klinik,POSITIVE
tidak bisa membayar lewat shope pay ketika ingin membayar tidak di arahkan langsung masuk aplikasi shope jadi bagaimana cara bayar nya,POSITIVE
paket obat nya lama banget sudah 12 hari masih belum sampai,NEGATIVE
selalu gagal log ini padahal pasword sudah benar,NEGATIVE
jaringan tidak stabil saat melakukan konsultasi via chat,NEGATIVE
pertama konsultasi tidak dijawab oleh dokternya tapi dapat refund dari klik dokter tim cs sangat fast respon terimakasih,POSITIVE
curhat sama dokter yang pada tidur enggak ada respond sama sekali,NEGATIVE
bermanfaat bagi diri sendiri dan juga menambah wawasan dalam dunia kesehatan,POSITIVE
setelah di update kok enggak bisa chat ya mohon bamtuan,POSITIVE
keteranganya jelas,POSITIVE
chat lancar dan cukup jelas kesimpulan dan sarannya,POSITIVE
enggak jelas di tanya apa di jawab apa solusi nya juga enggak jelas buang2 uang saja,NEGATIVE
sudah chat dokter sampai sesi nya berakhir enggak dibalesâ² pedahal sudah bayar aplikasi enggak jelas,NEGATIVE
parah pelayanannya respon komplain sangatâ² lambat paling cepat 30menit dan ini hanya beberapa kali saja yang 30 menit dan selebihnya 1 sampai 2 jam baru ada respon lalu ketersediaan obat di apotek rekanan minim hingga harus menebus obat sampai luar pulau dengan jarak ribuan kilometer ini terakhir kali saya menggunakan apk ini sangat tidak rekomendasi,NEGATIVE
sudah berkali kali konsultasi di apk ini sangat membantu mencarikan solusi obat dan ramah dokternya tapi sayang terakhir konsultasi dokternya kurang ramah langsung tapi the point kayak yang dishare digoogle padahal niat konsultasi biar ada penjelasan yang lebih jelas enggak mau ditanya langsung diselesaiin obrolan kecewa,NEGATIVE
sangat membantu saat dibutuhkan good job,POSITIVE
parah banget hati hati kalo ada sales yang mau daftarin halodoc dengan meminta no ktp dan no rek itu jadi berlangganan otomatis atm kalian bakalan kesedot 39ribu setiap bulannya dan gbisa di batalkan parah sih ini sales kagak ada komfirmasi soal ini aplikasi maling duit ini konsultasi jarang duit di atm di potong 39rb setiap bulan nya dunia akhirat kagak ridho !!!,NEGATIVE
alhamdulilah ada kesembuhan konsultasi dari halodoc terima kasih dokter,POSITIVE
aplikasi bodoh mau daftar mental mental tidak bisa masuk cari orang yang profesional,NEGATIVE
aplikasi yang membahayakan sudah di tunggu 45 menit tibaâ² dicancel dan enggak ada pertanggungjawaban,NEGATIVE
kok stuck di logo saja ya bagaimana cara mau ke berandanya ?,NEGATIVE
hahahaha mengira chat gratis ternyata bayar2 juga,NEGATIVE
sangat membantu sekali semoga terus bisa memberi informasi dan manfaat untuk orang banyak terima kasih,POSITIVE
services excellent,POSITIVE
sekeluarga gue sudah paling nyaman pakai klikdokter kalo ada apa apa pelayanannya no kaleng kaleng lah,POSITIVE
jeleek jangan di download,NEGATIVE
suka sekali lancar chat nya,POSITIVE
dari nya ramah penjelasanya bagus teliti memuaskan,POSITIVE
konsultasi masalah wajah semoga membuahkan hasil,POSITIVE
pelayanannya bagus banget dokternya cepat banget balas cht,POSITIVE
apk yang bagus,POSITIVE
saya sudah bayar layanan premium chat dokter 2 kali semua nya enggak ada tanggapan padahal sudah berharap dibalas karena butuh jatuh nya ngerugiin user kalau boleh saran timer aplikasi premium jalan ketika dokter ybs balas chat,NEGATIVE
suka banget pakai aplikasi klikdokter dokternya fast respon dan kita bisa mendapatkan resep obat tanpa harus mengantri ke klinik rs loh terlebih biaya konsultasi dokternya sangat terjangkau mantab,POSITIVE
mata saya sudah di operasi lalu buram kata dokter ada kayak lumpur di belakang mata saya pertanyaan saya bagai mana cara menghilangkan kotoran ituterimah kasih,NEGATIVE
dokter pribadi sibuk terus dan kirim chat selalu enggak bisa tolong di atur minimal kalau sibuk dengan pasien lain pesan bisa terkirim,NEGATIVE
mudah enggak ribet kalo lagi urgent,POSITIVE
ulasan hari ini adalah saya baru mau download eh malah baca komen netizen,NEGATIVE
masya allah seumur hidup punya hp baru kali ini menemukan aplikasi yang bermanfaat sekali terima kasih banyak sudah membuat aplikasi seperti ini sangat membantu,POSITIVE
fast respon dan memuaskan,POSITIVE
dari wahju krisnoto spesialis mata,POSITIVE
sangat membantu banget tapi disayangkan akhir ini sering menyebabkan hang di hp saya dan harus saya uninstal padahal untuk kebutuhan beli beli vitamin apps ini andalan banget buat saya just info saya pakai android os versi 13 ram 8 semoga pesan saya sampai dan di tunggu improvementnya,NEGATIVE
sangat membantu saya dalam hal kesehatan dimanapun berada,POSITIVE
aplikasi stuck tidak bisa beroperasi berulang kali keluar masuk keluar masuk terus tolong dibantu masalah ini,NEGATIVE
baiknya ada penambahan metode pembayaran seperti virtual account,NEGATIVE
respon cepat dan jelas,POSITIVE
good and recomended,POSITIVE
di aplikasi tidak ada keterangan ada biaya tambahan reservasi via aplikasi alo dokter pas sampai rs ada biaya tambahan 55rb,NEGATIVE
mau chat saja minta bayaran mahal,NEGATIVE
cepat dan bagus pelayanan nya memuaskan sekali,POSITIVE
saya menunggu lama ok enggak apa apa tapi dokter tidak menjawab lalu tiba tiba dokter offline dan di katakan bahwa sesi chat telah habis rugi banget tidak dapat jawaban dan uang hilang bagaimana nih pihak alodokter,NEGATIVE
dari reti responnya cepat,POSITIVE
percuma konsultasi berbayar ujung ujung nya malah di suruh ke rumah sakit tanpa di beri resep obat tidak ada solusi !,NEGATIVE
thank you for al doctor helps me and my family,POSITIVE
otp whatsap tidak berfungsi saat verifikasi perubahan profil pakai 08 maupun 62 kode enggak masuk,NEGATIVE
tengah malam konsultasi sambil rebahan dokternya ramah dan penjelasannya mudah dipahami terimakasih alodokter tadi sebenarnya duluan download ap sebelah tapi opsi pembayarannya terbatas banget lebih mudah dan banyak pilihan di alodokter meaki awal awal sempat bingung juga karena sudah bayar tapi enggak jelas ruang chatnya dimana ternyata ruang chat terbuka setelah dokter merespon begitu pembayaran berhasil sayangnya enggak bisa lihat riwayat chat yang sudah dilakukan kalo sudah selesai dan ditutup,POSITIVE
aplikasi enggak ngotak cuman sekedar bertanya mau konsultasi lewat pesan doang bayar cuih kasihan sama warga kecil sumpah ini aplikasi termiris yang ada di indonesia sadis ini yang dibanggakan padahal rs enggak virtual atau tatap muka pelayanan kurang bayar lagi,NEGATIVE
dokternya ramah semua pertanyaan dijawab,POSITIVE
cukup membantu aplikasinya dan admin csnya cukup cepat responnya mohon kedepannya ditingkatkan lagi aplikasinya,POSITIVE
beda sama yang dulu,NEGATIVE
semoga berhasil,NEGATIVE
info detil,POSITIVE
keren satu satunya platform yang menyediakan fitur chat gratis sebelum berbayar terimakasih,POSITIVE
hadir expres di waktu yang tepat,POSITIVE
setelah update tidak bisa konsultasi gratis seperti dulu padahal dulu dikasih fre 3x dalam 1 hari,NEGATIVE
aplikasi rating 0 auto debetnya cepat klaimnya dipersulit untung surat izin berdiri rumah sakit sama akta kelahiran tidak ditanya ribet dan seolah2 mengulur waktu agar waktu klaim habis jangan didownload aplikasi penipuan,NEGATIVE
sangat membantu dokternya baik baik banget,POSITIVE
tidak puas dengan sistem tanya jawabnya masa status online tapi dokternya berjam jam tidak ada balasan sekalinya jawab panjang lebar tapi tidak on point mengecewakan,NEGATIVE
dokternya responnya sangat lama dan tidak ramah tidak menjelaskan demgan detail menjawab hanya singkat2 dan harus kita yang aktif bertanya sangat tidak rekomended,NEGATIVE
sudah bayar enggak bisa digunain malahan bayar 2x,NEGATIVE
puas konsultasi dengan dokter daniel ferrand sehat untuk dokter ya sekali lagi terima kasih banyak atas penjelasannya yang jelas dan gamblang,POSITIVE
hadeh apk buat orang kayak ini mah masak konsultasinya bayar bagaimana mau maju begini kasihan yang sdm rendah yang kayak mah okâ² saja,NEGATIVE
kenapa tidam bisa menghapus pesan ya?,NEGATIVE
dulu enggak bayar kayak sekarang baru unduh mau uninstal saja deh,NEGATIVE
murah tapi murahan!! baru kali ini kecewa sudah bayar sudah tertarik saldonya saat konsultasi sama dokternya tapi belum juga mulai konsultasi sudah ketutup otomatis duit di refund 14 hari kerja mending yang mau pakai apk ini pikir lagi baik baik mending halodok deh,NEGATIVE
baru pertama kali pakai aplikasi ini ketemu dengan salah satu dokter yang ramah dan konsultasi berjalan dengan lancar dan saya juga puas dengan jawabannya terimakasih banyak,POSITIVE
bagus bangt sangat membantu,POSITIVE
apk ini ok juga dan juga pak dokter baik dan ramah tapi sayang nya saat saya butuh obat tidak sesuai dari apotik nya jadi saya malas resep obat apa di kasih obat apotik nya lain,NEGATIVE
wah parah sih ini lagi konsultasi bilang mau menulis resep malah chat berakhir padahal masih 7 mnitan lagi,NEGATIVE
terimakasih haldoc,POSITIVE
praktis kalo mau berobat tanpa ribet harus keluar rumah sudah dari tahun 2020 berobat di halodoc anak aku juga berobat disini obat nya cocok dokter nya berpengalaman semua ðÿ,POSITIVE
sudah di bayar sama astra masa masih kena tagih biaya bayar pribadi,NEGATIVE
sangat membantu sekali dokternya jawab dengan jelas terimakasih klik dokter,POSITIVE
cepat aman praktis juga kalau malas pergi konsultasi langsung bisa di halodoc alhamdulillah dapat dokternya baik juga informatif banget sabar juga karena sering telat konsultasi halodoc oke bgtðÿ,POSITIVE
dokter nya sangat ramah dan selalu menjawab semua pertanyaan dengan baik,POSITIVE
dokter respek,POSITIVE
dok saya sering keringatan berlebihan saat mau tampil di depan umum apa solusix,NEGATIVE
suka karena menggunakan product kita juga appsnya hehe,POSITIVE
sudah 4 tahun pakai ini membantu sekali the best pokoknya,POSITIVE
saya sangat sering menggunakan halodoc untuk konsultasi tapi sudah 2x ini saya dapat pengalaman tidak enak saya sudah bayar 59rb bagi saya itu tidak sedikit tapi waktu 30 menit saya tidak cukup dan puas karena dokter yang slowrespon masih ada yang ingin saya tanya baik sakitnya atau obatnya tapi sesi sudah selesai tolong jangan 30 menit saja tapi lebih!,NEGATIVE
sangatlah membantu,POSITIVE
konsultasi tanpa ke rumah sakit,POSITIVE
baik dan ramah bagus kasih saran,POSITIVE
batas waktu konsultasi nya cepat banget dan dokternya lama baru balas dan jawabannya juga kurang memuaskan,NEGATIVE
bayar semua,NEGATIVE
kalau bisa jangan pernah pesan obat di alodokter karena pengalaman saya pesan obat langsung di alodokter diarahkan ke apotik k24 tiba tiba di cancel dan dana refund sebesar 570 harus menunggu 3hari mudah3an balik itu duit kalau sampai enggak balik benar benar aplikasi segede ini pelayanan nya amat sangat jelek dan lambat,NEGATIVE
knapa saya tidak bisa mendaftar di aplikasi dan aplikasi ini bilang token saya tidak cukup atau nomor hp saya tidak cukup padahal saya sudah berulang kali melakukan nya,NEGATIVE
saat selesai membayar muncul tulisan dokter sedang sibuk tapi saya tidak dapat notif kalo dokter sudah tidak sibuk dan saldo saya sudah terpotong,NEGATIVE
jelek kita tidak bisa bertanya lebih dari 4 kata chatx selalu hilang sendiri,NEGATIVE
baru kali ini instal aplikasi dokter onlen lihat ada sekalian fitur kalender kesuburan dan imunisasi benar benar membantu banget buat para perempuan ataupun ibu ibu,POSITIVE
klik dokter ini sangat cocok bila anda ada keluhan kesehatan,POSITIVE
doi kalah deh kalau soal fast respon dibanding dokter dokter di klikdokter pertama coba kget banget secepat itu membalasnya,POSITIVE
dokternya baik respon sangat cepat,POSITIVE
mantaaaaaap membantu sekali,POSITIVE
tidak rekomendet seperti di jawab oleh robot,NEGATIVE
dokternya enggak jelas sesi waktu habis dia lambat balas pas terakhir enggak dikasih resep obat apapun lah bagaimana????,NEGATIVE
gue pakai apk alodokter sudah dari lama banget sekitar 2 3tahunan dan sumpah gue baru kali ini kecewa sama aplikasinya sudah tebus obat malah obat nya belum datang2 sudah hubungin cal center tapi respon nya enggak jelas plis deh tolong banget ini memperbaiki ya aplikasi nya jangan kayak begini bikin kecewa parah akhirnya itu obat gue beli sendiri padahal gue sudah tebus obatnya tapi dari apk alodokter nya enggak konfirmasi2,NEGATIVE
sangat membantu sekali sudah berkali memakai aplikasi ini dokter nya sangat ramah dan penjelasan sangat jelas memuaskan metode pembayarannya pun sangat mudah,POSITIVE
konsultasi awal dengan dokter seperti chat dengan system,NEGATIVE
bagus banget cukup puas buat jawabannya dan cepat responnya,POSITIVE
dari tanggal 18 sampai 21 sudah maubl 3 hari dana refund saya masih belum masuk juga! parah sih pelayanannya enggak percaya lagi deh uang kalau direfund begini mending dilapak sebelah mahal sedikit tapindipercaya,NEGATIVE
saya puas dengan konsultasi ini tks,POSITIVE
terima kasih penjelasannya,POSITIVE
topq,POSITIVE
dikit dikit hiv dikit dikit aids dikit dikit herpes sepertinya isi nya korban hiv semua saya kasih tau daftar ambil antrian ke dokter tempat prakter melalui alodokter lebih mahal dari pada langsung ke tempat peraktek nya sangat sangat mahal,NEGATIVE
sudah bayar malah enggak bisa masuk mengakak amat nih aplikasi,NEGATIVE
pelayanan antar obatnya sangat mengecewakan pilih metode pengiriman instant yang estimasi seharusnya max 75menit tapi kenyataannya order dari jam 5 subuh sampaj jam 3 sore obat belum dikirim dengan alasan tidak ada driver itupun tidak ada konfirmasi apapun dari pihak halodoc setelah chat cust service baru dilakukan pengecekan dan sama saja tidak ada hasil hanya disarankan untuk pembatalan pesanan tidak rekomen!,NEGATIVE
pelayanan yang memuaskan trimaksih,POSITIVE
semoga anak lekas membaik dokternya sangat membantu dan menjelaskan secara rinci,POSITIVE
tidak membantu ingin berobat dari rumah tapi hanya sekedar konsultasi dan diberi resep surat sakit tidak pernah diberi dengan alasan kosong dari pusat atau apalah meskipun sudah ke beberapa dokter di aplikasi ini begitupun saat mau tebus resep surat sakit tidak diberi ujung2nya tetap harus ke klinik,NEGATIVE
dokternya sangat responsif enak diajak konsulnya,POSITIVE
penjalasannya sangat detail terimakasih dok,POSITIVE
habis konsultasi mau langsung nebus obat soalnya sudah enggak kuat sama menahan sakit eh malah 2x dong pengiriman saya dibatalkan tolong boleh diperbaiki lagi kami yang tinggal di pedalaman sulit buat mencari dokter ini sudah bagus ada aplikasinya eh malah obatnya yang susah,POSITIVE
dokter ramah dan sangat detail menjelaskan,POSITIVE
terimakasih halodoc sudah ada solusi untuk masalah kemarin saat di aplikasi harusnya 20 kapsul tapi dari apotek hanya dikirim 10 kapsul tadi pihak apotek sudah mengirimkan kembali kekurangan produk semoga menjadi pembelajaran bersama terimakasih,POSITIVE
aplikasi yang sangat membantu dalam mengetahui ilmu kesehatan respon dokternya juga cepat,POSITIVE
sangat membantu dalam hal pengobatan awal,POSITIVE
penjelasan nya sangat jelas ramah dok nya,POSITIVE
ekspektasi obat tidak sama dengan yang di resepkan,NEGATIVE
suka aplikasi ini bisa membantu sekali,POSITIVE
sangat membantu sekali dokter nya juga cepat tanggap baik dan ramah,POSITIVE
saya coba dulu semoga tidak mengecewakan seperti apk alodokter,NEGATIVE
gakan ragu buat selalu pilih klikdokter jadi telemed andalan,POSITIVE
bisa bertanya tentang kesehat,POSITIVE
aneh baru diperbarui malah suruh memasuki voucer auto uninstal,NEGATIVE
aplikasi sangat membantu berobat tidak perlu keluar rumah,POSITIVE
dokter nya ramah dan pelayanannya baik,POSITIVE
overal bagus tapi sayangnya pemilihan pengiriman sangat sangat buruk dan mengecewakan driver atas nama abu saheri driver marah marah enggak jelas sudah dijelasin alamat tapi emosi enggak jelas kapok banget galagi lagi terima kasih,NEGATIVE
informatif sangat membantu,POSITIVE
hahahaha tak kira gratis ternyata tetap ada cuannya,NEGATIVE
aplikasi yang sangat membantu sekali mampu membantu solusi kesehatan pada diri saya dan sangat terpercaya,POSITIVE
penjelasan jelas mudah di pahami dan sangat ramah dokernya,POSITIVE
pengiriman obatnya lelet,NEGATIVE
sekarang chat dokter umum saja bertarif padahal dulu gratis,NEGATIVE
pelayanan ramah dan infomatif,POSITIVE
berobat praktis cepat dan tepat ditangani oleh dokter yang berpengalaman dan profesional,POSITIVE
chatan sama dokter buat lega,POSITIVE
sangat memabntu dan harga tidak terlalu mahal,POSITIVE
enggak bermanfaat,NEGATIVE
saya kasih bintang dua dulu mohon diperbaiki bug nya saya sudah memasukan nomor telpon dengan benar tetapi mengapa tetap tidak bisa? dan saya sudah mengecek email saya juga tidak bisa padahal sudah benar semua? dimohonkan hilang kan bug ini karena saya agak risih dengan bug,NEGATIVE
apk enggak jelas jawabnya setengah setengah,NEGATIVE
pengalaman konseling pertama saya berjalan sesuai dengan apa yang saya harapkan,POSITIVE
respon dokter nya lama katanya selalu sedia 24 jam,NEGATIVE
dokter nya bisa menghilang kan kegalauanku top deh,POSITIVE
diresepkan oleh dokter obat komix yang harga di k24 rp1800 pcs lalu diinvoice rp16500 setelah dikirim saya hanya dapat 1 pcs dan tertera dari apotek tulisan 3x1 jadi saya harus makan 1 sachet komix dibagi 3 ? difollow up ke cs alodokter katanya itu sudah benar informasi yang tidak masuk akal dan merugikan obat yang dikasih kan kurang dan tidak sesuai harga respon cs lambat dan sangat tidak memuaskan malah ngebalikin ke customer?,NEGATIVE
aplikasi penipuan ini ditunggu2 obat yang dipesan eh ternyata malah resep yang dikasi harga mahal lagi costumer service enggak ada aduh nyesal instalnya,NEGATIVE
pas konsultan saya sudah mengajukan pertanyaan tapi tidak mendapatkan jawaban sampai sesi pertanyaan habis aduh rugi bayar konsultan tidak mendapatkan jawaban,NEGATIVE
nanti saya ganti kalau sudah ada kejelasan mencari riwayat pesanan obat tidak muncul ya padahal saya sudah bayar tidak tau itu obat dikirim apa enggak soalnya enggak ada riwayat transaksinya enggak muncul harganya lumayan loh saya tunggu 3 hari kedepan,NEGATIVE
dulu bagus sekarang kok begini ya menunggu jawaban hampir setengah jam enggak ada balasan juga uninstal,NEGATIVE
sangat membantu kuliah saya,POSITIVE
jawaban jelas,POSITIVE
masih mencoba semoga cocok dan berkelanjutan,POSITIVE
bagus sih 24 jam ada dokter yang jawab tapi sayangnya enggak bisa upload foto harus berbayar yang enggak semua orang paham cara pembayaran nya semoga di depan lebih baik lagi untuk foto nya karena lebih mudah untuk bantu pengobatan vonis sakit nya payah lagi sudah mengetik chat kirim tapi menghilang enggak muncul terus chat yang live juga hilang saat sesi sudah habis padahal ada nama obat yang belum lupa namanya pengin buka lagi buat di beli nya,NEGATIVE
sudah beberapa kali menggunakan alodok dan selalu puas dengan dokternya responnya cepat sat set enggak pakai lama,POSITIVE
membantu meski agak butuh waktu terima kasih,POSITIVE
sejauh ini sangat membantu,NEGATIVE
aplikasi kurang bagus,NEGATIVE
kenapa halodoc enggak bisa di gunakan karena masalah jaringan padahal internet kencang bagaimana solusi nya?,POSITIVE
penjelasn dokter nya memuas kan,POSITIVE
waduh verifikasi nih hehe,NEGATIVE
bagus dan sangat membantu,POSITIVE
jos mantap murah biaya konsultasi alhamdulilah,POSITIVE
saya consultasi melalui cet jawabnya lama banget harus menunggu 30 menit baru di balas sama saja lama,NEGATIVE
saya sangat terbantu dengan aplikasi ini dan dokternya rata rata baik walau kadang dah dokter yang songong main tutup dan akhiri perbincangan,POSITIVE
download aplikasi lain saja cukup kecewa,NEGATIVE
awalnya cuman membantu sales doang promosiin alodokter di pinggir jalan kok jadi atm saya autodebet sendiri kepotong terus dan saya enggak pernah ada konsultasi sama aplikasi ini niat saya hanya membantu sales nya karena main target katanya ini aplikasi enggak jelas,NEGATIVE
sudah pilih dokter aktif sudah transfer eh dokternya selesai sesinya dan uang enggak kembaliðÿ ðÿ ðÿ ðÿ,NEGATIVE
apk sampah!! mana yang katanya 24jam? pesanan saya belum sampai juga!! padahal pakai yang exspres,NEGATIVE
kurang rekomendasi,NEGATIVE
gue mau review web dari halodoc sangat terkesan murahan seharusnya tidak ada adsense dari google tapi ternyata di memasuki script iklan demi duit receh,NEGATIVE
waduh ini kenapa ya saya sudah bayar ketika saya mau kirim chat saya malah tidak bisa bagaimana dong ini,NEGATIVE
dokternya ramah dan merespon baik semua yang saya utarakan terimakasih dokter,POSITIVE
penjelasan dokter sangat lengkap dan jelas,POSITIVE
terima kasih atas bantuan,POSITIVE
aku suka,POSITIVE
aku instal halodoc karena mau pakai konsultasi haloskin sebelumya sudah konsultasi sama dokter spesialis kulit berhubung konsultasi gratis jadi aku coba eh malah error setiap mau upload foto aplikasinya tertutup halodoc telah berhenti dan itu terus terusan walau sudah ku instal uninstal sudah ku laporkan cs tapi belum ada kelanjutan apalagi sekarang pakai antibiotik takut resistensi jadi mohon bantuan sarannya ðÿ,NEGATIVE
terbantu sekali saat tidak bisa ke rs karena berbagai hal,POSITIVE
ternyata berbayar mau chat doang lagi sakit enggak mampu ke dokter harus nya ini gratis kalo sama saja bayar 50rb sama dengan pergi ke puskesmas,NEGATIVE
saya sudah bayar tapi respon dokter sangat lambat,NEGATIVE
lumayan meski agak lama tinggal menunggu kasiat obatnya,NEGATIVE
sangat membantu saat tidak bisa pergi ke dokter dan memerlukan konsultasi membeli obat dari rumah,POSITIVE
sangat membantu mudah dipahami ramah,POSITIVE
dokternya ok komunikatif fast respon,POSITIVE
dokternya baik ramah jelas dan buat tenang,POSITIVE
dojternya ramah dan obat yang dikasih itu manjur banget,POSITIVE
aplikasi enggak guna banget sudah bayar sudah menunggu respon dokter sampai â½ jam enggak ada respon tauâ² gagal cuma refund doang menunggu 14 hari gila parah,NEGATIVE
bertanya saja bayar cuih,NEGATIVE
masih bagusan alodokter dia jelas mau konsultasi ini itu di kasih ke dokter yang memang dispesialis yang dibutuhkan kalo ini bertanya ini itu dokternya enggak jelas yang selalu pada akhirnya suruh kosul ke dokter langsung hadeh kalo punya duit juga gaakan instal aplikasi beginian setidaknya buat para dokter harusnya bisa memberikan sedikit tips untuk keluhan yang disampaikan kalo hanya menyarankan pergi ke dokter secara langsung itu percuma bikin aplikasi beginian,NEGATIVE
luar biasa penjelasan nya,POSITIVE
puas dan lega rasanya sudah sharing,POSITIVE
dok saya sering bingung dalam mengambil keputusan selalu salah,POSITIVE
semoga saja dokter yang mangkal di aplikasi ini ready 24 jam seperti intalasi gawat darurat dan disini bisa di sebut instalasi darurat chat,POSITIVE
alright,POSITIVE
sudah buat akun waktu mau bayar nya enggak bisa jadi rada malas sudah mengikuti petunjuk juga enggak bisa saran saya bikin virtual akun yang benar lah masa enggak bisa mulu atau bisa tambahkan fitur bisa pakai pulsa transaksi saja enggak bisa bagaimana mau konsultasi masa harus ke atm maaf ya saya uninstal,NEGATIVE
selalu baik pelayanannya,NEGATIVE
chat di batas 30 menit tidak ada respon apapun dari dokter enggak lagi deh pakai aplikasi halodok sangat kecewa buang buang uang,NEGATIVE
dokternya baik ramah dan cantik saya sangat puas banget konsultasi dengan dokter astrid di halodoc terimakasih dokter,POSITIVE
dulu sih iya bagus chat dokter gratis dikasih tau cara2 penanganannya kok sekarang sudah mah bayar 13k mau chat dokter kolom keyboard saja enggak ada anjir aneh banget bagaimana mau mengetik malah kayak chat sama bot,NEGATIVE
konsultasinya bentar banget,NEGATIVE
respon dokter bagus tapi pengiriman obat sangat lama obat sudah seminggu belum dikirim padahal banyak pasien yang membutuhkan obat saat itu juga,NEGATIVE
informatif dan mengedukasi kami yang minim pengetahuan tentang penyakit dan kesehatan,POSITIVE
setiap dokter nya rata rata ramah dan cepat tanggap,POSITIVE
pengiriman sangat cepat driver sangat ramah terimakasih,POSITIVE
dokter menjalaskan cukup detail,POSITIVE
saya chat dokter di ap ini dan diberi resep tapi saat saya perbedaan total pesanan dengan total pesanan yang ditampilkan di ap ini kemudian ongkirnya juga berbeda dengan hitungan saya,NEGATIVE
sangat baik dan sangat membantu dokter nya pun sangat baik dan sangat dapat di pahami,POSITIVE
aplikasi apa nih iyuuuh sudah byr tapi responnya enggak memuaskan,NEGATIVE
terimakasih dok semoga dikuatkan niat saya untuk berobat lebih lanjut meskipun begitu sulit menyakinkan diri sejak kemarin,POSITIVE
kacau sekarang lama banget ngirimnya pas tanya cs csnya tidur enggak jawabâ²,NEGATIVE
bagus kok cuma lama banget balas chatnya kadang sesi pertanyaan sudah habis waktunya tapi belum dijawab2 kenapa ya,NEGATIVE
bagus cuman kalo tebus obat datangnya lama dan kalo obatnya enggak ada pengembalian uangnya juga lama bisa 3 hari kasihan kalo orang yang enggak ada uang mau tebus ditempat lain jadi enggak bisa harus menunggu uang itu dikembalikan dulu,NEGATIVE
katanya gratis untuk chat dengan dokter umum tapi kenyataannya setelah diinstal malah berbayar semua apk enggak jelas auto uninstal!!,NEGATIVE
pelayanan dari sangat buruk biasanya baik cuma untuk hari ini sangat mengecewakan pejelasannya tidak sesuai dengan pertanyaan saya,NEGATIVE
dokternya terampil,POSITIVE
mantap ini aplikasi bagus dan bermanfaat dapat membantu dan menolong banyak orang insyallah berkah,POSITIVE
benar benar membantu banget aplikasi nya enggak pakai ribet konsultasi juga murah dokternya ramah2 dan baik sukses selalu alodokter,POSITIVE
sudah bayar belum juga di kasih tau resepnya chat nya sudah di tutup saja,NEGATIVE
sangatlah membantu untuk konsultasi online,POSITIVE
siang dok saya mau tanya anak saya baru usia 6 bulan sudah satu mingguan ini bab nya kadang sehari 6x kadang 5x kadang 4x seringnya mencret dan berlendir kadang juga kering tapi seperti biji melon pas tadi pagi ada darahnya sekali sampai sekarang siang ini deh 5x dengan jarak agak jauhan dari jam 5 shubuh pertama dan terakhir tadi jam 1 siang itu solusinya bagaimana ya dok,POSITIVE
buruk karena enggak bisa di non aktifkan dan selalu terjadi pendebitan yang saldo selalu terpotong sangat sngat kecewa dan buruk,NEGATIVE
terimakasih atas saran dan tips dr2 klikdokter ini saya jadi enggak mudah panik penjelasannya sangat jelas dan mental juga jadi ikutan tenang begitu,POSITIVE
tidak ada tombol untuk membatalkan pesanan obat proses refund yang terlalu lama,NEGATIVE
tanggal 13 november jam siang dokternya cewek di keterangan sudah bekerja 9thn aku konsultasi sama dokter sudah bayar tapi respon lama padahal tinggal di bagian kirim resep tapi di lama ini dengan alasan katanya dokter aplikasinya jelek enggak tau nih biar konsulnya makin lama atau bagaimana jujur kecewa sih gara ini jadi konsulnya 2x karena konsultasi pertama resep enggak di kirim mana on tapi balas lama not rekomen !!!! mungkin aplikasi dokternya dah bekerja sama hal kayak begini jadi bikin mls cukup sekali percuma,NEGATIVE
konsultasi yang sat set jelas nan lengkap penjelasan nya terima kasih dok,POSITIVE
dok ternya ramah dan sangat baik,POSITIVE
brengsek memang sudah bayar menunggu lama malah chat di tutup enggak ikhlas gue anjing!!!!!,NEGATIVE
sangat membantu terbaik,POSITIVE
bagus sekali konsultasi ke halodoc dokter nya fast respon dan sangat teliti,POSITIVE
untuk daerah yang tidak sepadat apoteknya seperti jabodetabek online tidak berfungsi banyak obat kosong tetap harus offline,NEGATIVE
enggak ada pembayaran lewat e walet dana,NEGATIVE
konsultasi dngn dokter nya sangat puas terima kasih sangat memmbantu sekali,POSITIVE
dokter sangat kooperatif,POSITIVE
males bggt sering gagal dalam pembayaran saldo cukup malah repot repot harus pakai ewallet lainnya ya adanya saldo di dana enggak bisa di dana harus coba lainnya ya maksudnya kenapa enggak bisa lebih baik,NEGATIVE
saat ini masih belum ada resfon,POSITIVE
pabrik roti,POSITIVE
dokternya baik jawabanya juga sangat memuskan,POSITIVE
lancar,POSITIVE
di tempat ku apk ini tidak berfungsi,NEGATIVE
fast respon dan penjelasannya detail sangat membantu,POSITIVE
sudah bayar premium untuk chat sama dokternya waktu hanya 30 menit dan tidak ada tanggapan sama sekali tidak ada balasan hebat,NEGATIVE
kode verifikasinya sudah di input tetapi tidak ada option untuk lanjut,NEGATIVE
semoga aplikasi ini bermanfaat bagi kita semua dan para dokter nya tidak bosan menjawab pertanyaan pertanyaan dari kami semua,POSITIVE
saya sudah membayar tetapi chat saya tidak di respon sampai besok harinya baru di balas sudah chat customer servicenya juga tidak di respon padahal saya chat di jam operasional buang buang duit saya saja,NEGATIVE
sistem cacat cara pembelian ribet pembatalan ribet yakin mau instal? skip deh,NEGATIVE
bubarin saja tuh kurirnya medex enggak jelas,NEGATIVE
sangat tidak membantu dan tidak ada jawaban,NEGATIVE
mengecewakan halodoc saya mau vaksinasi tahap 1 driver thru gojek untuk tanggal 3 juni 20121 tapi harus buat janji lwat aplikasi ini sudah bwat janji selang beberapa detik buat janji dibatalkan terus sampai 4x salah di mana ini terus chat engine enggak menyambung saya sudah jawab pertanyaan sesuai perintah tapi di ulang terus pertanyaan apk nya kurang pintar mesti bayak di improvement servernya sdm jangan asal asalan buat aplikasi ditambah kersama dengan gojek di aplikasi enggak bisa dihubungi lwat wa,NEGATIVE
cepat mandapatkan obat yang cocok dan dapat konsultasi sebelum membeli obat,POSITIVE
dokter setelah operasi angkat rahim saya tidak bisa buang air besar atau ngeden ini sudah berlangsung satu minggu,NEGATIVE
konsultasi di aplk ini sangat tidak membantu khususnya masalah kulit jerawat dokternya sangat tidak informatif terkesan sangat tergesa gesa ingin cepat menyelesaikan sesi chat konsulnya dari yang 30 menit jadi yang terpakai hanya 10 memit dan resepmya juga sangat kurang ketika saya tunjukkan pada dokter yang lain sangat mengecewakan,NEGATIVE
apa an baru di blz cet nya keputus aku buka lagi eh harus bayar lagi seharus nya konsultasi nya ada durasi waktu yang benar pokoknya saya merasa di dzolimin sudah bayar eh keputus di tengah jalan,NEGATIVE
baik jelas thanks ï,POSITIVE
mantap deh,POSITIVE
aplikasi payah banget sudah pilih dokter sudah bayar ternyata dokternya enggak bisa bukannya dana balik malah hilang padahal belum konsultasi sama sekali parah banget,NEGATIVE
pakai haloskin yang pertama sudah bayar pas masuk kechat tiba tiba chat berakhir tanpa sebab terus hari ini coba lagi sudah menyambung tapi dokternya slow respon banget sampai sesi berakhir enggak dapat apa apa 2x uang melayang,NEGATIVE
pengin verivikasi lama banget berjam jam sudah itu enggak bisa masuk lagi,NEGATIVE
server eror terus payah masa cekout obat enggak bisa terus buat apa??,NEGATIVE
terima kasih infonya sangat membantu,POSITIVE
pelayanan dokter sudah bagus hanya saat pembelian obat seperti nya kurang terorganisir dengan baik apotik yang di tuju banyak sekali di dekat tempat saya tapi pilihan aplikasi sungguh di luar nurul menunggu obat sampai dua hari,NEGATIVE
karena gue enggak suka yang ribet2 senang banget pakai klikdokter soalnya semua serba ada konsultasi dokter bisa resep langsung ada di aplikasi sudah begitu bisa pesan obat langsung dari aplikasi juga,POSITIVE
apotek yang dipilih bukan 24jam saya perlu obatnya segera tapi malah enggak dapat bukannya meringankan tapi malah membuat menahan sakit padahal saya order sebelum jam tutup apotek 20 30 jam tutup jam 22 00,NEGATIVE
enggak pernah ada dokter nya,NEGATIVE
kecewa banget masa enggak ada metode pembayaran lain selain 4 itu tolong dong mengadakan metode virtual account va apa kayak terserah jadi bisa semua lapisan bisa pakai mau top up dan terima layanan susah banget,NEGATIVE
membantu sekali respon nya juga baik membantu dan memberi saran untuk menyelesaikan keluhan yang dialami dengan baik,POSITIVE
ulasannya sangat bermanfaat terimakasih,POSITIVE
ramah banget dokternya,POSITIVE
dokter nya ramah baik balas chat juga cepat,POSITIVE
oke banget untuk kebutuhan dokter dan spesialis dalam waktu singkat,POSITIVE
ini memang harganya naik turun enggak tentu ya? bisa dibuat tetap saja enggak sih harganya kadang mahal kadang enggak,NEGATIVE
respon cepat super gercep bu dokter,POSITIVE
semoga semakin maju dan sukses klikdoktwr,POSITIVE
kok sekarang halodoc dokternya lama banget respon nya ya??? terus tadi bisanya dokter nya enggak aktf di upgrade malah kaya begini _ padahal dari dulu pakai halodoc,NEGATIVE
pelayanan untuk pesanan obat sangat buruk tertulis pengiriman instan sampai dalam 1 jam terus diarahkan ke pengiriman reguler tapi tidak ada tertulis estimasi tiba setelah payment lihat proses pemesanan info terakhir paket di pickup oleh kurir tanggal 12 mei 2025 hari dimana saya memesan obat itu ditggu sampai malam obat tidak juga datang saya coba menghubungi laporan kendala dijelaskan bahwa jasa reguler itu 2 4 hari baru sampai? saya merasa tertipu dengan promosi pengiriman instan 1 jam sampai,NEGATIVE
tau tau nya harus bayar semua,NEGATIVE
menyesal enggak bisa di verifikasi aslinya sih enggak mau kasik bintang tadinya,NEGATIVE
konsultasi disini habis subuh pun balesnya langsung cepat dan tetap ramah ceria tuh dokter wkwk salut,POSITIVE
meminta diperbaharui aplikasi nya eh setelah di perbaharui sekarang chat dokter umum kena biaya admin padahal sebelumnya mah gratis,POSITIVE
saya sudah beberapa kali konsultasi kesehatan keluarga saya dengan dokter dari aplikasi alodokter hasilnya sangat memuaskan penjelasannya sangat jelas dan rinci sehingga penanganannya bisa cepat dan tepat sesuai kondisi dan kebutuhan yang sedang dialami seluruh anggota keluarga saya yang saat itu sedang sakit terimakasih alodokter,POSITIVE
sengaja kasih bntang 5 biar ke baca aplikasi bug jelek enggak bisa daftar terus muncul tulisan tidak ada internet padahal kouta saya masih banyak sinyal bagus tapi enggak bisa masuk saya coba berkali2 berhari2 tetap enggak bisa masuk,POSITIVE
dokternya dari berbagai macam daerah jadi buat sodara aku yang keterbatasan berbahasa indonesia jadi terbantu pakai klikdokter,POSITIVE
mantap responya dokter ini,POSITIVE
pelayanan dokter nya sangat membantu meskipun malam hari saya chat tapi dokternya tetap memberikan pemjelasan yang jelas terimakasih halo doc,POSITIVE
sangat jelas pemberitahuan nya,POSITIVE
bgai mana cara berhenti berlangganan alodoc pusing saldo di potong terus,NEGATIVE
penjelasan dokter membantu sekali terimakasih,POSITIVE
dokterny responsif dan tepat waktu trimkaaih,POSITIVE
aplikasi apaan nih sudah bayar malah dokternya indak respon terus tiba batal dan alhasil indak dapat apa belum juga konsultasi sudah keluar uang indak dapat apa,NEGATIVE
sangat membantu konsultasi mengenai keluhan penyakit melalui mobile aplikasi,POSITIVE
bagaimana ya paket saya hilang enggak ada tindak lanjutnya mana enggak bisa di lacak resinya,POSITIVE
jadi berbayar,NEGATIVE
sangat membantu buat saya yang selalu di rumah,POSITIVE
kami membutuhkan agar internet nya lebih bagus,POSITIVE
sangat membantu saat urgent dan belum bisa ke klinik,POSITIVE
saya mau chat dokter umum dan sudah bayar lewat shopeepay saldo sudah terpotong tapi tetap tidak bisa chat dengan dokter tulisan di apk nya menunggu pembayaran padahal sudah saya bayar sesuai nominal bagaimana ya,NEGATIVE
aku enggak suka kalau enggak gratis,NEGATIVE
selalu memuaskan,POSITIVE
pengganti dokter jaga jika sedang tidak bisa kemana mana good job recomendet,POSITIVE
sakit perut kiri,NEGATIVE
sasaran gua perbaiki lagi untuk metode nya pemesanan tidak bisa di batalkan dan pengiriman enggak provider sistem nya di pesanan estimasi 45 60menit tapi driver enggak ada mengirim obat enggak konsukuensi kalo menimpa di orang sekarat butuh obat banget bisa bahaya tololong sistem nya di perbaiki jangan pada tidur,NEGATIVE
dokternya baik penjelasan lengkap fast respon dan arahannya benar benar tepat,POSITIVE
sama saja bohong solusi terbaik nya suruh konsultasi ke dokter terdekat haha,NEGATIVE
sangat membantu untuk konsultasi dari rumah dan harga konsultasinya sangat terjangkau banyak pilihan untuk dokternya,POSITIVE
bagus aplikasi menambah pengetahuan saran dari dokter tks,NEGATIVE
mohon maaf saya uninstal pertama tama bisa konsultasi gratis meskipun dikasih waktu jika beberapa menit tidak kita balas otomatis diberhentikan konsultasinya padahal efek sinyal jelek,NEGATIVE
dokternya baik penjelasannya juga baik alhamdulillah,POSITIVE
saya mau tanya,POSITIVE
saya baru saja melihat dan semua penjelasan dari alodokter sangat luar biasa dan sangat penting untuk menjaga kesehatan tubuh manusia,POSITIVE
buruk respon lama dan pengisian data suka error jadi terbuang siaâ² uang transaksinya,NEGATIVE
aplikasi enggak jelas sudah konsultasi dengan dokter malah di tolak dana gua malah enggak balik,NEGATIVE
cs nya lama banget butuh urgent obatnya di respon lama banget,NEGATIVE
aplikasi yang bagus dan sangat membantu bisa konsultasi gratis dengan dokter spesialis 24jam,POSITIVE
belum trunduh lama,NEGATIVE
katanya gratis 24 jam saya chat yang reguler dari semalam sampai sekarang tidak ada jadwal mulu,NEGATIVE
ada beberapa dokter yang sibuk untuk melakukan sesi konsultasi,POSITIVE
pengiriman kode otp gagal apa maksudnya itu woy niat mau cari konsultasi kulit buat jerawat malah disusahin dari sananya hadeh,NEGATIVE
terima kasih karena aplikasi ini kami semakin banyak tau tentang ilmu kesehatan,POSITIVE
mohon maaf saya kasih bintang 1 karena saya sudah mengeluarkan uang tapi tidak ada respon sama sekali memang uang 25000 tidak seberapa bagi anda tapi bagi saya berarti dan saya sedang ingin meminta bantuan untuk menangani anak saya yang sakit,NEGATIVE
kenapa tidak bisa daftar akun ya? setelah masukkan nmor telpon dan setelah masukkan kode verifikasi tidak ada respon apapun sudah di ulang beberapa kali tetap tidak bisa sudah di instal ulang tetap tidak bisa,NEGATIVE
dokternya ketus banget,NEGATIVE
saya sudah bayar untuk konsultasi sama dokter anak kenapa di chatnya sih dokter enggak muncul2 ?? malah disuruh menunggu karena dokter masih ada pasien lain tiba tiba muncul dokter umum maksudnya ??,NEGATIVE
sangat suka,POSITIVE
tolong enggak usah download aplikasinya tertipu pakai aplikasi ini masa sudah byar ke dokternya tapi konsultasi tidak ada balasan di batasi 30 minta lagi sekali byar penipu,NEGATIVE
sudah bayar konsultasi tidak ada respons apk apaan ini hati hati saja,NEGATIVE
mantap bagus,POSITIVE
ulasannya bagus sekali,POSITIVE
sangat membantu apk ini,POSITIVE
the best ðÿ ðÿ,POSITIVE
penjelasan dokternya mantap,POSITIVE
respon dokternya baik dan cepat,POSITIVE
dokter ready penjelasannya cukup jelas,POSITIVE
dokter ramah cepat respon,POSITIVE
jelek pelayanan nya lambat banget,NEGATIVE
enggak ada kiriman nih verivikasi,NEGATIVE
meminta diresepkan obat harus online dan enggak bisa karena produknya kosong mengecewakan,NEGATIVE
setiap mau cowok obat dan obatnya tak tersedia pengguna dibawa ke halaman awal dan langsung ngebug hp pun langsung eror saya kira hanya hp saya saja saya tes pakai hp lain sama begitu juga tolong perbaiki,NEGATIVE
semalam saya konsultasi ke dokter penyakit dalam setelah konsultasi dikasih resep saya bayar via trf baca sayq trf jam 22 01 sampai sekarang pagi jam 05 25 obat saya belum datang saya telpon apotek yang ditunjuk ternyata apotek belum terima resep saya saya chat via wa jawabannya amat sangat mengecewakan hanya pesanan sedang diproses harap menunggu tolong ya pelayanan parah banget saya butuh obat malah sampai sekarang obat enggak ada,NEGATIVE
makin lama ap nya makin kacau konsultasi banyak kendala order obat lama prosesnya ap nya sudah benar benar enggak berfungsi dengan baik,NEGATIVE
sedikit membantu,POSITIVE
biaya konsultasi mahal akan keberatan bagi yang tidak mampu,NEGATIVE
bagus aplikasi,POSITIVE
thank you klik dokter respon dokter cepat professional dan ada chat gratis juga,POSITIVE
enggak bisa dihubungi,NEGATIVE
sangat mengecewakan sata sta du jaksel order ibet dikirim daru depok kasihan pengabtar nya dan enggak efektif karena kejauhan jarak kirim sampai 1 jam ditambah kondisi hujan deras ongkir enggak manusiawi tolong perbaiki sistem maping nya walau saya sakit tapi kalau harus mengorbankan orang lain enggak tega rasanya mari manusiakan manusia jadi enggak efektif dari sisi jarak dan waktu jujur saya sangat kecewa belum lagi sistem pendaftaran yang ribet harus ktp dan kakak menurut saya enggak efektif,NEGATIVE
maaf ini dokter benaran apa orang ya yang di suruh jawab chat itu kayak bersyukur di jawab! memang didunia enggak ada yang gratis menyesal deh,NEGATIVE
penanganan dokternya cepat terimakasih,POSITIVE
enggak jelas saya konsultasi enggak pernah di balas gratis apanya ribet,NEGATIVE
dokter nya enggak profesional konsultasi karena ada yang enggak di ketahui malah jawaban nya mengarang uda begitu malah di suruh bertanya ke dokter lain kayak apaan dah,NEGATIVE
sangan membantu untuk berobat tanpa jauh jauh ke runah aakit,POSITIVE
respon nya kok mengejewakn semua,NEGATIVE
sudah bayar sudah dapat dokternya malah tidak bisa konsultasi karena riwayat rekam medis ckckck disuruh hubungi cs eh balik chat konsultasi sudah berakhir wkwkwkwkw kocak belum konsultasi sudah berakhir rugi,NEGATIVE
terimakasih halodoc saya bisa konsultasi darimana saja dan enggak perlu pergi keluar,POSITIVE
sesi belum berakhir dokternya malah offline rugi banget!!,NEGATIVE
payah enggak sikron antar pasien dan dokter di bagian obat di aku ada obat a di dokternya enggak ada malah di alihkan ke obat lain ya benar kandungan sama cuman dari segi harga lebih majal banget,NEGATIVE
aplikasi nya membantu banget 24 jam kita bisa konsultasi segala keluhan dan pasti direspon aplikasi nya bagus banget kita bisa tau info tentang nama obat dan manfaatnya dan nama penyakit jadi enggak sembarangan minum obat dari dokter praktik rahasia terjaga dan yang paling mantap apl ini gratis terimakasih klik dokter semoga aplikasi nya bisa tambah baik dan bisa bantu orang yang sakit dan semoga gratis terus ya jangan sudah banyak yang ikut terus dibuat berbayar mungkin akan banyak yang kecewa,POSITIVE
gagal verifikasi profil dan ternyata per hari dibatasi upload ktp nya padahal saya perlu cepat,NEGATIVE
pakai biaya konsultasi kasihan yang dalam keadaan emergency untuk ekonomi di bawah rata rata,NEGATIVE
aplikasi sehatq kelebihan fitur nya sangat lengkap mudah digunakan sesuai harga jangan ragu menggunakan sehatq,POSITIVE
slow respon,NEGATIVE
chatnya langung respon bagus terima kasih dok apl ini sangat membantu,POSITIVE
setelah update enggak bisa kebuka,POSITIVE
sudah bayar dokternya malah sibuk uang saya enggak tau tuh kemana aplikasi enggak jelas,NEGATIVE
harusnya berjuta juta masyarakat download aplikasi yang bermanfaat ini,POSITIVE
terimakasih drg israyani sapa pm sudah menjawab pertanyaan2 saya dengan sabar penjelasannya sangat membantu dan sangat jelas sekali salam sehat,POSITIVE
aplikasinya bagus banget buat orang yang malas mengantri ke dokter,POSITIVE
aneh kita download aplikasi ini ingin meminta pendapat dokter disini lah kok disuruh periksa ke dokter lagi pertanyaannya yang disini dokter asli bukan ?,NEGATIVE
aplikasi yang sangat membantu respon dari dokternya fast respon keluhan bisa teratasi terimakasih klik dokter semoga selalu membantu,POSITIVE
alhamdulillah sangat mudah unt bisa akses ke klik dokter kita ini trm kasih,POSITIVE
dua kali kirim pertanyaan tidak pernah di balas menyesal saya download aplikasi ini,NEGATIVE
hari ini saya pesan obat karena diare dan demam via alodokter sebelumnya sudah chat sama dokter dan diberikan resep kemudian saya pesan dan lakukan pmbayaran status lunas saya pesan dari jam 1 siang setelah status lunas pembayaran digital nya saya tggu2 kok enggak dianter2 sampai jam 3 badan sudah tambah sakit dan enggak enak karena obat enggak datang2 akhirnya coba konfirmasi ke apoteknya katanya belum ada orderan loh sedangkan status pesanan sudah dibayar lunas enggak rekomended ini aplikasi useles,NEGATIVE
alodokter ini enggak bisa selesain masalah dia cuma nyuruh kita memaklumi karena dokter sibuk melayani cust sedangkan dari aulia dian ashari dokter umum dana kita untuk konsultasi sudah kepotong terus tiba tiba chat di akhiri tanpa konsultasi dan komplen ke whatsap alodokter solusinya tidak ada yang di heranin dokter itu rating 95 tapi ulasan di dari aulia itu buruk banget jadi kita tau alodokter ini tidak pernah mengkoreksi oknum dokter penipu yang cuma mau ambil uang pasien saja selebihnya lost,NEGATIVE
responsip dokternya ramah terima kasih dokter,POSITIVE
terima kasih aplikasi sangat membantu semua pertanyaan dijawab dengan sempurna bagi teman teman yang bermasalah dengan kesehatan segera instal aplikasi ini dijamin 100 tidak akan kecewa saya sudah buktikan,POSITIVE
saldo di halodoc tidak bisa ditark ke rekening untuk cs nya slow sekali,NEGATIVE
ini saya first time pakai tapi kenapa ya lemot sekali? padahal jaringan oke saja dan dokternya kenapa lama sekali dalam membalas? sampai sekarang belum dibalas padahal sudah payment tolong solusi nya walaupun dapat diskon tapi tetap saja uang,NEGATIVE
kacau pelayanannya,NEGATIVE
saya merasa keberatan sih jika ingin konsultasi harus bayar bagaimana jika seseorang dalam keadaan yang sangat butuh saran dan tidak mempunyai uang mungkin lain kali adakan fitur gratis chat itu sarang dari saya,NEGATIVE
ini tidak ada konsultasi dokter yang gratis ya,NEGATIVE
baru download saya coba dulu,POSITIVE
lumayan membatu,POSITIVE
doctornya mahal banget deh,NEGATIVE
sangat mebantu,POSITIVE
kalo mau konsultasi kulit wajah dan permasalahan kulit lainnya aku rekom dokter kulit terbaik dari rina diana winta ï muka aku jadi sebagus dan sebaik sekarang sayang enggak bisa kirim foto disini,POSITIVE
download sukses pas di buka memghubungkan kenapa ya?,NEGATIVE
saya sangat suka klik dokter ini karena dokternya yang menjawab fast respon dan ramah,POSITIVE
ini bagaimana deh konsep nya ? sudah payment menunggu konsultasi 1 menit tbtb dokternya sibuk terus tau tau selesai padahal belum ngapa mengapai konsultasi juga belum duit melayang begitu saja,NEGATIVE
saran dan masukan saja kalau bisah ketika ada yang pesan obat kesehatan di aplikasi ini pengrimannya tlng di percepat karena ini menyangkut masalah kesehatan pasien kalau kita enggak sakit enggak mungkin kita pesan obat secara online di aplikasi ini bukan di permuda malah ribet dan lama nunggunya terima kasih semogah kedepannya lebih di permudah dan di percepat pengirimannya,NEGATIVE
sudah bayar eh malah di suruhbayar lagi jelek sekali,NEGATIVE
jelk amat enggak bisa membantu degn apa aku rasakan keluahn aku ini,NEGATIVE
aplikasi ngentot ngabisin uang gue saja anjir dokter nya enggak ada yang peduli bangsat dokter nya pada acuh tak acuh,NEGATIVE
walau chat online tetapi pelayanan oke seperti langsung diperiksa,POSITIVE
respon kurang cepat,NEGATIVE
buangâ² uang respon dokter lama waktu konsultasi yang di berikan cuma 30 menit belum ngapaâ²in waktu deh habis saja,NEGATIVE
responsif dan murah bila ada promo,POSITIVE
aplikasi enggak jelas sudah bayar malah di batalkan otomatis berkali kali karena antrian msak konsultasi jam 2 pagi antirian terus sampai hmapir 1 jam semua dokter mohon maaf kalau orang sakit enggak bisa menunggu selama itu intinya pelayanan nya buruk,NEGATIVE
terima kasih mau tanya apakah kita bisa mendapatkan dokter yang sama seperti sebelumnya untuk chat reguler? karena waktu jadi belum terselesaikan untuk bertanya terima kasih,POSITIVE
ini bagaimana sih chat nya tidak di respon slow respon banget,NEGATIVE
alodokter sangat membantu jika ingin konsultasi dengan dokter,POSITIVE
enak konsultasi nya sukses terus ya,POSITIVE
setiap mau bayar gagal terus sebel banget padahal mau konsultasi darurat tolong diperbaiki lagi dong aplikasinya kalo bisa pakai metode bayar va,NEGATIVE
sangat membantu dan sangat cepat,POSITIVE
sesi 30 menit chat cuma dibales 1x doang? hallo niat biar enggak stres malah jadi stres benaran,NEGATIVE
enggak bisa bisa,NEGATIVE
baru download mau daftar enggak bisa2 haduuh terus buat apa di download doang kalo daftar saja enggak bisa,NEGATIVE
dokter nya ramah2 terima kasih klik dokter aplikasi ini sangat bermanfaat bagi saya dan umum nya buat masyarakat semoga para dokter selalu di kasih keshatan kesuksesan dan rejki yang melimpah dari allah terimakasih banyak klik dokter sukses buat klik dokter,POSITIVE
cukup sama memuaskan semoga lebih di tingkat kan lagi,POSITIVE
tolong kalau memang dokternya tidak online jangan di cantumkan ke dalam online sudah kejadian 2x saya mau konsultasi sampai menunggu lama hanya karena tulisannya dokter online kenyataan nya menunggu lama bahkan ada yang di chat tapi sampai tidak membalas,NEGATIVE
klik dokter sangat membantu dan para dari sangat responsif terimakasih,POSITIVE
memudahkan konsultasi ke dokter tanpa harus keluar rumah dokternya ramah dan dikasih resep obat jadi tidak sembarangan konsumsi obat,POSITIVE
artikelnya bagus dan bermanfaat sayangnya pas butuh live chat dengan dokter sudah menulis panjang menunggu dijawab eh tiba tiba hilang sebelum dijawab tidak ada sesi aktif katanya,NEGATIVE
jawaban memuaskan tapi slow respon mungkin karena hari minggu,NEGATIVE
dokter sigap pelayanan baik,POSITIVE
sudah jelas jelas ada merk yang lebih murah malah mengasih sarannya yang mahal mulu ya kita orang miskin cari nya yang affordable harganya terus kasih apotiknya yang terdekat dong masa kasihnya yang jauh padahal kan k24 sudah bermitra sama alodokter,NEGATIVE
mecari jadwal dari spesialis jantung rs pantirapih kok sulit cara yang mudah dan cepat bgm?,NEGATIVE
halo ini apakah maintenance? kok enggak bisa dibuka ya?,NEGATIVE
sangat bermanfaat untuk kesehatan,POSITIVE
parah nih enggak kayak apk sebelah ini pas lagi chat enggak ada jawaban selama 10 menit langsung menghilang saja keren banget ya ambil keuntungannya!!!!,NEGATIVE
sangat membantu dengan adanya live chat gratis dan ini benar benar misi sosial bukan karena bisnis semata semangat terus klikdokter semoga semakin besar,POSITIVE
sangat membantu tanpa harus repot repot ke rs,POSITIVE
bang saya tidak memberikan solusi,NEGATIVE
tidak bisa masuk ke aplikasinua,NEGATIVE
instal ini berharap bisa beli obat karena anak demam dan batuk kebetulan stok obat di rumah habis pengin cepat karena pagi jam 4 belum ada apotek yang buka pilih instan katanya akan sampai jam 6 21 sampai siang jam 11 20 pesanan tidak sampai sampai kesal banget yang mau pesan obat disini pikir pikir lagi deh,NEGATIVE
pesan obat jam 08 44 dengan estimasi 09 44 sampai dan sampai 11 15 belum ada kabar mengecewakan,NEGATIVE
biaya chatnya lebih murah dibanding aplikasi lain dokternya juga responsif,POSITIVE
saat konsultasi dengan dari mina sapa a sangat membantu sekali memberikan arahan obat yang jelas dan tepat terimakasih dok !,POSITIVE
pelayanan nya benar buruk kenapa setiap konsultasi harus menunggu balasan lama sekali padahal kita bayar loh kita pun konsultasi dalam keadaan sakit dan kita konsultasi ingin mendapatkan penanganan yang lebih cepat di suruh menunggu balasan selama 1 menit tapi nyatanya bisa sampai 5 menit lebih tolong di perbaiki lagi,NEGATIVE
baru instal dan langsung merasakan pelayanan yang kurang menyenangkan belum selesai konsultasi malah waktunya sudah habis padahal belum terjawab apa yang saya konsuktasikan dokternya juga lama balasnya hanya ditanya apa sebelumnya susah periksa ke dokter? tanyanya setelah itu waktunya habis,NEGATIVE
aplikasinya jelek banget mau konsultasi doang susah banget keluar sendiri terus,NEGATIVE
barang cepat dikirim,POSITIVE
kal store nya kok hilang ya,NEGATIVE
no rekomendit pembayaran chat sukses tiba dokter offline hahaha kurang bagus,NEGATIVE
keren cepat bermanfaat gaws macet2 ke rs kalo hanya untuk sakit ringan,POSITIVE
saya sudah 3x menggunakan fitur chat di aplikasi alodokter dengan 3 dokter berbeda dan ketiganya menjawab pertanyaan dengan seadanya berkisar hanya ya dan tidak tidak ada niatan untuk menjelaskan lebih lanjut mengapa dan bagaimana kondisi medis tersebut juga tidak berusaha menggali informasi pada pasien secara lebih dalam maaf namun pengalaman saya menggunakan fitur chat dokter disini mengecewakan,NEGATIVE
saya menunggu mau konsultasi lama giliran dibatalkan kok saldo tetap kepotong ya? aneh!!!!,NEGATIVE
dokter sangat ramah dan cepat dalam membalas pesanðÿ ðÿ semoga dokter nya selalu sehat terimakasih halodoc,POSITIVE
senang punya aplikasi ini sangat membantu terimakasih halodoc,POSITIVE
sangat membantu karena fast respon,POSITIVE
pelayanan yang bagus walo kadang balesan nya agak lama begitu terus pas ditelpon kadang enggak diangkat juga mungkin waktu konsultasi boleh agak diperpanjang sdikit,POSITIVE
lagi konsultasi tiba tiba aplikasi enggak bisa dibuka padahal sudah bayar,NEGATIVE
kenapa ya beli obat padahal masih setengah jam sebelum tutup apotiknya enggak dilayani sampai tutup terus meminta ganti apotik pihak alodok enggak mau pindah tolong kalau mau beli obat atur lah apotiknya satu jam sebelum tutup close order jangan di rekomendasikan ke kita kalau kayak begini harus menunggu besok kalau urgent bagaimana?,NEGATIVE
halo dok saya mau bertanya kenapa kalo saya minum pil kb kalo dtang bulan perut saya bagian bawah sering nyeri,NEGATIVE
luar biasa tanggapan nya,POSITIVE
membutuhkan jaringan yang cukup stabil sehingga di wilayah yang terbatas akses jaringannya memakan waktu yang cukup lama untuk proses konsultasi,NEGATIVE
baru seminggu di update sudah meminta update lagi heran padahal enggak ada yang baru dari aplikasi nya masih tetap begitu saja mengira update ada fitur yang terbaru ternyata tidak jadi yang di update itu apa? tolong lebih di perhatikan kenapa selalu meminta update,NEGATIVE
membantu sekali buat konsultasi tanpa ribet kapan pun dan dimana pun,POSITIVE
2x saya gagal konsultasi gara gara apk error karena saya tdl bisa mengirimkan foto padahal saya sudah konsultasi yang ke 5x nya bagaimana ini?,NEGATIVE
memuaskaaan happy setelah pakai ini harga murce dan sakit juga hempas sayang,POSITIVE
aplikasi penipu!!! pembatalan sepihak padahal saya belum isi data pengembalian sama sekali tapi direfund entah kemana,NEGATIVE
dokternya sabar n ramah terima kasih ya dok,POSITIVE
aplikasi nya suka error yuk diperbaiki errornya,NEGATIVE
tidak rekomen dari nya slow respon dan tidak menjawab sampai waktu habis!!!! saya konsultasi tidak mendapatkan apa apa bukan karena nominal,NEGATIVE
apakah ini benaran gratis chat nya tapi kok ada bayar bila konsultasi tolong dijawab ya min bisa pakai bpjs kah alo dokter,NEGATIVE
terbantu sekali,POSITIVE
masih ada bug kesalahan jringan waktu chat live padahal menggunakan wifi dan force close sendiri di androis lolipop,NEGATIVE
aplikasi yang sangat bagus sangat membantu,POSITIVE
mantul dokter raja baik banget mengerti yang kita maksud,POSITIVE
pelayanan buruk next time buatkan fitur pembatalan dan kasih range waktu sampai karena kalian punya jasa penting buat keselamatan orang malah di entengin banget kecewa!!! kalian jangan pada download daripada pelayanannya enggak okeh! saya user baru memang tapi harusnya pelayanan kayak begini sudah enggak perlu embel2 nunggu2 atau apapun lah ingat kalian terpacu dengan waktu loh pasien butuh obat malah di buat molor rating bintang 1 dari saya,NEGATIVE
sangat membantu yang jauh dari dokter,POSITIVE
luar biasa penjelasannya sangat memuaskan dan mudah dimengerti tidak perlu pergi untuk mengantri di rs buat ketemu dokter cukup di klikdokter semua pertanyaan seputar keluhan dapat terjawab aplikasi sangat bermanfaat,POSITIVE
mantap tanya sepuasnya,POSITIVE
fast smart response,POSITIVE
chat doang bayar,NEGATIVE
aplikasi terburuk dan paling merugikan yang pernah saya ikuti saya terdaftar di proteksi utama sejak 2019 tanpa pemberitahun di awal 2024 keanggotaan dibatalkan dengan alasan saya yang mengajukan pembatalan padahal saya tidak pernah mengajukan pembatalan sebelumnya mohon maaf saya un instal aplikasi yang berpotensi penipuan ini,NEGATIVE
dok ada 2 hari ini saya kalo berdahak di sertai darah apa ini karena radang tenggorokan atau plek paru 2,POSITIVE
payah pertanyaanku enggak direspon,NEGATIVE
sudah payment tapi enggak ada respon dari dokternya saldo sudah kepotong bagaimana mau konsultasi sudah payment malah enggak ada respon buang uang di masa pandemi lebih baik paymentnya dikembalikan,NEGATIVE
trimaksih dokter saya takut sekali,POSITIVE
sudah langganan tapi aplikasi kadang loading terus padahal sinyal normal,NEGATIVE
tidak profesional kirim otp nya saja lama banget jedanya hadeh butuh 3 menit saat sudah dikirim malah tidak bisa dipakai,NEGATIVE
lelet,NEGATIVE
saya kecewa karena dokter yang biasa saya di halodoc sudah tidak ada bagaimana sih yang lain kurang klop soalnya,NEGATIVE
pelayanan customer service yang sangat buruk,NEGATIVE
sangat puasa dan dokter baik terutama untuk dari christian suryajaya aplikasi ini sangat membantu,POSITIVE
saya menyarankan pakai aplikasi kesehatan yang lainya saja yang bisa menjaga kerahasiaan pasien ini aplikasi enggak bisa menghapus foto yang kita kirim menyesal mana saya sudah upload foto yang sangat privasi kepada dokter mana sudah begitu konsultasinya berbayar apliaksinya jelek bor,NEGATIVE
wa gampang banget cari obatnya sumpah membantu syekali love banget halodoc cepat banget lagi sampenya,POSITIVE
memuaskan banget dokternya ramah saya juga bisa chat gratis dengan dokter,POSITIVE
dokternya sangat detail menjelaskannya ðÿ,POSITIVE
tks sudah dapat alodokter semoga bermanfaat,POSITIVE
pengiriman sangat sangat lama bahkan tertunda terus mending enggak usah pakai shiper memang sampah adminnya juga lelet kayak nyuri uang orang mau komplain pun susah,NEGATIVE
saya konsultasi kesehatan dan meminta surat keterangan sakit tapi tidak direspon baik diiyakan atau ditolak oleh dokter namun tidak dilayani begitu saja chat sudah ditutup admin whatsap slow respon saya disuruh chat kembali ke dokter yang berarti saya harus bayar 2x saya spam chat baru direspon tidak ada standar waktu penyelesaian komplain yang jelas dan admin komplain tidak membaca chat saya secara utuh sehingga jawabannya di awal tidak menyambung komunikasi dengan dokter tidak kooperatif,NEGATIVE
sudah bayar menunggu lama penipuan,NEGATIVE
aplikasi sngat membantu keren,POSITIVE
proses pembayaran mudah konsultasi ke dokter cepat dan bisa kirim foto obat juga cepat sampai mantap,POSITIVE
muda2han saja berguna,POSITIVE
respon cepat dan baik,POSITIVE
mudah nyaman mantap,POSITIVE
enggak rekom setelah duit di tf enggak bisa bisa chat dokternya malah sibuk,NEGATIVE
berbayar semua,NEGATIVE
membantu banget apalagi pas malam disaat klinik deh tutup kita perlu bantuan eh bisa konsultasi cepat lewat aplikasi ini,POSITIVE
respon lama sekali sampai 1 jam enggak ada respon!!!!,NEGATIVE
aplikasi penipu hati hati katanya anter 1jam ternyata berjam2 enggak di kirm tidak sesuai!! buruk jelek slow respon hati hati jangan pesan disini sudah lama enggak bisa di batalkan!!,NEGATIVE
awalnya saya senang karena aplikasi ini pilihan pembayarannya banyak tetapi akhir2 ini saya coba konsultasi setelah bayar dan balik ke ap malah loading lama banget chatnya enggak muncul2 tolong diperbaiki segera,NEGATIVE
simple cepat sangat membantu,POSITIVE
membantu untuk berkomunikasi bersama dokter,POSITIVE
semoga terpercaya dan dapat meringankan beban karena biaya berobat semakin besar,POSITIVE
selalu dikasih resep terbaik,POSITIVE
tidak bisa di buka,NEGATIVE
suka aneh sama dokter nya daftar online cari jam yang cocok sama kita setelah daftar pihak rs suka mengubah jadwal jam dokternya padahal bayar cash,NEGATIVE
dokter sangat membantu dalam memberikan penjelasan detail dan tidak terburu buru,POSITIVE
sekarang susah log ini,NEGATIVE
alodokter enggak bagus hari ini benerâ² butuh enggak bisa dipakai sudah bayar 2 kali untuk dokter anak malah pemberitahuanya belum bayar,NEGATIVE
bagimna cara bayar di halodoc,NEGATIVE
ap eror saat mau tambah foto ke dalam chat,NEGATIVE
bad,NEGATIVE
berbagilah ilmumu kepada yang membutuhkan,POSITIVE
saya pesan obat pakai asuransi barang tidak saya erima malah dikirimi foto batu komplain suruh menunggu 3 hari!!!!!!menunggu mati??????,NEGATIVE
penjelasan dokter mudah untuk di pahami,POSITIVE
pelayanan lama tidak bisa membatalkan dan refund uang terakhir kali makai klikdokter,NEGATIVE
kenpa selalu kepotong 39rb ya meminta tlng dong di nonaktifkan lah kayak begini terus uangku cepat habisnkesedot sama aplikasip,NEGATIVE
cukup membantu konsultasi dengan dokter yang ada secara online respon dan saran cukup baik dan jelas penyampainya,POSITIVE
dokter sangat membantu dan terpecaya mudah dimengerti juga saranya,POSITIVE
ini ap nya hanya mau chating doang di adakan prabayar jika pun mau dibayar kiratindakan apa yang kita dpatkan dari ap ini? sedang ap ini hnya konsultasi lewat online bukan bertindak secara online sekali chat dari 8 000 smpe 50 000 an,NEGATIVE
erds,NEGATIVE
memamng bagus banget aku tanya untuk memutihkan wajah benar benar kadi putih dengan resep dia,POSITIVE
ini koordinasi dengan apotek fisik di seluruh indonesia bagaimana sih? soalnya enggak semua daerah yang suport antar obat ke alamat masa saya tunjukkan resepnya ke apoteker malah enggak dikasih obatnya? alasannya bpom setiap minggu audit ke setiap apotek terus gunanya pakai alodokter kalau enggak bisa beli obat untuk apa? kalau cuma curhat doang mending pakai simsimi gratis tak pakai bayar!!!,NEGATIVE
bagaimanasayakebannyakaã caranyagimaã a,POSITIVE
waktu yang diberikan hanya 30 menit jadi belum puas,NEGATIVE
hanya ingin bertanya apakah gratis atau tidak soalnya saya lagi enggak ada rezeki atau memang masih belum bekerja bisa dibilang masih mahasiswa,POSITIVE
mendidik informatif,POSITIVE
bagaimana cara konsultasinya saya jadi binggung ? katanya nyuruh bayar dulu baru buka konsultasi atau bagaimana ? seharusnya kita konsultasi kesakitan kita bersama dokter tertuju terlebih dulu barulah kita bisa lakukan transvering ke banking kok ini malah di meminta bayaran dulu di bank ? pelayanan yang anda lakukan mepada sesama manusia di bumi ini jika anda melayani dengan sepenuh hati anda maka berkat itu akan mengalir setiap waktu di dalam hidup anda di bumi ini dan terutama di akhirat,NEGATIVE
kenapa tidak dijawab padahal saldo saya sudah terpotong,NEGATIVE
recommended,POSITIVE
mudah di gunakannya enggak ribet saat sakit perlu aplikasi semudah ini,POSITIVE
aplikasi ini sangat sangat membantu,POSITIVE
ðÿ ðÿ ðÿ ðÿ ðÿ ðÿ ðÿ ðÿ ðÿ ðÿ ðÿ,NEGATIVE
balasan chatnya fastrespon obatnya pun dtang enggak sampai 20 minta kemudian,POSITIVE
terima kasih dokter penjelasan detail,POSITIVE
cepat dan akurat fast respon dokter online nya,POSITIVE
plis sudah bayar tapi malah lenyap begitu saja nyesel,NEGATIVE
nice sangat menambah wawasan kita,POSITIVE
first time mencoba beli obat lewat sini langsung dapat pengalaman buruk titik antar enggak akurat gue pikir nanti bisa chat ke kurirnya eh enggak taunya enggak ada fitur chat kurirnya dong alhasil obat gue enggak sampe2 enggak tau nyangsang dimana padahal urgent banget benar benar kapok banget,NEGATIVE
enggak jelas sudah masuki nomor wa tiba tiba ada judi online nawari chat ke saya menyesal gue masuki nomor wa gue,NEGATIVE
sangat bermanfaat buat konsultasi sama dokter indak usah repot ya,POSITIVE
aplikasi apa ini enggak jelas deh bayar untuk konsultasi tapi ada jamnya balasnya lama lagi enggak rekomendasi buat aplikasi ini,NEGATIVE
aplikasi berbayar bagaimana mau maju bangsa ini,NEGATIVE
bisa enggak ya batalin pembayaran otomatis alodokter dari rekening tapi akunnya ini sudah lama enggak aktif lantaran hp kemarin sempat rusak dan juga sekalinya ada hp lupa akunnya??,NEGATIVE
harusnya dikasih tau tau mitra2 halodoc di mana saja ini kebanyakan apotik pakenya radius bukan berdasarkan ketersediaan obat obat yang dibutuhkan sering nya tidak ada,NEGATIVE
cepat ramah bagus,POSITIVE
sangat bagus dan sangat membantu untuk kesehatan saya selalu konsultasi di halodoc pokoknya sukses terus buat halodoc semoga semakin membantu untum banyak orang,POSITIVE
aplikasi enggak jelas menyusahkan masyarakat merugikan masyarakat saya cuma download terus daftar sejak tahun 2020 dan saya baru sadar semenjak saya memakai mbangking bahwa ada pembayaran secara otomatis,NEGATIVE
konsultasi sama dokter nya bagus ramah tapi pengiriman sangat jelek pilih yang instan hemat estimasi 3 jam sudah lewat 5 jam enggak ada kabar pengiriman pakai medex sangat kecewa tolong di membenahi lagi masalah pengiriman nya,NEGATIVE
dokter hilang ilangan,NEGATIVE
mau konsultasi kesehatan saja harus bayar alhamdulillah mari bersyukur masih diberi kesehatan nikmat tiada tara,POSITIVE
saya kasih 1 dllu tkt enggak di jelasn,NEGATIVE
tidak ada konsultasi fre buat pengguna pertama,NEGATIVE
apasinga bisa login,NEGATIVE
dokternya ramah dan sangat membantu terima kasih halodoc dan dari rodiyah,POSITIVE
tiga dalam ulasan,NEGATIVE
2 kali konsultasi dengan dari janet sumampow spog saya merasa sangat puas dokter ramah fast respon dan obat yang diresepkan bagus dan cocok dengan masalah saya sukses selalu dari janet spog,POSITIVE
bagus sih aplikasi nya membantu tapi tolong sih tingkat kan lagi soal balas pesan nya kadang suka lama,POSITIVE
mau konsultasi tapi tidak ada riwayat cat saya mau cat tiba tiba dinyatakan selesai tidak ada edukasi yang di berikan kepada pengguna baru apknya tidak bagus,NEGATIVE
ini aplikasi ngising boro boro mengasih santunan 2jt yang ada atm kita habis kita bilang juga bahwa anak kita demam berdarah mana kan enggak turun yang 2jtnya malah saldo gue di mengambil anjing doang boro boro mengasih santunan saldo sebegitu punya gue juga di ambil dasar tukang tipu aldokar,NEGATIVE
sangat membantu sekali terima kasih juga buat dokter sara elise wijono yang sudah membantu saya,POSITIVE
kalau update kok lama dan enggak bisa ya,NEGATIVE
kasih 4 dulu ya,POSITIVE
sanagat bagus setiap jawaban nya bisa bikin sedikit tenang pikiran semoga tak ada penyakit yang menghawatirkan di badan saya terimakasih buat dari cristian suryajaya semoga sehat sukses selalu amin,POSITIVE
penjelasanny sangat baik dan jelas,POSITIVE
aplikasi apa ini masa sudah bayar tapi sesi chat yang baru mulai beberapa detik langsung berakhir mana enggak bisa di komplain lagi apk terjelek mending yang lain lebih murah tapi benar benar membantu,NEGATIVE
sangat membantu untuk konsultasi respon cepat,POSITIVE
baru pertama coba menu menu pada aplikasi oke semoga kedepannya ada pembayaran menggunakan debit bank,POSITIVE
terima kasih buat dokter2 nya sangat membantu resep2 nya cocok,POSITIVE
artikelnya banyak membantu apa yang lagi dicari pasti ada top lah membantu banget,POSITIVE
huh mau bertanya lagi sakit bayar juga! enggak ada apa dokter yang gratis tulus buat konsultasi habis duit gara gara nih penyakit,NEGATIVE
baik dan jelas ramah langsung diresep obat,POSITIVE
konsultasi dengan dokter sppk cukup fast respon baik penjelasan nya juga mudah dipahami dibatasi waktu konsultasi 30 menit,POSITIVE
konsultasi ok,POSITIVE
live chat dokter sangat memuaskan,POSITIVE
aplikasi yang sangat buruk bagi saya untuk pengalaman pertama masuk aplikasi ini chat yang kalian kirim enggak bisa di hapus buruk banget aplikasi ini min jangan pakai aplikasi ini buat semuanya kayaknya cuma robot bukan dokter benci saya bilangnya ada kendala dan mau di perbaiki tahi!!!!,NEGATIVE
jika aplikasi ini lancar dan baik saya tambah bintang,POSITIVE
respon cepat penjelasan baik,POSITIVE
sudah bayar dokter tapi tidak ada balesan sama sekali benar benar kecewa,NEGATIVE
enggak rekomend sudah byr biaya konsultasi 50k tapi dokter nya enggak bisa dihubungi sibuk dan tiba tiba chat telah selesai ditutup memang enggak jelas mau chat lagi byar lagi bagaimana pula ini,NEGATIVE
good excellent sangat membantu,POSITIVE
jujur saya kecewa besar banget sama aplikasi halodok saya butuh obat itu sangat mendesak untuk suami saya saya pesan obat itu malam jam 11 30 malam seharusnya estimasi 20 menit tapi tak kunjung datang malah di batalin sama drivernya seharusnya ada pengembalian dana tapi obat enggak datang pengembalian dana pun enggak ada saya info ke pusat bantuan pun respon nya lambat,NEGATIVE
ini apkbyg bikin kartu debit saya bobol mencuri dengan berkedok dokter apa masih enggak kenyang dengan sandiwara covid? apa masih belum kenyang dengan sandiwara vaksin? sadar dong yang punya aplikasi,NEGATIVE
dari rezeki wulandari status online dan sudah masuk room chat tetapi konsultasi saya tidak dijawab2 sampai waktu berakhir niatnya konsultasi kulit yang aman tanpa perlu ke klinik kecantikan malah dikacangin,NEGATIVE
masya allah sangat puas penjelasan dokternya,POSITIVE
proses dari apotek sampai mencari driver sangat lama dan tidak bisa di track progresnya tidak ada opsi menghubungi halodoc saat obat sedang di proses obat bisa dibatalkan sepihak padahal konsumen sudah menunggu lama sangat tidak direkomendasikan menggunakan aplikasi ini jika kondisi darurat butuh obat paket bisa dibatalkan sepihak padahal sudah menunggu lama saya merekomendasikan aplikasi sebelah yang warna hijau proses enggak sampai 1 jam obat sudah sampai proses bisa di track,NEGATIVE
sangat puas karena cepat direspon,POSITIVE
biaya yang tercantum di aplikasi tidak sesuai dengan realita di rs ketika melakukan pembayaran,NEGATIVE
terimakasih layanan cepat dan profesional dari dari dessy,POSITIVE
masa enggak dpet file resep obat kecewa sih,NEGATIVE
di rujukan ada tulisan tht kalo itu semacam kode atau untuk bedakan spesialis tht yang lainnya ? memang ada berapa macam spesialis tht ?,NEGATIVE
alhamdulillah membantu banget disaat darurat mau pesan obat yang harus pakai resep dokter pun resepnya bisa diminta dari konsultasi langsung diaplikasi dan direspon cepat sama dokter yang online resep langsung terbit jadi bisa buat beli obat yang dibutuhkan suka banget memudahkan banget obatnya juga cepat sampai nya enggak sampai 20 menit sudah sampai,POSITIVE
enggak cuma dokter umum dokter spesialisnya juga selalu ada kapanpun waktunya,POSITIVE
ini bagaimana sih alodok buat sebatas masuk sebagai pengguna baru saja dibikin gagal mulu sama sistemnya semua metode masuk dipersulit bagaimana mau konsult kalau masuknya saja enggak bisa,NEGATIVE
aplikasi nya tidak bermutu masak pas chat dokter nya malah enggak bisa,NEGATIVE
aplikasi percuma sudah bayar untuk konsultasi tetapi dikasih saran suruh periksa offline terus apa gunanya konsultasi berbayar disini? buang buang duit saja enggak ada solusi niat konsultasi online biar praktis malah begini cukup sekali saja deh enggak lagi lagi,NEGATIVE
bagus,POSITIVE
dibanyakkin hadiahnya,POSITIVE
respon cepat detail akurat bisa konsultasi dirumah,POSITIVE
apasi belum di jawab belum di kasih penjelasan sudah di tutup percakapannya aneh,NEGATIVE
trma kasih halo dac ap ini smgat mmbntu dan bermnfaat,POSITIVE
1 konsultasi wajib bayar 2 tidak ada respon dari apa yang dikonsultasikan dari dokternya 3 uang hangus tanpa dapat solusi seperti itukah sistem kerjanya?????????? mungkin buat orang kayak segitu uang receh apakah tidak diperhitungan untuk orang pasan yang ingin mencoba layanan konsultasi online luar biasa cara kerja aplikasinya wkwkwk top gila auto kayak raya developernya,NEGATIVE
barang original harga sesuai dengan harga pasaran dan pengiriman cepat,POSITIVE
dari tht terbaik,POSITIVE
sudah bayar chat online dokter sampai setengah jam enggak ada balesan di akhiri otomatis hangus hello dokter online tapi enggak ada jawaban,NEGATIVE
sangat kecewa dengan aloshop pesan obat jam 10 28 pakai instant 1 2 jam sampai tidak diproses sampai 13 30 sudah menghubungi cust service hanya diminta menunggu terus padahal yang ditunggu itu obat sampai malam enggak dikirim juga jam 19 43 masih belum dikirim konfirmasi ke cust service nya bahwa saya meminta dibatalkan saja pesanannya disini enggak ada fitur membatalkan pesanan cust service sudah mengiyakan untuk refund saya sudah beli obat sendiri tiba tiba jam 21 13 datang kurir mengantar obat useles!,NEGATIVE
tidak bisa masuk karena kode otp gagal terus mohon bantuannya,NEGATIVE
baik tapi dapat dokter yang agak kurang ramah,NEGATIVE
saya suka aplikasi ini bagus banget gratis lagi walau pun waktu yang diberikan terasa cepat dokter nya ramah walau pun hanya se bagian aku suka nya sama dokter marinda nur tiyanti dia dokter pertama aku pokok nya dia respon nya enggak lm terus dia mau menjawab semua pertanyaan aku,POSITIVE
sangat menenangkan,POSITIVE
mantap bantu informasi,POSITIVE
mantap membantu di waktu sibuk kerja,POSITIVE
keren banget dah,POSITIVE
enggak cocok untuk orang miskin,NEGATIVE
oke banget dibutuhkan saat kita panik dan cemas sebelum datang ke fasilitas kesehatan dokternya juga oke oke,POSITIVE
enggak bisa di buka stag di layar biru hadoh,NEGATIVE
apa apaan ? bayar 61 ribu cuma awalnya di sapa doang kecewa pakai aplikasi ini,NEGATIVE
bagus obat lengkap harga terjangkau,POSITIVE
sangat membantu ðÿ ¼,POSITIVE
tolong ya kalo dokternya memang sibuk dan tidak membuka konsultasi harap diberikan notifikasi atau info diawal jangan pas sudah bayar konsultasi baru dikasih tau dokternya sedang sibuk tolong diperhatikan lebih lanjut terima kasih,NEGATIVE
sangat bagus dan mudah di gunakan,POSITIVE
sangat membatu dan memudahkan saat urgent,POSITIVE
masa mau konsultasi saja cuma tanya tanya harus bayar 45ribu melalui bank atau sopay mending priksa langsung ke bidan cuma bayar 80 sama obat aplikasi apa ini,NEGATIVE
murah banget,POSITIVE
saya sudah bayar chat tapi kenapa aplikasinya enggak bisa di buka aplikasi terus berhenti bagaimana sih,NEGATIVE
banyak membantu sekali,POSITIVE
cepat tepat mantap,POSITIVE
sangat membantu sekali dokternya ramah ramah,POSITIVE
pesanan terkonfirmasi mulu kecewa berat cook,NEGATIVE
kencing berbusa,POSITIVE
sangat puas dengan hasil konsultasi nya dokter memberikan penjelasan secara detail tentang indikasi penyakit penyebab nya serta memberikan langsung resep terima kasih,POSITIVE
enggak menyangka pertama login pertama chat sama dokter semua dapat respon yang cepat,POSITIVE
mantap ini sangat membantu,POSITIVE
aplikasi ribet mau klaim asuransi di persulit,NEGATIVE
terimakasih halodoc untuk konsultasinya dokter fast response dan biaya juga terjangkau ya,POSITIVE
jawaban tidak memuaskan kayak dijawab pakai robot,NEGATIVE
sangat membantu dan profesional sekali salam sehat indonesia,POSITIVE
bagus dan baik untuk dilaksanakan kwgiatan prolanis,POSITIVE
trimksi halodoc,POSITIVE
terbantu dengan ada nya halodoc satset banget sampai nya obat lengkap terimakasih ya,POSITIVE
cukup membantu mendapat informasi kesehatan terkini,POSITIVE
dengan harga yang sangat murah kita bisa konsultasi dengan dokter specialist,POSITIVE
dokter nya ratatidak profesional,NEGATIVE
sangat membantu terutama dihari libur,POSITIVE
tolong adakan fitur video dong karena susah mendeskripsikan kalo anak sakit kalo ada video kan gampang tinggal di tunjukkan,NEGATIVE
dari feronika favorit,POSITIVE
ketika membuka aplikasi dan mengajukan klaim reinbersment layar tidak penuh sehingga text atau fitur terpotong mohon di perbaiki,NEGATIVE
deh auto instal deh karena sekarang berbayar mending konsultasi ke dokter langsung datang ke kliniknya,NEGATIVE
sekarang tiap mau daftar proteksi aplikasi selalu tutup sendiri tidak pernah bisa2 giliran mau chat umum malah pilihan pembayaran hanya gopay shoppepay dan ovo tidak ada pembayaran transfer capek deh tidak seperti dulu gampang2 saja,NEGATIVE
apl tidak pernah dipakai tapi tiap bulan selalu ada pemotongan di rekening bank untuk tebus obat tidak sesuai dan tidak ada solusi,NEGATIVE
efektif buat yang sibuk,POSITIVE
dulu aku pakai ini gratis enggak bayar tapi kenapa pas pakai lagi harus bayar ?????,NEGATIVE
katanya gratis chat dokter umum ternyata bayar seharusnya kasih fre trial dulu dong biar ada trust,NEGATIVE
parah sih inimah cuma mau konsultasi saja harus bayar astaga apa apa kudu bayar parah memang kementerian kesehatan indonesia,NEGATIVE
tidak bisa di update padahal ada paket yang harus di terima,NEGATIVE
sangat membantu memberi solusi masalah masalah kesehatan,POSITIVE
dokternya ramah dan pengampaiannya jelas,POSITIVE
pelayanan admin nya enggak jelas masak iya apk begini masalah pengembalian dana saja lama amat,NEGATIVE
respon dokter terhadap keluhan pasiennya sangat lambat saya kecewa sama dokterâ² khususnya yang ada di haloskin sangat lambat merespon bahkan ada yang tidak merespon sama sekali sudaj bayar tapi enggak ada percakapam dengan dokter untuk apa? kembalikan uang saya! sudah beberapa kali saya coba masih sama,NEGATIVE
sangat membantu dan fleksible,POSITIVE
masuk gogle enggak bisa,NEGATIVE
kenapa sekarang setiap pembelian obat lebih dari satu dibagi menjadi 2 pengiriman? apa iya sih sebuah apotek tidak mempunyai obat itu bodrex panadol obat pasaran itu bukan yang harus dengan resep dokter tolong diperbaiki jangan seperti itu kalo mau cari untung!!! jadi mahalan ongkirnya daripada harga obatnya sepertinya akan pindah ke aplikasi lain kalo seperti ini terus terima kasih,NEGATIVE
lumayan membantu kalo ada yang tidak dipahami masalah kondisi tubuh atau tiba tiba sakit bisa di konsultasikan dan dapat jawaban yang mudah dimengerti,POSITIVE
aolikasi bug gue enggak bisa pakai tolol nih aplikasi,NEGATIVE
aktifkan fitur langsung tf mbanking biar enggak pakai dana gopay dl ribet,NEGATIVE
belum bisa digunakan saat ingin chat dengan dokter,NEGATIVE
parah sih sales nya bilang mau di cencel tapi malah di daftarin asuransi saya enggak setuju padahal bodohnya percaya saja maksa banget menarik orang biar ikut asuransi parah parah padahal apl nya bagus sayang sekali laporin saja yuk biar di grebek kantornya cepat lambat entar ada berita nya coba saja mencari duit enggak berkah,POSITIVE
sudah 1 jam chatnya tidak di balaspadahal memang butuh banget konsultasinya karena sudah kesakitan,NEGATIVE
duit saja jaman sekarang bagian kesehatan sudah pesta juga jaman korona masih ngrekes,NEGATIVE
fast respond dan detail sekali penjelasan nya,POSITIVE
dokternya ramah dan sabar menjawab pertanyaan pasien,POSITIVE
aplikasi ini sangat berguna disaat pandemi covid 19 seperti saat ini bisa memonitor deteksi dini perihal kesehatan baik secara umum maupun berhubungan dengan covid 19 konsultasi live chat juga fast response dalam memberikan pelayanan terbaik kepada customer,POSITIVE
saya sudah 2 kali pesan obat tapi gagal terus dan saldo saya tertahan terus masalanya ini 2 kali loh indak benar amat aplikasi sebatas payment gateway saja enggak benar,NEGATIVE
aplikasinya oke banget mau konsultasi tengah malam pun dokternya ready fast respon mau bertanya tentang kesehatan bisa langsung kesini enggak perlu bingung2 lagi sangat berfaedah terima kasih klikdokter,POSITIVE
dokternya ramah penjelasannya mudah dipahami,POSITIVE
konsultasi yang sangat membantu apalagi dimasa pandemi seperti ini dokter dokter menjawab semua keluhan dan memberi saran yang bagus sukses semua para dokter,POSITIVE
aplikasi ini sangat membantu saya disaat butuh penanganan cepat terimakasih tim halodoc,POSITIVE
alikasi tidak bisa di akese lagi,NEGATIVE
thx pakai ap ini dokternya enak buat konsultasi dijelasin lebih detail kami coba kesini karena dokter terbaik di kota kami spesialis kandungan sekarang pelit mengomong kalo enggak ditanya enggak bakal kasih tau dengan detail kami juga butuh dijelasin karena awam masalah seperti ini tapi disini konsulnya enak dan jauh lebih murah sekelas spesialis terima kasih,POSITIVE
terimakasih alodokter sangat membantu,POSITIVE
baru pertama kali mencoba konsultasi online dokternya detail banget dan sabar ngejelasinnya mantap banget pokoknya!,POSITIVE
good pokoknya,POSITIVE
respon cepat dan mudah dimengerti informasinya,POSITIVE
pesananan saya 6jam lebih enggak dikirim nelpon cs enggak bisa no nya gmail enggak jelas jawabannya pihak halodoc enggak mengasih peringatan apapun sama gosennya pihak gosennya pun enggak mengasih tenggat waktu kalp barang telat datang,NEGATIVE
barang saya enggak sampai sampai padahal sudah bayar ful saya sudah pesan sampai bertanya cs dibilangnya nanti menunggu terus,NEGATIVE
aplikasinya simpel dan gampang banget digunain enggak pusing pusing pokoknya mau konsultasi kapanpun dimanapun,POSITIVE
dokternya enggak balas balas chat sampai waktu saya habis padahal online,NEGATIVE
sangat membantu aplikasinya ringan dan ada konsultasi gratisnya juga,POSITIVE
membantu sih,POSITIVE
sangat membantu terima kasih alodokter,POSITIVE
sangat membantu kalo deh enggak kuat jalan ke es halodoc sangat cepat melayani,POSITIVE
konsultasi ke dari kulit sudah janjian tapi saya telat buka aplikasi slma 10 menit dari nya lgsng selesaikan sesi konsultasi padahal waktu konsultasi sudah dibayar untuk 30 menit wkwk sungguh perhitungan sekali bad experience,NEGATIVE
sangat membantu dan fast respon ketika konsultasi,POSITIVE
setiap akan mulai chat dengan dokter aplikasi langsung tertutup sendiri,NEGATIVE
aplikasi yang samgat membantu,POSITIVE
dokternya ramah baik,POSITIVE
kalo mau konsultasi sama dokter harus bayar,NEGATIVE
dokternya baik penjelasannya,POSITIVE
waktu konsultasi di batasi hanya beberapa menit kalau bisa lebih di upgrade waktunya ada sakit yang butuh diagnosis tidak sebentar,POSITIVE
sehat adalah utama dalam hidup,POSITIVE
sudah di bayar tapi balas chat nya lama !,NEGATIVE
sebenarnya kita butuh apk ini disaat terdesak saja bp ibu dokter tapi harus pakai bayar lagi kita yang punya bpjs ke rs saja bisa hanya tunggu waktu yang tepat enggak pakai biaya kok eh ini hanya apl sok soan pakai bayar lagi bukan bisa sembuh juga h,NEGATIVE
enggak worthed itu lebih baik berobat ke klinik bpjs sekalian yang gratis,NEGATIVE
sangat membantu sekali terimakasih banyak obat obatan yang di resepkan pun juga bagus dokter nya sangat ramah,POSITIVE
sejak ada halo dok terbantu sih enggak perlu langsung ke dokter spesialis dulu bisa konsultasi terlebih dahulu,POSITIVE
aplikasi enggak guna ketika konsultasi dengan dokter dokternya malah merepet enggak jelas panjang lebar sebelum bertanya tentang kondisi pasien ketika akan memesan obat dan memasukkan alamat aplikasinya error terus dan harus mencoba berulang ulang obat yang diresepkan pun tidak bisa dilihat sebelum memesan ketika akan memilih jasa kurir error lagi akhirnya saya enggak jadi nebus obatnya lagi sakit tapi malah disuruh emosi benar benar aplikasi yang guna dan menyusahkan,NEGATIVE
aplikasi apa ini ketika saya ingin bertanya pada dokter harus pesan obat atau membayar tapi seharusnya bertanya dulu apakah penyakit nya eh malah harus pesan obat atau membayar ya cuman ituya saya kasih bintang 1 terimahkasih,NEGATIVE
cepat tepat,POSITIVE
apk enggak guna!!! buat apa bikin apk kayak begini kalo dokter nya enggak bermutu!!! yang instal apk ini orang goblok,NEGATIVE
berkomunikasinya lancar juga doktenya sangat membantu,POSITIVE
saya baru saja dwonload aplikasi ini kok susah ya msuknya,NEGATIVE
buruk,NEGATIVE
mohon maaf saya menginstal alokdokter karena ada kode klaripikasi masuk ke nomber hp saya saya mohon batuanya karena saya tidak pernah tau apk ini dan tidak pernah menginstal aplikasi ini pertanggal 27 11 2024 kalau ada sesuatu mengatas namakan saya itu bukan saya mohon batuanya karena kami disini tidak bertanggung jawab kalau ada sesuatu,NEGATIVE
respon cepat dan praktis,POSITIVE
bagus dengan adanya halodoc mantap,POSITIVE
sudah melakukan pembayaran tapi malah tidak bisa mengajukan pertanyaan tibaâ² apk eror enggak bisa login tolong bantuin cara redund ya soalnya enggak amanah banget,NEGATIVE
aplikasi enggak jelas sudah bayar tapi dokter balas nya lama banget sampai waktu habis belum di balas juga sia sia bayar cuma buang duit,NEGATIVE
entahlah mau rekomendasi atau enggak coba saja dokternya ramah kok,POSITIVE
barang banyak kosong,NEGATIVE
kenapa saat saya daftar harus ada nomer domisili kota? kenapa enggak pakai fitur sebutkan saja nama kotanya sudah ribet mana saya lihat ulasan pada bayar aku kira gratis maaf saya uninstal,NEGATIVE
susah dihubungi dokternya,NEGATIVE
bagus dan terimakasih pada penggagas aplikasi ini,POSITIVE
apotek yang terdekat obat selalu kosong tidak lengkap jadinya dapat apotek yang jauh dari rumah jadinya lama terus kasihan gojeknya kejauhan mengirim nya jauh banget apoteknya,NEGATIVE
bagus cepat tanggap,POSITIVE
tambah wawasan,POSITIVE
bagus dan ramah2 dari nya,POSITIVE
enggak bisa daftar mandeg di verifikasi otp kode sudah muncul terus enggak ada pilihan next,NEGATIVE
snagat berguna dan ramah tamah dalam mnyampaikn saran,POSITIVE
bagaimana sih nih apk sudah byr tapi bareng tidak sampai malah dibatalin dana enggak dibalikin sudah pengaduan ke csnya suruh menunggu bae mau sampai kapan ??,NEGATIVE
baru pertama kali mencoba konsultasi tapi kecewa sekali bayar tapi enggak dapat apa apa konsultasi cuma di baca enggak di respond sama sekali sampai sesi konsultasi habis saya konsultasi ke dokter spesialis anak dari maria priskila sapa a enggak profesional,NEGATIVE
enggak bisa registrasi otp gagal terus fitur2 enggak keluar ap mengaco,NEGATIVE
dokternya baik cepat menanggapi pertanyaan,POSITIVE
membabtu sekali,POSITIVE
bermanfaat untuk konsultasi diawal gejala untuk mengetahui tindakan kelanjutannya ðÿ,POSITIVE
jangan pakai konsultasi aplikasi ini tidak ada solusi yang tepat makin menambah pikiran yang enggak jelas ke dokter saja jelek jelek jelek pokoknya,NEGATIVE
enggak bisa masuk enggak bisa chat eror terus padahal jaringan lagi bagus loh,POSITIVE
dokternya asik,POSITIVE
kenapa apk tidak bisa di loginin? sudah di instal ulang tetap tidak bisa,NEGATIVE
good pelayanan memuaskan dokternya sangat ramah,POSITIVE
sudah 2x buat janji dengan dokter ternyata dokter tidak praktik dan tidak ada konfirmasi dari alodokter pengambilan dana juga sampai sekarang belum dari tanggal 26 maret,NEGATIVE
mantap wes,POSITIVE
pelayanan baik dan cepat,POSITIVE
tunggu chat dibales sampai sakit kepala sama baterai lowbat padahal sudah bayar astaga,NEGATIVE
terimakasih sangat bermanfaat harga konsultasi terjangkau dan pelayanan baik kebetulan dari desy ramayana sapa n,POSITIVE
dari jantung,POSITIVE
sangat membantu dalam kehidupan ku,POSITIVE
dokter cepat pengiriman obat cepat,POSITIVE
mahal cuma di rekomdasikan obat apotik,NEGATIVE
sangat memudahkan,POSITIVE
dari lu lydia sylvia putri sangat kecewa sama dokter itu karena dia tidak memberi penjelasan apapun mana sudah bayar tolong untuk pelayanan ditingkatkan lagi baru kali ini kecewa di alodokter,NEGATIVE
kenapa ya dokternya pada mata duitan pas pakai kupon balas chat nya seabad lama banget pas enggak pakai kupon kayak maling ayam cepat banget cuman di kasih waktu 30 menit? 15 menit menunggu balas chat 15 nya lagi konsultasi apaansih tolong di kasih pelajaran itu dokternya aplikasinya bagus masa dokternya begini sih ooh iya tambahkan fitur reaport laporkan dong biar tau rasa itu dokter mata duitan,NEGATIVE
pembayarannya enggak bisa via dana huft,NEGATIVE
bermanfaat dan profesional,POSITIVE
sedikit lebih membantu ketika keadaan darurat,POSITIVE
kalau konsultasi harus bayar enggak sih? kemarin saya chat online sama dokternya baik pula tapi kepencet akhiri bingung bayar apa enggak jadi merasa bersalah tolong dijawab ya admin karena saya tak enak hati dan sampaikan maaf saya jika konsultasinya berbayar tapi saya belum bayar karena kepencet,POSITIVE
sangat puas dengan aplikasi ini,POSITIVE
bagus sih cuma kenapa harus memaksa update informasi medis di tengahâ² konsultasi kan bisa setelahnya,POSITIVE
dari nya sangat ramah dan respon nya sangat cepat dan membantu,POSITIVE
sering banget sudah bayar dokter nya enggak balas chat asli bikin rugi doang mana lagi butuh banget padahal keterangan dokter nya online deh lah yang mau download pikir2 lagi bye gue uninstal,NEGATIVE
setiap mau login susah enggak pernah dikirim kode otpnya menyulitkan sekali apalagi saat kebutuhan mendesak ingij konsultasi tapi enggak bisa2 terus,NEGATIVE
membantu terima kasih,POSITIVE
sangat membantu terutama bila ingin konsultasi tentang masalah kesehatan pemjelasannya juga sangat mendetail terimakasih alodokter,POSITIVE
anjir enggak bisa di download,NEGATIVE
apalah transaksi gagal mulu,NEGATIVE
dokternya komunikatif dan solutif,POSITIVE
pelayanan cepat tepat dan akurat,POSITIVE
saya suka aplikasi ini sangat beguna buat kami,POSITIVE
error apk nya disuruh bayar lewat e walet giliran mau dibayar pakai shope pas login ket nya error terus !,NEGATIVE
pengalaman pertama menggunakan aplikasi ini pesan obat dari seminggu yang lalu belum juga sampai pesanannya padahal obatnya benar benar diperlukan secepatnya apakah memang pelayanannya seperti ini terus terang mendingan ongkir mahal tapi barang cepat sampai daripada molor terus enggak jelas kapan sampainya dari perkiraan tiba tanggal 3 disuruh menunggu lagi sampai tanggal 20 payah banget,NEGATIVE
aplikasi yang payah mau chat dokter saja payah semua enggak mau diajak konsultasi,NEGATIVE
muahal untuk sesi ini,NEGATIVE
saya berlangganan 100 000 perbulan dan sistem pembayaran debit otomatis karena tertarik program klaimnya dan sudah berjalan kurang lebih 2 tahun awal mengajukan klaim saya merasa salut dan percaya dengan aplikasi lalu ketika saya mengajukan klaim selanjutnya pada bulan jangan 2022 sampai saat ini belum ada kejelasan dan kesannya seperti dipersulit dikarenakan harus melengkapi dokumen tambahan tidak ada dalam aplikasi sampai sampai saya disuruh membuat surat kuasa lalu mengirimkannya ke kantor axa,NEGATIVE
alhamdulillah pesanan diantar cepat pelayanan memuaskan terima kasih,POSITIVE
buruk ada resep enggak ada obat yang tersedia di daerah obat lain langsung di gojek antibiotik butuh 3 hari keburu makin sakit beli di apotek lain enggak bisa,NEGATIVE
konsultasi di halodoc nyaman tenang dan memuaskan terimakasih dokter sudah memberikan informasi yang sangat jelas,POSITIVE
kira,NEGATIVE
mkasih dok rasa kecemasan ku tiba tiba menghilangkan mkasih dok,POSITIVE
sudah bayar tapi enggak bisa dichat rugi dong,NEGATIVE
dokternya ramah dan sangat membantu tapi itu dulu masih awalâ² masih ada fre nya jadi saya kasih bintang 5 sekarang semua apk tanyaâ² dokter berbayar enggak ada yang fre ygy di dan juga dokternya enggak gercep lagi kayak dulu maybe orang susah tidak perlu berobat hanya bisa meratapi nasib,NEGATIVE
halo dok anak saya menderita penyakit faktor bon willebrang umurx 7thun 8 bulan anaknya sudah 10 bulan sakit tiap belum mngalami pendarahan pada gusi bagaimana solusi untuk mncengah mengobatix,NEGATIVE
masyaallah tabarakallah konsultasi dengan dokter sangat meyakinkan terimakasih klikdokter,POSITIVE
sangat membantu dan sangat direkomendasikan,POSITIVE
sesuai tepat waktu mau antar sampai ke dekat rumah terimakasih halodoc sangat membantu,POSITIVE
login susah padahal sudah memasuki dengan benar tlong pihak editor beri penjelasan,NEGATIVE
luar biasa praktis untuk kami yang tinggal jauh dari perkotaan,POSITIVE
saya sangat puas dengan apa yang tlah saya prtanyakan sangat membantu untuk sekitar kesehatan dengan aplikasi klikdokter saya bisa trbantu dalam pengetahuan brbagai penyakit maju terus moga allah senantiasa melindungi kita semuah,POSITIVE
alhamdulillah penanganan dokter nya cepat banget,POSITIVE
sangat bermanfaat aplikasi ini,POSITIVE
alhamdulillah syukur,POSITIVE
balasan sangat lama belum juga bahasan selesai sesi chat sudah selesai setiap jawaban pun enggak di jelaskan sejelas nya,NEGATIVE
cukup memuaskan dan cukup jelas trimakasih klikdokter,POSITIVE
beberapa kali coba telemedicine berbagai ap disini sih yang interaksi sama dokternya paling jalan begitu paling dua arah semoga dapat dipertahankan ya fastrepnya,POSITIVE
melayani dengan baik,POSITIVE
karena berbayar,NEGATIVE
sudah bayar chat dokter tapi tibaâ² dokter langsung offline lah bagaimana sih ? memang alodokternya lagi error apa bagaimana ??,NEGATIVE
ramah dan baik,POSITIVE
aplikasi paling jelek masa mau berobat saja dokter nya enggak ada sama sekali,NEGATIVE
dokternya lama banget jawabnya,NEGATIVE
lama banget sama dari lucia spog itu,NEGATIVE
sebaiknya doktenya jangan sok tau bertanya panjang lebar penyakit pasien tapi mengerti juga kagak kalo memang bukan spesialisnya ya jangan pakai bertanya detail pasti ada tuh salah 1 dokternya sok ok dan cantik,NEGATIVE
dokternya ramah dan baik rekomended,POSITIVE
cepat dan gampang dicerna,POSITIVE
mau verifikasi saja susahnya meminta ampun ap kacau,NEGATIVE
dari sekian banyak pertanyaan yang di jawab cuma 1 harus berulang2 tanya tidak detail mnjelaskan seperti mlas balas chat,NEGATIVE
lama sekali respon untuk membuat janji temu!,NEGATIVE
saya telah membayar biaya langganan 390 000 untuk setahun namun dibatalkan sepihak oleh alodokter dan uang saya tidak dikembalikan,NEGATIVE
sangat membantuðÿ ¼,POSITIVE
baagus dokternya cepat balasnya,POSITIVE
respon cepat baik dokternya,POSITIVE
aplikasi sampah sudah kedebet tapi dokternya pada enggak merespons ! blog !!,NEGATIVE
jangan mahalâ² untuk biaya konsultasi nya kalau perlu fre seperti dulu,NEGATIVE
kecewa banget enggak praktis masih perlu ke web buka ini itu please change itu,NEGATIVE
sukaï,POSITIVE
baru sakali mencoba ap ini sih tapi aku yakin kalo nanti pakai lagi soal nya soal nya sangat membantu saat konsultasi kemarin puas banget sama dokter nya super duper detail,POSITIVE
sangat membantu dan tidak ribet langsung di respon,POSITIVE
bayar woi gblooook aplikasi apaan,NEGATIVE
parah aplikasinya seharusnya ada fitur jika tidak mendapat jawaban dari dokter uang dikembalikan siaâ² membayar tapi tidak ada jawaban dari dokternya,NEGATIVE
sudah pilih dokter spesialis nya sudah bayar via gopay lalu tiba tiba tertulis konsultasi batal karena dokter sibuk namun saldo gopay belum kembali,NEGATIVE
gajlas aplikasinya sudah bayar buat konsultasi ke dokter tapi enggak di respon malah sesinya berkhir gjlas banget enggak usah download niat mau konsultasi ke psikolog malah enggak di repon,NEGATIVE
belum bisa di dowlod,POSITIVE
responnya dokter nya cepat,POSITIVE
untuk daerah pedalaman yang jauh dari rs lumayan bisa membantu untuk tindakan awal dan bisa persiapan jika harus konsultasi langsung dengan dokternya,POSITIVE
sudah lama hapus aplikasi masih saja tiap bulan nya motongin terus dari rekening saya bawa ke pihak berwajib masa apalikasi enggak di pakai tetap motongin uang konsumen dari rekening jika tidak di tanggapi 1x24 jam saya viralkan aplikasi ini terimakasih,NEGATIVE
daftar selalu bermasalah di email padahal email aktif,NEGATIVE
kasih 1 saja kenapa ? coba pikirkan baik baik kawan kita tidak di obati tapi harus bayar obat nya hanya dengan kata kata mana bisa sembuh hadeuh dan pertanyaan kita tidak selalu di balas sepenuhnya dan akhir2 kata doc nya pasti coba pergi ke dokter terdekat dan berkonsultasi dengan dokter mendingan jangan di tanya kesini kawan,NEGATIVE
penjelasan nya sangat mudah di mengerti dan detail trimakasih hallodoc,POSITIVE
tolong waktu untuk sesi konselingnya ditambah sudah bayr 51 ribu lima kali chat eh waktu habis lukira gue bayar pakai daun apa pakai duit tau sontoloyo,NEGATIVE
yang di iklan kan obat asli pas di kirim obat palsu tidak sesuai iklan mau saya return tidak ada cara pengembalian holodoc toko obat penipuan,NEGATIVE
sudah 2 jam saya tunggu pengiriman obat saya enggak ada yang bisa di hubungi drivernya juga enggak bisa dihubungi tidak ada fitur chat untuk apotek atau driver di apkâ ï â ï ataupun pembatalan pembeliian obatnya,NEGATIVE
sudah payment tapi malah dokter sibuk enggak ada chat juga terus payment buat apa?,NEGATIVE
dari martinus terima kasih,POSITIVE
apk nya bagus sih cuma untuk metode pembayaran tolong lebih di perbanyak lagi ke depan nya,NEGATIVE
kode otp nya ampun enggak masuk masuk buat menyambung pembayaran ke linkaja,NEGATIVE
maksudnya apa ya tiba tiba autodebit padahal memakai saja enggak berlangganan juga enggak !!!!,NEGATIVE
apk pepek sudah 2x mesen obat gagal mulu mana lagi sakit sehatâ² dah lu weno tri laksono dana gua balikin su,NEGATIVE
first time pakai ini dokter ramah detail semoga bisa terobati,POSITIVE
mencari pendidikan dokter memang mahal tidak adakah dokter baik membagi kepintaran pengetahuannya walaupun hanya sekali dalam seminggu beri pelayanan gratis ? saya yakin itu tidak akan membuat kalian miskin wahai para dokter !,NEGATIVE
respon nya sangat cepat dan jelas terimakasih dok,POSITIVE
suka sama aplikasinya ramah juga enggak kayak aplikasi sebelah yang suka maksa,POSITIVE
dokter ramah penjelasan nya sangat mudah dimengerti,POSITIVE
bagus banget aplikasinya dan mudah digunakan terima kasih klikdokter,POSITIVE
tolong tambahkan pembayaran menggunakan aplikasi shopeepay nanti kalo sudah ada saya kasih bintang lima,NEGATIVE
pelayanan cepat dan akurat,POSITIVE
awalnya sangat membantu tapi makin kesini cht enggak pernah di respon sangat di sayangkn bukan,NEGATIVE
enggak bisa ngluarin surat dokter percuma konsultasi di alodoc,NEGATIVE
love this apps,POSITIVE
sangat membantu mau beli obat konsultasi atau order cek kesehatan bisa banget moga makin terdepan dan membanyaki promonya ya,POSITIVE
aplikasi ini sangat membantu saya saya pun bisa tahu tentang gejala dan obat suatu penyakit pokoknya enggak menyesal gue download,POSITIVE
apk aneh masa verifikasi pakai nomer smrtfren enggak bisa,NEGATIVE
dokternya bagus tapi aplikasinya tolong di tingkatkan saya harap ada fitur pengembalian resep dokter ke resep awal jika ada perubahan karena tidak selalu bisa beli lewat aloshop karena jarak ya masa saya di ambon disuruh beli obat dari manado itu ngirimnya berapa lama,NEGATIVE
sudah 3x berobat melalui alodok alhamdulillah sembuh membantu sekali,POSITIVE
puas dengan pelayanan nya yang cepat dokter yang ramah,POSITIVE
fast respon mantap,POSITIVE
tidak bisa mengirim pertanyaan ke dokternya padahal banyak yang mau ditanyain,NEGATIVE
mohon kepada pihak developer untuk dokter yang diajak bekerja sama diminta untuk profesional saya sudah membayar biaya konsultasi sebesar rp 100 000 dan menunggu balasan dari dokter selama 1 jam sampai waktu konsultasi habis tapi dokter tidak memberikan pelayanan apapun tidak ada pesan yang dibalas saya hanya buang uang sia2 saja untuk aplikasi ini ini namanya bukan membantu menangani keluhan pasien tapi sama saja mencuri uang pasien dengan tidak profesional,NEGATIVE
top sangat membantu,POSITIVE
sangat bagus respon cepat ramah dan memuaskan,POSITIVE
jaringan bagus buat buka aplikasi susah,NEGATIVE
saya enggak tau apakah saya yang salah pilih dokter atau bagaimana tapi setiap konsultasi online kebetulan ketemu dokter yang menjawab ala kadarnya saya konsultasi karena saya butuh tapi dijawabnya sangat tidak memuaskan hanya sekedarnya tanpa penjabaran yang jelas saya tidak tau itu yang menjawab memang dokternya atau adminnya halodoc terimakasih,NEGATIVE
sangat bermanfaat di saat panik,POSITIVE
sangat sangat membantu di kasih resep obat juga bila diperlukan bisa pilih dokter sesuai bugdet dan saya dapat dokter yang benerâ² bikin puas sudah 4x konsultasi dengan dokter dan masalah yang berbeda hanya saja harus siap pertanyaan harus cepat mengetik karena waktunya cuma 30 menit,POSITIVE
jangan download aplikasi ini sangat sangat menipu masa setiap bulan rekening saya ditarik 39 000 sama tim alodokter pokoknya semua jadi menyesal setelah menggunakan aplikasi ini,NEGATIVE
pelayanan sangat buruk tunggu obat dari pagi sampai malam malah dibatalkan sepihak diminta konsultasi lagi dan pesan obat lagi kejadiannya sama tunggu obat lama dan dibatalkan lagi hubungi cs sama saja tidak ada solusi dan disuruh menunggu yang akhirnya obat dibatalkan juga!!,NEGATIVE
sangat membantu membuat jauh lebih mudah,POSITIVE
sedih banget dengan kualitas dokter di indonesia saya punya sakit mag tapi dokter tidak bertanya dan saya yang awam ini hanya langsung beli saja resep untuk pereda nyeri yang ternyata menimbulkan radang lambung ya allah sakit banget sekarang ini semoga dokter2nya lebih baik lagi kedepan jujur saya baru pertama kali pakai aplikasi ini dan trauma mendalam saya menulis ini agar teman teman semua yang membaca tidak mengulangi hal yang sama jangan sekali kali instal lebih baik ke puskesmas atau dokter terdekat,NEGATIVE
respon cepat jelas namun kekurangan nya waktunya kurang lama,POSITIVE
saya chat dokternya tidak di balas padahal online dia langsung menyuruh saya ke lab padahal belum di tanya sama sekali,NEGATIVE
sangat memuaskan dokternya ramah cepat tanggap dan langsung memberikan solusi puas banget,POSITIVE
saya sudah memasukkan kode promosi seharga chat sehingga total pembayaran menjadi nol tetapi mengapa di bawah masih ada tulisan pilih metode pembayaran? ?,NEGATIVE
untuk bertanya saja bayar nya lumayan,NEGATIVE
sangat membantu sekali trimakasih adanya aplikasi ini,POSITIVE
pertama menggunakan semoga tidak mengecewakan,POSITIVE
pengalaman penggunaan aplikasi pertama kali secara real jadi masih agakâ² lama memahaminya terimakasih dokter yang melayani saya dan terimakasih halodoc,POSITIVE
terintegrasi al insurance,POSITIVE
terima kasih klikdokter aplikasinya sangat membantu selain bisa konsultasi dengan dokter ada banyak manfaat dan informasi lainya loh terus ada artikel tentang kesehatannya juga bagus banget deh pokoknya,POSITIVE
saya booking konsultasi dari jauh jauh hari untuk tiba tiba dibatalkan sepihak tanpa konfirmasi lebih lanjut dan notifikasi apa apa? bukan soal uang ya tapi hargai juga waktu dan sense of urgency pasien kecewa berat sih harusnya kalo enggak bisa ambil pasien ya enggak usah sediain jadwal konsultasi,NEGATIVE
jujur ya di awal saya senang banget pakai aplikasi ini tapi kenapa makin kesini harus verfikasi no telepon itupun tetap enggak bisa masuk kan menyebalkan begitu lho,NEGATIVE
chating sering putus menyambung koneksi nya,NEGATIVE
payah belum periksa apapun enggak bisa batal dan refund padahal dari rs sudah kofirm untuk batal,NEGATIVE
respon dokter cepat kok bisa konsultasi dokter gratis lagi bayangkan kalau konsultasi tentang anak ke rs berapa biayanya??mkash team klikdokter,POSITIVE
baik ibuk nya,POSITIVE
eh mengira gratis konsultasi,NEGATIVE
saya sudah membayar tapi kenapa tidak ada respon dari dokternya ??? kecewa saya sudah menunggu lama tapi tidak di respon dari pihak dokter nya,NEGATIVE
bagus dan detail kienya,POSITIVE
untuk klaim dipersulit dengan proteksi dari alodokter yang kerja sama dengan axa enggak rekomendasi untuk mendaftar di alodokter,NEGATIVE
enggak bisa masuk akun klikdokter katanya no hp sudah terdaftar ya memang sudah daftar kan mau masuk bagaimana sih min mohon diperbaiki secepatnya,NEGATIVE
saya sangat berterima kasih kepada alodokter karena alodokter saya sekarang sudah sehat,POSITIVE
sangat memudahkan tidak perlu antri ke rumah sakit,POSITIVE
enggak bisa ngeluh mengetik aneh menjawab tinggal klik harusnya bisa mengetik sendiri agar lebih detail,NEGATIVE
tiba tiba autodebit 49k padahal saya enggak pernah daftar apa apa,NEGATIVE
sangat membantu lebih mudah dan cepat konsultasi di haloddoc,POSITIVE
aplikasi sangat mudah di gunakan konsultasi dengan dokter yang sangat berpengalaman di bidangnya terimakasih halodoc,POSITIVE
hebat sangat membantu,POSITIVE
enggak bisa log ini,NEGATIVE
sangat membantu dalam konsultasi kesehatan dan pembelian obat obatan,POSITIVE
sangat tidak membantu jawab seadanya seperti amatiran berkali kali di oper ke dokter lain saya sarankan jangan konsultasi disini cuma buang waktu dan uang langsung saja ke rs,NEGATIVE
semoga bisa mmbantu,POSITIVE
buruk kalo konsultasi dengan dokter terus dibuatkan 2 resep disuruh end chat dan masuk lagi dengan biaya yang sama jadi sekali berobat bisa 2 kali bayar mahal banget hanya untuk meminta resep dan buruknya ada salah satu dokter kulit yang suruh end chat untuk mendapatkan resep kedua katanya ini sistem benar apa tidak yang jelas pikirâ² dulu kalau mau konsultasi di sini aku uninstal aplikasi setelah dokter marahâ² ke saya,NEGATIVE
membantu mengurangi kekhawatiran ketika anak sakit dan belum sempat periksa ke dokter jadi dengan bertnya dengan dokter online bisa mengurangi kekhawatiran dan ada pandangan tentang sakit yang dialami anak,POSITIVE
respon cepat halodoc dan dari astuti,POSITIVE
mengasih kode verifikasinya sampainy 24 jam,NEGATIVE
dokternya profesional,POSITIVE
sudah bayar tapi enggak bisa memulai chat sudah berpuluh menit komplain ke whatsap tidak ada respon,NEGATIVE
dokter nya slow response ngabisin waktu saja,POSITIVE
mantap nih apk,POSITIVE
belum selesai chat sesi sudah habis padahal waktu tunggu masih 2 menit,NEGATIVE
kesal banget sama aplikasi ini sudah bayar langsung di tanya dan pas sudah di tanya lanjut konsultasi ke dokternya langsung tapi lama nya meminta ampun kesal dan emosi,NEGATIVE
chat nya ke dokter hanya bisa jawab ya atau tidak tidak bisa melakukan penjelasan lagi dan begitu kalau salah ketik ya atau tidak enggak bisa diperbaiki lagi bagaimana,NEGATIVE
saya sudah bayar tapi enggak dijawab sama sekali,NEGATIVE
sekarang kalau gaenak badan sedikit langsung konsultasi ke klikdokter karena murah dan gampang aksesnya love banyak banyak buat klikdokter,POSITIVE
terus saja tiap bulan auto debit duit gue,NEGATIVE
jelek banget pelayanan lama customer service cuma bot jawaban template enggak membantu sama sekali,NEGATIVE
sudah alami herbal jadi akan mengajarkan usaha,NEGATIVE
fungsi banyak yang tidak berfungsi di android terbaru terutama download pdf nya mohon mobile devnya kalau fungsi lama selalu di cek ulang jangan fokus fungai baru saja,NEGATIVE
ikutan chat dokter sudah bayar tapi lama enggak dibales sampai 20 menit lebih saya ubah update profil karena tanggal lahir jenis kelamin salah malah keluarâ² terus dari aplikasi,NEGATIVE
sangat bagus dokter umum baik baik gratis untuk chat reguler berbayar jikalau punya uang pakai iniaja recommended banget,POSITIVE
dokter responsif dan sangat edukatif,POSITIVE
luar biasa sangat membantu,POSITIVE
instal aplikasi tetangga saja mengecewakan respon nya lama tapi durasi konsultasi nya sempit belum dapat saran resep dari dokter tau tau waktu mya sudah habis kecewa banget,NEGATIVE
dokter sudah bayar enggak ditanggepi,NEGATIVE
fast respon baik ramah terima kasih kasih dok,POSITIVE
pengiriman obat hampir seminggu woi sebelum cowok bacanya batas max pengiriman 1 jam padahal apotikbya dekat rumah bukan masalah jarak sama harganya tapi ini obat harus sesuai resep dan dibutuhin segera tapi hampir seminggu enggak datang disuruh refund ternyata refund prosesnta seminggu juga wah edan ini jelek banget pelayananya,NEGATIVE
sangat ramah dan membantu sekali,POSITIVE
bingung habis bayar dokter spesialis enggak bisa disambungkan dokter sibuk sudah ganti ganti dokter tetap enggak bisa tersambung terus tiba duit hangus disuru bayar lagi ini bagaimana solusinya? saya butuh cepat tolong,NEGATIVE
saldo gua ditarik terus padahal enggak pernah memakai,NEGATIVE
alhamdulilah setelah tau aplikasi halodok saya jadi lebih mudah untuk konsultasi sama dokter tak perlu ke rs,POSITIVE
respon lama nngu enggak jawab2 akhir nya tinggal ngerjain sesuatu dulu begitu lihat hp sudah di balas dokternya tapi kasih kita waktu buat balas ke dokter nya lagi cuma sbntr kita belum konfirmasi untuk okein ttup sesi tapi di ttup otomatis sama aplikasi nya jadi nya sudah bayar sia2 enggak dpet apa apa,NEGATIVE
sangat sangat membantu dan dokterx sangat ramah,POSITIVE
dok mag saya tidak sakit di perut tapi kadang pusing dan seseg tapi kadang hilang sendiri,NEGATIVE
kecewa saya sudah berlangganan aloproteksi chat dokter tapi setiap mau chat dokter sistem selalu eror jadi enggak tau uangnya bisa balik atau enggak kalo begini caranya padahal semua versi dan ponsel sangat mendukung sudah chat ke cs jawaban selalu tidak memuaskan dan tidak ada bantuan sama sekali,NEGATIVE
senang banget bisa konsultasi dengan dokter dimana saja kapan saja dokternya juga ramah banget,POSITIVE
bermanfaat banget,POSITIVE
konsultasi diksih resep sudah merasai sakit tapi obat belum juga sampai deh 2hri keburu koit pasien mau cancel obat enggak bisa sampai endingnya ke rs untuk berobat lelet tidak cekatan paraah!!!,NEGATIVE
pesan obat lewat klikdokter mudah banget melalui aplikasi dan tinggal duduk anteng menunggu obatnya datang deh,POSITIVE
baik dan banyak info juga,POSITIVE
tanggapan nya baik semoga resep nya cocok buat muka aku dan ada perubahan nya,POSITIVE
ini juga sama untuk komunikasi atau chat online slow respon dan waktunya terus berjalan tidak mendapatkan apapa kecuali saya rugi bayar untuk konsultasi online,NEGATIVE
sudah bayar biaya konsultasi ternyata dokternya tidak ada yang merespon malah dialihkan ke dokter gigi sudah gila?,NEGATIVE
ya sekarang enggak bisa gratis lagi kalo chat dokter umum,NEGATIVE
konsultasi dengan dokter yang ramah,POSITIVE
aku senang karena dokternya klikdokter komunikatif,POSITIVE
halodoc pikirin juga nasib driver lu jangan seenaknya saja bikin kebijakan tapi enggak memikirkan nasib driver di lapangan seperti apa,NEGATIVE
susah banget sih mau mesen doang gua mau konsul saja buat nomer lagi baru bagaimana dah gua sudah memakai nomer orang bacaanya sudah dipakai halodoc apansi susah banget orang mau berobat itu juga gua bayar cok kali sih engga,NEGATIVE
dokternya menerima semua konsultasi dan menjawab dengan baik semua informasi yang dibutuhkan,POSITIVE
bukanya lama,NEGATIVE
ap nya rumit kasih imel tetap enggak masuk,NEGATIVE
respond cepat dan terpercaya,POSITIVE
tq dok sangat membantu sekali,POSITIVE
aplikasi langganan untuk konsultasi dan cari info obat enaknya suka banyak diskon jadi enggak bikin boncos thanks ya halodok semoga semakin lebih baik kedepannya,POSITIVE
lagi sakit malah dibikin stres sama bug,NEGATIVE
dikasih durasi 30 menit tapi jwbnya lama begitu tanya pertanyaan kedua jwbnya lebih dari 15menit setelah dokter jawab dan kita mau tanya lagi durasi deh habis ini bagaimana sih padahal sudah bayar meskipun pakai voucher kecewa,NEGATIVE
sudah jangan ditanya gua sering pakai ini dan sekeluarga juga pakai tenang apa saja ada,POSITIVE
dokternya komunikatif detail penjelasan nya terima kasih dok,POSITIVE
aplikasi nyaman digunakan dibanding telehealth lain harga sangat terjangkau dan pilihan banyak,POSITIVE
respon dokter ramah dan cepat,POSITIVE
melegahkan sangat melegahkan sekarang terima kasih,POSITIVE
sangat membantu dan prosesnya sangat cepat serta pelayanan prima,POSITIVE
oke aplikasi ini sangat ngebatu,POSITIVE
respon baik dan cepat mantap,POSITIVE
dokternya fast respond dan menjelaskan dengan detail terima kasih,POSITIVE
saya sangat suka aplikasi ini karena dengan ada nya aplikasi ini saya jadi gampang buat bertanya ke dokter tentang masalah kesehatan saya atau pun keluarga saya terimakasih klikdokter terus maju untuk memudahkan masyarakat yang tidak punya dokter khusus atau buat yang jauh rumah nya dari tempat klinik atau pun rumah sakit,POSITIVE
riweh enggak jelas lama sudah di kasih resep obat tapi enggak bisa nebus obatnya di aplikasi,NEGATIVE
konsultasi dengan dokter sama ridwan hakiki enak banget sama tepat diagnosa sehingga saya sembuh serta sehat walafiat thank you,POSITIVE
response cepat daftar enggak berbelit2 langsung dapat resep terima kasih dokter vanda,POSITIVE
sangat menolong,POSITIVE
chat saya tidak pernah dibalas sekian terimakasih,NEGATIVE
kalo gagal konsultasi uang transaksi yang sudah masuk bahgaiaman ? bisa di refund enggak,NEGATIVE
tolong algoritma toko nya di perbaiki di kota bandung ada banyak apotek tapi yang di assign jauh percuma kalo gojeknya enggak ada yang mau ambil customer rugi waktu apalagi kalo malam hari,NEGATIVE
obat terlalu lama sampai masa sakit nya sekarang obat sampai 2 4 hari lagi tidak ada pilihan untuk ekspedisi lainnya pertama dan terakhir kali pakai alodokter setelah transaksi selesai akan langsung saya uninstal,NEGATIVE
dokter fast respon konsultasi juga enggak buru2 bikin nyaman,POSITIVE
membantu sekali dikala emergensi tapi jangan sering sering pakai ini dan jangan langsung dipakai usahakan pakai dulu suplemen alami dan tingkatkan imun sebelum pakai obat,POSITIVE
appnya cukup bagus ya bisa konsultasi sedetail mungkin,POSITIVE
enggak rekomended buang2 duit,NEGATIVE
aplikasi cacat sudah bayar konsultasi resep obat enggak bisa dibuka,NEGATIVE
anjir lah auto debit tanpa info salestipu alokodok,NEGATIVE
bagus sih tapi di live chat mungkin dckter tidak membalas sekarang ditunggu2 juga tidak ada muncul2 hm,NEGATIVE
mempermudah banget,POSITIVE
kemarin katanya akan segera gratis untuk dokter spesialis tapi sampai sekarang belum kelar juga gratis katanya?? iya sih gratis tapi yang gratis dokter umum doang sementara kita butuh dokter yang spesialis mungkin yang spesialis bisa jadi di tahun kuda diadakn di ap ini miris!!!!,NEGATIVE
terima kasih sudah menciptakan aplikasih ini sukses selalu sudah begitu dokter nya cepat respon mntap lah,POSITIVE
dokter sekarang mata duitan ya nauzubilahimzalik mau tanya tanya saja harus bayar kumpulan dokter setan,NEGATIVE
sangat membantu respon cepat puas,POSITIVE
dokternya bagus bagus,POSITIVE
dokter nya selalu lama balas chat nya terlalu mengulur waktu kami yang bertanya tidak dapat kesimpulan dan informasi yang kurang tepat saya pribadi kurang puas dengan aplikasi ini,NEGATIVE
bagus dokter nya ramah pula semua dokter,POSITIVE
ribet amat dan lama sekali respon urus return pengembalian dana yang dicancel tolong kalau ada dokter yang lagi of cuti mending akunnya di nonaktifkan saja dulu begini jadinya sudah di bayar eh tiba dibatalkan karena dokter cuti mana dananya lama banget kembalinya tuh uang mau di pakai periksa lagi,NEGATIVE
sangat membantu dan dokter nya ramah,POSITIVE
wah sangat membantu memudahkan konsultasi dengan dokter spesialis tanpa ke rumah sakit,POSITIVE
saya sangat suka dan sangat setuju dengan aplikasi ini karena membantu kesehatan keluarga saya,POSITIVE
dokter profesional dan respon cepat,POSITIVE
jelek tidak bisa digunakan,NEGATIVE
ingat yang harus di perbaiki itu chat leguler kenapa harus selalu dokter umum kenapa enggak pernah ada dokter gigi padahalkan yang sakit gigi di indonesia itu banyak nanti kalow saya di respond saya mau kembali lagi dan memberikan bintang lima,NEGATIVE
pengiriman cepat mempermudah segala dalam situasi terima kasih,POSITIVE
aplikasinya bagus dan dari nya juga sangat ramah disarankan sih buat yang lain aplikasih ini,POSITIVE
mengira chat dokter gratis ternyata berbayar orang indonesia enggak semuanya berduit lain kali kasih fitur gratis chat dokter khusus pengguna baru ya,NEGATIVE
dulu pernah download kadang hasilnya enggak memuaskan sekarang malah berbayar kalau hasilnya seperti dulu mending uninstal saja lah mengira masih gratis seperti dulu,NEGATIVE
bikin aplikasi yang bisa chat kurir paket enggak sampai dan enggak jelas siapa kurirnya kalau pesanan dibatalkan uang customer langsung kembali enggak ribet rugi 60ribu enggak dapat obat jangan beli obat disini rugi,NEGATIVE
parah enggak jelas banget dari awal memilih gojekny ada tulisan estimasi datang jam 11 malam saya order jam 8 malam di tungguin sambil celeng2 sakit gigi pas di chat baru tau deh itu dkirim besokannya auto hapus apps ini pindah ke alodoc dikirm langsung jam setengah 1 malam kalo saja itu obat pilek min saya cuek2 saja ini obat sakit gigi miin,NEGATIVE
jangan pernah gunakan aplikasi alodokter ini! saya daftar untuk kedokter mata ternyata ditolak sedangkan saya sudah bayar sebesar 295 000 awalnya saya kira bila ditolak dana otomatis bisa langsung refund seperti aplikasi gopay ovo ternyata untuk refund dana yang sudah kita bayar perlu waktu 7 14 hari kerja ini uang cash yang masuk keaplikasi anda bila 1 juta orang yang ditolak dan refund dengan proses selama itu berapa banyak uang yang bisa anda putar2 dulu benar benar merugikan klien! auto kapok !!!,NEGATIVE
bagus walaupun sedikit lama respon nya,POSITIVE
sudah sangat bagus,POSITIVE
hati hati aplikasi ini menyedot rekening bank anda secara langsung tanpa pemberitahuan hati hati dengan promo2 apalagi sampai berlangganan dengan segala sistemnya banyak orang terbodohi bila ada rating minus saya akan pilih itu berhubung rating cuma bintang 1 jadi enggak ada yang lebih buruk dari itu,NEGATIVE
saya sangat terbantu dengan meng konsultasi kan masalah saya dengan dari terimakasih sudah membantu,POSITIVE
lambat menjawab,NEGATIVE
keren sih nih aplikasi meskipun harganya lumayan murah tapi kualitasnya enggak kaleng kaleng dokter spesialisnya terpercaya semua!,POSITIVE
gue user klik doketer dari 2020 karena pas covid19 merebak gue takut buat keluar rumah sedangkan gue beberapa kali harus konsultasi ke dokter memang nyaman dan praktis banget dibanding bulak balik rs,POSITIVE
terimakasih solusinya,POSITIVE
alhamdulillah ini aplikasi sangat membantu saya jadi lebih mudah untuk konsultasi dan bisa mendapatkan info yang sangat bermanfaat untuk kesehatan semoga klik dokter selalu memberikan pelayan yang baik,POSITIVE
ah bayar 8 500 sekarang terpaksa deh di apus,NEGATIVE
alhamdulillah periksa di halodok cepat,POSITIVE
terima kasih banyak dan banyak manfaat nua,POSITIVE
jadi ada sales waktu itu menawari daftar alodokter sudah daftar setiap bulan kena potongan terus sebesar 39 000rb tanpa pemberitahuan apapun ini sama saja penipuan,NEGATIVE
respon nya sangat cepat dan sangat membantu,POSITIVE
berbayar semua haha,NEGATIVE
alhamdulillaah,POSITIVE
unistal saja sudah terpasang kok masih bilang tutup atau ulang karena jaringan,NEGATIVE
aplikasi lemah tak berguna sudah 2x saya pesan janji temu dengan 2 dokter di 2 rs keduanya dibatalin dengan segala macam alasan padahal saya sudah nyetel waktu mending memang datang langsung saja ke rs enggak usah booking2 beginian,NEGATIVE
sekarang berbayar semua langsung gua hps aplikasinya,NEGATIVE
aplikasi enggak guna saya sudah bayar untuk konsultasi sama dokter kandungan sudah menunggu lama enggak direspon juga padahal status nya online benar benar jelek parah enggak direspon sama sekali menyesal payment buat konsultasi di aplikasi ini menyesal banget,NEGATIVE
sekarang berbayar ya,NEGATIVE
customer service enggak pernah balas chat dan telp enggak aktif tutup saja sekalian,NEGATIVE
pertama kali konsultasi semoga permasalah cepat teratasi dan hasil menjadi baik seperti sebelumnya,POSITIVE
saat semua praktek atau klinik tutup aplikasi ini sangat membantu,POSITIVE
boleh tau jadwal chat regulernya pak?????,NEGATIVE
sangat membantu jawaban nya mudah di mengerti,POSITIVE
enggak seru,NEGATIVE
saya kira gratis aplikasi ini ternyata harus bayar langganan,NEGATIVE
aplikasi yang sangat membantu seputar konsultasi kesehatan mulai dokter umum sampai dokter spesialis lengkap,POSITIVE
tampilan aplikasinya bagus banget jadi enggak bingung pakainya walaupun segala fitur ada,POSITIVE
uang yang gagal traansaksi masuk kemana ya? soalnya baru pertama kali pakai ini ap,NEGATIVE
respon dokternya lama keburu waktu habis,NEGATIVE
bagus banget layanannya,POSITIVE
hati hati dengan apk ini sudah byar tapi chatnya enggak direspon sama sekali hati hati penipuan,NEGATIVE
sangat sangat mmbntu dalam keadaan sedang sakit dirumah lemas lesuh tnggal konsultasi ke halodoc,POSITIVE
cepat di respon bagus,POSITIVE
hari ini 21 10 22 enggak bisa meminta resep untuk anak buang2 uang chat kesini kalo ujung ujung nya harus ke rs mengapai chat dulu kesini coba,NEGATIVE
aplikasi yang sangat membantu kalo ada keadaan darurat soal kesehatan bisa langsung tanya dokternya dan responnya juga cepat apalagi di saat pandemi covid kayak begini jadi sangat sangat membantu,POSITIVE
kecewa padahal lagi butuh konsultasi tapi setelah melakukan pembayaran disuruh menunggu beberapa menit sampai waktu habis akhirnya jadi kadaluarsa sia sia jadinya,NEGATIVE
sulit untuk login nya,NEGATIVE
suka banget dengan aplikasinya sangat membantu recommended suka banget,POSITIVE
sangat buruk dimana mana orang pesan karena butuh cepat tapi di aplikasi malah memperlama perhari ini sudah lewat 4 hari dari yang di tentukan tapi obat pesanan belum juga sampai chat denga cs tidak ada gunanya sangat sangat slow respon status pembayaran dari berhasil berubah menjadi gagal setelah di komplain ke aplikasi nya halodoc very very bad !!!,NEGATIVE
respon dokternya cepat dan tanggap,POSITIVE
saya kira tanya saja gratis eh ternyata berbayar,NEGATIVE
katanya gratis tapi harus bayar juga payah,NEGATIVE
bad service,NEGATIVE
hati hati dengan aplikasi ini setelah konsultasi terbitkan resep resep dibayar pesanan tidak dikirim,NEGATIVE
kok pilihan pengiriman nya cuma reguler tidak ada yang instan?,NEGATIVE
saya merasakan nyeri di kaki apa neo reumacil dapat myembuhkanya,NEGATIVE
ini aplikasi apaan sih saya enggak pernah memakai nih aplikasi tapi uang saya tiap bulan di kuras mulu 39 ribu sudah hampir 1 tahun loh kayak begini,NEGATIVE
halo min kemarin saya janjian chat dengan dokter dibatalkan dana saya belum dikembalikan,NEGATIVE
enggak jelas orang sakit konsultasi malah bayar mana responnya jelek,NEGATIVE
nguras rekening doang ini,NEGATIVE
sangat membantu terutama kami yang berada di daerah pedalaman,POSITIVE
kenapa harga konsultasi di aplikasi 250 000 tapi ketika datang ke rs sambil menunjukkan pendaftaran lewat aplikasi kasir bilang harga di aplikasi belum di update dan saya harus membayar 400 000,NEGATIVE
saya kepencet tombol jwbn ya dan tidak bisa chat untuk beritahu dokternya kalau salah pencet,NEGATIVE
ah ternyata ilmunya kira kira tidak ada jawaban dari ilmu kedokteran kalau itu jawabanya yang bukan dokter juga tau kali,NEGATIVE
klik dokter sangat membantu good,POSITIVE
the best,POSITIVE
cepat tepat terbaik pokoknya,POSITIVE
banyak tipu2 nya diawal chat dari di jamin asuransi ternyata setelah chat diagnosa tidak terjamin asuransi coba konfirmasi ke cs jawaban template seperti nya bot saja yang jawab bad experience,NEGATIVE
tolong dong dokter yang enggak standby di hapus saja saya sudah bayar tapi hangus saja tanpa kompensasi apapun dan enggak ada solusi aneh banget,NEGATIVE
penjelasannya dan saran sangat jelas dan mudah dipahami,POSITIVE
terimakasih sekali dengan adanya klik dokter sangat membantu tidak jelas menjadi jelas,POSITIVE
respon nya sangat lambat sekali disuruh tunggu 2 menit tapi sudah 10 menit lebih belum ada respon padahal sudah bayar,NEGATIVE
ruang chat sama dokter error balasan dokter tidak masuk ruang chat kecuali dari kita harus keluar ruang chat dulu baru masuk ruang chat lagi baru balasan dari dokternya masuk harus bolak balik keluar masuk ruang chat buat lihat balasan chat dokternya mohon di perbaiki lagi karena aplikasinya bermanfaat trimakasih,NEGATIVE
cukup membantu saat perlu konsultasi ke dokter dan beli obat,POSITIVE
kenapa sih durasi konsultasi nya cuma â½ jam saya konsultasi byr loh belum kelar konsultasi sudah habis waktu itu jadi enggak efektif setengahâ² komsulnya ini aplikasi untuk orang artenatif berobat loh jangan terlalu di duitin pada hl sudah bagus dokterâ² nya tapi aplikasiny jelek,NEGATIVE
sekarang jawabannya ya tidak dulu jawabannya tidak seperti itu kalo bisa ganti dokter saja kasihan bayar walaupun enggak seberapa jawabannya ya tidak doang,NEGATIVE
dokternya ramah banget pelayanan dan penjelasannya mudah dipahami,POSITIVE
good apps,POSITIVE
jaringan dibuat buka ap lain aman tapi ke halodoc reload mulu untung ngambul konsultasi yang 1jam kalo 30mnt mah habis direload reload doang,NEGATIVE
dokternya baik banget beri pemahaman yang mudah,POSITIVE
dulu pernah gratis buat konsultasi kok sekarang bayar sih ?,NEGATIVE
masuk saja susah,NEGATIVE
sangat membantu sekali layanan halodoc apabila kita membutuhkan obat tanpa harus keluar rumah,POSITIVE
aplikasi yang apik,POSITIVE
ribet banget sumpah cuman mau konsultasi sudah bayar 30 ribu pakai shopeepay eh bolak balik disuruh memasuki voucher enggak jadi konsultasi akhirnya sudah menambah pusing duluan semoga rejekinya lancar terus ya,NEGATIVE
sangat bersahabat dan dijawab dengan baik,POSITIVE
pelayanan sangat lambat menunggu padahal bayar di kira gratisan kali ah,NEGATIVE
berguna ketika tidak bisa kemana mana,POSITIVE
saya kalau bertanya jarang ada jawaban,NEGATIVE
mantap pelayanan konsumen,POSITIVE
enggak bisa bayar pakai dana,NEGATIVE
di aplikasi saya sudah bayar biaya chat tapi admin tidak berhasil menghubungkan dengan dokter pembayarannya hangus begitu saja???,NEGATIVE
pertolongan pertama,POSITIVE
aduh mengapa sekarang berbayar,NEGATIVE
sangat membantu mendapat info yang benar tentang kesehatan,POSITIVE
dari nabil azra mahendra bad attitude prosedural lebih penting dibanding menolong dokternya seperti ini dokter muda gen saja dan memutuskan obrolan secara sepihak disini saya sudah bayar saya sudah sering konsultasi dialowdokter dan tidak ada masalah tentang hal itu tapi baru kali ini dipermasalahin masalah prosedural sama dokter gen saja sangat mengecewakan sikap seperti ini enggak layak jadi dokter harusnya karena menolong seseorang yang sakit itu diatas segalanya,NEGATIVE
respon yang baik,POSITIVE
sudah bayar chatting nya enggak jalan cukup dengan satu bintang ya terima kasih,NEGATIVE
konsultasi yang memuaskan,POSITIVE
keren banget aplikasinya bisa konsultasi online tentang penyakit,POSITIVE
pesanan obat dibatalkan sama pihak apotek tapi pengembalian uangnya 3 hari dikira semua orang kayak orang lagi sakit butuh obat duitnya ditahan parah sekali aplikasi ini tidak ada solusi percuma lapor juga,NEGATIVE
aplikasi yang luar biasa,POSITIVE
aplikasi nya kagak jelas nih masa kagak bisa masuk daftarin ke akun sih,NEGATIVE
sip aku sangat menyukainya 1 arahan yang bisa di mengerti,POSITIVE
alhamdulillah tidak membantu,NEGATIVE
coba dulu,POSITIVE
tolong bantu saya untuk berhenti berlangganan soalnya sudah 2tahun lebih alo dokter tidak saya gunakan tapi kenapa saldo atm saya tertarik otomatis tolong bantu saya berhenti berlangganan saya tidak faham caranya,NEGATIVE
mending di uninstal obat ditolak refund lama meminta ovo katanya lagi masalah meminta bank katanya alasannya libur bersama percuma ada cs tapi respon nya very very slowly dan tidak memberikan solusi,NEGATIVE
dijawab dengan baik dan detail sangat membantu,POSITIVE
enggak jelas banget setiap di pakai selalu saja enggak bisa di cal atau pesan lama tersampaikan ke dokter padahal dokternya online,NEGATIVE
bagus penjelasan dokternya mudah dipahami,POSITIVE
lama pengiriman cari driver nya susah,NEGATIVE
enggak pernah gagal buat konsultasi di klikdokter selalu puas sama pelayanan yang diberikan,POSITIVE
saya pesan obat dengan pengiriman gosend pesanan saya dikembalikan oleh driver ke apotek dan di status pemesanan pengiriman gagal yang saya kesalkan pihak driver tidak ada menghubungi saya dengan via apupun itu baik chat maupun cal ke saya dan langsung pesanan saya dikembalikan ditambah lagi pada aplikasi tidak ada fitur chat untuk apotek yang mengirimkan obat kemudian untuk refund uang saya harus konfirmasi lagi di whatsap dengan mengisi form terlampir dan harus menunggu 3 hari untuk pencairan dana,NEGATIVE
ulasan sangat membantu menjaga kesehatan pembaca,POSITIVE
fast respon sangat membantu,POSITIVE
enggak jelas banget dah enggak ada konfirmasi bisa konsultasi apa enggak kita sudah bayar malah enggak ada respon,NEGATIVE
sangat puas dengan jaeabanya,POSITIVE
lama terhubung dengan dokter sehingga harus memlih kembali dokter yang lain untuk layn bagus cepat responnya hanya pas mau masuk untuk konsulnya kadang dokter atau systmnya lama enggak pasti respon,POSITIVE
mau tes btuk bagaimana susah enggak muncul terus kalo bisa tmbhin juga fitur kirim suara,NEGATIVE
saya datang ke klinik periksa gigi saya bilang sama dari gigi kanan bawah no 3 dari belakang habis ditambal 3 hari yang lalu kumat kalau mengunyak luar biasa sakitnya kemudian dari gigi periksa dan dia bilang bekas tambalan masih tidak kelupas setelah itu kenapa dari gigi malah menambal gigi kanan atas no 3 dari belakang dan sedikit membersihkan karang gigi,NEGATIVE
sangat bermanfaat semua artikel dan penjelasannya sayangnya jawaban dokter harus buka dari broswer lagi,POSITIVE
aplikasi klik dokter sangat memuaskan sehingga saya bisa bertanya tentang keluhan yang saya alami,POSITIVE
memang halodoc byr,POSITIVE
dokter membalas dan merespon dengan baik dan cepat,POSITIVE
informasi tidak clear diawal seperti menjebak customer untuk melakukan pembayaran cs tidak profesional mematikan telepon ketika melakukan complaint dan tidak memberikan solusi,NEGATIVE
sangat membantu sekali trimaksih dok,POSITIVE
walaupun berbayar per konsultasi tetapi ini sangat berguna ya saat kita jauh di rumah sakit yang ingin mengetahui kondisi tubuh dan tindakan apa yang harus di lakukan,POSITIVE
semakin menarik salah satu apk ini trakhir saya menggunakan apk ini untuk konsultasi dokter umum masih gratis dan sekarang sudah berbayar sngat tidak pro dengan masyarakat kurang mampu padahal hanya sekadar berbincang mngenai gejala dan keluhan dan belum tentu akurat pula diagnosa nya dan harus byar 8rb an? anda luar biasa para dokter yang hanya tau duit,NEGATIVE
saya sudah lama pakai aplikasi klik dokter untuk chat dokter enggak ada tolong fitur klik dokter hadirkan lagi untuk chat dokter biar enggak antri ke rs,NEGATIVE
lama banget menunggu 7 menit sampai sudah lebih malah enggak ada respon padahal sudah bayar coba keluar room chat malah enggak bisa masuk lagi rugi deh jelk,NEGATIVE
tidak bisa daftar jadi member baru,NEGATIVE
aplikasi penuh kebohongan dan tidak bisa dipercaya ini dokter lho namanya juga alodokter tetapi aplikasi pembohong ngerjain orang saja dari yang notabene orang berpendidikan tinggi ternyata berkarakter tidak baik juga menyesal saya mengunakan aplikasi ini tolong yang lain hatiâ²,NEGATIVE
mengapa saya tidak bisa mendownload aplikasi ini?,NEGATIVE
respon dokter cepan dan memuaskan,POSITIVE
artikelnya oke,POSITIVE
dokternya judes judes menyesal bayar buat konsultasi,NEGATIVE
aplikasi yang sangat bermanfaat,POSITIVE
sangat cepat responya,POSITIVE
sejak covid aku sudah tida ragu lagi konsultasi online sama dokter wkwk sejauh ini coba coba dan yang paling nyaman di klikdokter soalnya dokternya gercep gercep dan enak ditanyain begitu,POSITIVE
saya kok tidak bisa mengirim foto ya ?,NEGATIVE
aplikasinya oke tapi ada kendala perhitungan resep obat dari dokter enggak sesuai ketika ingin ditebus mau komplain cs nya enggak ada jawaban!,NEGATIVE
lumayan baik,POSITIVE
aplikasi sangat membantu semoga semakin banyak rs dan dokterâ² yang menggunakannya juga,POSITIVE
sepertinya ini bukan dokter asli yang jawab melainkan seperti bot atau komputer yang sudah di seting menjawab pertanyaan dan keluhan pasien,NEGATIVE
payah sudah trnsaksi berhasil giliran mau chat keyboard enggak isa muncul sia sisa bayar payah aplikasinya,NEGATIVE
dokter yang ditanya tidak membantu,NEGATIVE
sangat membantu banget apalagi buat yang enggak bisa gerak tapi ada dokter yang slow respon dan waktunya terus bejalan jadi rada merasa rugi dikit,POSITIVE
sangat bak,POSITIVE
saya tes dokterâ² di beberapa aplikasi dan kbtln di apliksi nih aya dapat dokternya yang enggak ada ramahâ²nya balesnya jutek banget kayak enggak niat respon lama lagi beda dengan aplikasi ttngga doktrnya ramah costumer baru ya coba di layani dengan ramah tau begini saya enggak jadi brlangganan langsung uninstal,NEGATIVE
kapok banget pakai halodoc selain biaya mahal untuk cek lab dokternya terlalu cepat mendiagnosis mana salah kasih surat rujukan juga tidak diberi obat untuk penenang gejala yang perlu surat rujukan juga saya sudah berusaha buat menyampaikan keluhan ini ke admin tapi nihil enggak ada kabar apa apa lagi kalau ada apa apa sama saya juga halodoc enggak tggjwb kan padahal kondisi saya semakin memburuk lebih baik periksa secara offline saja sudah pasti halodoc payah sekali pelayanan dokter dan adminnya!,NEGATIVE
masih ada bugs dalam proses verifikasi terus menerus mengirim kode otp saat klik verifikasi kode disaat mau live chat meminta login lagi tapi terus menerus meminta verifikasi tanpa bisa masuk live chat,NEGATIVE
sangat akurat terpercaya,POSITIVE
masa butuh obat sekarang dikirim 2 3 hari kemudian dan tidak dapat di cancel,NEGATIVE
layanan kirim obat belum tersedia di berbagai juru pelosok indonesia,NEGATIVE
pengalaman buruk,NEGATIVE
kok dokter umum kalo mau konsultasi bayar sih dulu gratis,NEGATIVE
kenapa harus bayar padahal pengin bertanya doang kenapa di indonesia raya ini apaâ² harus pakai uang apakah tidak ada dokter yang niat membantu orang lain tanpa pamrih,NEGATIVE
very helpful,POSITIVE
mencari apk apa yang muncul nih apk mulu dipaksa download,NEGATIVE
sumpah aplikasi enggak jelas mending halodoc belum siap sih ini sebagai aplikasi konsultasi dokter !!!,NEGATIVE
ribet bikin susah,NEGATIVE
entah kenapa alodokter seperti membenarkan penyimpangan lgbt saranku kalau mau merangkul mereka bukan dengan membenarkan mereka atau melapangkan hati mereka atas perilaku mereka,NEGATIVE
anak sudah demam tinggi 39 pakai jasa alo dokter maksudnya biar cepat datang obatnya ini malah disuruh tebus obatnya diluar kota 1 dikota gresik 1 dikota jakarta biasa juga langsung ke apotek terdekat sumpah kecewa mana sudah dibayar pula minta di refund enggak bisa keburu knpâ² anak ku menunggu obatnya mending hapus saja apk nya langsung ke rs terdekat,NEGATIVE
enggak bisa di gunakan setan memang,NEGATIVE
aplikasi sering tidak bisa dibuka dokternya sering lama balas,NEGATIVE
kenapa hanya yang bintang 5 dibalas sedangkan yang memberikan saran dan kritikan dibiarkan saja situ dokter,NEGATIVE
consul langsung sama online sama saja bayar juga,NEGATIVE
sangat mengecewakan tool halodoc ini akun asuransi tb2 innactive parah,NEGATIVE
15 menit aku konsultasi dari seharusnya 30 menit menunggu dokter 15 menit kata dokter sistem eror dapat apa aku konsultasi 15 menit? bahkan tujuan aku konsultasi enggak dapat solusi dan jawaban,NEGATIVE
saya sudah bayar secara virtual account tapi dokter sama sekali tidak merespon sampai sesi chat habis buang2 duit saja tapi enggak ada respon sama sekali payah,NEGATIVE
sudah dari 2021 sampai sekarang uang saya auto otomatis di potong trstrsan heh gue sakit juga kerokan ya sama ke puskesmas tok menyesal gue ketemu spg beginian main asal menawari!!!! tolong buat spg nya kalau orang lagi makan enggak usah memaksakan buat menawari sudah bilang maaf tetap saja bilang sebentar saja kok kak enggak mau pergi risih!!!!!,NEGATIVE
responya baik dan lugas,POSITIVE
bagus banget pembelian obat juga gercep dokternya mengasih resepðÿ ðÿ ðÿ,POSITIVE
konsultasi sama dokter serasa konsultasi sama robot jawaban singkat dan enggak membantu diagnosa asal tanpa menimbang hal lainnya diagnosa terkesan memaksakan agar konsultasi segera berakhir chat kurang responsif dan terkesan cuek trakhir saya bayar konsultasi untuk konsultasi dengan dokter kalo dokternya malah nyuruh baca artiket mah lawak namanya mengapai saya bayar kalo begitu hadeh makin kesini kok makin enggak jelas padaha pakai alodokter sudah lama loh saya sampai ganti 2 dokter tetap enggak memuaskan,NEGATIVE
respon cepat semoga yang direspkan bisa mengatasi keluhan saya,POSITIVE
bintang 1 dulu kalo bagus tak tambahkan,NEGATIVE
dokter tidak konsisten,NEGATIVE
terimakasih atas penjelasan nya,POSITIVE
plus sangat membantu proses pembelian obat dengan tidak diperlukannya resep dokter karena kita bisa berkonsultasi secara gratis saat akan membeli obat dan ada gratis ongkir 0 rupiah jika biaya pengiriman melebihi 15k minus sangat lambat dalam memuat data contohnya saat ingin membuka inbox untuk mengecek lacak status pemesanan laman tersebut akan mengalami lagging yang bisa sampai ber menit menit,POSITIVE
saya mau konsultasi jam 1 malam karena di aplikasi tertulis 24 jam sudah bayar 2 kali dan gagal terus sebagai gantinya saya diberi voucher dengan nilai yang sama tapi tetap tidak bisa konsultasi apa gunanya aplikasi ini yang menyatakan bisa 24 jam halo aplikasi dokter online mohon anda segera perbaiki aplikasi anda kalau sudah baik mungkin saya mau memakai aplikasi ini lagi kalau sekarang saya tidak mau karena sudah bayar dua kali tapi tidak bisa konsultasi,NEGATIVE
dokternya ramah dan tanggap semoga cocok dan kembali sehat,POSITIVE
bagaimana mau mengakses jika baru buka disuruh daftar voucher setelah itu selesai tidak bisa keluar dari menu voucher ini ap kesehatan atau ap voucher sebenarnya,NEGATIVE
good banget malam malam begini,POSITIVE
para para auto delete,NEGATIVE
konsultasi terjangkau sejauh ini puas,POSITIVE
mau konsultasi cuma berbayar,NEGATIVE
aplikasi sangat membantu ketika kita sedang sakit enggak ada yang antar obat,POSITIVE
untuk sales alodokter jangan seperti itu anda mengambil saldo rekening saya sebesar 39 000,NEGATIVE
kenapa baru nemu klikdokter telehealth sebagus ini sih,POSITIVE
aplikasinya bagus penjelasan dokternya memuaskan,POSITIVE
segala macam dokter ada dan selalu siap siaga jam berapapun jadi tenang banget sekarang walau sambil berpergian,POSITIVE
sangat sangat membantu sekali terima kasih banyak halodoc,POSITIVE
membantu saat tengah malam,POSITIVE
helped banget nih aplikasi bisa konsultasi sama dokter spesialis apapun layananya oke dokternya super cepat,POSITIVE
beberapa kali chat dokter tidak pernah memuaskan jawaban nya cuma sepotong2 tidak ada penjelasan yang bisa me edukasi masyarakat awam konsultasi berbayar itu wajar tapi masyarakat butuh edukasi untuk menginformasi bukan konsultasi,NEGATIVE
puas konsultasi dengan dokter di halodoc sudah 2x mencoba konsultasi lewat halodoc selalu memuaskan respon cepat terima kasih halodoc beserta dokter2 nya,POSITIVE
turunin bintang ah sekarang jadi enggak bisa lihat dosis cara minum obat ketika klik resep langsung hantem pembelian kenapa? karena anda maksa kita buat beli obatnya melalui aplikasi bukan begitu? pas kita end chat barulah sadar kalau dosisnya enggak tertera enggak bisa dilihat terus admin whatsap kasih saran untuk hubungi dokternya lagi untuk konfirmasi dosis dan kita harus bayar lagi 40rebu cuma buat tanya ulang? masuk akal enggak nih buat tim alodokter,NEGATIVE
waktu chat dokter sempit dan tidak ada notifikasi hubungan cs berharap dapat solusi ternyata csnya agak menyebalkan terakhir pakai ap ini hari ini tadi sudah uninstal terima kasih,NEGATIVE
dilayani dengan baik oleh dokter,POSITIVE
mudah mudahan bisa bermanfaat,POSITIVE
saya tidak pernah pakai aplikasi ini saya di paksa download sama salesnya sampai ngemis2 tapi kenapa tiap bulan saldo rekening saya berkurang 39 ribu? apakah ini pencurian atau bagaimana?,NEGATIVE
sangat berguna bagi masyrakat,POSITIVE
mending apk yang biru masa saya beli obat yang ada resep dokternya gadikasih katanya karena bahaya di apk sebelah bilang enggak bahaya saya sudah cari tau tentang obat itu juga gabahaya dokter yang saya tanyai juga seperti malas menjawab pertanyaan pertanyaan saya kenapa enggak bisa dikasih resepnya aneh saya malah disuruh langsung ke rs kocak buat apa saya download apk ini kalo begitu dokter seperti memandang rendah pengetahuan saya dan malas menanggapi pasien,NEGATIVE
aplikasi penipu dana refund saya dijanjikan 3 hari kerja namun sudah 7 hari kerja tidak kunjung kembali,NEGATIVE
buruk pesanan enggak diterima cuma bisa baik saya beli obat karena anak saya butuh malam2 demam disuruh menunggu 3 hari enggak juga ada kejelasan kecewa saya halodoc padahal sering memakai ini kalau salah kirim proses lama obat enggak sampe2 solusi enggak didapat,NEGATIVE
deskripsi dokter kurang detail masak sudah bayar salah dokter ? terus kalo deh salah bagaimana cari dokter lain ? bayar lagi ?,NEGATIVE
aplikasi sampah kita lagi sakit sudah pesan obat dan bayar tapi proses lama enggak dikirim2 dan satu lagi ada pesanan di tolak padahal sudah bayar proses refund juga tidak respon sangat sampah sekali aplikasi ini,NEGATIVE
suruh bayar diawal chat dokter tiba tiba menghilang sudah mahal2 byar enggak ada respon uang alamat hilang,NEGATIVE
kecewa sudah konsultasi bayar setelah mau nebus obat pembatalan pengiriman padahal uang sudah masuk dan obatnya bukannya murah padahal orang brobat online itu karena urgent mendadak hingga harus brobat di sini hal hasil menunggu refund 3 hari lama banget enggak itu uang orang mereka yang atur jadwal pengembalian biasa 1x24 jam dah bisa terakhir kecewa seharus nya yang sakit bisa di obati nih obat enggak sampai dan uang belum kembali mau pesan lagi uang tinggal itu di atm kecewa banget di sini,NEGATIVE
nice ap bagus jika kita butuh diagnosa cepat tanpa perlu antri berlama2 di rs,POSITIVE
doter saya akir akir ini mau berhubungan sama istri kurang bergairah apa obatya dok,NEGATIVE
herbalmaleboostre aman di komsumsi,POSITIVE
memban sekali,POSITIVE
pas saya demam saya ditanya alergi obat apa saya sebutkan ibuprofen eh malah sama dokternya dikasih resep obat yang mengandung ibuprofen padahal sudah jelas saya sebut saya alergi ibuprofen memang dasar enggak jelas bukannya bikin sembuh malah bikin menambah sakit,NEGATIVE
untuk konsultasi dokter baik buat obatnya masa waktunya pickup kurir kok belum siap,NEGATIVE
dokter alni asw 14 900 sudah saya tapi kmudian nnggu jawaban pertnyaan 5 meni malah enggak ada jawaban buang2 duit saja,NEGATIVE
kenapa enggak bisa chat dengan dokter secara gratis? apa mungkin karena gratis ya? gagal mulu kalau mau chat katanya terjadi kesalahan,NEGATIVE
serasa ada dokter pribadi yang siaga setiap di butuhkan ï ï ï,POSITIVE
responya cepat ok,POSITIVE
top siiip,POSITIVE
maling kelas kakap ternyata nih aplikasi ini ya gue download cuma buat komentar saja auto debet tanpa persetujuan begini ternyata cara kalian mencari duit buat ngempanin anak bini kalian,NEGATIVE
saya tidak menggunakan ini kenapa saya kena potongan debit 49000 guna pun enggak buat saya kalo begini saya akan buat laporan tntang apk ini,NEGATIVE
dokter cepat saat membalas chat pengiriman obat pun cepat sampai pakai instan benar benar cepat enggak ada keterlambatan pengiriman,POSITIVE
komunikasi tidak bisa lewat vidcal untuk dokter psikologi sangat mengecewakan dan solusi dari dokter juga kurang memuaskan,NEGATIVE
selow respon,NEGATIVE
terima kasih dokter informasi nya sangat membantu,POSITIVE
semoga keramaha dokternya dan aplikasinya yang user friendly ini akan terus berkembang ya walau usernya makin banyak sudah terlanjur cinte banget soalnya,POSITIVE
hati hati nih aplikasi kebanyakan tipu2 soal biaya sumpah tidak transparan!!!!,NEGATIVE
plis lah aku deh bayar buat mencari solusi tapi cuma karena lagi enggak sempat balas 30 menit langsung di hentikan rasanya percuma banget mengeluarkan duit,NEGATIVE
mantaaaaaaap,POSITIVE
sangat baik terimakasih dokter,POSITIVE
alhamdulillah cukup puas,POSITIVE
sangat membantu di kondisi sekarang,POSITIVE
beberapa kali sering konsultasi lewat halodoc dokter nya ramah dan baik dan resep obatnya selalu manjur,POSITIVE
great!,POSITIVE
tolong aplikasi nya di harapkan untuk membantu orang orang yang membutuhkan bukan untuk di jadikan sumber penghasilan sampingan saran saya jangan buat aplikasi berbayar suruh masyarakat membayar padahal masyarakat bersyukur karena tidak perlu lagi bertemu dengan dokter secara langsung ini aplikasi berbayar di hapus dari playstore,NEGATIVE
sangat baik,POSITIVE
gila gue konsultasi jam 1 pagi tetap ada dokter yang standby di klikdokter,POSITIVE
terima kasih atas respon cepatnya,POSITIVE
chat psikolog eh dokternya balesnya luama banget tiao balesan memakan 5 menitan dan balesannya simple biasa biasa saja enggak guna begitu bayar buat dapat balesan yang kita dengar dari teman sendiri,NEGATIVE
pengin mengasih bintang lebih,POSITIVE
the best sangat membantu,POSITIVE
super bingung chat dokter 1 arah doang enggak bisa balas sama sekali mengoceh saja dia sendiri bagaimana mau menanggapi atau meminta saran yang lain ya di ending baru di kasih chat terus dia masih bertanya nama sama umur memang enggak kelihatan profile nya? halodoc debest,NEGATIVE
bukan gapuas sama apk dan pelayanannya cuma ya kembangin apk ini bre bukan apa apa tiap order obat pakai gosend kita enggak bisa track lokasi driver mau dari apk halodoc atau gojecnya kasihan anjir drivernya bisa menunggu berjam2 dia gegara kita enggak tau kalo drivernya sudah sampai ke lok,NEGATIVE
sangat mudah di pahami,POSITIVE
maaf kenapa aku kasih bintang 1 karena enggak bisa di donwload tulisan kali selalu saja menunggu didonwload,NEGATIVE
terima kasih respon dokter nya sangat cepat,POSITIVE
enggak bisa log ini anjir habis otp malah balik ke halaman daftar,NEGATIVE
aplikasinya mudah digunakan tapi sayang kita konsultasi sama dokter nya itu bayar loh tapi respon dari dokternya tidak komunikatif dan slow respon banget bahkan ketika kita kasih keluhannya malah mengasih penyebab faktor dari google mohon untuk lebih selektif lagi buat dokter nya yang ada di halodoc karena kita konsultasi juga bayar,NEGATIVE
terima kasih atas nasehat yang sangat berguna saya akan terapkan semua nasehat yang berharga salam,POSITIVE
riwayat transaksi konsultasi hilang sendiri belum ada solusi dan respon lanjutan cukup kecewa dengan pelayanan nya coba hubungi via chat tidak ada pilihan live chat dengan staf cs nya,NEGATIVE
sudah bayar dan sudah ngajukan pertanyaan tapi enggak dijawab sampai sistem tertutup dengan sendirinya uang katanya mau direfund tapi enggak direfund juga sekelas apk aldokter enggak amanah,NEGATIVE
sangat amat mrngecewakan !!!!pengiriman obat sangat lambat pket malah nyasar ke jkarta sudah sampai sukabumi malah balik lagi ke bandung kacau!!! respon cs nya lambat mengecewakan,NEGATIVE
tiap mau checkout obat enggak bisa loh selalu bilang coba lagi ada kendala aneh padahal butuh obat setrlah diresepkan dokternya bagaimana sih,NEGATIVE
orang sudah di update semakin baik bagus lah ini semakin di upgrade semakin buruk bagaimana sih enggak jelas,NEGATIVE
sangat sangat membantu selain cepat dibalasnya kita bisa cek obat dan rumah sakit di aplikasi tersebut,POSITIVE
pelayanan nya baik,POSITIVE
cepat mudah dan bermanfaat positif untuk kami,POSITIVE
lumayan bisa buat promosi kerjakan walaupun tidak sebagus yang berbayar,POSITIVE
dokter dokter nya informatif banget dan berpengalaman,POSITIVE
pelayanan yang sangat prima dengan di dukung para dokter yang handal,POSITIVE
keren kece,POSITIVE
dalam keadaan darurat ini membantu sekali dokter dokternya profesional,POSITIVE
aplikasi lama banyak bug terus knapa harus konsultasi kalo mau beli obat dulu mana kadang enggak dibales malah didiemin sampai sesi habis,NEGATIVE
nipu banget nih apk,NEGATIVE
saya sudah jarang konsultasi lewat aldokter kenapa saldo saya tersedot garaâ² alodokter,NEGATIVE
luar biasa sih progres dari klik dokter ini aku selalu ngitungin soalnya dari jaman awal dia rilis,POSITIVE
dokter nya ditanya kok malah bertanya balik sih bukannya mengasih solusi yang baik pokoknya,NEGATIVE
sangat membantu di saat lagi kepepet,POSITIVE
payah saya sudah melaporkan kendala saya dari hari jumat dipusat bantuan bilang kalo menggunakan gopay uang otomatis langsung kembali dan saya kirim email tunggu 3 hari masa iya selama itu kendala nya,NEGATIVE
good solution,POSITIVE
aplikasi ini sangat membantu kita untuk tau informasi tentang kesehatan jadwal dokter di klinik dan bisa langsung booking online juga bedebest pokoke,POSITIVE
mudah digunakan dengan pelayanan yang praktis,POSITIVE
payah makin lama makin sebentar waktu konsultasi dokter berbayar juga sama saja sudah bayar slowres masalah belum kelar sudah di tutup dokter gratis lebih parah waktu cuma 15 menitan kadang sampai waktu habis dokter enggak muncul tutup saja deh ini aplikasi enggak mutu,NEGATIVE
gacor sih dokter nya,POSITIVE
enggak jls sudah bayar 300k lebih non asuransi dokter mengasih dosis asal2 dikasih dosis anak anak padahal sudah dicantumkan umurnya 18thn pantas saja enggak pulih,NEGATIVE
katanya gratis kok ini malah disuruh bayar sih,NEGATIVE
sebaiknya artiket dikasih gambar untuk memperjelas sub judul yang diberikan biar jelas enggak baca sambil membayangkan,NEGATIVE
saya suka aplikasi nya memudahkan untuk berkonsultasi ï dengan gratis,POSITIVE
saya cukup kecewa karena dokter slow respon sedangakan waktu yang diberikan terbatas jika seandainya dokter tidak bisa sepenuh nya memberikan waktu untuk berkonsultasi sebaiknya tidak usah menerima layanan dari hasil konsultasi tetakhir banyak pertanyaan yang belum terjawab namun waktu konsultasi sudah berakhir secara otomatis karena dokter yang slow respon dengan biaya yang sudah dikeluarkan saya cukup kecewa dengan pelayanan yang diberikan semoga bisa jadi bahan perbaikan kdepannya,NEGATIVE
susah banget masuk ke aplikasi nya nomer verifikasi nya enggak terkirim kirim,NEGATIVE
lumayan memudahkan untuk menggunakan layanannya ditambah design baru jadi lebih enak di mata semoga update terus supaya developernya enggak kena pengurangan,POSITIVE
dokter nya enggak ada respon terus waktu sesi nya sudah habis saya lihat chat saya dengan dokter nya baru ada respon tapi sesi sudah berakhir saya enggak mgerti sama aplikasi ini,NEGATIVE
cepat mudah dan dokter banyak pilihannya,POSITIVE
teledoc yang lain better belajar nih dari klikdokter harga dokter spesialis lengkap,POSITIVE
mantab aplikasinya,POSITIVE
sistem sangat merugikan jika salah satu dari obat yang diresepkan tidak tersedia mohon ditambahkan fitur multiple apotik jika stock tidak lengkap di apotik lainnya dan lucunya dokter meresepkan 5 strip obat tapi cuman bisa memasuki ke keranjang maximal 2 jadi karena antibiotik saya terpaksa memesan 2 2 1 dengan biaya grab 4x orderan untuk 1 resep,NEGATIVE
aplikasinya makin aneh kalo konsultasi itu dua arah ini dkternya mengomong tapi kita enggak bisa blz chatnya cuma baca enggak dpet solusi kalo begini di google banyak enggak perlu bayar,NEGATIVE
terima kasih dokter pelayanan dokternya sangat membantu tapi saya tidak bisa buka harus diperbarui dulu mklum memori saya hanya kecil saran saya tidak perlu tidak bisa dibuka sebelum diperbaruinya kasihan memori2nya yang kecil,POSITIVE
aplikasi perusak driver ojol dapat orderan expres instan argo lumayan gede eh malah apotek nya sudah pindah kan enggak jelas bagaimana ceritanya,NEGATIVE
bukannya tanggal 26 maret sudah di apgred kok sekarang suruh apgred lagi,NEGATIVE
keren euuuy enggak perlu repot mengantri semua terselesaikan,POSITIVE
baru mau coba semoga bermanfaat,POSITIVE
baru 2kali konsultasi disini tapi dokternya masyaallah bagus pelayanannya dan ramahâ² pula,POSITIVE
bagaimana sih verifikasi nya sudah dapat kode nya tapi enggak bisa verifikasi aneh,NEGATIVE
mau meminta resep tapi susahnya meminta ampun meminta ubah profil jadi profil anak sementara di aplikasi tidak ada pilihan ubah profil,NEGATIVE
aplikasi klik dokter sangat membantu kesehatan kita dokter2nya melayani dengn baik dan sopan dalam melayani konsultasi,POSITIVE
untuk drg mutiara ukhra saya konsultasi ke beliau sangat amat bagus mudah di pahami gercep pokoknya best deh dan di kasih tau harus mengapai begini begitu mantap,POSITIVE
sangat bermanfaat bagi diri saya,POSITIVE
saya suka dengan aplikasi ini sangat brmanfaat sekali terima kasih,POSITIVE
efektif dan efesien,POSITIVE
pelayanan nya sngat bagus,POSITIVE
dokter nya bagus tapi ada yang fast respon ada yang slow respon sampai ngantuk menunggu ini nya tingkatkan lagi,POSITIVE
recommended dan sangat bagus arahannya,POSITIVE
aplikasi jelek sudah bayar malah enggak bisa buat konsultasi tolong jangan seperti ini kalau begini kepercayaan orang akan hilang padahal baru pertama kali mencoba langsung raip uang nya dan enggak bisa konsultasi benar benar mengecewakan,NEGATIVE
respon dokter baik,POSITIVE
jalan ninja kapan pun dimanapun,POSITIVE
saran obat cukup memuaskan,POSITIVE
huhu dokter nya baik minusnya sih balasnya agak lama tapi di mengerti karena dokternya sibuk,POSITIVE
saya kira gratis mahal banget konsultasinya ya,NEGATIVE
ketika obat enggak ada di wilayahku solusinya halodoc terima kasih sudah memudahkan untuk suamiku,POSITIVE
perasaan dulu chat sama dokter enggak ada bayar sekarang kok malah bayar bagaimana mau bayar sedang kan saya tidak punya uang,NEGATIVE
cara mudah konsultasi langsung,POSITIVE
saya konsultasi di aplikasi ini dan diresepkan obat tapi sudah 4 hari obatnya belum sampai juga padahal alamat dari tempat pngambilan obat ke alamat saya sangat dekat sekali tidak sampai 10 menit saya sangat butuh obatnya mungkin sebelum obatnya sampai saya sudah sekarat duluan,NEGATIVE
ingin konsultasi tapi tidak ada aplikasi dana jadi tidak bisa konsultasi karena saya hanya punya aplikasi dana,NEGATIVE
tolong perbaiki masalah gps oh ya kenapa enggak ada memasuki alamat secara manual? alamat pakai gps mengaco google mapsnya misal rumah aku di jalan a sesuai ktp tapi di map halodoc nama jalannya b,NEGATIVE
aplikasi log out sendiri log ini susah lelet padahal lagi sakit enggak bisa keluar rumah sekarang ribet dulu lebih mudah,NEGATIVE
1 jam sesi 70 isinya cuman menunggu jawaban yang tidak kunjung dibalas oleh dokter,NEGATIVE
fast respon dan detail sehat dan sukses selalu,POSITIVE
belum chat sama dokter malah sesi sudah beres belum konsultasi apa apa juga aneh duit dibuang begitu saja enggak jelas,NEGATIVE
jujur enggak puas sama dokter halodoc 1 mereka balas chat singkat singkat tanpa kasih penjelasan faham sih karena kan ini by text jadi memang enggak efektif untuk mengetik panjang tapi jadinya mereka enggak mengasih penjelasan yang baik 2 obat nya enggak mempan sudah 2 dokter bahkan yang kedua spesialis cuma mengasih obat yang itu itu saja dan enggak ngefek saya sakit lambung malah disuru usg perut giliran ditanya cara ngatasin nya sekarang bagaimana tetap maksa usg perut kalo gitumah saya ke dokter offline saja langsung,NEGATIVE
kapok banget obat enggak sampai sampai cs pelayanan nya enggak bagus,NEGATIVE
sangat bermanfaat karena saat kerja pun dapat berkonsultasi tanpa perlu antri ke tempat praktek para dokter yang tergabung juga sangat baik dan gercep gerak cepat dalam menjawab terima kasih alodokter,POSITIVE
harus instal suatu saat butuh,POSITIVE
unt layanan gratis isoman enggak bisa ya? saya coba memasuki promonya enggak bisa2,NEGATIVE
bagus banget,POSITIVE
mengapai dong ada masuk lewat email kalo enggak bisa,NEGATIVE
dokter nya ramah baik dan detaile sekali penjelasan nya good alodokter,POSITIVE
bayar tidak sih,NEGATIVE
dapat resep obat dari dokter nya dan harus diminum besok eh estimasi nya kurang lebih seminggu lagi pilihan apotek yang terdekat tapi nyatanya dari jambi ke padang harusnya obat yang harus diminum cepat jangan lewat apotik yang jauh bila tidak ada di kota saya percuma saja obat datang tapi enggak bisa juga diminum mana harga lumayan,NEGATIVE
trimakasih atas bantuan untuk menjawab keluhan saya,POSITIVE
dari ruth dokter jantung sangat baik jelas dalam memberikan penjelasan dan sangat ramah dan sabar dalam menjawab pertanyaan pasien nya terimakasih dari ruth grace,POSITIVE
sangat membantu untuk saya yang tinggal di daerah,POSITIVE
saya baru selesai konsultasi tapi hasilnya nol saat saya mengirim pesan yang berisi keluhan kepada dokter saya dapat peringatan bahwa teks yang dikrim terlalu panjang tapi yang jadi masalah setelah dapat peringatan itu tombol kirim hanya berputar putar sehingga saya tidak bisa melanjutkan mengirim keluhan saya karena apapun yang saya tulis tidak terkirim sama sekali pada akhirnya dokternya menutup sesi konsultasi saya karena saya tidak memberi respon apapun!,NEGATIVE
cukup membantu kepanikan aku,POSITIVE
tiap konsultasi dokternya tuh merespons dengan cepat aplikasinya juga ringan gampang dipakai,POSITIVE
katanya gratis ternyata tanya saja bayar,NEGATIVE
rekomendasi kesehatan,POSITIVE
sangat bermamfaat untuk konsultasi,POSITIVE
jelk banget respon lama konsultasi dokter umumnya,NEGATIVE
dokter nya baik dan ramah cukup puas sekali,POSITIVE
praktis tanpa harus antri ke dokter,POSITIVE
slow respon banget dokternya jujur saya pengguna baru yang kecewa akan ini,NEGATIVE
aplikasi halodoc sangat bagus dan berguna,POSITIVE
berkedok penipuan,NEGATIVE
somat,POSITIVE
malas banget enggak bisa login kenapa ya?,NEGATIVE
sangat membantu banget apk ini kalau lagi sakit kalau butuh dokter bisa langsung di respon dengan dokternya terima kasih,POSITIVE
konsultasi ke dokter zaman sekarang enggak ada yang gratis harus bayar,NEGATIVE
gratisnya dong,NEGATIVE
ini sangat membantu aplikasi ini bugus,NEGATIVE
menyesal banget konsultasi ke haloskin dari nya enggak ramah enggak bertanya detail tentang keluhannya apa langsung diresepin cream dan creamnya semua bahan aktif yang enggak bisa dipakai buat kulit sensitif dan sedang meradang judes banget pula ditanya apa jawab nya apa enggak menyambung banget buat dari oshin mmrs terima kasih resepnya enggak membantu,NEGATIVE
enggak dapat solusi malah diceramahin oleh salah dari perempuan,NEGATIVE
teimakasih dok semoga sukses selalu,POSITIVE
chat nya enggak bisa di lanjut pada saat dokter offline kan mau kasih ratting kasihan dokter nya fitur nama obat enggak ada keterangan nya untuk sakit apa nya,NEGATIVE
dulu gratis sekarang berbayar,NEGATIVE
respon alodokkter sangat tidak baik dalam proses pengembalian dana sudah 2 minggu lebih menunggu masih saja pengambalian dana sayang aabelum ada kejelasan dan pelayanan nya juga kurang tanggap lama enggak lagi pakai aplikasi ini sampai sekarang tidak ada kejelasan dari pihak alodokkter ini dikirain aplikasi bagus dan sistem bagus ternyata sangat tidak bagus,NEGATIVE
susah banget nyambungnya loading lama banget mau menyambung pembayaran ke shope juga susah apa karena jamnya crowded ya,NEGATIVE
psikolognya baik n mau mendengarkan keluh kesah walaupun platformnya terbats,POSITIVE
sangat membantu sekali dokter nya ramah dan rasa khawatir tentang kesehatan saya jadi sangat membantu,POSITIVE
entah aplikasi ini kenapa saya sudah memesan obat 5 tube cuman yang datang 1 saja sudah melakukan pengaduan tapi tidak di terima mohon diperhatikan,NEGATIVE
enggak bisa berkata kata sih ini membantu banget banget banget,POSITIVE
pelayanan dokternya sangat bagus dan cepat,POSITIVE
buruk banget harus menunggu 1â½ jam buat dapat balasan terus langsung di tutup otomatis sudah mengadu ke cs cs cuman mengomong doang suruh menunggu ambil tuh duit enggak ada faedahnya mending ke dokter langsung enggak basa basi lewat aplikasi,NEGATIVE
saya sangat senang dengan aplikasi klikdokter aplikasi ini sangat membantu sekali dan bisa tanya jawab respon pun cepat semoga sukses buat kedepan nya klikdokter,POSITIVE
dari lusy novitasari sangat cepat membalas chatnya aplikasi yang sangat membantu terima kasih klikdokter,POSITIVE
ini kok hapus akun data dan riwayat masih tetap ada ya,NEGATIVE
pakai alodokter pas mau chat kenapa harus bayar,NEGATIVE
hai alodokter dulu sekitar setahun yang lalu aku instal ap alodokter 2 hari kemudian ada telpon mengatasnamakan pihak alodokter menawarkan asuransi apa ya demam berdarah kayak nya aku percaya tuh waktu itu sampai semua data yang dia tanya dan meminta aku jawab dan aku kasih tapi pas ditanya nomor rekening barulah aku tersadar wah bahaya nih dan tara untung deh aku sadar kalo itu jebakan penguras rekening langsung aku uninstal ap nya saat itu juga memaafi ya,NEGATIVE
sangat membantu untuk lansia yang sudah susah berjalan,POSITIVE
dokter nya ramah setiap di tanya selalu di jawab dengan sabar,POSITIVE
sudah sering memakai klikdokter aplikasinya mudah digunakan banget dokter dokternya balasnya juga cepat enak,POSITIVE
bikin hp ngelag anjir,NEGATIVE
aplikasi enggak beres,NEGATIVE
enggak bisa di update enggak bisa di pakai,NEGATIVE
asuransi saya di tolak di akhir dan di bebankan ke saya kenapa penolakan tidak dari awal saya rasa sistem nya masih belum baik saat ini saya jadi kesulitan untuk memanfaatkan asuransi saya kenapa penolakan asuransi harus ditumpuk dulu baru ditolak kenapa tidak ditolak langsung di awal chat saya dengan heidy juga tiba tiba langsung diputus secara tidak sopan,NEGATIVE
top markotop deh sama nih aplikasi luar biasa perkembangannya,POSITIVE
aplikasinya kenapa sering eror ya sudah buat janji terus bayar tbtb diaplikasi selesai terus tbtb dibatalkan padahal aplikasi nya sudah update,NEGATIVE
aplikasinya bagus responnya cepat dan sangat membantu,POSITIVE
dokter respon cepat dan sangat membantu,POSITIVE
cs alodoc yang mana ya? susah banget kontek sudah coba cal not available! sudah chat email pun belum respons live chat belum avail juga,NEGATIVE
thank you dok,POSITIVE
sangat puas dokternya baim2,POSITIVE
konsultasi di apk ini setelah dokter meminta keluhan saya sudah jelaskan dengan detail tapi setelah itu dokter hilang kabar entah kemana sampai waktu sesi nya habis tolong di perhatikan lagi,NEGATIVE
good sekali proses a cepat,POSITIVE
masyaallah membantu banget buat yang sedikit ragu untuk ke klinik langsung dan bisa melakukan kapan saja dimn saja,POSITIVE
aplikasi sinyal kencang buka lama banget,NEGATIVE
mantap dan cepat tanggap,POSITIVE
ribet cok sudah memasuki kode tapi enggak mau masuk apk ribet,NEGATIVE
kecewa banget sama dokter di aplikasi halodoc niat konsultasi sama dari kandungan eh taunya responya slow jawabannya singkat kayak bertanya enggak sama dokter weh padahal kita bayar menyesal senyesel padahal rating dari 100 tapi zonk,NEGATIVE
dokternya ramah dan baik cepat respon,POSITIVE
saya baru download semoga membantu ya saya kasih 5 bintang,POSITIVE
serba berbayar hanya untuk masyarakat banyak uang yang dapat pelayanan bahkan online seperti ini,NEGATIVE
penjelasan dokter sangat detail dan tidak menjadikan overthingking,POSITIVE
enggak ada fitur konsultasi dokter dan enggak ada fitur membeli obat,NEGATIVE
beberapa dokter jawabannya hanya pakai copy paste jadi kurang memuaskan mohon diperbaiki,NEGATIVE
respon dokternya cepat dan memhantu sekali,POSITIVE
3 kali pesan obat gagal terus sudah payment masih tetap dari mulai yang biasa sampai yang instan gagal terus kalo memang enggak bisa harusnya bisa di infokan ini menunggu berjam jam terus malahan tercancel padahal orang beli kesini biar lebih mudah dan cepat estimasi 1 jam ini mencari driver bisa lebih 3 jam tolong diperbaiki setelah dilihat lihat dari testimoni ternyata memang enggak ada yang berubah ya padahal sudah banyak keluhan yang sama tapi tetap enggak ada perubahan tau begitu enggak usah mengadakan fiturnya,NEGATIVE
good tingkatkan pelayanan yang cepat tepat,POSITIVE
dokternya kayak malas malesan begitu lowres bahkan pasien sedang bercerita mengenai kronologi awal mula dia sakit punlangsung dipotong obat nya juga asal asalan cuma dikasih antibiotik 1 dan pereda nyeri 1 padahal sebelumnya di dokter lain ada 7 obat dan hasil nya dapat di prediksi enggak ada efek apapun bahkan bisa saja malah resistensi antibiotik kalo asal asalan begini,NEGATIVE
konsultasi dokter jadi lebih mudah sama halodoc ðÿ,POSITIVE
aku tidak suka psikolog enggak banget,NEGATIVE
buruk sekalli pelayanannya jangan download aplikasi ini saya meminta konsultasi dan saran malah enggak sesuai harapan apalagi berbayar katanya gratis cih pembohongan banget,NEGATIVE
sangat praktis dan cepat,POSITIVE
bintang 0 benar benar 0 sudah bayar malah pembayaran gagal terus dikasih kode vocher juga sama saja gagal enggak bisa hadeh,NEGATIVE
ok mantap,POSITIVE
mau konsultasi berbayar enggak bisa2 kenapa ya loading terus jaringan wifi padahal,NEGATIVE
pelayanan nya baik harga terjangkau dan pelayanan nya cepat cuma tempat penebusan obatnya enggak ada di kota ku jadi masih harus keluar rumah,NEGATIVE
ternyata tak sekeren yang diiklankan harap dibenahin team dokternya saat memberikan konsultasi,NEGATIVE
kantor tempat gue kerja kerja sama asuransi kesehatan dengan nih aplikasi sumpah ribet banget jauh lebih ribet daripada pakai bpjs karyawan jadi kesusahan untuk berobat langsung ke rumah sakit enggak guna asuransi pakai nih aplikasi,NEGATIVE
sangat membantu live chatnya sangat responsive benar benar gratis tidak berbayar sama sekali sangat rekoment untuk anda yang bingung mau nanyak ke dokter puas nanyak ke dokter disini ini baru namanya aplikasi live chat tak berbayar semoga tetap konsisten pelayananannya klik dokter,POSITIVE
aplikasi yang sangat parah !! enggak usah instal lebih baik cari aplikasi lain saja masa baru instal belum juga masuk beranda sudah diminta sign ini dengan memasukan no ponsel kode otp pin isi data habis itu ada notif kode verifikasi tidak sesuai malah disuruh balik ke halaman verifikasi lagi ngulang lagi sampai 2x dengan akhir yang sama tolong ya keamanannya data sudah masuk tapi tidak bisa lanjut log ini !! sangat tidak membantu!,NEGATIVE
saya sudah bayar dokternya sudah bilang kalo mau slr tapi malah slr parah bilang lagi sibuk saya juga sibuk disempetin belum diresepin sudah berakhir no recomend banget sia sia duit gua,NEGATIVE
bermanfaat bagi yang mau konsultasi dari rumah saja,POSITIVE
admin kenapa aplikasi saya enggak bisa mengirim foto sebelum nya baik baik saja,NEGATIVE
respon cepat dan menjelaskan detil,POSITIVE
penjelasan yang sangat jelas,POSITIVE
dokter nya memuaskan dalam menjaw pertanyaan,POSITIVE
sangat jelas dan rama pkonya best,POSITIVE
maaf saya uninstal aplikasi ini sudah bayar mau chat dokter malah krtrmgan dokter akan offline dan di arhkan ke dokter lain saya chat dokter lain begitu mau chat dokter akan offline lagi smpek ketiga saya sruh bayar lagi lawak lu bos?,NEGATIVE
murah tapi kadang dokternya suka lama responnya dokter ditungguin enggak bales2 hampir 2 jam ditinggalin bentar eh chatnya sudah ketutup katanya pasien enggak respon pengembalian dana juga lama sekali prosesnya juga ribet,NEGATIVE
cara stop langganan bagaimana tiap bulan ke potong otomatis padahal enggak nanyaâ² konsultan ke dokter,NEGATIVE
sudah sangat membantu terutama livechatnya enggak perlu menunggu lm balasannya,POSITIVE
enggak worth itu kata aku konsultasi online karena diagnosa tidak akurat sama sekali jawaban dokter tergesa gesa dan seperti template robot ya bisa dimaklumi karena biaya konsultasi dokter spesialisnya pun murah,NEGATIVE
ribet dipersulit beli obat harus konsultasi dulu sekalinya konsultasi lama banget balasnya orang beli obat di halodoc biar cepat ya,NEGATIVE
apaan sih nomor saya di spam telfon banyak banget bilangnya dari klikdokter tolong dong jangan ganggu pagi2 saya kerja,NEGATIVE
order obat untuk dikirim ke rumah dengan alamat yang jelas estimasi 1 jam sampai kenyataan besok pagi baru sampai diaplikasi pesanan diterima on time driver di sms dan di telp tidak bisa tidak ada konfirmasi dari driver saran saya perbaiki komunikasi kita pakai halo doc karena perlu obat tersebut saat kita tidak bisa beli langsung di apotik kalau obat baru datang besoknya lah buat apa ada halodoc?? lebih baik beli sendiri ke apotik maaf hallodoc sudah saya uninstal not recomended,NEGATIVE
super keren,POSITIVE
halodoc sangat membantu sekali khususnya untuk para pasien yang tidak bisa berobat keluar namun sangat membutuhkan obat dan tentunya dengan resep dokter terpercaya sukses selalu halodoc,POSITIVE
dapat dokter yang kurang memahami padahal diaplikasikan yang like tinggi dan anehnya setelah saya dislike dokternya namun rating sih dokter tidak berubah sebaiknya tampilkan review yang sudah menggunakan jasa sih dokter biar yang ingin mencoba bisa membaca review terlebih dahulu,NEGATIVE
konsultatif n respon yang cepat,POSITIVE
aplikasi dodol sudah pembayaran baru di bilang dokter nya indak tersedia kenapa indak pastikan dulu jadwal nya baru proses pembayarannya kecewa sekali !!!,NEGATIVE
sangat membantu terima kasih tuhan yesus memberkati,POSITIVE
sangat membantu sekali dokternya juga enak diajak konsultasinya dan penjelasannya juga mudah dimengerti,POSITIVE
responnya lambat,NEGATIVE
terimakasih dokter untuk penjelasannya,POSITIVE
dibutuhkan apk kenapa dikeluartrus kak,NEGATIVE
respon dokter disini enak banget begitu enggak bikin sungkan terus cepat juga balas balesnya,POSITIVE
buka pestinggan be by regita man tap mantap,POSITIVE
kemudahan konsultasi dan dapat resep obat,POSITIVE
aplikasi bagus dan sangat membantu,POSITIVE
saya sangat senang dan puas dengan dokter soal respon cepat dan santun,NEGATIVE
enggak bisa di buka apk nya ih,NEGATIVE
dokternya ada yang judes marah marah,NEGATIVE
apk tidak manusia wi yang tak punya uang bagaimana mau bertanya banyak yang keluhan,NEGATIVE
dokternya rama2,POSITIVE
mantap fast respon dan pengiriman obatnya cepat dan tepat,POSITIVE
terimakasih banyak semoga allah yang membalas kebaikan bapak betapa mulianya profesi bapak ini terimakasih sudah membantu banyak orang termasuk saya melalui aplikasi ini,POSITIVE
sangat amat membatu dalam keadaan darurat,POSITIVE
bagus ramah baik,POSITIVE
data pribadi bocor ada penipuan mengatas namakan alodokter,NEGATIVE
ini bagus buat aku enggak sakit lagi batuk terimakasih klik dokter yang sakit ayo daonglot klik dokter secepat nya ya,POSITIVE
sampai waktunya habis pertanyaan saya tidak dijawab,NEGATIVE
mau pembayaran gagal terus akhirnya uninstal aplikasi ini,NEGATIVE
pengiriman obat nya sangat amat lama aplikasi jelek,NEGATIVE
klikdokter sangat membantu untuk konsultasi dengan efektif dan efisien dokter2nya juga fast respon pelayanan sangat bagus,POSITIVE
lebih baik lagi di tambahkan mengirim foto pada format live chat agar konsultasi lebih baik,NEGATIVE
mantap respon cepat dan dokter nya baik dan sabar,POSITIVE
sudah buat janji sudah pembayaran bukan uang sedikit loh 500k saya bayar tiba tiba awalnya suruh resechdule karena dokter cuti pada tanggal yang dipilih tiba tiba jam 10 malam ke batalkan sendiri malah proses refund 7 14hari kerja ampun deh ini urgent loh ampun aplikasi ngerepotin banget kalo kayak begini bukan membantu!!!!,NEGATIVE
baru download puas banget,POSITIVE
sangat bermanfaat dan pelayananya juga sangat baik,POSITIVE
apk nya bagus hanya saja ongkir kemahalan seharusnya jika belanja sudah melebihi seratus ribu ongkirnya gratis,POSITIVE
apa an ini semenja apk nya di update sudah enggak bisa lagi konsultasi sama dokter,NEGATIVE
kenapa sekarang malah bayar,NEGATIVE
saya sangat kecewa banget sama aplikasi klikdokter setelah saya download aplikasi klikdokter tidak ada timbul gambarnya di hp malahan ditambah lagi setiap buka klikdokter keluar terus tolong di perbaikan lagi aplikasi klikdokter ini,NEGATIVE
konsultasinya nyaman bisa bertanya dengan lebih tenang cepat juga balas chatnya dokternya juga ramah menjelaskan secara detail dan berpengalaman terimakasih halodoc,POSITIVE
aplikasi enggak guna sumpah nyesal gua download enggak guna banget gua chat enggak di balas balas,NEGATIVE
saya baru download bbrapa menit yang lalu terus langsung konsultasi enggak menunggu lama langsung di tanggapin terima kasih banyak klik dokter aplikasi nya sangat membantu saya yang pemalu karena saya memang malu untuk bertanya secara langsung tatapan muka melalui chat saya di beri pengetahuan,POSITIVE
sangat membantu dikala sedang dalam kondisi sedang tidak baik memudahkan mencari surat untuk istirahat disaat mau ijin tidak bekerja,POSITIVE
ok jelas padat,POSITIVE
sangat memudahkan kita kalau perlu konsultasi dengan dokter mendapatkan obat resep sesuai dengan aturan serta mendapatkan surat istirahat terima kasih,POSITIVE
dokter apa giliran sudah di bayar malahan menghilang tanpa jejak baru juga brtnya langsung hilang baru cht lagi waktunya telah habis padahal chtku saja belum di jawab dasar dokter mata duitan,NEGATIVE
perikasain anak ke dokter gigi di rs muhammadiyah bokingnya lewat alodokter disana tertulis biaya konsultasi hanya sekitar 34rb saat di rs kasir bayarnya 50rb ternyata dpanggil lagi pihak kasir karena ada kesalahan kesalahan nya yaitu karena saya boking lewat alodokter saya harus membayar 130rb padahal jika saya tidak boking melalui alodokter saya hanya bayar 50rb jujur selisihnya jauh sekali untuk saya kaum mendang mending lebih baik saya langsung ke rs tanpa boking lwat alodokter,NEGATIVE
dari rizky ramah dan cepat tanggap sehat dan sukses selalu dok thanks dok,POSITIVE
saya gsk ikhlas balikin duitnya sayang duit segitu!!!!!! saya lagi susah ekonomi dalam kondisi stres hampir gila tujuan konsultasi mau curhat dan meminta solusi ahli malah enggak di layanin ke pusat bantuan juga enggak ada guna!!!! saya sudah lama pakai halodoc tapi kali ini saya kecewa!!!!!!,NEGATIVE
sangaaat membantu,POSITIVE
aplikasinya sangat membantu masalah kesehatan,POSITIVE
bagusd,POSITIVE
aplikasinya jelek enggak ada fitur buat cek foto kurir drop barang dimana jadi customer enggak bisa cek langsung enggak ada kontak kurir juga kudu kontak alodokter dulu alodokter kudu cek ke grab dulu proses 1 kali 24 jam makin sakit orang perkara menunggu obat,NEGATIVE
alhamdulillah aplikasi yang sangat berguna demi menyehatkan rakyat indonesia baarakallahu,POSITIVE
enggak heran katanya fast respon ternyata berbayar,NEGATIVE
tidak direspon,NEGATIVE
atas nama dokter angela sandi tagaroi saya mnunggu balasannya selama stngah jam tapi tidak ada balasan apa apa sampai chat otomatis trttup rugi saya balikin duit saya woi,NEGATIVE
aplikasi responsif dan mudah digunakan,POSITIVE
pakai fitur gratisan pun dokternya tetap mau bantu the best lah klik dokter terimakasih buat dari charismatika syintia dewi,POSITIVE
menyebalkan pesan resep sudah dibayar malah dibatalkan begitu pesan ulang meminta diresepkan antibiotik yang sama kepada dokter begitu meminta jawaban dokternya pasien sudah mengunakan berulang2 antibiotik padahal kiriman batal belum nyampai apa dokter disini begitu ya usah jangan ada aplikasi ini bukan malah membantu pasien malah bikin pasien menderita buruk sekali,NEGATIVE
respon cepat dan ramah biaya terjangkau mantap,POSITIVE
mantap pelayanan nya detail jelas,POSITIVE
dokternya sangat ramah respon cepat dan sarannya sangat membantu,POSITIVE
terimakasih hallodoc sangat membantu keluhan kesehatan secara cepat dan dan aman,POSITIVE
dokternya cepat respon sangat baik,POSITIVE
kok sekarang berbayar ketimbang berbayar mendingan datang langsung ke dokter biar langsung ditangani secara detail dan diberi obat,NEGATIVE
sangat memusakan,POSITIVE
allhamdulilah,POSITIVE
dokter jantungnya responsif dengan cepat,POSITIVE
aplikasi tidak bisa dibuka,NEGATIVE
mohon maaf sebelumnya saya baru saja konsultasi disini pada salah satu dokter 2x sesi saya sudah paham dan mengerti penjelasan dari doktor yang tidak bisa memberi arahan obat apa yang harus saya beli karena memang menurut dia kelainan saya harus ditangani secara langsung agar tidak salah diagnosis saya memahami hal itu saya tidak kesal tapi saya hanya ingin menanyakan dan mengerti lebih dalam tentang ap ini tentang jenis kelainan seperti apa yang bisa dan tidak bisa ditangani langsung di ap ini,POSITIVE
untuk konsultasi dengan dokter respon cepat,POSITIVE
dokter sangatbramah dan rinci,POSITIVE
saya sangat senang sekali dengan adanya aplikasi klikdokter karena sangat membantu saya ketika mau konsultasi ke dokter tanpa harus ke rumah sakt solusinya juga oke thx klikdokter sukses selalu,POSITIVE
aplikasi maling main potong saldo di bank padahal enggak mau langganan dan sudah ajuin keberatan ini aplikasi paling songong sedunia,NEGATIVE
klik dokter,POSITIVE
cuman chat dokter saja bayar?! mata duitan nih aplikasi huuuh!!! menguras banyak duit!!! gue benci apk ini apalagi promosi sama jes no limit dasar aplikasi mata duitan murah sih murah tapi uang nya yang mengurang untuk kebutan sehari hari!!!,NEGATIVE
lebih worth konsultasi diklikdokter dibandingkan harus antri ke puskesmas disini sudah bisa tebus resep diantar juga obatnya,POSITIVE
ampas aplikadinya,NEGATIVE
sangat tidak memuaskan saya konsultasi dengan psikiater jawabnya sangat tidak memuaskan sangat tidak membatu sama sekali terus menjawabnya sangata lama sekali sangat buang buang waktu dan uang mending saya konsultasi langsung ke rs saja kalo tau harus konsultasi secara tatap muka,NEGATIVE
kecewa banget sama aplikasi ini,NEGATIVE
semoga obat nya mujarab,POSITIVE
ini pertama sekali saya konsultasi ke dokter gizi dan diberikan mealplan yang sesuai dengan keluhan saya terima kasih ya,POSITIVE
saya enggak pakai aplikasi ini tapi saldo saya ke sedot terus ya,NEGATIVE
parah sudah menunggu lama enggak bisa di tracking pesanan pas lihat sudah dikembalikan karena penerima tak bisa ditelpon padahal gaka ada telpon sama sekali payah nih disaat darurat lagi,NEGATIVE
beberapa obat ada yang enggak tersedia di apotek,NEGATIVE
responnya saat baik dokter nya sangat ramah lasung di balas pokoknya lope deh,POSITIVE
kecewa sudah bayar buat nnya ke dokter di tgguin 1 jam chat enggak di blas2,NEGATIVE
pernah konsultasi psikolog disini waktu cuma 30 menit lumayan cepat banget harga dari 50k 200k its work itu? no jawaban dari psikolog nya juga agak bagaimana begitu kurang banget kalau di samain sama psikolog yang langsung kontrol tatap muka lebih bagusan yang itu dari pada psikolog halodoc ini tanggapan bagi saya ya soalnya saya baru ngalamin saya kira psikolog nya itu bakal mengasih saran yang lebih baik ternyata saran nya biasa saja harga 115k 30 menitan mengetik panjang keburu habis waktunya,NEGATIVE
aplikasi alodokter sangat membatu dan solusi yang diberikan tepat,POSITIVE
ingin hidup sehat,POSITIVE
begini dok suami saya megalami penyakit kalium renda kira kira gimanaya dok gobatinnya terima kasih,NEGATIVE
harga terjangkau tapi sudah bisa konsultasi langsung sama dokter video cal sama dokternya enggak awkward komunikatif banget,POSITIVE
jelek banget pelayanannya berkali2 direschedule,NEGATIVE
baru kali ini mencoba konsultasi dokter online praktis banget tinggal konsultasi lewat handphone terus diresepin obat dan obatnya bisa dibeli langsung di ap,POSITIVE
aplikasi yang mudah untuk mencari kebutuhan kesehatan kecantikan dan obat obatan meminta resep dengan dokter juga gampang lewat chat dokter recommended pokoknya terimakasih halodoc,POSITIVE
sangat membantu sekali konsultasi gratis,POSITIVE
saya kecewa saya ingin membatalkan pesanan namun tidak bisa dan uang tidak bisa kembali,NEGATIVE
saya melakukan chat ke dokter spesialis dan menebus obat dari tiga hari yang lalu saya tunggu tunggu obatnya tidak datang terus tapi di aplikasi sudah ada notif pesanan sudah sampai ditujuan bagaimana ini aplikasi bobrok tidak bertanggung jawab!?,NEGATIVE
takut sudah di bayar enggak datang obatnya terima kasih,POSITIVE
tapi h rc sih frrxredetyfryby rjurcd sih yang bu aji tentang gambar jrgfgy di dalam utama f tidak u bisa,NEGATIVE
sangat membantu dan semua dokter nya komunikatif,POSITIVE
aplikasi terburuk yang pernah ada,NEGATIVE
kalau bisa jangang pakai waktu kalau konsultasi,POSITIVE
halo team halodoc buat dokter umum an dari andi dirhan aku bayar untuk chat dengan dokter sampai akhir sesi enggak di balas sama sekali aku hubungi cs juga enggak ada email masuk untuk pengaduan sumpah ini karena lagi sakit dan sensitif jadi makin nyes ya hehe tolong ya semoga di respon terima kasih,NEGATIVE
sumpah ini aplikasi enggak jelas banget cuman bertanya kembali iya atau tidak usulin ke dokter? terus guna nya bayar mengobrol buat apa? kalo begitu mah tinggal lihat goole saja tanpa bayar,NEGATIVE
slow respon saya juga bayar knapa cuek banget,NEGATIVE
maaf fikir tadi enggak bayar teryata chat dokter saja bayar,NEGATIVE
respon cepat penjelasannya sampai ke detail terimakasih dokter salam sehat dari jambi,POSITIVE
dokter nya ramah dan sabar sekali informatif,POSITIVE
aplikasi ini sangat bagus dan sangat berguna,POSITIVE
ok coba ternyata mudah tinggal menunggu obat datang,POSITIVE
aplikasi ini tidak membantu saya sudah konsultasi dokternya slow respon shngga tidak memberikan solusi karena keterbatasan waktu mohon dipertimbangkan lagi,NEGATIVE
berkali kali coba ubah profil karena no hp yang sebelumnya sudah enggak aktif tapi kode otp nya enggak masuk masuk,NEGATIVE
aplikasi enggak guna ini chat bukan sama dokter jauh dibanding halodoc ini chat sama chatboot tanpa lihat kondisi pasien habis itu chat ditutup harga murah sesuai kwalitas yang enggak guna,NEGATIVE
sampah,NEGATIVE
gila,POSITIVE
mohon maaf saya kecewa sekali dengan aplikasi ini saya sudah menunggu 11 hari tapi obat yang saya pesan belum datang katanya barang saya recerver padahal saya belum menerima pesan telepon dari kurir terkait barang saya sumpah saya sungguh kecewa saya sudah dm instragram menghubungi melalui email bahkan nelpon cs nya langsung tanggapan nya cuma mohon bersabar terus sungguh sangat kecewa sekali padahal obat nya sangat di perlukan,NEGATIVE
ini aplikasi para dokter pastinya pintar semua ya tetapi kenapa selama 30 menit tidak ada jawaban dan uang yang sudah di bayarkan tidak bisa di ambil,NEGATIVE
fitur untuk menghapus percakapan konsultasi yang lebih dari satu tahun tidak ada tolong sediakan,NEGATIVE
aplikasi tentang kesehatan yang bagus bisa beli obat dan konsultasi ke dokter dan membuat janjian ke dokter secara online hanya lewat aplikasi,POSITIVE
ku pikir beli obat di halodoc obatnya cepat sampai ternyata sudah seminggu enggak datang datang sangat mengecewakan padahal obatnya di butuhkan cepat cepat,NEGATIVE
sudah periksa dokter sudah di resepkan obat nya namun obat tidak bisa di beli karena total pembayaran tidak bisa di muat,NEGATIVE
kenapa tidak bisa membayar dengan dana,NEGATIVE
konsultasi dokter saya minim saffron kok badan saya teritama telapak kaki sebelah kanan nheyut saki apakah saya mgak cocok minum safron,POSITIVE
enggak tau kenapa dokter enggak ngerespond sama sekali uang hilang sudah,NEGATIVE
pengiriman lama tidak tepat waktu sudah lewat 1 minggu barang belum juga sampai bingung mau lapor kemana tidak untuk chat pelapor,NEGATIVE
tiap kali mau pakai metode lembayaran shopeepay selalu enggak bisa kebuka apk shopeepay nya buat melakukan transaksi jadinya transaksinya gagal terus karen menunggu lembayaran,NEGATIVE
opo??? mengomong nge perbaikan chat nangen kok setiap aku melakukan chat karo dokter malah senang metu dewe kuwi kenopo ya? padahal wes di upgrade tapi kok jeh ra iso tolong tanggapan ini suwun,NEGATIVE
ini kenapa alodokter kok habis diupdate malah eror saya lagi butuh jawaban urgent malah ngehang,NEGATIVE
keren aplikasi bisa konsultasi secara online n detail,POSITIVE
mantap hemat waktu antri semoga menjadi berkat bagi kita semua amin,POSITIVE
setelah update enggak ada fitur gratisnya klik info penyakit pas di back langsung ke home jadi ribet harus mencari lagi dari awal,NEGATIVE
kenapa enggak bisa daftar?,NEGATIVE
sangat membantu bagi ibu yang punya bayi dan anak kecil dan saya sudah menemukan dsa yang cocok setelah 2x untuk dsa yang ke 2 dengan dokter dandug bawono sapa a sama sc selanjutnya dokter kulit berdasarkan pengalaman chat dengan dokter yang tersedia video cal atau yang tidak itu sama saja jadi better yang tidak pakai vcal harga lebih murah 2x chat dengan dokter kulit yang tersedia vcal tapi tidak diangkat akhirnya kirim foto tapi resep obatnya cocok saran untuk pengguna pilih dokter yang diatas 95,POSITIVE
dokternya ramah dan penjelasannya sangat detail,POSITIVE
saya berulang kali membayar mau konsultasi dokter tapi gagal terus sampai macam macam cara pembayaran tetap saja gagal terus,NEGATIVE
aku enggak pham ini yang jawab benaran dokter kah? aku sudah jelasin ada benjolan 2 kanan dan kiri bla bla bla tapi malah ditnya ulng apa ada benjolan ditubuh? apa benjolannya satu ataublebih? ya elah sudah ditulis panjang dengan mengirit kata semoga saya dapat solusi lewat alodokter,NEGATIVE
dokternya ramah dan pelayanannya bagus,POSITIVE
susah terhubung ke gopay mohon segera di perbaiki masih banyak bug,NEGATIVE
saya pemakai aplikasi ini sudah bertahunâ² dari awal chat gratis selama 30menit hingga hanya 15menit sekarang sudah update malah ribet dan banyak yang berbayar pula padahal aplikasi ini dulunya memuaskan dengan adanya fitur tanya dokter dengan gratis sangat membantu dalam sehariâ² namun sekarang berbeda jauh sudah tidak seperti itu lagi,NEGATIVE
saya suka dengan aplikasi ini pertanyaan saya cepat di balas sama dokter nya,POSITIVE
sejauh ini konsultasi sama dokter responnya cepat 30 menit berasa cukup banget,POSITIVE
aplikasi nya fitur nya jelek biasanya riwayat konsultasi chat nya tidak hilang saat sesi berakhir ini saya mau baca riwayat konsultasi ulang dan mau lihat resep tidak bisa karena hilang,NEGATIVE
solusi tepat,POSITIVE
memang tolol enggak mikir apa cuman tanya doang bayar nya mahal banget cuman di indonesia yang begini kesehatan saja berbayar fasilitas di indonesia 0 besar apa apa berbayar bayangkan cuman tanya doang belum berobat nya loh enggak punya hati apa sama saja alodok atau apk apapun berbayar padahal cuman niat nanyak doang saya enggak sakit cuman mencurahkan salah satu kelur kesah tinggal di indonesia yang minim,NEGATIVE
enggak bisa digunakan,NEGATIVE
sangat membantu dokter standby ramah semua,POSITIVE
dikiranya gratis enggak taunya sms nya bayar,NEGATIVE
masa gagal mulu sudah berkali kali enggak dapat dokter kecewa banget katanya kalau kayak begitu lagi of atau ngelayanin user lain tapi dia enggak of dan terus gagal mulu padahal sudah menunggu lama banget,POSITIVE
ramah penjelasan nya mudah dipahami,POSITIVE
bintang 4 dulu,POSITIVE
sangat,NEGATIVE
mantap fast respon ramah,POSITIVE
sebelumnya pelayanan sangat cepat sekarang di saat mendesak sudah lebih dari 10 menit tidak ada respon sama sekali dari dokternya,NEGATIVE
better hallodoc!!!!!! dokter kulit inisial f pelit!!!!! enggak rugi anda sebagai dokter memberi tahu orang yang awam memang keterangan hanya 1 pembahasan tapi apa susahnya sedikit kasihan kepada pasien kasih penjelasan lebih dalam lagi? takut sekali anda rugi dengan bayaran 40rb sangat ingin cepat sesi berakhir amit amit ya allah,NEGATIVE
sangat puas,POSITIVE
pelayanannya buruk sekarang sudah bayar tapi malah enggak ada respon sama sekali dari dokternya,NEGATIVE
download alodokter konsultasi sekarang berbayar tapi tidak ada respon sama sekali dari pertanyaan saya pedahal jelas jelas sudah bayar di aplikasi bintang 1 untuk alodokter sekarang kecewa harga konsultasi tidak seberapa tapi pelayanannya sekarang sangat kurang,NEGATIVE
enggak guna konsultasi bayar tapi masalah enggak selesai kayaknya mending aplikasi sebelah deh bisa tau penyakit kita dan dikasih resep juga,NEGATIVE
ok sih ini,POSITIVE
apk busuk cuma chat doang ya harus bayar memang apk sangat memeras masyarakat tidak mampu saya sarankan jangan mendawlod apk ini lebih baik langsung ke puskesmas atau rumah sakit percuma pakai apk ini apk sangat enggak berguna gratis bisa di bicarakan,NEGATIVE
benar benar lengkap banget buat semua fitur yang ada di aplikasi klikdokter dan mudah buat digunain,POSITIVE
membantu sekalai dan praktis,POSITIVE
fast respon dokterâ²nya terima kasih,POSITIVE
detil dan sangat jelas penjelasannya,POSITIVE
enggak jelas pesan obat via halodoc lama banget sampai sekarang enggak sampai,NEGATIVE
katanya gratis tapi kok byar,NEGATIVE
semakin kacau ya aplikasinya awal saya menggunakan itu cukup bagus tapi makin ke sini itu selalu membatalkan pesanan secara sepihak dengan alasan tidak jelas barang dalam perjalanan tapi gagal di tengah jalan itu sangat amat aneh uang saya nyangkut menjadi saldo yang mubazir lalu saat ini lemot sekali,NEGATIVE
sudah bayar dan menunggu 7 menit dan tidak ada balasan sama sekali sudah lama,NEGATIVE
gadak bedanya sama rumah sakit bayar dulu baru action,NEGATIVE
saya belum menerima paket saya tapi di riwayatnya sudah diterima bagaimana ini kak padahal uangnya hasil tabung jajan saya saya mohon tolong kemana perginya paket saya,NEGATIVE
bagus banget respon nya cepat padahal masih pagi,POSITIVE
ada al dokter saya sangat terbantu,POSITIVE
sangat membant,POSITIVE
ini sangat membantu terima kasih untuk halodoc dan para tenaga medisnya semangat untuk kedepannya kalian hebat,POSITIVE
saya sangat kecewa dengan aplikasi ini sedikit bercerita tadi saya ambil konsultasi dengan dokter spesalis penyakit dalam yang bernama dari dari sapa pada saya chat apakah bisa konsultasi lewat telpon dia jawab bisa namun saat saya telpon tidak diangkat dan waktu saya yang 30 menit untuk konsultasi habis dengan sia sia padahal saya sudah bayar saat saya chat kenapa tidak dijawab tidak ada balasan beginikah pelayanan kalian saya sangat kecewa tidak profesional,NEGATIVE
dokter nya sangat ramah dan dapat membantu semua pertanyaan saya jadi faham dan mengerti,POSITIVE
slow respon banget,NEGATIVE
sangat puas dan sangat membantu banget,POSITIVE
bagus sangan membantu,POSITIVE
aplikasi nya mantap dokternya stand by jawab chating ramah dan jelas seputuar tentang kesehatan jelas sehat itu mudah tinggal klik klik dokter terima kasih klik dokter semoga semakin berkembang,POSITIVE
bagus dan mudah,POSITIVE
sangat membantu untuk dokter cepat responnya malsih halodoc,POSITIVE
cepat di respon thank you doc,POSITIVE
alhamdulillah kebantu banget ada ap klikdokter huhu apalagi dokternya baik dan ramah,POSITIVE
memudahkan pengobatan bagi yang tidak bisa mndatangi dokter,POSITIVE
sangat membantu dan memotivasi bagi yang terkena covid 19 trimakasih,POSITIVE
enggak masalah harga mahal dikit tapi kalo pelayanan lelet bye lah,NEGATIVE
untuk masuknya kenapa sulit sekali,NEGATIVE
keterangan jawaban dari dokternya mudah dipahami fast respon,POSITIVE
sangat mengecewakan sekali sudah bayar dan kondisi tengah malam ingin konsultasi tapi ada notif dokter sedang sibuk dan tidak ada tangapn sama sekali dan uang hilag,NEGATIVE
dokter aji mumpung bisa bisanya narif obat enggak sesuai dengan harga apps ini malak namanya,NEGATIVE
susah login ke chat reguler dan gratis biasanya jam 8 sudah bisa sekarang enggak bisa apa sudah tidak ada lagi chat reguler gratis?,NEGATIVE
pertama cepat banget ngrespon besoknya sama sekali tidak bisa digunakan,NEGATIVE
madesu adalah mereka yang buta warna termasuk saya,NEGATIVE
drivers tidak bisa hubungi customer sebagai customer saya perlu tahu informasi kiriman yang telah sampai sistem seperti ini membuat mis komunikasi,NEGATIVE
ganti duit ku woi esmosi aku dokter nya malah mematikan obrolan sepihak ganti duit ku 45k kirim ke rekening ku !! tau kan rekening ku enggak usah pura pura gatau di riwayat ada pengin ku hapus nih apk,NEGATIVE
dokter nya responsif memberikan penjelasan,POSITIVE
asuransi terburuk yang pernah ada,NEGATIVE
dokternya trllu mengulur waktu membalas waktu sudah mendekati akhir sesi ujungâ²nya jadi harus tambah sesi supaya bisa konsultasi,NEGATIVE
responya cepat saya suka saya suka,POSITIVE
disaat sulit beli obat yang harus pakai resep dokter aplikasi ini sangat bersahabat dan memudahkan dalam membeli obat dengan resep dokter 24jam konsultasi online dan langsung dapat resep dan cukup dirumah saja enggak pakai ribet,POSITIVE
dokternya keburu nutup percakapan padahal waktu durasi masih lama dan konsultasi belum selesai juga,NEGATIVE
aplikasi apa ini saya sudah membayar biaya konsultasi dan saldo saya sudah terkirim ke halodoc tapi tidak bisa chat ke dokternya dengan alasan dokter sibuk dan saldo tidak di kembalikan payah! memang benar kalo negara ini negara korup!!!!,NEGATIVE
halo apakah ada bug? kok lemot sekali dan banyak menu yang duplikat,NEGATIVE
sejak saja range waktunya percakapan di tengah jalan jadi terputus belum lagi dokternya yang slowrespond jujur ini merugikan banget sh better ketemu dokter langsung,NEGATIVE
enggak bisa login euy! kenapa enggak dihapus saja?,NEGATIVE
tadi ada yang mengaku dari pihak tanya dokter apa benar itu dari pihak tanya dokter,POSITIVE
benar tuh saya setuju aplikasi buruk enggak bisa hapus riwayat chat nya buat semuanya saja sebelum instal ap klikdokter tlong di lihat ranting kritikanya banyak kok yang kecewa sama aplikasi klikdokter anjir deh enggak lagi2,NEGATIVE
sudah bayar aplikasi enggak bisa dibuka ini kenapa deh??,NEGATIVE
aplikasi enggak guna sudah buat janji jauh2 datang ke rumah sakit tapi di tolak katanya janji lewat alodok enggak bisa buat janji,NEGATIVE
menambah knowlege yang bermanfaat,POSITIVE
failed tapi upload foto????,NEGATIVE
cukup direspon dengan baik setiap pertanyaan,POSITIVE
sangat solutif di saat mendesak terutama yang membutuhkan pertolongan pertama,POSITIVE
senang banget konsultasi disini dokternya alhamdulillah ramahâ² dan informatif terimakasih klik dokter,POSITIVE
respon cepat ada pilihan pemabyaran transfer bank terima kasih alodoc,POSITIVE
dulu chat dengan dokter umum gadikenai biaya sekarang sudah kena biaya,NEGATIVE
jelas tapi seperti di buru buru,NEGATIVE
pelayanan cepat dapat saran yang bagus juga jangan terlalu banyak obat obat an apalagi pakai asuransi benar benar menghemat waktu tenaga semoga lebih bermanfaat untuk semua nya,POSITIVE
knpasih pengiriman selalu lambat lebih dari estiminasi kalo memang perkiraan estiminasi nya lama enggak usah menentukan tanggal dong paket kok sampai berhari belum di antr lebih dari estiminasi yang di tentukn di apk !!! tolong di perhatikn juga jasa pengirimn,NEGATIVE
kenapa setelah di update enggak bisa ya,NEGATIVE
sangat bermanfaat dan sangat mudah di gunakan mantab pokoknya ku,POSITIVE
baik buat konsultasi kesehatan,POSITIVE
kaget sekarang berbayar,NEGATIVE
alhamdulillah respon baik dan ramah semoga yang di resep dan srnkan cocok buat saya sklrga dan yang lain ya amin,POSITIVE
tolong kalo dokternya tidak ada jadwal kasih status offline dokter tidak ada jadwal tapi statusnya online buang2 duit konsultasi tapi enggak di balas karena bukan jadwalnya gara gara lihat statusnya online aduh,NEGATIVE
gagal mengambil antrian gara gara nomer hp enggak bisa di isi kenapa ribet banget perasaan,NEGATIVE
dulu pesan obat tanpa resep bisa diarahkan otomatis oleh sistem jadi kita chat dokter sesuai arahan alodokternya sekarang mau pesan obat tanpa resep malah harus chat dokter secara mandiri mencari sendiri dokternya dan dokter juga bertele tele buat bisa kasih resepnya padahal memang sangat dibutuhkan segera obat tersebut tolong kembalikan sistemnya sehingga bisa chat otomatis untuk pesan obat tanpa resep terima kasih,NEGATIVE
ini dokter saya mau tanya anak saya umurnya 15 bulan sekarang di rumah sakit karena diare terus susunya di ganti dengan susu lln dan babnya aga kemerahan dan berlendir apa saja yang harus di lakukan dok,NEGATIVE
untuk dokter dan obat nya saya tidak masalah untuk pelayanan pengiriman obat nya yang sangat buruk saya selesai konsultasi ke dokter jam 18 45 tapi sampai jam 21 00 obatnya tidak sampai dan driver nya juga tidak bisa di hubungin dan di halodoc nya juga tidak ada fitur untuk kita complain di batalkan juga tidak bisa kalo butuh bukti saya ada semua!!!,NEGATIVE
awalnya 2x saya pesan inhaler untuk asma enggak ada kendala pas ke3x nya saya pesan inhaler ternyata kurir nya salah kirim ke alamat lain buat laporan ke aplikasinya enggak ada tanggapan sama sekali padahal itu inhaler sangat sangat emergency apalagi waktu itu keadaan larut malam dan saya pilih aplikasi halodoc tipe pengiriman instan jujur dalam segi keamanan pesanan komsumen buruk sekali sangat sangat buruk apalagi ini menyangkut ke sehatan aplikasi sampah,NEGATIVE
sip bagus lah membantu yang seorang anak rantau jauh dari orang tua dan harus mandiri bagus banget nih aplikasi sukses selalu,POSITIVE
sangat mudah di pahami detail dan sangat ramah,POSITIVE
tambah sehat,POSITIVE
informatif sekali solusi buat para pejuang jerawat yang bingung cari rekomendasi obat dari ahlinya mantap,POSITIVE
aplikasi lagu,NEGATIVE
aku puas,POSITIVE
untuk berobat terinfeksi vovid,POSITIVE
enggak ada jawaban dari tanya dokter,NEGATIVE
macam mana ini apk di buatnya menyusahkan sekali sudah isi otp bukan langsung ke perintah selanjutnya malah kirim ulaaaaaang otp mengapai kirim2 ulang otp lu mau di donload apa kagak kagak kelar2 ini urusan 1jam lebih sama otp doang,NEGATIVE
dok saya penderita diabet paru paru asam lambung tipus mag apa harus vaksin,POSITIVE
kurang nyaman dengan opsi pertanyaan ya tidak doang harusnya pasien bisa lebih detail memberikan info kepada dokter kalo fitur chat box nya dibuka,NEGATIVE
saldony enggak bisa ditarik,NEGATIVE
aplikasinya lancar jaya enggak putus2 dokter juga respon nya baik,POSITIVE
benar benar sehat tanpa drama,POSITIVE
kalo ada rating 0 itu yang saya akan pilih tidak pernah sekecewa ini memberi penilaian cs lama sekali responya dan bertele2 hal hal dasar yang harusnya bisa dilihat di layar mereka pun dimintanya chat screenshot dokter keterangan online begitu payment dichat tidak online refund dana susah sekali meminta ini itu tidak jelas,NEGATIVE
woy gua enggak pernah pakai aplikasi ini ngapa duit gua tertarik terus 39rb gara gara salesnya maksa buat daftar nih,NEGATIVE
enggak bisa daftar bahaya ini mohon dicoba kembali waktu daftar kayak ngambil data saja,NEGATIVE
susah masukny,NEGATIVE
kecewa kemarin sebelum di upgrade live chat fre sekarang setelah di update kok malah berbayar bagaiamana kami tidak temang,NEGATIVE
membantu banget bagi yang asuransi nya yang sudah terdaftar,POSITIVE
sumpah aplikasi enggak bisa log ini mentok sampai di verifikasi otp saja,NEGATIVE
alhamdulillah bisa membantu,POSITIVE
tolong dong buat dokter halodok terutama psikolog dan psikiater kalau misal konsultasi kita tuh jawab yang benar satu jam konsultasi enggak ada jawaban yang bagus sama sekali itu juga cuma beberapa kali jawab doang dokternya padahal sudah bayar enggak gratis enggak lagi deh download halodok dokternya saja enggak bisa kerja benar,NEGATIVE
heran sama aplikasinya sudah masuk semua nik no kakak itu gunanya untuk apa ???? kalau suatu saat terjadi penyalahgunaan data bagaimana ? komitmen dari pihak halo doc seperti apa ???,NEGATIVE
sangat bagus cepat dan banyak dokternua,POSITIVE
aplikasi bermanfaat banget kapan saja bisa konsultasi dong penjelasan dokternya juga memuaskan sukses terus klikdokter,POSITIVE
saya mau berhenti kok di db otomatis saldo saya tiap bulan kepotong 39rb tolong,NEGATIVE
jawabannya kurang memuaskan,NEGATIVE
jangan didownload saya sudah bayar dokter 12900 tapi tidak ada respon dokternya kalo bisa saya tambah bukti s saya kirim disini,NEGATIVE
buset chta saja memakai bayar sudah download memakai data data dibeli memakai uang sudah download termakan data pas di buka caht dok bayar ouh aplikasi tolong lah orang susah janggan di bikin susah,NEGATIVE
aplikasi enggak jelas sudah berhenti langganan masih ke auto debet,NEGATIVE
sangat lama merespon,NEGATIVE
aku suka pakai aplikasi alodokter sudah dari lama selalu curhat di psikolog dan sampai ke psikiater akhirnya aku di resep ini obat dan sekarang aku perlahan pulih dan lebih tenang karena kalau berobat di offline aku malu karena masih muda tapi kok sakit jiwa,POSITIVE
apotek yang ditunjuk oleh alodokter tidak mempunyai obat tersebut dari pihaknya sudah membatalkan tapi di apk cust pesanan masih terua berlangsung di apk grabnya juga tidak bisa dibatalkan alhasil harus bayar cash lagi itupun juga obatnya tidam sesuai dengan yang diresepkan kata pihak apoteknya uang yang sudah di tf untuk beli obat juga belum dikembalikan niat hati pengin cepat eh malah ruwet nggam recomended sekali!,NEGATIVE
aplikasi ini sangat tidak membantu dokternya pelit ilmu durasi sedikit tidak mau menjelaskan dengan panjang dokternya tidak rekomendasi,NEGATIVE
konsultasi saya cancek karena dokter tidak menerima room chat sangat lama tapi tidak ada pengembalian dana rugi,NEGATIVE
cepat merespon,POSITIVE
tidak bisa menyambungkan ke ewallet,NEGATIVE
custemer nya kurang membantu pesan obat terus tiba tiba di batalin tapi dana nya sampai sekarang belum di kembalikan sudah 3 hari lebih loh mana uang nya ratusan,NEGATIVE
konsultasi dari sapa n sudah bayar chat panjang lebar tapi enggak dibalas kecewa,NEGATIVE
saya pkir chating seperti aplikasi yang lain ternyata chatingnya seperti sms indak isa kirim gambar apa mungkin saya yang indak tau,NEGATIVE
edit profil lama banget,NEGATIVE
good god good,POSITIVE
plis lah sudah 2x bayar tapi dibatalkan sistem dapat voucher via wa tapi kode vc tidak valid bagaimana cara pakai kode vocernya sih,NEGATIVE
aplikasinya sekarang enggak worth itu banget!!! malesin sekarang berbayar dan sarannya juga kurang baik tbtb menghilang sampai pagi yang akhirnya sudah bayar malah enggak ada jawaban sampai pertanyaan ditutup sendiri halah wagu !!,NEGATIVE
kecewa kenapa sekarang berbayar ? responnya juga lama lebih nyaman yang dulu,NEGATIVE
enggak bisa chat langsung,NEGATIVE
aplikasi bagus dan bermanfaat,POSITIVE
ok punya,POSITIVE
sangat detail dan membantu,POSITIVE
its sok good,POSITIVE
mantap memudahkan canggih,POSITIVE
tidak bisa membantu masayarakat mau konsultasi malah suruh bayar,NEGATIVE
beli obat enggak sampai sampai uangnya melayang,NEGATIVE
banyak sekali komplain bintang hapus saja nih apps tadinya mau bertanya sebelum ke dokter tapi malah berbayar dulu enggak bayar memang apps cari duit,NEGATIVE
enggak disarankan menggunakan aplikasi ini pengiriman obat lama banget bahkan bisa seharian enggak datang datang padahal urgent sekali,NEGATIVE
resep obatnya kenapa enggak sama kayak dokter offline obatnya generic saja yang dikasih,NEGATIVE
pelayanan nya baik sekali dokternya ramah,POSITIVE
saya sudah bayar di suruh menunggu ternyata tidak bisa keterangan nya bisa dapat voucher untuk dokter kulit dan kelamin lainnya ternyat tidak ada saya sudah bayar 2x 30 000 dan 25 000 kondisi butuh penjelasan doktor,NEGATIVE
berbayar ternyata haaaddeeeh,NEGATIVE
lama pengirimannya,NEGATIVE
enggak pernah instal atau apapun kenapa auto debit kurang mengajar banget,NEGATIVE
sangat membatuh,POSITIVE
nice helpful,POSITIVE
saya dapat resep yang bagus untuk kulit tapi sulit sekali order ulang slowrespon,NEGATIVE
buriq,NEGATIVE
semoga membantu dengan resep dokter yang diberikan,POSITIVE
membantu banget apalagi disaat pandemi seperti ini terimakasih,POSITIVE
apalikasinya bagus she cuma dokternya lama baru balas,NEGATIVE
semoga lebih banyak lagi bekerjasama dengan halodoc karena yang saya pesan juga ada di karawang tetapi saya dapat nya di cikarang,POSITIVE
aplikasinya enggak bisa dibuka sama sekali di hp saya andro cuma muncul tulisan alodokter latar biru doang sudah coba uninstal terus instal ulang tetap saja saya beri bintang 1 dulu tolong dibenahi,NEGATIVE
membantu antisipasi saat butuh,POSITIVE
sangat berguna sekali,POSITIVE
mahal banget jir ongkirnya,NEGATIVE
aplikasi halodoc sudah bagus membantu orang yang butuh obat dengan waktu relatif cepat tapi tidak untuk aplikasi delivery nya yaitu medex yang tidak masuk akal maunya untung besar dan membayar murah,NEGATIVE
sangat membantu dan efisien dokter nya ramah mantap,POSITIVE
terima kasih banyak klikdokter sudah bantu aku dan orangtuaku banget ap dan fiturnya gampang dimengerti jadi mau muda atau tua perlu konsultasi dokter jadi mudah kapanpun,POSITIVE
aplikasi gembel sudah masukan kode otp tidak bisa next stuck di otpt,NEGATIVE
respon sangat cepat dan memuaskab,POSITIVE
respon sangat baik terima kasih atas pelayanan kesehatan,POSITIVE
chat ke apk ini karena darurat terus malah disuru menunggu 24 menit sudah lebih dari setengah jam menunggu enggak ada balesan juga lagi sudah mah sakit ditambah kesel lagi,NEGATIVE
konsultasinya gagal uangnya melayang enggak balik lagi uangnya dijadikan voucher cuma berlaku 24 jam eh pas cek sudah enggak ada itu voucher,NEGATIVE
lama balas nya keburu waktunya habis,NEGATIVE
aplikasi parah duit gwe dipotong mulu sih baca !!!,NEGATIVE
obat yang dibeli tidak sesuai dengan foto produk dikasih obat murah jelas kualitas berbeda,NEGATIVE
dokter kali enggak lengkap padahal mendukung sih apk kali ini hanya saja dokter kurang lengkap,NEGATIVE
terimakasih bu dokter pelayanannya ramah on point juga penjelasanya sehat selalu,POSITIVE
sangat membantu dan sangat responsif untuk respon dokter nya terimakasih,POSITIVE
sebel sudah bayar 2x chat di batalkan tagian tetap masuk ke gopay ku merasa tertipu dengan apk ini jadi saya tetap harus byr tagian walaupun konsultasi di batalkan emosi deh,NEGATIVE
terima kasih aplikasi halodoc sangat membantu saya sudah tidak bingung lagi atas permasalahan saya,POSITIVE
top top markotop cuman obat nya rada mahal ya bunda,POSITIVE
baik sekali,POSITIVE
responya kurang cepat tolong diperbaiki jadi enggak menunggu,NEGATIVE
yes banget buat klikdokter sehat sehat terus buat dokter klikdokter senang banget waktu itu dapat pelayanan memuaskan,POSITIVE
sangat tidak disarankan sudah mengetik panjang2 dan bayar sudah berhasil eh malah enggak berhasil malah ketutup aplikasinya enggak bisa dibuka,NEGATIVE
tambahkan dong fitur diskusi kayak yang di web nya,NEGATIVE
dokr mana enggak ada respon malah harus bayar duli,NEGATIVE
sangat membantu coba ada dari tht lain di daerah kami cuma ada 1dr itupun selalu cuti biar kalo lagi urgent begini bisa langsung di tanganin dari ðÿ,POSITIVE
sangat jelak sudah di bayar dokter enggak bisa di ganti voucher dan kalau konsultasi ke sktr yang lebih rendah uang hangus kalau konsultasi yang lebih tinggi suruh bayar padahal kesalahan ada di dokter,NEGATIVE
benar benar puas dengan aplikasinya,POSITIVE
sangat bermanfaat dan membantu,POSITIVE
respon cepat pelayanan cepat dokternya ramah,POSITIVE
patah tulang bolehkah makan daun kepor?,NEGATIVE
cukup memuaskan penjelasanya semoga penyakit segerah sembuh,POSITIVE
pelayanan ditingkatkan terus ya,POSITIVE
sangat membantu sekali jika membutuhkan konsultasi yang sangat mendesak dan yang minim waktu,POSITIVE
ok buat darurat dan untuk hrga cukup terjangkau,POSITIVE
maaf ya tak kasik bintang 2 soal nya saya sama sekali enggak bisa daftar akun di halodoc,NEGATIVE
cepat tanggap terimah kasih untuk halodoc,POSITIVE
setelah di perbarui kok enggak bisa ya buat chat bagaimana sih tiap di klik keluar mulu dari aplikasi,NEGATIVE
tidak bisa masuk jangan sampai tertipu lain aplikasi mafia,NEGATIVE
domisili enggak lengkap rumah di kota lain kerja di luar kota isi pendaftaran muter muter terus bukan enggak ada kuota bolak balik suruh isi bagaimana mau tanya,NEGATIVE
membantu untuk ibu baru seperti saya trimaksih,POSITIVE
aplikasi lengkap buangeet bisa konsultasi dengan dokter pilihan kita dan fast respon lo dokternya bisa juga beli obat dan nutrisi lainnya maju terus klik dokter aplikasi kesehatan buatan anak bangsa,POSITIVE
aplikasi terpercaya dan pelayanannya bagus,POSITIVE
aplikasi halo penipu memang parah dulu pesan obat bisa tuh langsung di kirim sekarang beli obat harus menunggu berhari hari di pelacakan juga enggak jelas hapus saja tuh aplikasi kalo enggak niat bikin aplikasi yang membantu masyarakat,NEGATIVE
respon top,POSITIVE
penolong banget ini aplikasi,POSITIVE
setelah curhat dengan bu elisa jadi merasa lega dan kembali semangat trimakasih bu elisa saran2 dan empatinya,POSITIVE
sangat membantu mudah penggunaan ap nya tapi berbayar saat konsult mahal,NEGATIVE
sangat membantu dan pengiriman obat sangat cepat,POSITIVE
amat sangat membantu terimakasih halodoc,POSITIVE
sangat membantu terimakasih puas dengan pelayanan nya semua,POSITIVE
kok loadingnya lama ya enggak bisa chat keburu habis sesinya,NEGATIVE
respon dokternya sangat baik dan mudah dipahami,POSITIVE
dokternya baik friendly,POSITIVE
terima kasih alodokter bermanfaat buat aku dan keluarga,POSITIVE
enak jelas jawaban nya,POSITIVE
kenapa enggak bisa masuk? kayak mana caranya!!,POSITIVE
disini aplikasinya bagus sekali dan respon nya juga cepat dan recommended banget buat yang misal sakit dan enggak ingin keluar rumah cocok banget konsultasi disini dan pelayanan ramah juga,POSITIVE
komplain lambat saat barang enggak sesuai apa yang dipesan,NEGATIVE
hai dok saya berumur 44 tahun knapa buah zakar saya tiba tiba membesar sebelah kanan sebelum membesar buah zakar saya sakit setelah berhenti sakit kok jadi membesar sebelah kanan,NEGATIVE
tanya dokter buktinya hoak,NEGATIVE
penanganannya cepat tepat,POSITIVE
alhamdulillah sangat membantu dalam kondisi darurat,POSITIVE
saat chat saya tanya apa gelaja n ciri2 infeksinya? dijawab itu harus pemeriksaan langsung terus mengapai saya instal ap ini kalau harus periksa langsung?!,NEGATIVE
sudah bayar tapi harus menunggu jawaban dokter selama lebih dari 1 jam 2x begini disuruh menunggu katanya 8 menit taunya 1 jam dan pernah 2 jam bukannya tenang malah tambah panik kalo menunggu kayak begini rugi banget buang waktu buang uang kalo kita enggak balas dalam 30 menit sudah ditutup menunggu dokter sejam 2 jam mengaco lah,NEGATIVE
live chat kok enggak bisa di pakai ?? tiap di buka tidak ada koneksi terus,NEGATIVE
kurang puas dengan jawaban2nya,NEGATIVE
konsultasinya kurang puas waktu sudah berakhir jawabnya lama padahal belum selesai tapi sudah berakhir,NEGATIVE
aplikasi terparah obat saya sudah hampir tiga minggu tidak sampai pas mengajukan pengembalian dana malah di suruh bolak balik confirm ke email dan wa kayak mengomong sama robot saya mohon kembalikan uang saya,NEGATIVE
yang ditanya enggak dijawab respon nya lama enggak membantu sama sekali,NEGATIVE
bermanfaat sekali,POSITIVE
enggak ada chat gratis,NEGATIVE
kalau disuruh memilih aku akan tetap stay sama klikdokter soalnya benar benar memuaskan,POSITIVE
pertama kali download menu chat regular tidak bisa digunakan otomati harus menggunakan menu chat premium pngennya mencoba yang gratis tapi ternyata bohong,NEGATIVE
dari nya baik dan fast respon,POSITIVE
bukti kalau di dunia memang enggak ada yang geratis,NEGATIVE
dokter nya memberikan penjelasan jelas dan baik,POSITIVE
sarannya membantu sekali semoga bermanfaat dan ada hasil yang lebih baik buat aku kak,POSITIVE
top,POSITIVE
tidak bisa login menggunakan no luar negeri,NEGATIVE
aplikasix sangat buruk masa iya setelah kita menginfokan kedokter keluhan kita yang ada pertaxaan dokter nya malah enggak menyambung masa pexkit bisul yang belum pecah malah blsan dokterx apakah anda pernah terbentur dari stand sepeda aneh,NEGATIVE
penjelasan dokternya sangat membantu dan saya puas,POSITIVE
saya mau konsultasi tapi enggak bisa masuk,NEGATIVE
menunggu balasan lama lama eh ujung ujungnya percakapan ditutup sudah bayar dan menunggu lama malah ditutup bukannya dibales diajukan refund sampai 14hari duit 45rb saja refund sampai 14hari,NEGATIVE
bayar mahal dokter jawab lama jawaban tidak memuaskan cuma mencari duit saja,NEGATIVE
saya mohon info nya untuk beli obat apa nggih dok,NEGATIVE
sangat membantub,POSITIVE
suka dengan aplikasi ini karena membantu yang lagi kerja tapi pengin konsultasi ke dokter,POSITIVE
mengecewakan saat pengajuan refund harusnya kalo dokternya sibuk jangan dibuat online tiba masuk dana baru dokternya katanya sibuk diajukan pengembalian dana lewat wa enggak ada pemberitahuan sebelumnya kalo 30 menit chat enggak dibalas diakhiri biasanya ada aba2 dulu ya 10 menit terakhir misalnya ini kebetulan chatnya dibalas 32 menit kemudian sudah enggak bisa dichat plus dananya enggak bisa kembali alasannya sudah lebih 30 menit tanpa aba aba sebelumnya auto uninstal end,NEGATIVE
slowrespon,NEGATIVE
ap kocak yang dibutuhkan apa yang dikasih saran apa,NEGATIVE
cocok untuk seluruh kalangan karena klikdokter gampang diakses,POSITIVE
kok pas chat live sama dokternya pertanyaam sama jawaban dokternya enggak muncul di layar chat ? sudah di reload berkali2 enggak jadi notifikasi balasan ada tapi pas di buka enggak ada isinya alias layarnya kosong kenapa itu ?,NEGATIVE
kalian enggak usah pakai aplikasi ni penipuan sudah byr tapi enggak ada respon dokter ke nanti l memang enggak banyak byr nya tapi hargain uang sebegitu berharga bagiku saya susah saya cari uang sebegitu demi byr begitu saya irit keperluan lain,NEGATIVE
chat tapi enggak di respon,NEGATIVE
tidak bisa masuk padahal sudah memasuki kode verifikasi dari sms,NEGATIVE
terimakasih untuk respect nya semogah ada hasil nya dari resep dan saran nya,POSITIVE
bagaimana nih alodokter saldo saya belum balik transaksi ngegantung di chat admin suruh tunggu mulu padahal saya butuh uangnya buat konsultasi!!!!,NEGATIVE
terimakasih sudah menyediakan aplikasi yang sangat bermanfaat apalagi dijaman seperti ini masih ada konsultasi gratis dengan dokter respon cepat dan hangat saya suka,POSITIVE
bagus ulasannya dan dokter mengasih motifaai,POSITIVE
sangat membantu menggunakan halodoc terima kasih banyak,POSITIVE
konsultasi di halodoc keluar resep obat ketika obat mau di pesan estimasi datang h 3 dari pemesanan ya sudah saya beli di klinik terdekat menggunakan resep dari dokter halodoc namun setelah keluar masuk 3 4 klinik obatnya tidak ada aplikasi yang sangat membantu terima kasih halodoc sudah membuat hari saya semrawut 26 februari 2025,NEGATIVE
kenapa pertama login bisa setelah saya hapus data kenapa sulit? mhon kasih tau,NEGATIVE
awal skeptis soalnya orang sekitar gue pada pakai ap sebelah eh pas mencoba dan merasai dokter yang ramah dan gercep langsung auto rekomin ke semua orang hahaha,POSITIVE
tolong ditambahkan kan akun dana dong pembayaran melalui e wallet nya biar agak ringan untuk yang pakai dana,NEGATIVE
sangat membantu selali,POSITIVE
rugi dan nyesal saya tanyakan dokter lewat aplikasi beginian,NEGATIVE
layana dokter ramah dan sabar,POSITIVE
semoga bagus dan tidak mengecewakn,POSITIVE
lama kali pelayanannya di suruh tunggu terus,NEGATIVE
sangat manfaat,POSITIVE
sangat sangat tidak cocok untuk orang miskin dan tidak punya hati nurani sama sekali dan astagfirullah memang lo tes mental gratis lewat web tapi ahli psikologi nya mahal banget astagfirullah enggak tahu mengomong apa lagi,NEGATIVE
kata nya kalau baru gratis,NEGATIVE
sangat terbantu alhamdulillah puas dengan pelayanan dokterâ²nya,POSITIVE
dokter nya ramah sekali,POSITIVE
aplikasi bodoh sudah bayar dan konsultasi tapi putus di tengah jalan di tutup dan coba buka lagi malah enggak bisa masuk padahal internet lancar,NEGATIVE
konsultasi dengan dokter lebih cepat dan mudah,POSITIVE
apk bagus banget dan sangan bermanfaat tapi kenapa sekarang saya tida bisa lagi chat n ya,POSITIVE
wel done,POSITIVE
apk enggak guna kode kelarifikasi di kirim berkali2 enggak ada jawaban,NEGATIVE
sepertinya aplikasi ini ingin menjebak kita agar memesan obat yang cukup mahal hingga pada saat kita berubah pikiran untuk pembatalan eh malah enggak bisa auto hapus ini aplikasi sebaiknya enggak usah di download,NEGATIVE
sudah 2x saya pesan obat di aplikasi ini yang pertama obat seharga 100rb enggak ada dikirim uang enggak di refund yang kedua sekarang saya beli obat dari kemarin seharga 230rb enggak ada dikirim sudah laporan ke costumer service tapi enggak ada solusinya ini bagaimana nih dan juga saya langganan tiap bulan otomatis motong saldo dari rekening saya dan sekarang saya mau memutuskan berhenti langganan tetapi pemberhentian itu harus lapor costumer service juga sudah saya lapor tapi sampai saat ini belum ada respon,NEGATIVE
kenapa ya saya mau download aplikasi ini tapi kok enggak bisa bisa ya tolong diperbaiki sebelum saya uninstal,NEGATIVE
kenapa saat mau melakukan pembayaran enggak bisa ya?,NEGATIVE
pengalaman di alodokter mengecewakan harga obat tidak sesuai dengan apa yang dikirimkan sudah tanya cs namun kurang informatif dan lambat terimakasih alodokter bap,NEGATIVE
fast respon dan jelas dokternya,POSITIVE
aplikasinya mempermudah kita sebagai kaum rebahan sih yang malas keluar rumah untuk konsultasi masalah kehidupan,POSITIVE
parah banget sudah bayar tapi dokternya offline enggak bisa ngechat jadinya seharusnya dibikin sistem kalo 10 menit sebelum offline tidak bisa bayar jadi enggak kepalang tanggung begini mana sudah bayar malah offline,NEGATIVE
rencana mau pakai alodok tapi setelah baca rekomendasi jadi di uinstal lagi,NEGATIVE
menung jawaban konsultasi tidak sesuai dengan waktu yang tertera sampai akhirnya lupa dan saldo hangus begitu saja,NEGATIVE
sangat berguna,POSITIVE
teledoc yang lain better belajar nih dari klikdokter harga dokter spesialis lengkap info2 kesehatan semuanya oke di ap ini,POSITIVE
penjelasan dokternya detail banget dan jelas,POSITIVE
masih kurang pelayanannya masih bagus alodokter,NEGATIVE
trimakasih aplikasinya bermanfaat sekali,POSITIVE
bagaimana sih kok tidak bisa chat dokter sudah di cari cari tidak ada,NEGATIVE
aplikasi nya kenapa lelet loading nya padahal internet bagus,POSITIVE
aplikasi paling top,POSITIVE
baru sekali mencoba konsultasi dokter pakai video cal menurutku lebih enak dibanding chat karena ngobrolnya tektok dan dokternya juga baiknya meminta ampun deh,POSITIVE
ini aplikasi penyedia obat kita semua tahu obat adalah pertolongan yang harus di segerakan bukan seperti barang yang masih bisa kita tunda seharusnya lebih dikembangkan lagi penyedia di setiap kota agar tidak terjadi pengiriman yang harus jauh dari tujuan setiap kota bahkan setiap kecamatan pasti sudah memiliki apotek,NEGATIVE
balas chat nya enggak lama,POSITIVE
sangat sangat tidak rekomendasi apalagi cs nya beli obat lama banget sudah di konfirmasi sebelum jam 10 tapi apotiknya sampai tutup tidak kunjung dikirim sampai 1 jam lebih kurir sampai ganti berulangkali tapi sayang enggak ada menu pembatalan,NEGATIVE
bagus dan memberikan solusi yang baik,POSITIVE
sangat menbbntu sekali saat membutuhkaan konsultasi dan resep cepat,POSITIVE
proses rufund dipersulit ya disuruh tiga hari kerja sudah seminggu belum ada dana masuk,NEGATIVE
masa sekarang sudah berbayar yang dokter umumnya sih,NEGATIVE
sudah bayar dua kali tiba tiba enggak ada jawaban apa apa dari aladokternya enggak jls,NEGATIVE
dokternya ramah komunikatif menjelaskan dengan detail apa yang dibutuhkan pasien,POSITIVE
bintang 3 saja masa baru kemarin tanggal 17 januari diperbarui dah suruh perbarui lagi tolong dong bikin enggak nyaman saja,NEGATIVE
sngat membantu aplikasi ini,POSITIVE
selamat malam dokter saya mia umur 39th beberapa bulan ini saya mengalami alergi seperti gatal setiap habis pijit kerok atau menempelkan sesuatu di badan apa saya termasuk alergi dok saya harus priksa atau cek alergi dimana ya pak terimakasih,POSITIVE
sudah berlangganan unlimited tapi konsultasi untuk anggota keluarga masih berbayar sudah daftar unlimited tapi konsultasi untuk keluarga masih berbayar,NEGATIVE
respon chat lama,NEGATIVE
mengecewakan dari sangat baik dan responsif tapi saat beli obat sering kali tidak ada yang pick up padahal memakai pengiriman instan,NEGATIVE
saya kedebet sudah hampir 1 tahu lebih tolong cara pembatalannya bagaimana,NEGATIVE
semoga bermanfaat terutam buat yang lagi sakit,POSITIVE
dari tahun 2021 sampai sekarang saya kena biaya auto debit potongan 39 000 tiap bulannya bagaimana cara berhentinya,NEGATIVE
mantap cepat merespon,POSITIVE
obat nya mahal begitu saya tanya generik saja ada enggak? 30 menit baru dibalas entahlah apa kebijakan alodokter supaya ditebus merk paten karena urgent setelah tggu 20 menit enggak balasâ² akhir nya saya tebus obat paten tersebut 10 menit kemudian setelah itu baru di balas ada obat generik nya kecewa lah sudah ditebus mau refund enggak bisa,NEGATIVE
sangat membantu bagi aku yang introvert ini,POSITIVE
apk halodoc sangat membantu apalagi dalam keadaan urgent,POSITIVE
untuk sementara ini ok karena baru pakai,POSITIVE
kok enggak bisa live chatny sama konsultasi dokter nya mohon semuany jangan di downlod ap ini enggak bisa di gunakan ngabisin kuota saja,NEGATIVE
aplikasi yang membantu,POSITIVE
sangat membantu dalam konsultasi kesehatan saya,POSITIVE
ini akun pemessnan obat ribet kenapa belum di bawa bawa tidak tau mana nomor layanan,NEGATIVE
ada salah satu dokter yang menurut saya kurang ramah yaitu dari nadha aulia setiap pertanyaan yang saya ajukan sangat jarang di jawab diabaikan kalaupun dijawab jawabannya sedikit mengecewakan dan tidak memuaskan,NEGATIVE
memberikan solusi dengan cepat,POSITIVE
sangat membantu untuk sekedar konsultasi,POSITIVE
praktis dan sangat bermamafat dam murah,POSITIVE
aplikasi yang sangat membantu saya enggak lerlu antri untuk konsultasi,POSITIVE
membantu sekali tanpa harus ke rumah sakit,POSITIVE
kan prinsipnya kalo ada yang gampang mah mengapai mencari yang susah si klikdokter ajalah,POSITIVE
di iklan di tulis gratis konsultasi tapi setelah di dwonload di aplikasi ada biaya konsultasi ini namanya penipuan marketing,NEGATIVE
sabgat membantu,POSITIVE
bisa membantu untuk konsultasi lebih santai,POSITIVE
thank banget klikdokter tuh dokternya selalu ready setiap aku butuhin sejauh ini enggak pernah ada complain untuk ap ini terimakasih,POSITIVE
aplikasi terbaik chat ditengah malam cepat respon dokternya,POSITIVE
mmmmantap,POSITIVE
baik pesan dokter jaga sehatmu,POSITIVE
pengalaman pertama sudah dibuat oh harus hapus aplikasi ini ternyata cek di google mau beli obat eh ternyata adanya di alodokter dan sudah dipesan dan dibayar tapi obatnya berbeda! dan tololnya tidak ada tombol cancel di apk ini tidak rekomen dan langsung uninstal thank pengalaman buruknya!!!,NEGATIVE
untuk konsultasi dokter lebih mudah dan pembelian obat juga lebih praktis,POSITIVE
mantap men,POSITIVE
sangat membantu bagi kita yang malas antrinke rs,POSITIVE
kenapa setelah di upgrade malah keluar2 sendiri nih? tolong dong bisa seperti semula lagi karena sebelumnya tidak pernah begini,NEGATIVE
klikdokter ini masih banyak yang enggak tau ternyata? gue sudah langganan dari dulu soalnya kalau dibandingin sama telehealth lain gue paling suka ini,POSITIVE
enggak banyak membantu,NEGATIVE
sangat membantuuðÿ,POSITIVE
dapat dokternya lumayan lama soalnya pada sibuk apalagi yang spesialis sesuai sama harganya pelayanan juga oke,NEGATIVE
alodokter saya wanita 45 tahu saya pasca operasi saya meempunyai keluha di rahim,NEGATIVE
pernah sempat buat mencoba aplikasi lain tapi nyatanya yang lebih aman dan nyaman cuma klikdokter sih,POSITIVE
saya kasih 2 bintang saja aplikasinya bagus mudah di pakai cuma dokter dokternya jawabannya meragukan misal aku tanya apakah deh ada hubungannya dengan jantung tidak sehat? jawabannya tidak padahal kecerdasan buatan google bilang itu ada hubungannya google kan menyampaikan fakta yang ada di peramban mereka kecewa sih mungkin harus pilih dokter yang lain tapi kan boros,NEGATIVE
penanganan nya sangat profesional,POSITIVE
aplikasi sangat bermanfaat dan dokternya ramah ramah pokoknya fast respon deh kalau ada bintang 100 aku kasih bintang 100 tapi sayang bisanya cuma 5 ya pasti bintang 5,POSITIVE
biarkan bintang yang bebicara,POSITIVE
sudah bayar 45 ribu enggak ada resep obat buang2 uang disini menyesal telah bayar hasil nol,NEGATIVE
saya sudah klaim 2 kali dan pembayaran klaim nya cepat yang penting respon nya cepat jika di email pihak alodokter oh iya untuk perpanjangan nya bagaimana ya untuk pembayaran nya karena auto debit saya bank nya sudah terblokir,POSITIVE
is the best quality,POSITIVE
bad wa csvga bisa driverblama dapetnya sekali dapat jauh di depok padahal pakai ini karena biar mudahin beli obat,NEGATIVE
sangat bermanfaat dan saya harap ada voucher yang bisa digunakan untuk pengguna lama terima kasih,POSITIVE
susah doelod,POSITIVE
aplikasi enggak jelas dokter fast respon tapi kita enggak bisa buka room chtnya loading mulu enggak keluar2 sia2 kan jadinya kita bayar,NEGATIVE
dokter dan pelayanan sangat memuaskan,POSITIVE
enggak bisa di chat dokternya saya rugi sudah download,NEGATIVE
tifak bisa masukdi negara selain indonesia,NEGATIVE
pelayanan cht respon nya lama keburu memakan waktu yang sudah di tentukan sudah habis duluan tolong ya harus lebih di perhatikan lagi cara pelayanan cht nya,NEGATIVE
aplikasi tang bermanfaat dalam kesehatan live chat nya keren benar benar sangat membantu masalah kesehatan,POSITIVE
pertama pakai aplikasi ini sangat membantu sekali,POSITIVE
dulu perasaan alodokter ada chat gratis dengan dokter kok sekarang enggak ada ya,NEGATIVE
mudah mudahan bunda bisa membantu saya,POSITIVE
jujur aku sangat sering gunain aplikasi ini untuk chat dokter karena sangat membantu eh tapi barusan aku order di apk ini dokter nya katanya mau kasih resep tapi giliran ku balas enggak ada respon sama sekali!! padahal aku sudah fast respon banget balas nya tapi chat nya di tutup otomatis karena dokter enggak merespon aku kecewa banget aku juga sudah email mohon untuk di baca,NEGATIVE
waktunya habis cuma buat menunggu balesan dari dokternya,NEGATIVE
eazy tapi use helpful,POSITIVE
jangan seenaknya kasih sapa ke dokter yang menyuruh pasirnya beli obat di luar apk kalau obat tersebut tidak ada di apk,NEGATIVE
ongkir mahal sama lambat kalo darurat kayaknya keburu meninggal,NEGATIVE
mengajukan refund dari tanggal 11 sampai sekarang belum dikirim dananya !,NEGATIVE
maaf enggak rekomen deh mending ke aplikasi sebelah,NEGATIVE
luama banget mau konsultasi ke dokter umum tapi bukan yang memilih dokternya sendiri estimasi 7 menit ini dibiarkan menunggu enggak jelas hampir setengah jam â,NEGATIVE
biasanya malas dan trust issue sama konsultasi online tapi kalau klikdokter mah enggak mikir dua kali since dokternya ajib ajib semua sejauh ini super komunikatif,POSITIVE
malah byar sekarang yang umum nya sudah jelas byara mana enggak ada gratis umum bayar 8500 bilang nya gratis,NEGATIVE
kok enggak bisa login lagi saya sudah memasuki no hp tetap enggak bisa,NEGATIVE
pelayanannya benaran bagus banget semua fitur lengkap dibanding aplikasi lain,POSITIVE
sangat membantu dokernya ramah dan responnya cepat,POSITIVE
terima kasih banyak sudah bisa meliat kasiat dan kegunaan bawang putih dokter yang baik,POSITIVE
sudah tidak bisa akses,NEGATIVE
sangat membantu untuk yang tinggal sendirian kalau lagi ada keluhan kesehatan,POSITIVE
ini kok saya mau login pakai goggle enggak bisa2,NEGATIVE
aplikasi jelek dokter enggak respon riwayat chat enggak bisa ditelusur,NEGATIVE
chat jam 11 balesnya jam 2 mau kubalas sudah berakhir enggak jelas!!!!!,NEGATIVE
menurut saya buat rekan2 semua yang merasa dirugikan sebaiknya buat laporan saja biar diproses singkat cerita kita banyak keluarkan uang dan ada yang otomatis terpotong di atm padahal tidak ada konsultasi sama dokter yang jelas,NEGATIVE
sangat kecewa dengan aplikasi ini sudah berbayar dan ketika percakapan sangat tidak masuk akal dan ketika dokter sudah menjawab langsung disuruh bilang terima kasih padahal masih ada yang menjanggal di pikiran sudah di tutup sangat kecewa,NEGATIVE
lama respon,NEGATIVE
terimakasih untuk buk dokter nya yang sangat rmah baik dan puas dengan pelayanannya,POSITIVE
saya sudah chat tulis keluhan saya kok tidak ada respon?,NEGATIVE
sekarang lama balas nya 10 menit baru balas enggak guna,NEGATIVE
halodoc sangat membantu bisa konsultasi dengan dokter terdekat yang sudah pernah tau dengan dokternya terimakasih halodoc,POSITIVE
membantu sekali saat di luar kota,POSITIVE
baik banget dokterâ²nya ramah juga terus penanganannya cepat,POSITIVE
live chat berbatas waktu jadi belum dapat solusi sudah berakhir chat sebelumnya langsung hilang jadi enggak bisa di rangkum kesimpulannya bad aplication non recomended,NEGATIVE
awal awal covid watir banget sampai akhirnya menemukan klikdokter sampai sekarang masih pakai gue karena dokter spesialisnya lengkap dan pada avail terus jam brppun,POSITIVE
aplikasi berobat yang sangat membantu,POSITIVE
aplikasi penipuan ini transaksi saya di batalkan tapi uang tidak kembali kesaldo dana saya jangan di dipakai cari aplikasi lain saja aplikasi penipuan ini,NEGATIVE
aduh bahaya banget aplikasinya niat hati pengin ngehapus chat dengan dokter yang sudah saya kirim fotonya aduh kenapa ftonya enggak bisa terhapus mana akun saya juga teman saya pegang buat konsultasi bareng bareng bagaimana donga admin kurang ajar banget nih aplikasi jelek banget enggak kayak aplikasi lainya,NEGATIVE
pelayanan baik dan fast respon excelent,POSITIVE
suka dan sangat membantu dokter sangat baik untuk menjawab segala pertanyaan,POSITIVE
enggak bisa chat dengan dokter keluar2 terus aplikasinya,NEGATIVE
responsif dan detail cara menjelaskan,POSITIVE
aplikasinya enggak bisa dibukak,NEGATIVE
kok aplikasi nya enggak bisa dibuka ya min? padahal sudah dowload ulang gabisa2 kenapa ya,NEGATIVE
kok saya download nih aplikasi terus masuk koh enggak bisa apa ada gangguan deh memasuki nomor dan pengiriman kode otp gagal,NEGATIVE
dokter nya sabar dan baik,POSITIVE
responnya cepat pertanyaannya mendetail,POSITIVE
serius deh ini aplikasi benar benar memuaskan banget semua penjelasan gampang dimengerti dokternya profesional fast respon ramah a bingung bilang apa lagi saking bagusnya the best pokoknya,POSITIVE
apknya enggak bagus masa harus bayar,NEGATIVE
sangat membantu ketika kita enggak sempat ke rumah sakit untuk konsultasi dengan dokter,POSITIVE
hapus saja apknya,NEGATIVE
awalnya nyaman banget pakai halodoc waktu pengirimannya pakai sicepat ketika di ganti dengan anteraja sudah lebih 7 hari obatnya enggak sampai yang harusnya estimasi nyanpenya hanya 3 hari kemudian,NEGATIVE
penjelasan lengkap dan fast respon,POSITIVE
kenapa enggak bisa upload foto ya infonya koneksi terputua terus padahal sudah update,NEGATIVE
aplikasi payah obat kagak kekirim kirim dengan banyak alasan,NEGATIVE
sangat responsif dan membantu,POSITIVE
saya kasih bintng 2ajh dulu soalnya kurang memuaskan tlng diperbaiki masa saya tanya ke dikternya malah cuek enggak bisa kasih solusi yang baik percma kan saya undh apk ini padahal hsl yang tidak baik,NEGATIVE
terima kasih halodoc sangat praktis dan memudahkan,POSITIVE
ketika ingin memberikan rating untuk dokter kenapa malah terhenti ya??? langsung log out dengan sendirinya,NEGATIVE
aps cacat,NEGATIVE
sudah donload tapi kesulitan masuk padahal sudah benar semua email dan sbagaynya tolong solusinya,NEGATIVE
memudahkan konsultasi,POSITIVE
dokter nya sudah begitu berpengalaman dalam menanggapi keluhan pasien tidak ketus dalam membalas chat tidak membuat pasien down dan juga sangat tepat dalam pemberian obat apabilah obat yang paten di kasih opsi obat generik jadi untuk yang tinggal bukan di kota enggak bingung cari obat nya lanjutkan ya dok semoga semakin membantu banyak orang,POSITIVE
selesai bayar ternyata doktersibuk dan di curuh cari dokter lain dan bayar lagi,NEGATIVE
aplikasi buruk karena tidak percaya dengan konsumen asal tau konsumen suka dengan pembayaran cod !!!,NEGATIVE
penjelasan dokter sangat membantu yrimaksih dokter,POSITIVE
tebus resep paling enggak beres saya di kota mana ambil obat di kota mana jadi disuruh menunggu paket berhari2 dan enggak mau di cancel refund mana ada orang sakit disuruh menunggu berhari2 buat obatnya tolong hire orang orang management yang cerdas ya supaya kalo bikin sistem pakai otak bukan dengkul sudah kelihatan office kalian diisi orang orang yang tidak kompeten dan berkualitas rendah saya tidak akan pernah pakai alodokter lagi,NEGATIVE
kondultasi semua bayar,NEGATIVE
semuanya bagus dan mudah tapi yang enggak mudah itu nebus obatnya butuhnya sekarang tapi adanya ditempat yang jauh butuh berhari2 untuk sampai kenaap obat yang membutuhkan resep dokter hanya boleh di ambil di aplikasi? kan enggak semua kota ada apotek yang terafiliasi sama halodoc apalagi kota kecil jadi kayak percuma sakitnya kapan minum obatnya kapan,POSITIVE
menenangkan hati di saat kacau2 nya,POSITIVE
maaf kok susah di download ya,NEGATIVE
buruk buang2 duit sudah lama banget loadingnya eror melulu sudah instal ulang buang2 kuota doktet lama responnya belum slesai terjawab sudah habis waktunya kalo enggak mampu jawab atau overload enggak usah online jangan pada donlot entar nyesel,NEGATIVE
tolong memberikan deskripsi di aplikasi nya sehabis minum obat jangan sehabis chat dengan dokternya karena reaksi obat nya berbeda beda setiap pasien,POSITIVE
tolong!! kecewa banget sama aplikasi ini sudah di dm di email mau refund tapi slow respon dan stuck malahan enggak ada feedback sama sekali kiriman dari tanggal 18 maret 2026 hingga 9 april belum juga ada pas meminta refund dan pembatalan ada saja alasannya aplikasi buruk!!,NEGATIVE
mantap dengan pelayanan nya terimakasih alodok,POSITIVE
sangat membantu respon cepat,POSITIVE
sangat membantu karena respon cepat,POSITIVE
keren appsnya membantu sekali,POSITIVE
saya sangat kecewa sekali dengan aplikasi ini maksud hati ingin ikut rapid test karena pekerjaan saya yang mobile hanya gara gara tidak konfirm dibatalkan sepihak lalu apa gunanya aplikasi ini menerima pembayaran online kalau konfirmasi masih manual?? mending dihapus saja itu modul pembayaran online kalau konfirmasi masih manual kecewa pakai banget,NEGATIVE
aplikasi monyet gbisa login susah,NEGATIVE
baru pertama kali coba sudah di scam sudah chat dokter malah di diamkan enggak di jawab sama sekali parah banget nama dokter dari chelsea vidia sanjaya,NEGATIVE
sangat memudahkan saya sangat terbantu,POSITIVE
kok makin payah ya alo dokter sudah berbyar sudah di lkukan pembayaran tapi stts fak berubah masih mnunggu pmbyaran,NEGATIVE
uninstal aplikasi ini beberapa bulan lalu donload katanya bisa buat member apotik century dan dapat diskon baru sekali pakai yang berikutnya mau pakai sudah enggak berlaku lagi hadeeeh ada ada saja,NEGATIVE
skip saja isine cuma buat bisnis,NEGATIVE
sngat membantu,NEGATIVE
dari 2016 2022 gue setia pakai allo dokter tapi sekarang berbayar jadi tidak bisa konsultasi lagi byw allo dokter gue uninstal,NEGATIVE
baru instal mau konsultasi bayar 75 000 enggak bisa konsultasi konsultasi dananya enggak dibalikin cuman dikirim kode voucher yang berjangka waktu kenapa enggak di baliki saja dananya??? kita ini mau konsultasi bukan mau beli voucher mana bayarnya 2x lipat dengan aplikasi sebelah cuman karena urgent saja buru buru instal giliran sudah bayar enggak bisa bisa balikin saja dananya aku enggak beli voucher mu,NEGATIVE
aplikasi yang sangat membantu 24 jam dokter standby terima kasih banyak saran dan info nya,POSITIVE
keren pelayanan an pokoknya solusi berobat dari rumah deh,POSITIVE
sudah mulai mengecewakan pesanan obat saya sudah 6 hari kagak datang juga saya membayar loh saya sangat membutuhkan sekali obat yang saya pesan ini sebelum nya saya pesan disini aman aman saja,NEGATIVE
trimakasih untuk dokter rahma arsella yang memberi respon cepat dan juga jawaban yang dibutuhkan,POSITIVE
ea sudah berbayar enggak ada yang gratis besti,NEGATIVE
baik pelayanan ramah,POSITIVE
very very bad cs nya tidak berguna tidak ada respon dan solusi tindak lanjutnya seperti apa sampai saat ini saya menunggu itikad baik ada konfirmasi keberadaan obat saya dimana namun hanya diam saja kayak patung!!! aplikasi penipu,NEGATIVE
sangat membantu tidak seperti dokter yang di rsud,POSITIVE
aaah serba perbayar,NEGATIVE
pesanan lama sampai,NEGATIVE
baik ramah jawaban mudah di mgrti,POSITIVE
penjelasan dokter nya detail dan informatif ðÿ mempermudah di keadaan urgent yang susah harus ke rs,POSITIVE
sebelum saya update saya suka aplikasi ini karena sangat membantu untuk konsultasi dengan dokter tanpa biaya walau hanya 15 menit setidaknya saya ada referensi untuk bisa ke apotik namun setelah saya update aplikasinya sudah tidak mudah untuk digunakan terima kasih klik dokter,POSITIVE
chat kok bisa hilang yang chat lain enggak,NEGATIVE
apakh yang online cuma dokter umum saja misal kayak dokter kandunga apa spesialis lainya tidak online,POSITIVE
kadang heran kok jwbn tiap doktr sama ya dan seolah sudah tau masalah nya jadi ragu ini asli doktr enggak sih apa cuma orang biasa nyamar begitu kecewa sih karena ada doktr yang bilang saat aku ajukan pertanyaan dia malah jawab nya saya cuma iseng saja tny dan pakai ap ini apakah attitide doktr seperti itu? kita tanya karena kita butuh bukan iseng,NEGATIVE
sangat membantu sekali aplikasi halodoc ini,POSITIVE
harus ada sistem cancel dan refund agar jadi yang lebih baik,NEGATIVE
aplikasinya mudah dibuka bisa konsultasi dengan dokter secara gratis dokternya fast respon dan ramah pula bermanfaat dan membantu tentunya,POSITIVE
sok bad ! sebaiknya perlu di cut beberapa dokter yang enggak punya etika penyapaian ke pasien ini kali pertama saya konsultasi di bentak dokter ! kalo dokter ada kepentingan lain sebaiknya bilang diawal jangan main of dan jawab lama agar pasien tidak menunggu terlalu lama mohon samamenghargai waktu orang lain tidak hanya pasien yang perlu dokter tapi mutualisme ya ! saling membutuhkan,NEGATIVE
dikasih resep mestinya dikasih tau kalo apotikny tutup lagi gawat begini malah jadi menunggu hadeh padahal anak rewel banget,NEGATIVE
aplikasi enggak jelas masa memasuki tanggal mens di tahun 2022 perkiraan mens selanjutnya tahun 2029,NEGATIVE
bagus banget aplikasi nya gampang di gunakan nya oke deh pokoknya mantap,POSITIVE
membantu sekali bikin berobat konsultasi segampang ini tidak usah antri di rs tidak usah keluar rumah dokternya handal,POSITIVE
penjelasan sesat,NEGATIVE
senetron,POSITIVE
benar benar membantu banget aplikasinya disaat pandemi begini agak worried mau ke rs mantap,POSITIVE
enggak banget sama aplikasi ini dokternya gadak yang tanggepin tiba tiba waktunya habis uang siasia auto un instal bye,NEGATIVE
awesome service moreover the talk therapy clinic one surely others to i have experienced both,POSITIVE
lebih praktis tanpa harus keluar rumah,POSITIVE
wwponno porno sex film sex,NEGATIVE
bagus saya puas,POSITIVE
tidak bisa register dan login,NEGATIVE
bersyukur sekali ketemu dokter yang very helpful semoga aplikasinya semakin baik meningkat terima kasih banyak semangat,POSITIVE
like itu,POSITIVE
awal a ksal pakai apk ini karena saldo trpotong tapi setelah dilakukan pngembalian dana sekarang sudah bagus dktr a pun ramah memberikn solusi terbaik thx,NEGATIVE
kemudahan untuk konsultasi,POSITIVE
saya baru selesai dwonload aplikasi ini kenapa enggak bisa masuk ya dan selalu error ya tolong di perbaiki bugnya,NEGATIVE
alamat tidak lengkap sangat jadul,NEGATIVE
mana jawaban pertanyaan saya terlanjur bayar kok ujung2nya sesi berakhir alasan pakai keterangan sibuk lagi doktermya apapun titel hebatnya lulusan kedokteran universitas manapun harus punya etitud kepada pasien apalagi ini berbayar demi satu pertanyaan kita bayar 45rb saya s semua nya demi ketidakpuasan aplikasi ini apk apaan ini ulasan mengatakan pujian apa an sih cari duit saja nih apk,NEGATIVE
sangat membantu dalam masalah kesehatan jika tidak sempat ke praktek dokter pelayanan dari dokter di halodoc sangat baik dan ramah dokternya bisa kita pilih mana yang cocok terima kasih,POSITIVE
pertama kali konsultasi disini meskipun virtual tapi vibesnya kayak secara langsung dokternya fast respon tidak bertele tele,POSITIVE
apk berbayar mengira chat doang gratis,NEGATIVE
its awesome!,POSITIVE
beli obat sudah hampir 150rb ongkir dan biaya layanan mahal 24rb sendiri area solo obat harga 22rb enggak ada diganti apotek cuma 5rb katanya mereka jual 5rb tapi sama halodoc dijual 22rb tekor lagi 17rb gila sekali beli obat tekornya 41rb enggak berkah cari uangnya aplikasi ini aku enggak akan menuntut lebih jauh biar di akhirat nanti,NEGATIVE
bad ap,NEGATIVE
sudah bayar tapi enggak ditanggapi dan lama banget respon dokternya rugi saya tolong kembalikan uang ku,NEGATIVE
aplikasi bagus akan tetapi setiap shesi pertanyaan yang saya ajukan jawabanya kurang memuaskan dan kurang detail,NEGATIVE
itu juga bbbbg o,POSITIVE
fast respon dan komplit,POSITIVE
selalu cepat respon nya sangat membantu,POSITIVE
apikasi rampok enggak pernah daftar enggak pernah konsultasi tiba tiba menarik saldo autodebet anehnya lagi ada dokumen yang sudah saya tanda tangani di atas materai padahal saya sama sekali tidak pernah tanda tangan apapun ini pasti kelakuan sales sales mereka yang palsuin tanda tangan saya hati hati kalau ketemu sales alodok mending ludahin saja,NEGATIVE
saya baru menggunakan aplikasi ini baik untuk sesi konsultasi dan pemesanan obat secara online sejauh ini saya merasa puas dan cukup terbantu informasi yang diberikan juga cukup akurat semoga kedepannya pelayanannya lebih baik dan semakin ditingkatkan,POSITIVE
kecewa sama alodok yang sekarang enggak kayak dulu dulu pas masih gratis saja bebas mau chat sama dokter nya bertanya ini bertanya itu saling mengasih masukan tapi yang sekarang sudah bayar malah pertanyaan dibatasi 300 kata saja jawaban dokter hanya bisa kita sanggah dengan iya tidak iya tidak jawaban pun rata rata ditemukan di google seakan2 sia sia chat dokter mending googling sendiri mengecewakan,NEGATIVE
penjelasan detail dan memberikan dampak psikologis yang positif sehingga pasien tidak ovt terhadap keluahan yang dialami,POSITIVE
bagus sekali sangat mmbntu apa lagi dari dyah novita anggraini baik sekali,POSITIVE
memuaskan chat dengan dokternya,POSITIVE
online tapi enggak di respon gajls,NEGATIVE
alah kntl gue bertanya kaki mama gue ketusuk paku mala bahas bisuk anji nk,NEGATIVE
mudah di pahami doktenya baik dan cepat balasnya,POSITIVE
goodðÿ,POSITIVE
sangat bermanfaat sekali mempermudah sesama yang mungkin belum bisa berobat ke dokter dapat konsultasi gratis di alodokter secara gratis dan diberikan pula obatnya recommended terimakasih alodokter!!!,POSITIVE
sales alodokter yang meresahkan mencari member dengan cara menipu setiap bulan saldo di auto debit meresahkan sekali,NEGATIVE
saya membayar namun dokter tidak menanggapi dan chat ditutup buruk,NEGATIVE
terima kasih dari,POSITIVE
sudah tunggu lama tiba dapat notif pembelian dibatalkan uang balik ke saldo halodoc tapi tidak ada icon saldo hallodoc jadi enggak bisa tarik saldo padahal sudah pakai versi terbaru,NEGATIVE
baguz,POSITIVE
bagus pol,POSITIVE
kukira gerastis ternyta bayar ya sangt2 tidak membantu rakyat miskin,NEGATIVE
baik sangat,POSITIVE
sejauh ini dokternya enak2 cepat nangepinnya,POSITIVE
dokternya ramah satsetsatset juga,POSITIVE
buruk kita bayar chat dokter dokter enggak reapon duit kita trbayarkan ini salah satu penipuan menurut saya walau pun 25 rebu itu dikit tapi tolong sistem di prbaiki kslhan dari pihak kalian kita yang di rugikan,NEGATIVE
tlng jwbany lebih dipejlas,NEGATIVE
gercep ramah terima kasih banyak semoga berkah,POSITIVE
kenapa saya bertanya tapi tidak ada jawabn berharap aplikasi ini bisa membantu tapi nyata nya tidak kecewa,NEGATIVE
saya kasih bintang satu aplikasi ini tidak membantu malah aplikasi ini kembalikan beban buat kita yang mau download semua fokterdalam aplikasi ini semua perbayar,NEGATIVE
respon dokternya lama malas banget,NEGATIVE
bagus ramah jelas,POSITIVE
konsultasi di sini malah di suruh lagi pergi ke dokter,NEGATIVE
konsultasi kesehatan terefektif,POSITIVE
bintang satu saja aplikasi sudah diperbarui chat sama dokter dibatasin cuman setengah jam dokter nya respon nya lama tanya belum dijawab waktu nya habis tolong ditingkatkan,NEGATIVE
makaasih ya sangat membantu ku,POSITIVE
pelayanan untuk customer service tidak sepenuhnya melayani 24 jam padahal di aplikasi tertulis 24jam setiap hari,NEGATIVE
bagus dan cepat tanggap,POSITIVE
trimakasi sangat membantu dalam berkonsultasi,POSITIVE
kok di iklan nya gratis pas saya coba malah di suruh bayar padahal lagi kondisi yang buruk,NEGATIVE
aplikasi sampah !!! saya enggak pernah pakai aplikasinya tapi auto debit terus,NEGATIVE
bnrâ² kna tipu sama aplikasi ini lagi urgen begini sudah bayar mau konsultasi saja susah minta ampun dari enggak ada yang mau respon ampun deh,NEGATIVE
baik sopan teliti cepat akurat,POSITIVE
enggak dapat kode dan cara login nya sulit,NEGATIVE
secara keseluruhan sudah bagus tapi kalau bisa karakter chatnya jangan dibatasi biar kita bisa menceritakan semua keluhan dengan detail,NEGATIVE
sangat kecewa karena menirim obat salep anak tanpa segel ataupun segel sangat kecewa !!!!!!!!,NEGATIVE
saya merasa sangat kecewa dengan biaya rp115 000 saya berharap bisa mendapatkan arahan yang lebih spesifik dan aplikatif sesuai kondisi saya yang sedang berat secara mental dan finansial namun yang saya dapat hanya saran yang sangat umum seperti dicoba sedikit sedikit dan jangan buru buru saya sudah menjelaskan latar belakang dan harapan saya dengan cukup rinci tapi tidak ditanggapi dengan kedalaman atau empati yang saya harapkan,NEGATIVE
susah amat log ini nya dari mencoba pakai email no hp sampai lewat pesbuk enggak bisa login hidup lagi ribet malah ditambah riweuh langsung uninstal,NEGATIVE
aplikasi sampah sudah ganti dokter 3x semua sibuk kalau dokter sibuk kenapa kita disuruh bayar,NEGATIVE
ap telehealth favorit pernah konsultasi jam 1 malam tapi dokter masih banyak yang standby,POSITIVE
sangat membantu dan dari nya ramah,POSITIVE
sudah bayar tapi dokternya enggak merespon enggak ada solusi terus bagaimana?? kecewa sih soalnya juga sedang online dokternya,NEGATIVE
gelo siah halodok panyateh teu mayar siah ngomongna we garatis ih gelo siah karunya steh aing rakyat jelita goceng atuh arek mah mayarna naon sakali konsultasi gocap ih gelo rakus siah maraneh kak puskesmas ge ngan sapuluh rebu siah gelo siah,NEGATIVE
buat yang mau download aplikasi ini jangan coba untuk konsultasi ke dokter spesialis yang bayar ini penipuan iya saya yang tadi nya enggak percaya suduh saya buktikan setelah bayar lewat shopepay dan tiba pesanan dibatalkan sedangkan uangnya sudah masuk untung cuma 25000,NEGATIVE
respon baik dan cepat serta memberikan solusi,POSITIVE
jangan di download nanti autodebet uang kalian,NEGATIVE
ada beberapa obat yang halo doc tidak menyediakan,NEGATIVE
sayah mau bayar di tlpn mulu tapi harus bayar kemana sayah enggak punya rekening kata nyh gratis tapi harus byr,NEGATIVE
dokterx slow respon banget,NEGATIVE
apa sih sudah bayar dokter spesialis lagi eh malah dialihkan karena dokter nya sibuk malah dapat voucher ganti dokter lain mending balikin lagi duit nya !!,NEGATIVE
pembelian obat tidak bisa cod alhasil pakai saldo sudah dipotong buat biaya pengiriman setelah sampai malah ditagih uang dengan nominal pengiriman payah ðÿ malah bayar dua kali,NEGATIVE
sangat membantu konsultasi dengan dari online,POSITIVE
bintang 1 saja pas chat sama dokter nya cuman tanya keluhan saja habis itu diam saja percuma buang2 duit saja,NEGATIVE
jam 23 00 aku sakit gigi sakit banget sedangkan mau ke klinik sudah tutup semua aku sudah bayar untuk cek di apk ini eh enggak segera dihubungkan sama dokernya padahal aku cuma pengin tanya obat dan cara mengatasi gigi yang sakit benci banget padahal sudah kesakitan kalau dokter nya sibuk jangan dikasih tanda on v dan uang enggak bisa kembali padahal chat sama dokternya saja enggak jadi v bagaimana sih orang benar benar sakit juga,NEGATIVE
dokternya responnya lama semoga bisa diperbaiki ya dok responnya terimkasih semangat terus,NEGATIVE
bagus sekali memudahkan kita untuk konsultasi dengan dokter terimakasih halodoc,POSITIVE
lelet dalam membalas alhasil tidak dapat informasi huft ap enggak recomend buat live chat,NEGATIVE
user friendly banget sih aplikasi ini jadi enggak usah repot repot ke rs untuk konsultasi ke dokter cukup di rumah saja pakai hp apa lagi di masa pandemi kayak begini aga was was kalo harus ke rs aplikasi nya mantap banget thx,POSITIVE
kurang puas pelayanan dokter nya jelek tidak reponsif sangat lama membalas keburu habis waktu buangâ² uang,NEGATIVE
sangat membantu saat butuh konsultasi di saat tanggal merah atau hari libur karena faskes praktek dokter tutup,POSITIVE
mantap lumayan tidak perlu ke dokter lagi sudah ada dokter profesional yang bisa membantu dari jarak jauh,POSITIVE
keluhan dan saran dokternya enggak menyambung,NEGATIVE
sudah bayar untuk konsultasi dokter malah enggak bisa di buka ini aplikasi,NEGATIVE
terbantu sekali saat tidak bisa ke dokter,POSITIVE
saya sudah bayar mnuunggu lebih dari 7 menit belum ada jawaban dari dokter nya batas diskusi selesai bagaimana ini aplikasi nya kecewa,NEGATIVE
mudah digunakan dan layanan produk sesuai kebutuhan,POSITIVE
kecewa di chat tengah malam karena mendesak dibales 1 jam lebih giliran belum dibales belum sampai 1 jam tiba tiba disudahi,NEGATIVE
mau konsultasi ulang twpi dokternya si lalu offline dan mau di jadwalin put tidak tersedia,NEGATIVE
enggak bisa masuk sudah pakai email yang benar tetap enggak masuk payah,NEGATIVE
mantap dan terpercaya,POSITIVE
kenapa kok respon nya lama ya kenapa ?,NEGATIVE
balikkan uang bilangny selalu lagi sibuk tapi uangnya kepotong!,NEGATIVE
gercep banget pengiriman nya walaupun pas konsultasi dokternya suka lama responnya,POSITIVE
sebenarnya bagus durasi 30 menit tapi balesnya lama jadi keluhannya enggak nemu solusi,POSITIVE
koneksinya jelek,NEGATIVE
produk yang dikirim beda hubungi cs maksimal 3x24jam setelah 5 hari diinfo produk sesuai cek link eh foto produk sudah diganti hm menyeramkan hal hal seperti ini uninstal langsung,NEGATIVE
sangat membantu sekali aplikasi ini saya cukup terbantu atas keluhan saya dokternya cukup jelas dalam menyampaikan penjelasan terima kasih,POSITIVE
terimakasih apa dari wendy b sapa pada finasem pelayanankonsultasi sangat baik dan ramah saya merasa senang berkonsultasi dengan bapak salam dari kota cirebon,POSITIVE
dokter sangat responsif dan ramah,POSITIVE
saya pesan obat instan karena ingin cepat tapi kenapa driver nya ketika di telpon enggak tau berapa lama untuk waktu tiba ??? lah terus guna nya saya pesan instan itu apa?? dan untuk jam nya sudah lebih dari yang seharusnya tiba,NEGATIVE
aplikasi parah masa waktu sudah habis sudah konsultasi chat ke dokter belum ada jawaban karena sih dokter signalnya jelek belum dapat obat rekomendasi malah waktu habis masa suruh bayar lagi,NEGATIVE
cepat respon dan pelayanan nya bagus banget,POSITIVE
baiknya fitur untuk ganti pembayaran tersedia bisa diubah seperti di e commerce misalnya kita salah klik pembayaran yang harusnya mau pakai shopeepay malah tidak sengaja klik pembayaran bank ya otomatis enggak bisa ganti metode bayarnya ke shopeepay karena enggak ada fitur nya,NEGATIVE
chat saja bayar,NEGATIVE
aku suka sekali,POSITIVE
sejauh ini cocok dengan resep dari dokter2 nya,POSITIVE
halo saya lagi konsultasi kenapa jaringan error ?,NEGATIVE
masak dokternya offline terus masukan konsultasi saya enggak pernah di jawab jawab sampai berbulan bulan,NEGATIVE
terimakasih halodoc sangat membantu sekali aplikasinya untuk yang lokasinya jauh dari rumah sakit,POSITIVE
lama banget sudah beberapa kali ulaang enggak tersambung juga ke dokter,NEGATIVE
sudah bayar uang konsultasi sudah chat sama dokter tapi ndg dibalas tahu2 ya waktu balas sudah habis sekaliannya mau chat ulang sama dokter ternyata di suruh bayar lagi menunggu saran dari dokter berjam2 tapi balasannya tidak ada komsultasi padahal pertnyaanku sudah ku kirim â â â,NEGATIVE
puas sekali konsultasi di hallodoc dokternya ramah ramah terlebih saya tinggal di ln yang kadang terkendala bahasa karena konsultasi kurang memuaskan dengan dokter disini,POSITIVE
harusnya proses pembayaran janji temu itu selepas terjadinya konfirmasi antar pihak alodokter dengan pihak rumah sakit jika pembayaran dilakukan di awal jujur agak memberatkan ketika proses dibatalkan atau ditolak kita sebagai user jadi harus menunggu uang refund yang sangat berharga tersebut untuk ganti jadwal kembali baik di dalam aplikasi atau di luar aplikasi proses refund juga tidak cepat butuh waktu 5 hari sedangkan uang tersebut ingin digunakan untuk cek kesehatan lagi,NEGATIVE
respon shop chate dokter kurang cepat,NEGATIVE
baru tau kalo kurir halodoc nya cuma dibayar 4800 padahal ongkir nya 23rb dngn dan jarak di aplikasi kurir nya juga enggak sesuai dengan maps nya apa halodoc mengambil untung dari jasa kurir nya? saya kira ongkir nya masuk ke kurir nya tau nya masih dipotong sama halodoc nya,NEGATIVE
respon dokternya lama padahal kita bayar tapi tanggapan dari dokternya lama banget jadi ngabisin kuota internet juga,NEGATIVE
dokternya selalu ready tiap saat dan lengkap semua spesialis ada,POSITIVE
aplikasinya ok banget membantu banget firur live chatnya mantaps bisa konsultasi ke dokter2 spesialis yang kompeten mantaps deh aku kasih bintang 5 buat klikdokter,POSITIVE
waktu itu download ini karena lagi nongkrong terus ada yang menawari download apk ini disuruh daftar blablabla terus meminta foto ktp dan nomer rekening atm karena bilangnya persyaratan registrasi akun nya begitu ternyata gakerasa duit di atm ke potong secara otomatis sebesar 39 000 1 2bulan enggak beraturan bulannya pas ditelusuri dari mana pemotongan itu ternyata dari apk ini! padahal apk itu di download pas ada yang menawari itu doang dan sampai dirumah apk itu langsung di hapus harap hati hati!!,NEGATIVE
bagus cuman karena bayar enggak ada duit,POSITIVE
mantap alodokter,POSITIVE
sangat membantu love banget,POSITIVE
enggak banget enggak dikasih resep obat sama dokter,NEGATIVE
selalu diandalkan dalam keadaan sakit dan mager,POSITIVE
sudah bayar tapi malah katanya kemungkinan dokter lagi sibuk lah siaâ² duitku bayarnya,NEGATIVE
chat dokter umum biayanya murah 8500 tapi tidak bisa kirim chat foto hanya bisa klik jawaban disitu tidak ada pertanyaan tulisan dokter sedang mengetik sampai hampir 30menit tapi kemudian diputus dengan alasan tidak ada jawaban padahal mengetik saja enggak bisa dan tidak ada pertanyaan juga padahal sedang mendesak sekali anak lagi gatal mengecewakan!!!,NEGATIVE
bagus sangat membantu kecepatan kebutuhan saat kita benar benar butuh urgent untuk periksa atau sekedar konsultasi pokoknya intinya mempermudah sesuatu yang sulit jadi lebih mudah thx halodoc,POSITIVE
aplikasinya sangat bermanfaat,POSITIVE
ada admin nyh,NEGATIVE
aplikasi ini bagus banget banget banget banget banget banget sngat membantu doktera juga sopan ramah dan profesional pokoa aplikasi topmarkotop,POSITIVE
aplikasi ribet,NEGATIVE
pelayanan nya sangat bagus dan aku sangat suka,POSITIVE
tolong di perbaiki lagi,NEGATIVE
sangat membantu sekali dan terima kasih kepada dokter yang lagi bertugas tetap semangat terima kasih,POSITIVE
sangat membantu aku dan cepat banget dokter balasnya,POSITIVE
sudah bayar yang jawab bot,NEGATIVE
terimakasih pengalaman luar biasa ini ap ini sangat membantu dimana kamu bisa langsung konsultasi sama dokternya dan juga privasi yang terjaga,POSITIVE
the best sih pertama kali konsultasi bisa dapat dokter yang benar benar ramah baik banget dan detail penjelasannya dan semoga 10 hari kedepan bisa membaik dati sebelumnya,POSITIVE
pesan obat pakai instan saver lebih hemat enggak sampai 3 jam sudah sampai terimakasih,POSITIVE
ya sangat membantu saya akan mencoba dengan resep ini,POSITIVE
jadi susah buat log ini atau daftar baru enggak tau kenapa,NEGATIVE
sangat membantu responya cepat,POSITIVE
zaman canggih kayak begini apa apa cepat ya coba konsultasi tentang lambungku langsunh di respon deh,POSITIVE
alhamdulillah dokter nya sangat baik terima kasih dokter,POSITIVE
solusi terbaik,POSITIVE
aplikasi ini memudahkan untuk konsultasi dengan dokter umum spesialis banyak informasi2 kesehatan dan praktis kalau mau beli obat obatan,POSITIVE
saya loh enggak pernah hubungan seks atau aneh aneh!!! tapi divonis penyakit aneh !!,NEGATIVE
mantaps banget,POSITIVE
maaf tidak pernah berobat,NEGATIVE
beberapa pilihan spesialis di layar home tidak bisa dibuka selalu muncul notifikasi kesalahan jaringan misalnya pada spesialis tht diabetes kesehatan kebidanan dan beberapa yang lainnya mohon diperbaiki lagi,NEGATIVE
mau konsultasi saja suruh bayar dulu,NEGATIVE
slow respon banget sekarang,NEGATIVE
sangat amat membantu dokternya ramah penjelasannya sangat amat dimengerti,POSITIVE
dokter ya rmah bagus banget aplikasi ya memudahkan untuk konsultasi,POSITIVE
chat dokter agak lumayan tapi untuk harga laborat nya tidak sesuai yang di cantumkan bisa beda 2x lipat cek kembali ke lab yang dituju sebaik nya,POSITIVE
sangat membantu untuk saya yang mageran karena bisa konsultasi dan blanja vitamin tanpa keluar rumah,POSITIVE
lumayan membantu dan dokter2 nya juga ramah,POSITIVE
menyarankan pakai klikdokter ke tanteku kok kayanya dia yang betah sama pelayanannya wkwk soalnya jadi sering,POSITIVE
ok pokok e,POSITIVE
dokternya baik,POSITIVE
sudah terlanjur bayar dokter nya online tapi enggak baca dan enggak balas pertanyaan saya sampai waktunya habis aplikasi macam apa ini? cuma dokter umum yang dipilih secara random yang bisa chat gratis,NEGATIVE
nice salam rpk,POSITIVE
sangat sangat membatu dan bermanfaat sekali terus untuk dipertahankan dan tidak2 pelit untum berbagi informasi ya dokter,POSITIVE
aplikasi yang membantu disaat pandemi,POSITIVE
saya kasih bintang satu parah banget pelayanannya saya pesan obat enggak dtng padahal jarak dari tempat saya dengan tokonya enggak begitu jauh pesanan lewat instant grab kurir cancel tanpa alasan chat costumer service slow respon banget mana saya sudah bayar,NEGATIVE
membantu banget untuk saya yang malu dan malas ke dokter untuk bertanya bertanya masalah kesehatan apps ini ngebangu baget,POSITIVE
kita enggak bisa chatan sama dokternya hanya memasuki ya atau tidak pada diagnosa,POSITIVE
buruk saya ingin konsultasi dengan spesialis waktunya 30 menit namun di menit ke 10 sesi chat malah sudah berakhir,NEGATIVE
dokternya detail sekali dalam bertanya jadi enggak akan takut salah kasih obat dan konsultasinya juga nyaman terimakasih dokter,POSITIVE
sudah bayar cuma dikasi waktu 5 menit sampai dokternya balas setelah 5 menit enggak direspon uang hangus begitu saja 45k bagi anak kuliah lumayan juga memang begini konsepnya ataau bagaimana,NEGATIVE
banyak dokter yang enggak niat konsultasi online suka hilang ilangan enggak tau kenapa jangan konsultasi sama dokter disini gais daripada bayar tapi sia sia enggak dapat apa apa,NEGATIVE
memang ini chat dokternya harus bayar ya,NEGATIVE
buruklah,NEGATIVE
sok far belum pernah kecewa nih semenjak move pakai klikdokter ini dari fitur sampai layanan dokternya jempolan semua,POSITIVE
alhamdulillah memperoleh jawaban yang cukup membantu sehingga tahu apa yang perlu dilakukan,POSITIVE
sangan ramah dan enak di ajak konsultasi,POSITIVE
mempermudah untuk berobat sangat membantu,POSITIVE
semoga aku cepat sembuh matanyaðÿ,POSITIVE
sudah dapat keuntungan dari aplikasi e ternyata masih ingin dapat bayaran dari pengguna,NEGATIVE
halo doc memang sangat membantu konsultasi dokter tanpa ribet dokternya ramah barusan konsultasi dengan dokter kulit dari ivon setiawan sangat ramah rekomendasi banget buat yang mau konsultasi soal keluhan kulit,POSITIVE
penjelasan yang mudah dimengerti dan jelas,POSITIVE
terimakasih dokter atas solusi yang diberikan dokter menjelaskan dengan sabar dan mudah di pahami gbu,POSITIVE
ssngat baik,POSITIVE
berobat di halodoc di daerah seperti cirebon jarang bisa komplit resepnya ketika meminta obat rutin tidak bisa terpenuhi 100 resep nya telp cs diputus terus pura pura tidak mendengar suara saya kalo error sarana telp telp balik saya dong orang yang bergaji besar disana tolong cari solusi atas keluhan saya berdosa anda semua kepada perusahaan bila tidak memperbaiki kinerja yang sangat mudah itu,NEGATIVE
bagus banget aplikasinya enggak percuma download dokter fast respon dan bahasanya mudah di mengerti mantap,POSITIVE
nyaman banget di klikdokter bisa konsultasi kapanpun waktunya dan dimanapun tempatnya,POSITIVE
dokternya sabar,POSITIVE
bermanfaat bisa buat berkonsultasi sebelum mengambil tindakan ðÿ ðÿ,POSITIVE
sangat membantu ketika ingin mengetahui siklus datang bulan,POSITIVE
ku kira tanya jawabnya gratis ternyata bayar,NEGATIVE
respon dokter cepat terima kasih,POSITIVE
sangat membantu dokternya ramah terimakasih dokter,POSITIVE
maaf kenapa aplikasi ini tidak bisa pakai di timor leste ? kan bisa tanya tanya dokter ?,NEGATIVE
konsultasinya cepat banget berakhir baru beberapa menit sudah berakhir saja,NEGATIVE
halo dok 10 tahun lebih kami sakit tb berdahak sudah 2x kami minum obat paket tapi tak kunjung sembuh tenggorokan gatal dan keluar cairan bening di hidung terus obat herbal apa yang bisa kami beli untuk sembuh demikian dok,NEGATIVE
trimakasi,POSITIVE
terimakasih untuk ilmunya,POSITIVE
aplikasinya nipu katanya bisa chat dokter gratis padhal belum chat di suruh bayar duluan manaahal lagi sudah itu cuman konsultasi pula tolong lah kalo memang ya gratis jangan di iklan kan gratis trsu masa chat saja di bayar aneh,NEGATIVE
dokter nya pengertian banget plis kalian kalo takut untuk konsultasi secara langsung bisa di halodoc saja beda nya cuman antara secara tatap muka dan secara online pakai halodoc ya guys apapun masalah nya halodoc solusinya,POSITIVE
sangat bermanfaat sekali buat kita dan keluarga saya mohon lebih di perbanyak lagi untuk dokter spesialisnya,POSITIVE
aplikasi berprilaku buruk,NEGATIVE
pengarahan cepat dan bagus,POSITIVE
gercep dokternya,POSITIVE
dokternya baikï,POSITIVE
saya merasa puas dengan pelayanannya,POSITIVE
semoga aplikasi ini membantu banyak orang untuk mendapatkan faslitas kesehatan melalui media ini,POSITIVE
aplikasi sangat membantu tapi sayangnya loadingnya lama banget pas pesan obat jadi capek sendiri menunggu loadingnya semoga cepat diperbaiki,NEGATIVE
malas banget sama aplikasinya sudah payment tapi error tbtb sudah dgunakan padal chat saja belum sama sekali,NEGATIVE
aplikasi yang sangat membantu dan sangat bermanfaat sekali untuk kami yang ekonomi rendah bisa berkomunikasi langsung dngn dokter tanpa harus membayar,POSITIVE
barang yang saya pesan tidak sampai satu malaman sampai pagi dan tidak ada fitur chat tidak recomended,NEGATIVE
demi apa sih gue baru tau di klikdokter bisa bikin janji temu sama dokter tau begitu enggak usah antri lama lama deh,POSITIVE
plis lah tolong diperbaiki aplikasinya mau beli obat saja loading lama gagal loading lagi gagalâ² terus,NEGATIVE
sesi chat terlalu cepat berakhir,NEGATIVE
aplikasi yang sangat menbantu untuk konsultasi dengan dokter dimasa pandemi very goooood,POSITIVE
apakah kode voucer tidak bisa dipakai?,NEGATIVE
dokter nya ramahâ² semua,POSITIVE
dokternya slow respon waktu 30 menit enggak di balas samsek sama dokternya!,NEGATIVE
dari gizi alodokter sumpah buruk banget dia tidak bertanya apapun tiba menjelaskan secara template enggak jelas tiba chat ku di tutup dan memang beda pelayanannya pakai asuransi sia banget menyesal dan menyebalkan dan awal aku tidak bjsa memilih dokter karena otomatis dari aplikasi,NEGATIVE
sangat puas konsutasi di halo doc dokternya ramah penjelasnnya juga sangat jelas terimakasih,POSITIVE
buset apk apaan ini cuma sekedar konsultasi saja bayar segala,NEGATIVE
sangat membantu dan mempermudah kita tanpa perlu datang ke rumah sakit dan dokter2 yang terdaftar disini juga sangat banyak dan tentu berkualitas,POSITIVE
oke,POSITIVE
terimakasih sangat membantu disaat kesulitan untuk berobat,POSITIVE
pesan barang dari ini aplikasi lama nya luar biasa tidak ada respon sama sekali dari admin nya,NEGATIVE
aplikasi yang luar biasa kapanpun saya chat selalu ada dokter yang merespon chat saya dengan cepat tidak mengecewakan dan juga saya menunggu lama dokternya muda muda cantik cantik dan juga ganteng ganteng semoga selalu bisa melayani masyarakat indonesia dengan baik semoga klikdokter selalu bertambh baik lagi setiap hari bulan dan tahunnya,POSITIVE
sangat mudah di mengerti penjelasannya dan sangat membantu saya dalam persoalan masalah makan anak dan vitamin untuk anak,POSITIVE
membantu untuk konsultasi jika tidak bisa datang langsung ke dokter,POSITIVE
sangat membatu dalam konsultasi,POSITIVE
penjelasan sangat jelas dan responsif,POSITIVE
saya pengguna asuransi sequis dan untuk online medis dengan alodokter sangat kecewa sekali ini kenapa saya setting domisili di kota kediri malah obat nya diarahkan ke apotek pulo gebang jakarta bisa 3 hari lebih baru sampai saya chat admin kenapanya malah dijawab pemilihan lokasi sesuai dengan kesediaan obat di apotek heran banget padahal sakit saya umum obat darah tinggi masa apotek di kota kediri tidak punya semacam amlodipin neurodex plis itu obat umum dan hampir semua apotek punya,NEGATIVE
aplikasi terus berhenti diulang sampai 6x enggak ada perbaikan proma promo doang jemput cewek depan gang,NEGATIVE
aplikasi sangat mudah di gunakan dan sangat membantu saya,POSITIVE
pelayanan cepat dan tanggap,POSITIVE
sangat membantu bisa berobat dari rumah saja enggak perlu pergi keluar,POSITIVE
responsif,POSITIVE
mau belajar ilmu dokter semoga manfaat,POSITIVE
aplikasi yang sekarang bingung mau cht dari nya !!,NEGATIVE
maaf saya beri bintang 3 karena ada ketidak jelasan setelah di perbarui setiap aku mau ngechat keluar sendiri,NEGATIVE
status di aplikasi halodoc dan gojek tidak sesuai dan tidak sinkron pengiriman sangat lambat harga di aplikasi dan di apotik tidak sesuai,NEGATIVE
susah login apalagi saat ini,NEGATIVE
praktis ada halodoc,POSITIVE
sangat membantu meskipun obat nya ada yang enggak lengkap jadi harus keluar rumah buat cari di apotik yang lain,POSITIVE
menyesal dowload jelek banget apk nya sudah memasuki no telfon enggak masuk masuk kode verifikasi nya,NEGATIVE
aplikasi jelek mau ubah alamat pengiriman enggak bisa sudah 3 hari obat enggak dikirim2 ke pihak ekspedisi padahal keburi butuh enggak ada kejelasan batas pengiriman enggak jelas dichat balasnya template formalitas doang,NEGATIVE
saya baru sih aplikasi ini saya audah bayar dan chat panjang lebar tapi tidak di gubris sampai waktu habis bagaimana dong?,NEGATIVE
mengecewakan ternyata mereka setelah buat janji pihak alodokter tidak konfirmasi ke rumah sakit,NEGATIVE
allodok sekarang enggak banget deh dulu setiap hari bisa konsultasi fre sekarang semuanya berbayar jadi malas,NEGATIVE
aplikasi brengsek orang lagi sakit malah pesan obat dibatalkan melulu chat apotek k24 kemanggisan katanya yang batalin aplikasi alodokter chat alodokter katanya yang batalin apoteknya,NEGATIVE
pelayanan sangat bagus dokter terimakasih,POSITIVE
dapat menyampaikan jadi rujukan untuk hal hal penting dalam penanganan kesehatan keluarga,POSITIVE
alhamdulillah langsung respon,NEGATIVE
saya suka halo doc bisa untuk beli obat,POSITIVE
dokternya ramah terus ngsh penjelasannya juga sangat jelas trmksh dokter,POSITIVE
ini kenapah sih kita sudah bayar masa cuman 1 kali bertanya saja itu juga kalau udab keluar dafi aplikasih tidak ada notifikasi lagi hanh sudah kita pertanyakan sebelumnya mau naya lagi malah di suruh bayar lagi tolong dong ini babaimana cara mengatasinya sudah bayar tapi gidak menemukan solusi karena enggak ada lagi notifikasi uang masuk,NEGATIVE
terima kasih layanannya bagus,POSITIVE
dokternya tidak mengerti sama sekali sakit parah malah di kasih 1 hari padahal sudah rekomen 2 hari bahkan obatnya mahal mahal lebih teliti lagi halodoc,NEGATIVE
terimakasih dok pelayanan sangat baik dan luar biasa,POSITIVE
jawabannya detl dan memuaskan sekali,POSITIVE
enggak pernah di verifikasi akun saya kecewa,NEGATIVE
apliskasi enggak jelas sudah bayar buat konsultasi pas pembayaran selesai malah dokternya sibuk pas dikeluarin malah harus chat ulang dan bayar lagi,NEGATIVE
sngat suka dengan aplikasi ini dan sngat brguna bagi ibu hamil dan ibu mnyusui info2 yang di brikan dokter smuanya bagus dan respon dokter2nya pun sngat cpat bagi kalian yang mnginginkan istri atau anak kalian baik baik saja saja sarangkan download aplikasi ini karena kalian bisa brtanya apa saja sebelum melalukan sesuatu,POSITIVE
aplikasinya sangat buruk prtma masuk saja sudah di buat kesal sudah masuk pakai semua nomer enggak bisa tulisannya falit semua aplikasi yang sangat buruk,NEGATIVE
dokter semua jawaban nya tidak memuaskan kita tidak tahu dokter tersebut sudah berapa lama bekerja dan umur dari sih dokter jadi kita bertanya tanya mungkin saja itu dokter baru yang memiliki jam terbang sedikit terlalu cuek dan lambat dalam memberi jawaban seolah olah tidak gubris bagaimana mau berkembang jika ditanya saja susah mau jawab dan cuek,NEGATIVE
ok bagus gartisin terus kasihan buat yang orang tak mampu ya klik dokter dokter spesialis juga dengan di gratisin biar enak tiap hari dokter spesialis 2 begitu get jangan dokter umum saja ok,POSITIVE
saya sudah bayar buat chat dokter nya pakai shope pay tapi kenapa status nya menunggu pembayaran terus rugi jadinya sudah bayar enggak bisa chat dokter,NEGATIVE
aplikasi yang dibutuhkan,POSITIVE
kukira gratis ternyata harus bayar sangat tidak membantu untuk orang yang tidak berduit,NEGATIVE
simple disaat enggak kuat bediri mau ke dokter ada halodoc,POSITIVE
mencoba promo gws nemu produk kesehatan yang rekomended banget auto share ke emak emak komplek tengkiu ya dokter,POSITIVE
registasinya sudah berkli tidak bisa registrasi,NEGATIVE
mengira enggak bayar,NEGATIVE
lebih di tingkat kan perfrom nya aplikasi tersebut baik pelayanan online berkonsultasi dan layanan obat yang di resepkan sesuai lokasi netizen berada dan tepat keakuratn akuntabilitas respobility jasa pengiriman nya,NEGATIVE
aplikasi buruk saya sedang sakit di jogja dikirim obatnya dari malang durasi pengiriman 2 hari pelayanan sangat konyol!!! jangan pakai alodokter bahaya hanya bikin kecewa saja,NEGATIVE
kok konsultasi enggak tapi uang sama voucer nya hangus serasa konyol hahaha,NEGATIVE
memuaskan,POSITIVE
buang2 duit dokternya responnya lama pertanyaan belum terjawab sudah hilang duluan kocak,NEGATIVE
good baik alus,POSITIVE
saya kena potongan terus tiap bulan tapi tidak ada timbal balik nya ke saya tolong potongan nya di hapus,NEGATIVE
berobat bisa dari rumah dan aman,POSITIVE
aplikasi yang sangat bagus,POSITIVE
good recommendations for drugs,POSITIVE
pertama kali coba langsung tepat sehari konsumsi obat langsung membaik,POSITIVE
thanks 4 fast chat respont,POSITIVE
minusnya di dokter umum untuk membayar baca virtual account dan harganya 8 500 sedangkan baca transfer minimal 10 000,NEGATIVE
keterlaluan banget sudah 4x instal terus uninstal gara enggak bisa masuk terus sudah coba masuk fb sudah coba gmail terus saja di tanya nomor tlpn terus di bilang nya nomor tlpn sudah terdaftar padahal jelas baru juga download aneh,NEGATIVE
meminta kode otp tapi pas di memasuki enggak ada tombol oke atau apapun hasilnya enggak bisa masuk aplikasi,NEGATIVE
facebook login need tapi be fixed as its not working now,NEGATIVE
dok mau bertanya ini anak saya demam kalau minum obat turun demamnya tapi kalau obatnya habis kambuh lagi dok itu sakit apa ya dok tolong di balas dan bagaimana solusinya,NEGATIVE
untuk dokter2 yang tersedia sangat baik cuma ini kekurangan ada di aplikasi kurang detail dan 2 arah jadi tadi pagi 14 des 2025 saya dapat resep dari dokter stlah konsultasi melalui halodoc lalu saya menebus dan melakukan pembayaran obat secara online obat ternyata ada yang kurang yakni azytromicyn mau konfirmasi melalui chat cuma ada pertanyaan atraktif dimana kita tidak bisa menulis permasalahan komunikasi searah saja dari aplikasi halodoc dan alamat juga no telp apotekpun tidak tersedia jadi bingung mau konfirm kemana,NEGATIVE
kalo bahasa2 kedokteran kita mah kan enggak paham ya? ini ez bro kayak kita konsultasi ke dokter saja ditanya keluhan jabarin deh itu keluhannya apa saja,POSITIVE
klikdokter aplikasi terbaik respon dokter cepat pelayanan sangat baik untuk konsultasi kesehatan,POSITIVE
semoga benar,POSITIVE
kalo mau pesan obat dalam keadaan darurat jangan disini deh apotek yang dipilihin enggak 24 jam jdix lama banget super duper bad,NEGATIVE
sangat mudah penggunaannya sangat membantu tolong untuk psikolog saya rasa sulit jika konsultasi persesi dihargai per 30mnt saja mungkin bisa diberikan opsi lamanya konsultasi dan diberikan sesuai harganya tks,POSITIVE
aplikasi yang friendly dan mufah digunakab respon cepat,POSITIVE
enggak jelas banget gue mau masuk enggak bisa2 boro boro bisa konsultasi,NEGATIVE
tidak bisa chat gratis,NEGATIVE
kecewa ingin chat dengan dokter dan sudah pembayaran malah dibatalkan dana juga belum kembali,NEGATIVE
kenapa ya setelah di perbarui malah tidak bisa di buka,NEGATIVE
biasanya sering konsultasi disini walau pelayanan nya ya sesuai harga lah tapi kali ini lumayan kecewa sih 2x enggak diterima gagal menghubungkan dengan dokter mana cuma bisa digantiin voucher kenapa enggak refund saja kalo memang gagal terhubungðÿ â ï,NEGATIVE
sudah digunakan tapi tak bisa diakses kembali,NEGATIVE
obat yang saya tebus tak kunjung tiba sudah di beri estimasi maksimal tiba 7 januari tapi paketnya belum datang juga mana customer service nya pun enggak menanggapi enggak bang et lah ini aplikasi mana dokter nya balas chatnya lama banget,POSITIVE
aplikasi yang sangat membantu tapi bohong,NEGATIVE
tolong saya hampir dari awal registrasi jarang dan hampir tidak pernah menggunakan alodok tolong di bantu saya tidak ingin lagi berlangganan dengan alodok bagaimana caranya!,NEGATIVE
koluontol,NEGATIVE
tidak perlu repot2x ke layanan kesehatan masyarakat cukup dari rumah bisa konsultasi,POSITIVE
dokternya oke walau tengah malam konsultasi,POSITIVE
ada masalah dengan pesanan obat tapi layanan chat buat komplain tidak tersedia terus mau cek lokasi apotek yang kirim obat juga enggak bisa bagaimana ini? enggak transparan banget,NEGATIVE
mohon direvisi cara kerjanya saya posisi di malang kok larinya ke apotek di singaraja harusnya ya apotek terdekat ini tadi saya secara enggak sengaja ngeklik singaraja karena pas bingung merawat anak namanya obat kan segera dibutuhkan apalagi setelah konsultasi dengan dokternya saya hubungi cs tidak bisa dibatalkan lah apa fungsinya kita chat dengan dokter untuk dapat pelayanan tercepat dan dapat segera terbeli obat ini orang sakit enggak bisa disuruh menunggu obat,NEGATIVE
bagus sekali mengenal dokter spesialis artikelnya juga bagus,POSITIVE
terimakasih sudah membantuku,POSITIVE
sangat membantu untuk masalah kesehatan,POSITIVE
cuma mau bertanya kenapa ya pengajuan claim saya dari bulan october sampai saat ini belum di cairkan padahal di aplikasinya sudah di setujui dari 4 bulan yang lalu,NEGATIVE
asisten alni ai sangat bodoh saya tanya jawab apa enggak menyambung,NEGATIVE
kesel banget sama alodokter biasa chat dokter enggak ditutup ini sudah ditutup saja baru belum selesai chatnya masak baru 10 detik enggak dibalas sudah ditutup otomatis sudah ah ganti halodoc enggak banget ini aplikasi,NEGATIVE
keterangan status pengiriman barang dan nama toko tidak tercantum tidak bisa di lacak juga tidak ada fasilitas chat,NEGATIVE
tolong banget ya ini jasa pengirimannya tolong banget tambahkan ekspedisi jnt atau yang lain jangan shipper saja jujur ya lama banget datang obat keburu meninggal orang kalo begitu,NEGATIVE
durasi habis hanya untuk menunggu balasan dokter di 2 menit terakhir,NEGATIVE
saya masuk di klik dokter sekarang sulit dahulu mudah untuk konsultasi,NEGATIVE
sangat bermanfaatðÿ ðÿ ðÿ ðÿ ðÿ ðÿ,POSITIVE
bagus aplikasinya cuma respon dokternya aga lama,POSITIVE
mager banget ke rsud karena igd penuh terus dan akhirnya aku mencoba klikdokter for the first time benaran enak sih karena dokternya cepat balesnya jadi komunikasinya dua arah begitu,POSITIVE
saya dari mitra grab tanggal 14 desember saya mengantarkan paket dari halodoc kerumah konsumen dalam waktu 20 menit sudah sampai 10 hari kemudian saya dapat notif suspend karena paket belum diterima padahal dikonsumen notifnya sudah selesai sekarang dari grab diarahkan langsung ke halodocnya dan sampai sekarang enggak ada kabarnya sama mencari rezeki dan sama ada kepentingan malah menyusahkan yang ada ngambil paket dari halodoc,NEGATIVE
gampang,POSITIVE
terbaik memudahkan,POSITIVE
akun saya tiba tiba dihapus mulai langganan tanggal 27 maret di cut hari ini per tanggal 9 april tanpa ada alasan jelas mengecewakan,NEGATIVE
keren dok,POSITIVE
paarah banget buangâ² duit ! enggak respon sama skliâ² ! baru kali ini pakai alo dokter begini!,NEGATIVE
halo dktr bagei mana cara menangulanginya suami saya yang keulihatan nya keu takutan,POSITIVE
duit enggak bisa balik padahal belum konsultasi karena dirujuk ke dari umum chat juga langsung ditutup padahal saya lagi ketik keluhan lain loh chat ke dari umum juga harus bayar lagi perbaiki lah sistem peraturan kalian konsultasi saja belum karena dirujuk tapi chat sudah ditutup mau chat lagi harus bayar lagi padahal ada keluan lain,NEGATIVE
saya cukup terbantu dan puas dengan bantuan konsultasi dengan hallodoc inj terima kasih halodoc,POSITIVE
bagus sangat bermanfaat bagi orang awam,POSITIVE
jawaban dari dokter lama banget,NEGATIVE
terimakasih dok atas penjelasan nya sangkat detail sekali,POSITIVE
baru saya download appnya,POSITIVE
cukup puas dengan dokter cepat merespon,POSITIVE
dokternya baru merespons 8 menit sebelum sesi berakhir wkwkwk saat notif dari halodoc muncul sesinya sudah berakhir,NEGATIVE
kurang sip,NEGATIVE
ok terimakasih banyak,POSITIVE
luv banget super super jelas,POSITIVE
setiap kali buka aplikasi ini selalu saja meminta pembaruan capek kali padahal bukanya bukan setahun sekali saya konsultasi masalah jerawat tiap 2 3minggu disuruh konsultasi lagi lah selalu saja meminta pembaruan mana hp sudah ful jadi tiap login wajib hapus2 data dulu biar bisa pembaruan,NEGATIVE
di google bertuliskan gratis,NEGATIVE
first time konsultasi dihalodoc sangat membantu banget hihi terima kasih untuk dari danu purnama aji sudah menjelaskan dan meresepkan obat untuk wajah saya sangat baik dan cukup detail menjelaskannya thankyou dok,POSITIVE
sangat membantu n fast respon,POSITIVE
gagal login terus padahal nomer wa sudah benar tapi pengiriman otp gagal terus lagi butuh banget malah enggak bisa cs dihubungi malah disuruh login lagi dibilang enggak bisa kok,NEGATIVE
bgimn dok menghilangkan lendir pada bayi usia tiga bulan,NEGATIVE
sudah bayar tapi enggak ada respone dari dokternya !!!,NEGATIVE
hati hati kurirnya sering enggak jelas di aplikasinya katanya sudah sampai tapi barangnya enggak ada kan tol,NEGATIVE
saya sangat suka aplikasi ini karena membantu dan jika ada pertanyaan lain tidak usah membuka halaman berikutnya sangat sekali membantu,POSITIVE
terima kasih penjelasan sangat baik banyak info yang bisa diperoleh,POSITIVE
aplikasi alodokter ini sangat bagus dan kita bisa mengetahui segala penyakit dan cara mengatasi gejala penyakit jadi ayo download,POSITIVE
selamat malam klik dokter terima kasih klik dokter,POSITIVE
menyesal banget beli obat disini tulisannya pengiriman paling lama 1 jam dari jam 11 siang sampai jam 5 sore enggak ada juga sudah orang kesakitan dari pagi di tunggu enggak ada juga di hubungin ke cs suruh menunggu jasa kirimnya mengirim dengan baik kerja kalian saja enggak baik di invoice nya saja belum di kirim meminta di batalkan enggak mau banget kalo enggak mau rugi kerjanya yang benar dong,NEGATIVE
sagat membantu,POSITIVE
perasaan dulu mah enggak bayar kenapa sekarang bayar mahal pula mending ke puskesmas saja sekali mengomong 40 ribu apa apan coba,NEGATIVE
sangat tidak ramah dokter nya saya kecawa hanya meminta sarang doang tapi malah begitu enggak usah begitu,NEGATIVE
semua makhluk menginginkn kehidupan jauh dari kesengsaraan dan malapetaka syukran,NEGATIVE
saya kecewa sudah bayar buat konsultasi dengan psikater ahli jiwa tapi respon terlalu lama singkat dan padat tidak komunikatif dan harus saya yang bertanya diagnosanya seperti satu arah dan hanya versi chat harusnya ada pilihan mau video cal voice chat telepon atau chat biasa saja saya panjang lebar chat seperti enggak dibaca benaran dan diagnosa tidak meyakinkan masih disuruh ke bpjs lagi buat konsultasi sendiri katanya kondisiku parah tidak dikasih obat solusinya ya konsultasi ke dokter lain,NEGATIVE
jelek banget buat aku yang baru saja mencoba ap ini enggak tau kalo sesi konsultasi haloskin cuma 30 menit mana dokternya jawab lama dan aku sudah jelasin permasalahan kulit ku di awal tapi belum sempat di resepin obat malah bertanya mau diresepkan obat? ya jelas iya lah gunanya aku pakai ap ya buat cari solusi dimana solusinya bisa berupa resep obat!!! gila,NEGATIVE
dewi amirulita pemberian informasi dan konsultasi jelas dan mudah dimengerti,POSITIVE
wey obat yang saya pesan dimana??? tanggung jawab enggak!!!,NEGATIVE
apk yang sangatâ² membantu,POSITIVE
chat dokter respon nya lama jawaban dokter nya ada semua di google jadi rugi,NEGATIVE
berbayar mahal tapi durasi konsultasi terbatas dan konklusi diskusinya tidak memuaskan,NEGATIVE
konsultasi saat tengah malam pun dokternya selalu melayani dengan baik,POSITIVE
baru mau coba,POSITIVE
sangat membantu trimaksih,POSITIVE
pesan obat saldo terpotong tapi cek di aplikasi tidak ada status pengiriman atau pembatalan sama sekali ! kalo memang gagal refund langsung dong uangnya bagaimana saya bisa beli di tempat lain kalo uang di tahan ! sementara saya butuh urgent itu obat !!!!,NEGATIVE
kenapa sekarang tidak gratis lagi seperti sebelumnya saya padahal sangat menyukai aplikasi ini karena bisa konsultasi gratis kepada dokter untuk mengetahui kesehatan kandungan saya,NEGATIVE
apa benar berkumur dengan air garam bikin gigi rusak,POSITIVE
setelah 3 tahu tidak konsultasi dan baru mulai konsultasi dengan dari pribadi by chat dari ybs sangat bertele2 dan kurang informatif bahkan ada indikasi yang tidak baik trhdp saya tentang bagaimana saya mendapatkan obat2 yang saya konsumsi namanya orang sakit pasti berobat ke dari apalagi penyakitnya berurusan dengan organ dalam tolong lebih selektif lagi dalam komposisi dari pribadi yang direkomendasikan untuk chat pribadi dengan pasien,NEGATIVE
suka betul pakai nih apk karena gampang dipakai dan respon dari dokternya selalu satset,POSITIVE
bagaimana sih susah banget klik chat sekarang enggak bisa mencari dokter pun enggak bisa,NEGATIVE
konsultasi dokter sudah bagus sygny ambil obt yang enggak dikirim berhari dan dikomplain malah diretur kemudian dananya sudah seminggu enggak balik jika orang sakit keras mungkin menunggu obatny deh mati duluan kali ya pengembalian dana yang enggak seberapa lama bukan main prosesnya!! bayar mahal buat dokter spesialis dan ujung ujung zonk obt enggak dapat dan pengembalian dana dibikin ribet,NEGATIVE
no kaleng kaleng konsultasi kesehatan di klikdokter dokternya saja pada hebat berpengalaman semua,POSITIVE
sengat membantu agar lekas sehat,POSITIVE
tanggapan dokternya lama banget,NEGATIVE
sudah berharap mau tanya buat luka bakar di badan kena air panas mau chat dokter ternyata bayar,NEGATIVE
perbaiki apk nya kalau konsultasi gratis di klik yang muncul sistem pembayaran dan juga dokter selalau sibuk tab untuk konsulnya enggak muncul terima kasih,NEGATIVE
semenjak ada halodoc jadi enggak pusing lagi soal kesehatan harga konsulnya terjangkau sekali dan dokterâ²nya menangani dengan baik sekali responsif dan sangat membantu terimakasih halodoc,POSITIVE
giliran sudah bayar malah enggak ada balasan giliran balas chat malah obrolan sudah selesai aplikasi terburuk,NEGATIVE
singkat padat sehat,POSITIVE
jelek banget sudah bayar tapi enggak ada respon chat ke dokter lainnya harus bayar lfi ya rugi dong kayak begitu,NEGATIVE
dok aku kan kb suntik 3 bulan kok belakangan aku sering kena biduran bentol besar dan banyak lagi smjk kb aku sering gagal2 bentol solusiny bagaimana dok ya,POSITIVE
cepat tanggap dan informatif tolong dong aladokter mengadakan fitur telpon saya kalo mengetik suka bingung nyusun kataâ² lebih enak mengomong langsung,POSITIVE
bersyukur ada layanan ini saya yang awam jadi bisa banyak bertanya dengan tenang n di jawab dengan tuntas terima kasih halodoc,POSITIVE
bermanfaat dan sangat membantu tambah wawasan dengan kesehatan,POSITIVE
sudah bayar tidak ada hasil,NEGATIVE
bermanfaat untuk hidup sehat,POSITIVE
pelayanannya sangat ramah fast respon terimakasih,POSITIVE
ini kok apk miris sekali ya saya bukan pengguna apk ini tahun kemarin ada sales yang menawari suruh download nih apk tiap bulan saya cek mutasi rekening malah kena auto debeet mulu bisa di cabut buat auto debeetnya? sudah customer care juga enggak di respon,NEGATIVE
alhamdulillah bu dokternya baik sangat ramah terhadap pasiennya sehat selalu bu dokter amin,POSITIVE
sangat membantu saya untuk berkonsultasi dan mendapat solusi kesehatan keluarga saya,POSITIVE
di aplikasi 95 ribu pas konsultasi 220 ribu padahal kalo datang sendiri bayar 95 ribu enggak usah pakai aplikasi,NEGATIVE
baik dan cukup membantu di saat keluarga sedang sakit dan butuh resep dokter untuk beli obat sangat suka dengan aplikasi halodoc nya best,POSITIVE
meminta surat keterangan dari dokter tapi enggak tau bagaimana caranya,NEGATIVE
iya nih saya kirim pertayaan malah ilng2 mulu lama lagi menunggu dokter nya blz belum slsay balas waktu nya habis coba enggak pky waktu lebih nyamn konsultan belum lagi sering di suruh updaet ulang,NEGATIVE
sangat baik dan ramah dokternya bagus sih ada aplikasi ini sangat membantu,POSITIVE
enggak bisa membantu percuma bikin ap tapi taunya byr begini bagus langsung ke rumah sakit saja jelas,NEGATIVE
kenapa setiap kali mau loging apliaksi nya malah eror terus ya,NEGATIVE
membantu banget buat new mom,POSITIVE
ada kendala setiap mau chat dokter ngeblank begitu,NEGATIVE
tidak membantu harus bayar,NEGATIVE
respon sngat baik,POSITIVE
dari nya sangat ramah dan penjelasannya sangat jelas sekali,POSITIVE
enggak ada respon dari dokter,NEGATIVE
pakai aplikasi good doctor ini artikel kesehatannya lengkap penjelasannya juga dari dokterâ² spesialis setiap sakit atau mencari gejala pasti di bantu pelayanan yang diberi kan juga ramah setiap ditanyai overal buat apk begini bagus banget no minus,POSITIVE
setelah pembayaran enggak bisa masuk di apkny,NEGATIVE
saya beri bintang 5 langsung bu dokter,POSITIVE
sangat baik pelayanan ya,POSITIVE
keren mantap nin mah sangat puas dengan layanannya,POSITIVE
saya sudah bayar untuk konsultasi tapi sama sekali tidak terbaca masuk jadi enggak bisa konsultasi saya bayar untuk ke spesialis kak,NEGATIVE
sih 19 belum usai kalo sama kenapa klikdokter masih nyediain paket isoman loh guys,POSITIVE
good and helpful,POSITIVE
sudah bayar untuk konsultasi ke dari spesialis malah enggak dah yang respon,NEGATIVE
rama doktenya,POSITIVE
tidak bisa mengunduh resep untuk konsultasi obat antibiotik,NEGATIVE
wkwk aplikasi jadi berbayar,NEGATIVE
sangat membantu terutama untuk menenangkan kekhawatiran dini,POSITIVE
selama saya konsultasi di halo doc semua pelayanan nya begitu baik dokternya juga ramah,POSITIVE
aplikasi gaguna pesan obat instan datang nya lama tidak bisa ditrack lagi dan pas sampai kata kurir nya enggak bisa menghubungi cust karena nomor cust nya tidak ada padahal jelas jelas saya mengisi no telepon saya agar bisa dikebari sesegera mungkin aplikasi aneh padahal lagi urgent !!!!,NEGATIVE
saya sudah tebus obat tapi riwayat tidak muncul enggak ada kejelasan juga,NEGATIVE
menolong sekali,POSITIVE
sangat penting buat saya untuk mengetahui tentang kesehatan dan info obat2tan terima kasih klik dokter,POSITIVE
sangat membantu tudak perlu jauh2 datang ke rumah dokter,POSITIVE
sangat membantu di tangani oleh dokter yang ramah,POSITIVE
cepat sekali wktnya habis,NEGATIVE
parah sih pesan hari ini karena butuh cepat eh ternyata ini sudah 7 hari pesanan obatnya enggak kunjung dikirim padahal itu jarak pengirimannya enggak sampai 100km bilangnya harap sabar menunggu tapi sembari menunggu pun sudah sampai 3x konsultasi karena kondisi makin parah jadi kalo kalian diresepkan mending tebus mandiri ke apotik nya ketimbang harus pakai fasilitas pengirimannya lama banget yang ada keburu pindah alam,NEGATIVE
aplikasi sampah enggak jelas beli vitamin buat anak status pengiriman dalam perjalanan kok bisa berubah lagi sedang disiapkan padahal sudah ada 5 hari dan sudah lewat estimasi sampai dan tidak ada notif apapun ini obat bukan baju sangat riskan buat di main mainkan setelah 3x beli disini sekarang saya kecewa dan tidak akan belanja lagi dihalodoc enggak jelas,NEGATIVE
sangat membantu kami yang di daerah yang minim layanan domter spesialis trimakasih alodok sudah banyak membantu,POSITIVE
aplikasinya bagus membantu dapat hadiah juga dari klikdokter terima kasih klik dokteer,POSITIVE
saya berobat ke psikiater tetap menyarankan ke dokter praktek buat tatap muka bisa meminta resep obat dulu hanya saja variant mahal tidak ada yang versi olezapine generik buat orang muda di ekonomi sekarang rasanya agak berat andai banyak opsi lain bahkan yang generik bisa membantu soalnya saya enggak suka mahal2 paling suka minum obat generik saja toh isinya sama kalau bisa ditambahkan akses belanja obat dan variant diperbarui buat obat psikiater terima kasih,NEGATIVE
payah konsultasi mahal jawaban standar mending tanya chatgpt,NEGATIVE
thanks dokter nya ramah2 sangat membantu kita,POSITIVE
ðÿ ðÿ ðÿ ðÿ ðÿ ðÿ ðÿ ðÿ ðÿ,POSITIVE
my experience kekurangan nya kalo beli obat spefically golongan obat keras jangan beli disini karena enggak akan bisa pasti ditolak dan penolakan nya itu setelah dibayar not before kalo ada note bahwasa obat ini enggak bisa dibeli proses pengajuan refund nya lama 3 hari kerja untuk uang 20rb an kan menyebalkan ya,NEGATIVE
kenapa tiba tiba pas konsultasi mati,NEGATIVE
sangaaat buruk,NEGATIVE
sudah bayar tapi tidak bisa konsultasi tiba tiba akhiri sesi chat,NEGATIVE
halo doc kamu kenapa sih? mau konsultasi susah banget loh di awal konsultasi perasaan aman aman saja giliran kita lagi jelasin keluhan lewat chat tiba tiba jaringan lah apa cuman centang 1 sia sia 115rb gue loh mau komplain ke customer service juga enggak bisa asli marah banget padahal juga aplikasi sudah diupdate kuota ada jaringan aman aneh banget asli uang gue bagaimana balikkin atuh lah,NEGATIVE
dokternya sgat ramah dan detail penjelasannya,POSITIVE
susah kali pakai ap nya mau daftarnya enggak bisa terus,NEGATIVE
aplikasi nya enggak membantu masa saya sudah bayar untuk cht dokter tapi dokter nya enggak bisa dan di sruh cari peganti malah bayar lagi,NEGATIVE
pelayanannya sangat memuaskan karena apa yang dijawab sesuai dengan pertanyaan,POSITIVE
halo dokter dapat membantu kami dalam kondisi jarak jauh sehingga tidak perlu keluar rumah terimakasih halodoc,POSITIVE
tepat waktu antar nya,POSITIVE
bu juniar baik,POSITIVE
ini bagaimana ya saya sudah bayar lewat shope pay kok malah enggak bisa chat??,NEGATIVE
sangat membantu sekali klik klik langsung datang terima kasih halodoc,POSITIVE
kadang respon lama tapi cukup membantu,POSITIVE
sudah 2 hari ini saya pakai ini aplikasi dan selama itu juga dokternya sangat cepat tanggap tapi ada sih yang kurang memuaskan dengan jawababnya,POSITIVE
saya sudah beberapa kali menggunakan layanan alodokter untuk pelayanan konsultasi dan medis cukup memuaskan tetapi untuk belanja obat beberapa kali ada kendala ada saat dimana saya pesan obat apotek yang dipilihkan salah satunya kosong akhirnya dicancel walaupun pas ajukan refund langsung dipesankan kembali dengan obat yang sama dengan apotek berbeda sebagai konsumen saya fine fine saja tapi kurir sebagai mitra cukup dirugikan waktu tenaga dan uang parkir tolong dievaluasi,NEGATIVE
tolong dong mengadakan fitur untuk drive yang mengirim obat kalo sudah ambil orderan obat itu jangan di cancel jadi tolong mengadakan fitur untuk tidak bisa meng cancel orderan ini sangat merugikan saya banget saya lagi butuh obat cepat tapi malah di cancel terus karena hujan,POSITIVE
lumayan lah cuma begitu di suruh merekomendasikan agak sedikit sulit,POSITIVE
dokternya enak di saja konsultasi,POSITIVE
buka klikdokter jam 1 malam pun dokternya tetap banyak yang available ya anjay banget,POSITIVE
download alodokter agar bisa cek dokter sayangnya sejak mg lalu mencoba login dengan nomor hp namun selalu stuck bebrapa hari kemudian belum selesai juga issue nya ini terjadi ketika saya baru download alodokter dan mau coba pakai menurut saya ini p0 issue sekali mengingat orang baru akan cukup banyak login regist dengan nomor hp tks,NEGATIVE
semoga pada sehat sehat semua nya dokter2 yang tugas di klik dokter ini ya,POSITIVE
enggak bisa daftar jangan download percuma,NEGATIVE
hasilnya memuaskan,POSITIVE
percuma di awal keterangan di cover asuransi eh ujunga di suruh bayar konsultasi juga mana bayar obat nya sekalian,NEGATIVE
sangat memuaskan penjelasan dokter nya,POSITIVE
dokternya bisa pilih sendiri dan informasi tentang dokternya lengkap ada fotonya keterangan sudah praktik sekian tahun,POSITIVE
ini setelah saya update kok selalu keluar aplikasi tiap mau buka chat,NEGATIVE
kok sudah di upgrade malah gkbisa chat sama dokter nya baru saja kebuka sudah kttup lagi terus tertulis sesi chat tlah brakhir,NEGATIVE
sangat terbantu respon dokter sangat cepat,POSITIVE
mantap banget solutif,POSITIVE
cepat akurat,POSITIVE
kecewa pengiriman obat lama katanya 1 jam sampai ini sampai berjam2,NEGATIVE
sangat membantu dan respon sangat cepat,POSITIVE
artikelnya lengkap dan sangat bermanfaat,POSITIVE
sangat efektif membantu sekali dalam kondisi pandemi seperti saat ini,POSITIVE
aplikasi buruk enggak bisaâ² daftar,NEGATIVE
adakan fitur ambil sendiri obatnya jadi tetap pesan di aplikasi tetapi kita bisa ambil sendiri tanpa diantar,NEGATIVE
respon cepat!! dokter ramah2 konsultasi gratis sangat membantu ditengah dilema mau tanya siapa,POSITIVE
ini apk enggak jelas duit gua habis ke potong bangkai,NEGATIVE
sangat membantu di butuhkan secepatnya,POSITIVE
dokter penyakit dalamnya selalu respon nya lama enggak kayak aplikasi sebelah,NEGATIVE
apotik yang kerjasama dengan halo doc masih sediit,NEGATIVE
sangat membatu sekali,POSITIVE
sudah download tapi enggak bisa akses bagaimana ya ? kok bisa begitu ? apk nya enggak bisa masuk di tungguin sudah lama juga tatap layar biru alodokter terus,NEGATIVE
sangat membantu sekali untuk kita dapat berkonsultasi ke dokter apalagi kalo sakit di tengah malam atau di hari libur atau jika saat suami atau saudara sakit ditempat yang jauh dari saya saya tetap bisa konsultasi ke dokter serta mengantarkan obat ke orangnya langsung melalui aplikasi semoga dokter dokter disini selalu kompeten sehat dan bahagia selalu,POSITIVE
tidak bisa membatalkan pesanan padahal ada kendala pengiriman,NEGATIVE
bagus banget keren pokok nya,POSITIVE
aplikasi buruk dari yang terburuk sudah bayar buat konsultasi padahal disitu keterangan nya akses cepat sudah hampir 1 jam enggak ada balasan dari dokter dikira orang sakit menunggu dokter nya berak kali ya aplikasi sampah,NEGATIVE
pengalaman terburuk menggunakan aplikasi ini 1 janji temu dengan dokter spesialis ternyata jam praktik dokter di rumah sakit sama yang tertera di apk beda alhasil pulang dengan kecewa 2 chat dokter umum menunggu dokter mengetik lama banget tiba tiba chat berhenti di tutup sistemnya perbaiki lagi lah kalo kayak begini lama lama rating nih apk turun,NEGATIVE
saat ini 4 bintang dulu ya karena belum pakai produknya haloskin tapi saat konsultasi lumayan terbantu dan baik,POSITIVE
sangat membantu jika sedang sibuk tidak bisa keluar kantor,POSITIVE
puas dengan pelayanan dokternya,POSITIVE
bagusslah pokoknya,POSITIVE
aplikasi yang sangat membantu konsultasi kesehatan di tengah pandemi ini dokternya ramah dan fast respon penjelasan dokternya mudah dipahami tidak bikin panik dan sangat solutif terima kasih klik dokter sudah hadir mempermudah kami mengakses info kesehatan,POSITIVE
makin ribet ah klaim pengobatan gara gara print kwitansi kurang jelas jadi susah cair penggatian dana pengobatan pakai aplikasi malah bikin sulit,NEGATIVE
aplikasi sangat membantu tanpa antri dan satset,POSITIVE
bagus banget mempermudah anak rantau yang lagi sakit jauh dari keluarga dan enggak bisa ke dokterfitur lengkap kok dimana posisi driver pun bisa terlacak pokoknya the best dan enggak ribet,POSITIVE
ternyata berbayar saya kira gratis untuk semua masyarakat,NEGATIVE
sangat membantu dan mempermudah orang sakit sembuh terimakasih creator halodo sukses terus yeah,POSITIVE
jelek banget chatnya lama loading terus eh enggak bisa bisa tapi http terus yang keluar sudah buang 20000 ribu lagi,NEGATIVE
dokternya ramah2 jadi ngebuat kitanya nyaman kalo konsultasi kesehatan di klikdokter,POSITIVE
sangat nyaman,POSITIVE
bagus soh bosa chat gratis sama dokternya cuma masalahnya ada dokger yang jawabannya simple banget enggak konsisten kami sebagai pasien memerlukan jawaban yang jelas bjkan enggak simple apaan dokter kaya begitu mengasih jawaban simple banget kurang di mengerti harusnya kasih jawaban penjelasan yang jelas,NEGATIVE
beberapa dokter umum yang tergolong masih muda dan masih 2 3 tahun pengalaman kurang ramah sekali terlalu dingin membalas chat sama sekali tidak memberikan solusi,NEGATIVE
amat sangat membantu dengan pemaparan dokternya sangat jelas,POSITIVE
tolong banget saya sudah download aplikasi ini tapi pas saya login kok enggak bisa semua sudah berkali kali saya pakai login nomor telpon tapi tidak ada kode otp nya terus saya pakai email juga enggak bisa pakai google pun iga enggak bisa,NEGATIVE
tanya dokter,POSITIVE
niat nya mau konsultasi sudah bayar biaya konsultasi chat dokter nya malah enggak di blsâ² padahal dokter nya online sudah mengadu ke costemer servis nya malah enggak ada tanggapan,NEGATIVE
sepertinya yang menanggapi booth jelas jelas ketika saya berkonsultasi saya sudah bilang kalau saya belum menikah usia 22 tahu dan keluhan menstruasi berkepanjangan lebih dari 2 minggu tapi sama dokternya tetap saja ditanyain tentang usia pakai kb atau tidak 3 bulan terakhir berhubungan intim tidak menstruasi tjd 2 kali dalam sebulan atau tidak hadeh kelihatan banget kalo boot terlebih lagi enggak mengasih tau solusinya,NEGATIVE
responya cepat penjelasanan mudah di pahami,POSITIVE
puji tuhan sangat membantu,POSITIVE
jelek setiap mau nembus obat selalu batal terus,NEGATIVE
sangat membantu saat hari libur,POSITIVE
saya pernah instal aplikasi ini dan pernah tf 8500 terus di bank di tolak karena minim 10 000 sudah saya tf eh enggak bisa caht dokternya ini saya jajal instal aplikasi lagi eh sama harus byr dulu maleslah tkt kaya dulu lagi hilang duit enggak bisa konsultasi sama dokternya,NEGATIVE
bayar gasi kalo cht konsultasi doang?,NEGATIVE
apa apaan ini saya sudah pesan obat kenapa tiba tiba di batalin mana uang sudah masuk saya sudah bayar 300k ribu dan tiba tiba status di batalkan tolong ya,NEGATIVE
duh lama kali,NEGATIVE
dari pagi kurang lebih jam 08 20 sampai dengan 12 41 obat enggak sampe2 dihubungi susah di kontak kurirnya susah juga enggak jelas!,NEGATIVE
tolong dong buat aplikasi ini saya sudah buat janji dari kemarin kok masih dalam proses ya? ini bug apa bagaimana? saya kecewa dengan aplikasi ini,NEGATIVE
terimakasih sangat puas dengan layanan nya dan terimakasih juga buat dokter sama dejandra rasnaya jawabaanya sangat membantu saya,POSITIVE
kenapa saya kena auto debit alodokter padahal saya enggak pernah transaksi apapun sama aplikasi ini? tapi 2021 memang pernah di daftarin sama teman ap ini bagaimana cara menghapus data saya woi ???,NEGATIVE
mantap dan cepat,POSITIVE
jadi lambat pengantaran nya sekarang,NEGATIVE
alodokter banyak membantu tapi terakhir 2 kali chat dokter umum hampir 2 jam baru respon mana bisa saya jaga hp selama itu respon hanya untuk tutup chat sendiri saja,NEGATIVE
dokter nya enggak beres enggak di bales2 denger2 di tutup prcakapanya buang2 duit saja,NEGATIVE
baru konsultasi sebentar aplikasi tiba tiba enggak bisa di bukaâ,NEGATIVE
saya sudah 3 tahun menggunakan aplikasi ini tapi harini saya kecewa pesanan saya di cancel sama tokonya pengembalian nya saya kira langsung otomatis trnyta harus menunggu 3 hari astaga benar benar tidak seperti aplikasi yang lain orang lagi butuh buat beli obat ke toko yang lainnya tapi malahan seperti ini ! kualitas buruk sih mnrt aku,NEGATIVE
bisa langsung dijawab terus kalo konsultasi enggak perlu jauh jauh,POSITIVE
saya tertipu setiap bulan uang saya di rek berkurang mengatas namakan alodokter katanya saya dapat yang cash 1 juta nyata nya setelah saya kasih no rek saya malah tertipu kalo alodokter punya etika baik tolong di cabut asuransi dengan nama nunik dwi wahyu suprapti trimakasih,NEGATIVE
dokter nya sangat ramah,POSITIVE
maaf pernah saya download karena kita bebas bertanya dan gratis pula tapi sekarang tidak bisa gratis lagi,NEGATIVE
apk saya mengalami error dimana saya sudah mengkonfirmasi pembayaran akan tetapi berulang kali diminta otp tapi gagal tidak bisa masuk kembali ke apk halodoc kemudian saya lakukan pembatalan ternyata pembayaran sudah masuk dan tidak bisa refund sehingga saya harus melakukan 2x pembayaran untuk bisa menggunakan apk halodoc ini,NEGATIVE
penjelasan nya sangat mudah difahami dan ramah,POSITIVE
ini aplikaso alodokter tidak jelas sudah potong debit otomatis sendiri pas mau mengjukan klaim dan berhenti mla hasilnya cuman di berhentikan saja tetapi klaim nya tidak di proses alasan tidak ada dana terkumpul padahal tiap bulan sudah di poting sendiri sama aplikasi ini jadi yang selama terpotong itw dana nya kemana kalo di aplikais ini bilang tidak ada dana terkumpul,NEGATIVE
respon pertama chat lama sekarang tidak seperti dulu langsung direspon ada tulisan tunggu 5 menit tapi sudah 1 jam menunggu tak kunjung di respon2 oleh dokternya,NEGATIVE
aplikasi yang membantu dalam mengatasi masalah kesehatan,POSITIVE
kecewa sementara konsultasi sama dokter hari ini dokternya meminta difotokan kondisi kesehatan yang menjadi topik konsultasi malah pilihan untuk balas chat malah tidak tersedia,NEGATIVE
ok good,POSITIVE
semoga selalu bermanfaat ke semua orang,POSITIVE
penanganan cepat,POSITIVE
apli tahi,NEGATIVE
yang ditanya lain yang dijawab lain seperti dijawab bot foto saja yang dokter dokternya tidur kita konsultasi sama bot terus bayar lucu,NEGATIVE
sudah bayar buat chat dokter malah gagal saldo hangus aplikasi penipuan enggak ada opsi bantuan apaan aplikasi penipu ini,NEGATIVE
payah ah dikasih waktu 30 menit tapi dokternya super lelet dari 30 menit cuman jawab 3 pertanyan doang dan pertanyaannya juga simple dan resep digital cuman bisa ditebus di aplikasi klikdokter doang kagak bisa buat tebus langsung ke apotek sekitar rumah payah,NEGATIVE
saya sudah perpengalama di bidang kesehatan nias selatan,POSITIVE
aplikasi ini enggak bagus nyesal saya instal lebih bagus aplikasi alodokter respon dokter sangat cuek kita tanya panjang lebar di jawab cuma belum bisa di pastikan enggak ada keterangan sama sekali jadi buat kalian lebih baik instal aplikasi alodokter saja respon chat nya bagus,NEGATIVE
susah banget mengatur alamatnya dan entah mengapa alamat rumah saya tidak bisa masuk di pilihan otimatis mau ketik manual tidak bisa sangat buruk alhasil paket obat saya dikirim entah kemana,NEGATIVE
bahagia bisa consul secara private kepada dokter alhamdulillah,POSITIVE
kenapa sudah di bayar kok dokternya enggak muncul jelek banget nih aplikasi tolong duit saya di kembalikan,NEGATIVE
suka sekali dengan aplikasi ini bisa menambah wawasan sekaligus enggak bingung konsultasi cepat lewat aplikasi klik dokter ini sip banget,POSITIVE
bantu banget heheh,POSITIVE
harmonisasi warna kurang enak dipandang,NEGATIVE
terima kasih sudah memberikan solusi dalam masalah saya,POSITIVE
sangat puas penjelasan sangat detail ramah,POSITIVE
enggak sesuai harga aplikasi dan pemeriksaan rumah sakit saya mcu pilih harga 300rb lalu biaya kasir di rumah sakit biaya 1 juta tolong nanti lain kali aplikasi harus sesuai harga paket supaya pasien tak komplain,NEGATIVE
puas dokter nya ramah dan cepat respon,POSITIVE
sudah bayar enggak dah sesi chat sama dokternya rugi jdinya keburu telat kalo lagi sakit konsultasi ke klikdokter,NEGATIVE
dua hari aplikais saya tidak bisa dibuka saya harus menghub kemana ya,NEGATIVE
sangat membantu respon cepat oleh dokter,POSITIVE
sudah bayar tapi enggak bisa chat sama dokter nya enggak ikhlas saya buang buang duit percuma hati hati kalau mau komsultasi di sini nanti seperti saya uang enggak ada chat pun enggak,NEGATIVE
sangat kecewa,NEGATIVE
sayang sekali untuk membatalkan pesanan harus wa email admin dari alodokter terlebih dahulu,NEGATIVE
puas banget karena benar benar dilayani dengan baik trimakasih dokter2 hebat,POSITIVE
kenapa aplikasinya sekarang bayar waktu seng lawas enggak bayar enggak suka,NEGATIVE
bikin kecewa sekali sudah order berkali kali dicancel lagi dicancel lagi ternyata stoknya kosong bikin kecewa banget stok enggak diupdate entah sudah berapa lama,NEGATIVE
ð ð ð ð ˆð ð ð ð ð ð,POSITIVE
sangat buruk kenapa? setiap saya tanya tentang kehamilan sering blsnya sudah periksa ke dokter?? hellooow saya tanya kok jawab nya tidak profesional? sering saya chat pun tidak di balas sama dokter2 yang lagi online oh tidak solusi kah shingga tidak di balas?,NEGATIVE
pernah di daftarin sales di mintain atm ktp data diri sama tanda tangan di atas materai katanya enggak ada bayar bayar eh tiap bulan ke potong 39rb di atm saya tolong saya mau di stop saja rugi saya aplikasi enggak kepake,NEGATIVE
aplikasi enggak jelas licik banget cari duit sama saja penipuan di kasih waktu 30 minta sudah di chat enggak sama sekali balasan,NEGATIVE
sangat rekomen,POSITIVE
respon lama saran lama keburu habis waktunya buat menunggu respon dokternya endingnya enggak dpet saran apa apa tlong dong merugikan banget sia sia juga,NEGATIVE
dokternya best,POSITIVE
respon cepat dan mudah di pahami penjelasanya,POSITIVE
apk ter uninstal karena saya meriset hp ke setelan pabrik saat saya instal kembali apk nya malah enggak bisa dibuka sama sekali sudah di uninstal dan instal hingga 3 kali hasilnya sama saja,NEGATIVE
dok saya mau tanya tentang kesehatan saya dok begini saya punya keluhan perut saya bagian bawah kalau untuk gerak itu sakit kadang rasanya sampai punggung belakang bagaimana sulusinya dok,NEGATIVE
kok bisa bisanya motong terus ? enggak ada fasilitas apapun kok motong,NEGATIVE
lelet balas nya menyebalkan,NEGATIVE
masya allah begitu mudahnya sekarang konsultasi ke dokter tanpa harus mengantri di apotek,POSITIVE
sangat membantu untuk kebutuhan mendadak,POSITIVE
sangat tidak menolong,NEGATIVE
aplikasinya enggak di pakai tapi di atm terpotong terus,NEGATIVE
baru pertama kali coba semoga cocok dengan dokter di sini,POSITIVE
lama banget balasnya dokter yang gratis,NEGATIVE
aman dan terpercaya,POSITIVE
tidak rekomendasi untuk beli obat di apk ini saya menunggu dari semalam obat tak kunjung datang mana uang tidak bisa di redund,NEGATIVE
dokter sangat ramah dan sabar atas pertanyaan yang diberikan sangat puas,POSITIVE
selama ini pakai halo dok enggak ada masalah tapi sekarang pas waktu urgen banget masalah bermasalah di pemesanan obatnya pengiriman harusny ke yogyakarta tapi ternyata ketika di cek pelacakan untuk apotek dan driver posisi di jakarta kasihan bapak drivernya tengah malam harus bolakbalik harusnya sekelas aplikasi halodok memiliki qa untuk pengecekan bug seperti ini,NEGATIVE
alamat pembeli di cawang apoteknya di tebet enggak skalian saja di banten ambil apotek nya ini obat buat orang sakit bukan camilan sore jangan main main,NEGATIVE
sudah bayar enggak dibalas chat nya terus main tutup saja enak saja nih ap enggak begitu dong gua enggak ikhlas lahir bathin itu duit ye ini orang sakit loh,NEGATIVE
aplikasinya tidak menyenangkan tiap kali kirim ulang kode selalu enggak masuk di hp saya sudah coba kirim ulang lebih dari 10 kali loh alias berkali kali tapi enggak bisa bisa lebih baik enggak usah download deh dari pada sia sia saja ngabisin paket doang lebih baik enggak usah deh,NEGATIVE
suka banget konsultasi disini tuh fast respon,POSITIVE
terbaik dan sangat membantu,POSITIVE
kecewa sih sudah bayar mahal mahal ujung ujungnya tetap suruh ke dokter kalau begitu mending sekalian ke dokter langsung enggak guna penjelasan juga enggak detail,NEGATIVE
membantu buat kekuatiran yang tiba tiba datang,POSITIVE
baru download niat mau bertanya doang kenapa harus kena biaya iya padahal cuma chat doang,NEGATIVE
dokternya ramah dan semoga saya bisa sembuh,POSITIVE
sangat membantu tanggapan termasuk cepat,POSITIVE
tanggapan sangat lama chat pertama n tanggapan pertama enggak sesuai sampai saya ketiduran sudah bayar tetapi enggak bisa konsultasi tolong ditingkatkan kembali tanggapan nya,NEGATIVE
bagaimana mau konsultasi setial selesai ketik pertanyaan dikirim eh malah teks pertanyaanya hilang bagaimana sih kok begini enggak fungsi banget dong,NEGATIVE
kok sekarang sudah berbayar ya konsultasinya,NEGATIVE
lama enggak bisa di buka slow respon,NEGATIVE
responnya cepat tanggap,POSITIVE
dengan aplikasi ini sangat membantu,POSITIVE
lawak banget 450k buat nge chat doang,NEGATIVE
enggak bisa beli obat online uninstal deh â ï,NEGATIVE
untuk tanggapan dokter nya sangat cepat respon hanya aloshop nya yang masih harus dibenahi kalau bisa dibuat sistim atau program terkait apotik harus sesuai dengan wilayah pasien yang konsultasi karena saya mengalami saat ini tebus obat dari aloshop dengan opsi pengiriman next day tapi dari tanggal 13 belum sampai entah dari aloshop nya atau kurirnya yang lelet sehingga terkesan tidak ada yang profesional apalagi ini masalah obat sangat urgent bisa2 obat nya datang pasien nya sudah kolap duluan,NEGATIVE
kenapa saya daftar alodokter masuk pakai email google atau masuk pakai facebook atau nomor telepon selalu menyuruhku memasukan nomor telepon yang valid?? padahal aku pakai nomor taiwan karena sedang berkerja di sini,NEGATIVE
tidak bagus pengembalian dananya pakai promo yang berjangka,NEGATIVE
coba fitur chat video cal dengan dokter dan tidak berhasil hingga sesi berakhir uang ada dibalikin tapi kesan pertama saya jadi kurg bagus,NEGATIVE
mantaf gercep,POSITIVE
chat cepat dan gratis ongkir pengiriman obat,POSITIVE
chat dengan dokter terpaksa saya batalkan karena tidak ada respon sama sekali dan saya menunggu terlalu lama tapi uang saya tidak kembali,NEGATIVE
membantu kebutuhan kesehatan jasmani,NEGATIVE
ternyata lebih enak lihat jawaban nya dari gogle dwonload aplikasi sial mau chat saja harud bayar,NEGATIVE
aplikasi mantap sangat sangat membantu,POSITIVE
juancok,NEGATIVE
jangan order obat disini barang tidak ada uang tidak kembali sudah komplen berapa kali malah enggak ada jawaban padahal di aplikasi sudsh di bawa kurir aplikadi karena instan pakai gojeg dan itu saya sedang urgent,NEGATIVE
mencoba dulu siapa tau masuk akal yakan,NEGATIVE
dipertahankan yang bagus bagusnya,POSITIVE
enggak banget dokternya selalu nolak enggak terhubung sekalinya terhubung psikolog nya menyangkut pautkan dengan agama yang mana enggak logis masa bawaâ² agama astaga aduh buangâ² duit,NEGATIVE
bagaimana sih mau login saja susah banget pakai voucher segala terus abistu bagaimana sudah mauskin email masih enggak bisa,NEGATIVE
first time pakai apk ini belum tau sistem nya padahal mau konsultasi ternyata harus bayar konsultasi doang yaillah mending kalo fast respon ini berasa chat sama artis,NEGATIVE
aplikasi ini bukan nya membantu untuk berobat malah mempersulit masyarakat sekalinya kita melakukan pembayaran jadwal dokter nya di ubah lagi ke bulan depan,NEGATIVE
untuk kali ini saya kecewa sudah bayar buat konsultasi malah dokternya menghilang tidak ada balasan sama sekali,NEGATIVE
sudah bayar mahal mahal cuma bisa konsultasi 30 menit dan dokter nya slow respon? waktu kebuang menunggu balas dokter nya cara menyampaikan jadi kurang akurat dan tidak di mengerti penjelasan sakit yang saya keluhkan saya ceritakan dengan teliti tapi respon nya sangat amat tidak memuaskan terutama slow respon yang membuang waktu sangat amat merugikan pasien,NEGATIVE
lumayan bisa di andalkan namun masih perlu di benahi lagi lebih baik lagi,POSITIVE
klikdokter mempermudah hidup banget kalo mau meminta resep obat buat kulit enggak usah jauh2 ke dokter tinggal konsultasi online terus langsung dapat deh resepnya,POSITIVE
pengiriman obat lama banget padahal butuh obat sesegera mungkin mengecewakan,NEGATIVE
baru mencoba sx respon cepat semoga bermanfaat,POSITIVE
dokter ramah baik dan sabar kurangnya enggak bisa bayar pakai aplikasi dana heheh,POSITIVE
aplikasi gimik sok sok an mau bantu pasien dokter nya yang bertugas saja enggak becus konsultasi psikiater disini malah dibacotin dikata katain disuruh ke rsj mengajukan refund dicuekin stres aplikasi gila gimik ngakunya mau bantu orang sembuh tanpa drama gimik promosi doang,NEGATIVE
mohon bantuannya karena terdapat banyak error setiap kali login dan juga health tool nya tidak berfungsi dengan baik terimakasih,NEGATIVE
kenapa harus bayar sih bagaimana jika yang tidak punya saldo buat bayar nya !,NEGATIVE
pertama kali pakai langsung kecewa karena sudah buat janji dan di meminta untuk bayar 400 ribu setelah di bayar dan janji di buat alodokter membatalkan janji konsultasi dengan alasan dokter sudah tidak praktek rumah sakit ini terus uang saya bagaimana ? di meminta chat cs tidak di respon aplikasi kesehatan no 1 dari mana nya?,NEGATIVE
penjelasannya sangat jelas,POSITIVE
terima kasih halodoc karena sudah membantu saya,POSITIVE
aplikasi sudah bagus namun dokter spesialis nya masih kurang sedangkan di aplikasi lain rataâ² sudah lengkap mohon dalam waktu dekat ditambahkan dokter anastesi dokter rehabilitasi medik dan dokter spesialis lainnya menurut saya ini sangat penting ðÿ ðÿ,POSITIVE
diagonosanya kurang pas,NEGATIVE
syukurlah ada aplikasi ini amat sangat membantu,POSITIVE
dokter tutup chat tiba tiba padahal pasien masih mau lihat obat yang diresepkan dan yang diresepkan ternyata obat yang sebelumnya sudah pasien minum tapi tidak ada perubahan kecewa,NEGATIVE
sudah bayar enggak bisa chat payah,NEGATIVE
membantu konsultasi untuk yang tinggal di daerahâ²,POSITIVE
memudahkan berobat diwaktuâ² yang urgen,POSITIVE
bikin enggak panik,POSITIVE
pengiriman obat lemot sudah 7 hari belum sampai estimasi katanya 3 hari,NEGATIVE
kilikdokter sangat membantu dalam kegiatan konsultasi beberapa kali pernah konsultasi terkait beberapa penyakit dan hasilnya sanganlt membantu thankyou kilkdokter,POSITIVE
sangat membantu dan dokternya komunikatif,POSITIVE
mantap bisa terhubung dengan program kemenkes untuk layanan konsultasi dan tebus obat gratis jika terkena covid,POSITIVE
ingin chat dokter tapi sudah mau tf sudah pilih sesuai jasa tapi selalu enggak bisa,NEGATIVE
pengiriman instan sangat lama padahal posisi apotek enggak jauh dari rumah ap sering lemot pelacakan enggak lancar voucher enggak bisa diklaim buruk,NEGATIVE
apa tidak ada chat gratis untuk membantu yang tidak mampu? semua berbayar,NEGATIVE
sekarang enggak bisa chat bisa chat reguler karena enggak pernah ada jadwal tapi harus bayar baru bisa curhat sama dokternya walaupun murah tapi jangan dikit dikit duit dikit dikit duit kasihan orang lain yang kurang mampu sengaja download apk ini agar bisa konsultasi dengan dokter tanpa harus ke rs dan mengeluarkan biaya yang lebih besar tolong dev semoga di perbanyak jadwal dokter chat regularnya,NEGATIVE
kalo kata aku sih yes karena oke banget pelayanan aplikasi klikdokter,POSITIVE
dokter sangat sabar dan sangat jelas,POSITIVE
bagus sih tapi kurang lama dengan dokter yang ternyata sedang berkomunikasi dengan pasien lain jadi waktumya terbagi andai ada perpanjangan waktu dengan bayar 5 000 10 000 enggak apa apa tingkatkan lagi ya dari kemarin enggak nemu solusi pasti nih penyakit karena terkejarwaktu,POSITIVE
membantu banget kalau lagi genting tapi enggak bisa langsung berangkat ke dokter,POSITIVE
sangat membantu sekali memudahkan saya berkonsultasi dengan dokter cara pembayaran gampang waktu konsultasinya juga panjang jadi puas banget dokter yang saya dapatkan mbak nadya berkualitas sekali!! ramah penjelasannya mudah difahami dan yang terpenting saya mendapatkan solusi ï ï,POSITIVE
saya ingin bertanya dokter gatal2 semua badan menjelang subuh dimakan obt methylprenidsolon kelur seperti pecah pembuluh darah apa yang harus apa yang harus di makin selain obt uni dokter?,POSITIVE
butuh konsultasi dokter soal penyakit yang saya alami bayar dengan harga ratusan tapi tidak mendapatkan informasi apapun dokternya balas 2 menit sebelum chat berakhir tidak mendapatkan jawaban apapun dan sangat sangat menyesal membayar,NEGATIVE
suka banget sama aplikasi ini soalny mudah buat nanyalewat fitur live chatnya membatu banget deh pokokny kalo mau tanya atau yang lain berhubungan sama dokter disini saja pasti enggak bakal kecewa,POSITIVE
membantu sekali saat butuh konsultasi dengan dokter spesialis,POSITIVE
jangan pernah mau download apk ini apk penipuan pemerasan saya di tawari sales untuk bantu kejar target terus katanya kalo ikut member 39k perbulan bisa chat dengan dokter gratis tanpa bayar setiap bulan tapi nyatanya mau chat dokter spesialis apapun tetap saja harus bayar saya coba hubungi pihak alodokter berkaliâ² tidak di respon sales alodokter penipuan saya tngu itikad baiknya karena sudah berapa bulan saya selalu kena db otomatis terus,NEGATIVE
ini saya sudah bayar sesuai harga min tapi dokter nya sibuk jadi enggak bisa di chat saya batalkan uang nya enggak kembali yaaaah,NEGATIVE
pelayanan dokternya terbaik,POSITIVE
enggak bisa masuk aplikasi sudah disi semua tapi bolak balik ngisi data buat masuk,NEGATIVE
mengira gratis payah,NEGATIVE
enggak bisa gopay letter,POSITIVE
sangat membantu sekali penjelasan bu dokter sangat jelas,POSITIVE
suka dokternya ramah sekali,POSITIVE
sangat membantu dan top banget aplikasinya,POSITIVE
ini serius gratis konsultasi?,NEGATIVE
jempol deh mantap,POSITIVE
selalu sangat membantu bagi saya penjelasan dokter2 nya selalu rinci dan jelas terimakasih,POSITIVE
sekedar menanyakan saja pakai bayar,NEGATIVE
pertanyaan saya belum dijawab2 sama dokternya padahal sudah menunggu 30 menit an,NEGATIVE
dokternya dapat yang bagus tapi obat datang berurutan hingga dijadwalkan datang 3hari kemudian saya sakit berobat biar cepat sembuh tapi obatnya datang lama bagaimana coba percuma kalau datang 3hr kemudian mending lngsng rs obatnya mending kalau sampai kalau enggak sampai alamat rugi saya cari cari untuk pembatalan pesanan obat tidak menemukan tombol batalkan pesanan di simpan dimana chat pun yang jawab sistem,NEGATIVE
bagus dokternya respon cepat,POSITIVE
jawaban tidak sesuai harapan samasaja,NEGATIVE
sangat fas respon suka banget ada nya apk alodokter ini sukses terus alodokter,POSITIVE
respon cepat penjelasan detail,POSITIVE
sudah registrasi tapi enggak bisa2 suruh regristasi ulang juga enggak bisa,NEGATIVE
sangat komunikatif dokternya,POSITIVE
mantap lah pokoknya dokternya ramah dan dalam penjelasan detail,POSITIVE
pas mau order gagal mulu dan saldonya enggak balik malah jadi voucher giliran sudah berhasil eh dapat psikolog yang setengah hati ngeladeninnya punya waktu 30 menit buat chat tapi balesnya lama banget pas ditanya alesan sinyal bilang oh enggak masuk ya chatnya sudah begitu responnya cuma singkat banget bisa diitung dalam 30 menit cuma dapat respon enggak lebih dari 10 kalimat dan sama sekali enggak solutif kayak saran dari orang awam bukan profesional enggak worth itu banget! awasi tuh dokternya rating diatas 90 tapi begitu,NEGATIVE
bagaimana pakai nya sudah log ini tetap enggak bisa aplikasi enggak jelas,NEGATIVE
aplikasi busuj login saja kagabisa,NEGATIVE
enggak berguna sudah saya kasih tahu keluhan dan obat yang saya pakai tapi cuma tanya tinggi badan berat badan oke saya sarankan untuk istirahat dan periksa kesehatan emak jualan gorengan juga bisa kalau cuma begitu akhirnya saya uninstal padahal besar harapan saya untuk bisa mendapatkan jawaban yang bagus,NEGATIVE
sedih karena aplikasi tidak dapat di akses ada apa ya ? padahal dan boleh bertahun tahun langganan tiba tiba kayak begini,NEGATIVE
enggak bisa relogin setelah di update padahal sudah memasuki kode otp verifikasi,NEGATIVE
bagus banget membantu banget,POSITIVE
sangat berguna dan sangat membantu,POSITIVE
dokternya ramah dan ok,POSITIVE
kalo butuh dokter buat konsultasi kesehatan di klikdokter tuh ada filter nya jadi mulai dari mau konsultasi tipe apa harga berapa bisa difilter jadinya bisa pilih sesuai kebutuhan kita,POSITIVE
praktis,POSITIVE
setelah aku donwload merasa kecewa mengira gratis untuk berkonsultasi ternyata bayar apk uninstal tidak jadi daftar tidak jadi mengikuti karena konsultasinya bayar terima kasih,NEGATIVE
pengalaman menyenangkan,POSITIVE
membantu untuk konsultasi kesehatan,POSITIVE
waktu konsultasi hanya 5 menit respon dokter di detik detik terakhir dokter tidak menjawab pertanyaan sangat mengecewakan!!!!!!!,NEGATIVE
kok enggak kirim kodenya sih enggak bisa,NEGATIVE
mengira bisa bantu buat konsultasi tanpa uang,NEGATIVE
saya orang indonesia tapi bekerja di malaysia saya tidak punya nomor tlpon indonesia jadi bagaimana saya bisa verifikasi mau masui ke aplikasi?,NEGATIVE
percuma kalau saranya kedokter juga semua orang juga tau kalau sakit kedokter enggak bisa kasih resep buat apa konsultasi,NEGATIVE
dari nya baik dan rinci menjelaskannya sangat membantu aplikasi ini disaat saya sedang bingung mau cari dari jauh2 tempatnya lihat selewat diberanda ada aplikasi ini setelah konsultasi dengan dari nya jadi lega dan mengerti dengan situasi keadaan kesehatan saya hilang rasa bingung seketika yang tadi nya takut kenapa kenapa jjadi tenang terima kasih lah buat alo dokter,POSITIVE
pengantaran sangat lama padahal butuhnya urgent tolong perbaiki sistem pelayanannya,NEGATIVE
penanganan orderan kacau sudah menunggu lama hampir 1 jam dari sop pengiriman tiba tiba di batalkan padahal status sudah di pick up kurir pengantaran ! lapor cs seperti biasa template saja,NEGATIVE
konsultasi dokter dan tanya salep faktu tidak ada dan tidak bisa meresepkannya untuk beli di luar padahal saya cocok pakai obat ini jika tidak ada di aloshop seharusnya dokter boleh memberikan resep untuk beli di apotik yang tersedia kurang lengkap toko obatnya,NEGATIVE
mau coba dulu tapi untuk aplikasi nya sudah bagus,POSITIVE
aplikasi sialan kembalikan uang saya woy saya beli pakai uang bukan kertas sampah ngembaliin lama sekali woy,NEGATIVE
chat dokter umum enggak dilayani benar sih murah tapi ya kali disuruh menunggu 3 jam keburu pingsan yang sakit,NEGATIVE
harus bayar juga bertanya doang padahal,NEGATIVE
tampilan aplikasi klikdokter ramah banget enggak bikin sakit mata dan jadi user friendly banget begitu enggak ribet aplikasinya,POSITIVE
cepat cukup membantu,POSITIVE
terimakasih atas pelayanan nya,POSITIVE
cukup puas dengan penjelasan dokter nya,POSITIVE
apknya sekarang banyak minusnya enggak bisa kirim gambar ke dokter padahal itu penting chat juga dokter sering enggak ada yang online kalo bayar banyak dokter yang online _,NEGATIVE
mudah buat konsultasi masalah kesehatan,POSITIVE
masa bayar cuma cat doang aplikasi miskin hade,NEGATIVE
pelayanannya bagus dan cepat direspon oleh dokternya terima kasih dok,POSITIVE
cari obat malah di pilih apotik tutup,NEGATIVE
bagus sih tapi saya chat dokternya kok enggak dibales balas ya,POSITIVE
easy tapi use useful dan thank you,POSITIVE
terimakasih ya dok suyanti sudah mau cepat dan baik menanggapi saya,POSITIVE
terlalu banyak biaya,NEGATIVE
konsultasi dengan dokter enggak dijawab melayang sia sia uang saya menunggu obat enggak datang datang sudah 3 jam ketika di chat ke cs solusinya cuman mengecek berkala doang,NEGATIVE
sangat memuaskan dan ramah,POSITIVE
dokter sangat baik ramah,POSITIVE
dokter komunikatif dan enggak pelit ilmu tapi sayang waktunya terlalu singkat padahal mau konsultasi kan harus mikir dulu selama ini apa saja yang di keluhkan,POSITIVE
jangan pakai aplikasi ini deh pesanan saya salah alamat dan respon csnya begitu menyebalkan dan saya tidak bisa menghubungi drivernya lewat chat tau paket saya sudah ditaruh di pagar rumah orang lain duit hilang barang juga hilang,NEGATIVE
suka banget sama dokter psikolog yang menanggapi keluhanku mengobrol panjang sampai dibuat senyaman itu dan benar benar direspon baik senang banget pokoknya dapat advice dan hasil konsultasi yang enggak mengecewakan,POSITIVE
cari dokter terdekat disortir ke terdekat tapi yang keluar enggak terdekat duluan aneh,NEGATIVE
respon cepat sangat membantu,POSITIVE
lemot apa aplikasi chat sama dokter muter2 padahal jaringan bagus parah,NEGATIVE
dulu saya pernah pakai dan saya sudah konfirmasi buat di stop untuk berlangganan bulanan tapi sampai sekarang masih suka kepotong langsung di debit saya sedangkan saya sudah tidak pakai lagi,NEGATIVE
nyaman untuk diajak dialog,POSITIVE
can imagine have tapi queing for doctor visit for my asd adhd son this ap is helping ini any way that i can imagine i can consult ini a very proper way without worrying other patient i feels like i have a private doctor but lots more cheaper tahan going tapi offline doctor thank you alodoc you really are helping me with al my limitation,POSITIVE
belum selesai bertanya dokternya sudah mengakhiri sesi chat dan mengusulkan untuk kedokter langsung maaf jika seperti ini terus sama sekali tidak membantu,NEGATIVE
enggak bisa di cancel yang di bayar bulanan 30an ujung ujungnya enggak di pakai juga tapi tiap bulan di ambil terus lalu di telfon ke pusat untuk cancel enggak bisa aneh,NEGATIVE
aku kira gratis kalo buat konsultasi ternyata bayar ya,NEGATIVE
terbantukan,POSITIVE
aplikasi yang bagus namun lebih baik pengguna dapat memilih apotek terdekat secara mandiri saya di karawang ketika membuat order selalu mendapat apotek dari cikarang,NEGATIVE
apa yang di ucap tidak sesuai keluhan,NEGATIVE
dokter dalamnyah tidak bagus sudah membayar saya tertipu belum juga satu menit chat sudah diberakhirkan apa apaan,NEGATIVE
aplikasi enggak guna dsuruh bayar mahal pesan di balas kagak sudah tau penting banget makanya butuh komsultasi eh malah enggak di balas mending tanya ke google saja dari pada bayar enggak jelas,NEGATIVE
bisa berobat cepat dari rumah dokternya ramah dan cepat merespon,POSITIVE
tidak berlangganan tapi uang saya berkurang sendiri di rekening!!,NEGATIVE
perasaan dulu bagus bagus saja pada fast respon dan penyelesaiannya bagus lah kenapa sekarang sering dighosting di tengah tengah pembicaraan??! mau dokter umum siapaphn di ghosting padahal online dan tidak sibuk !!,NEGATIVE
an3h setelan gboard ganti2 sendi4i,NEGATIVE
aplikasinya suka berhenti tiba tiba setiap mau konsultasi pasti aplikasi langsung keluar lagi dan begitu seterusnya,NEGATIVE
sudah bayar buat konsultasi keterangannya malah dialihkan ke dokter lain responnya lama banget,NEGATIVE
saya sudah menggunakan aplikasi klik dokter dari dulu semenjak mulai ada klik dokter saya puas dengan pelayanan dokter yang ada di klik dokter saya sering konsultasi mengenai kesehatan anak dan orang tua dan aplikasi ini sangat membantu saya di saat saya sibuk tidak sempat ke dokter apalagi di masa pandemi ini takut sekali untuk pergi ke dokter atau rs jadi dengan adanya aplksi ini sangat membantu dan memudahkan saya dalam menjaga kondisi kesehatan saya dan keluarga,POSITIVE
tidak bisa verifikasi nomor telepon,NEGATIVE
mending pakai chat gbt respon cepat jawaban lebih memuaskan gratis lagi,NEGATIVE
saya suka dengn aplkasi ini dokter ya langsung ngrespon,POSITIVE
min kenapa mau konsultasi malah eror terus enggak bisa sudah di uninstal juga tetap enggak bisa,NEGATIVE
aku sih yes pakai klikdokter balesan chat dari dokternya segercep itu bro,POSITIVE
dokternya banyak jadi selalu ada yang standby even hari libur,POSITIVE
bagus dokternya juga cepat tanggap ramah,POSITIVE
aplikasi klikdokter sangat membantu saya trimakasih,POSITIVE
hasil konsultasi belum memuaskan tidak mendapatkan jawaban yang pasti hanya mendapatkan saran harus konsultasi lanjutan dengan dokter spesialis,NEGATIVE
respon dokter lama disuruh tunggu 9 menit tapi nyatanya 1 jam meminta refund banyak alasannya padahal orang lagi sakit disuruh menunggu lama,NEGATIVE
kok susah pakai ap ini baru mau kasih prtanyaan sudah selesai waktunya bagaimana coba,NEGATIVE
enggak menyangka cari duit pakai uang panas padahal saya sudah logout akun saya tetapi bulan ini kena biaya admin 2 kali sebesar 78rb,NEGATIVE
pertama menggunakan aplikasi ini dokternya ramah semoga cocok dengan yang diresepkan,POSITIVE
kode verifikasi nya enggak muncuul padahal pengin join juga,NEGATIVE
menyesal download aplikasi ini ribet sudah bayar va enggak bisa2 chat tau tau di bata sepihak pakai voucher eh dokternya hilang offline mengesalkan banget sih!!!,NEGATIVE
ku kira gratis ternyata berbayar anjay,NEGATIVE
tidak bagus,NEGATIVE
jahai,NEGATIVE
saya mau tanya ada enggak konsultasi khusus pengangan buat spikolog terima kasih,POSITIVE
keren banget dokternya responsif banget thankyou,POSITIVE
assalamualaikum alodokter apakah keluhan kami bisa di jsga rahasianya?,NEGATIVE
dokternya komunikatif dan informatif,POSITIVE
pelayanan bagus ramah,POSITIVE
halodoc sangat membantu ketika anak saya sedang sakit dikondisi weekend ataupun libur panjang seperti nataru ini dimana dokter banyak yang libur ataupun cuti halodoc selalu ready dengan banyaknya opsi dokter dan biaya yang variatif bahkan terjangkau,POSITIVE
bagaimana caranya dok campak anak nni sampai sekarang enggak berkurang tolong saya dok,NEGATIVE
sistem aplikasinya buruk kurang kerja sama dengan mitra ekspedisi pengiriman lama cs halodoc dimintai bantuan cuma bisa balas via both hhhm payah katanya 24 jam lacak pesanan eh pas di klik isinya dalam paket ini sama pengiriman reguler doang sungguh membagongkan,NEGATIVE
apa apaan ini chat belum di balas sudah di akhir i chatnya,NEGATIVE
dari dokter nya kadang ada yang slowres terus ada juga yang sudah slowres tapi balesnya template,NEGATIVE
sangat membantu dengan baik,POSITIVE
awalnya saya download alo dokter karena mau chat dokter perihal covid dan meminta obat isoman saya suka sekali dengan pelayanan dokternya yang ramah dan ada bot alni selaku asisten yang memudahkan tapi ketika saya menebus obat yang telah diresepkan dokter lokasi apotek tersebut jauh sekali di bandung sedangkan lokasi rumah saya di jakarta kenapa enggak kerja sama dengan apotek yang terdekat? yang saya gunakan juga kurir same day dari tanggal 30 11 dan sekarang 2 12 obat yang telah saya tebus juga belum sampai rumah,NEGATIVE
katanya bisa buat surat dokter di web tapi hasilnya nihil katanya stok kosong pesan malah ditutup dan dilempar buat chat dokter lain??? entah karena memang enggak niat kerja atau sengaja dibuat begitu buat mendapatkan untung sebanyak banyaknya,NEGATIVE
jadi enggak susah harus keliling apotik kalo obat nya enggak ada tinggal pesan tunggu di rumah obat sampai,POSITIVE
waktu kolsulnya tambahkan please kalo dekat dekat waktu habis bikin geregetan padahal masih ada yang mau di tanya jadi buruâ² meminta reseppnya,POSITIVE
ais sekarang sudah beda lagi kenapa harus dibayar apakah karena bbm naik?,NEGATIVE
baru download dan buka aplikasi sudah kecewa karena tidak ada konsultasi gratis dan harus langsung premium berbayar sedangkan belum tau jelas dokternya,NEGATIVE
solusi jika malas ke dokter,POSITIVE
dari fitri sangat tanggap dan paham kondisi penyakit pasien saya suka,POSITIVE
setelah diperbarui kenapa klik dokter jadi enggak bisa dibuka ? mengecewakan sekali,NEGATIVE
di aplikasi status dokter nya online tau nya setelah bayar biaya chat nya tiba tiba dokter nya offline terus suruh cari dokter lain nya tetapi harus bayar lagi,NEGATIVE
cakep,POSITIVE
praktis cuma untuk harga lumayan mahal sih,POSITIVE
aplikasi oke cuman yang jadi masalah kenapa harus berbayar gua cuma mau konsultasi harus bayar 60 ribu sebener nya sih sah sah saja tapi tolong lah beri kita kesempatan untuk konsultasi secara geratis,NEGATIVE
saya pesan obat diarahkan ke apotek yang sudah tutup ditambah tidak ada tombol untuk batalkan pesanan,NEGATIVE
sangat membantu untuk yang mobile,POSITIVE
kurang jelas sangat tidak puas,NEGATIVE
setelah saya update apk kok malah enggak bisa buat chat dokter bagaimana ini?,NEGATIVE
mempermudah saat butuh obat konsultasi juga baik pelayanannya,POSITIVE
apakah konsultasi nya prabayar,POSITIVE
dokter ramah penjelasannya sangat lengkap,POSITIVE
dokter baik dan sabar jelas,POSITIVE
setiap memasukkan email n sandi nya selalu valid bingung saya? masuk ke fb pun enggak bisa juga,NEGATIVE
saya pertama kali coba di aplikasi ini sebelum nya pakai alodokter disini sesi nya cepat banget terus dokter tidak kasih penjelasan apa apa cuman lsng kasih resep dan tanpa penjelasan,NEGATIVE
biaya janji dokter tidak sesuai dengan di rs seperti jebakan selisihnya lumayan tau sendiri rumah sakit jika sudah konsultasi mau enggak mau harus bayar padahal tanpa tindakan dari hanya mengobrol bertanya bertanya saja,NEGATIVE
pop up maksa nya tolong diilangin,NEGATIVE
baik dan jelas cara melayani nya,POSITIVE
pesanan saya dibatalkan saat pesan ulang katanya produk tidak tersedia di wilayah saya pembayaran dikembalikan ke saldo halodoc saat saldo mau ditarik ternyata proses tertunda terus jadi saldo mengendap di halodoc sepertinya itu upaya supaya saldo tersebut tetap digunakan di halodoc padahal kan bisa digunakan ke transakso lain kalau seandainya bisa dikembalikan,NEGATIVE
makan mu bintang 1 tuh dulu ada konsultasi dokter gratis sekarang enggak ada apk enggak berguna,NEGATIVE
saya mau berhenti berlangganan konsultasi cuma sekali bayar nya tiap bulan baru menyadar,NEGATIVE
the best apps buat aku yang jarang keluar rumah dan enggak pernah ke rs buat konsultasi,POSITIVE
konsultasi di batas i akhirnya berbayar,NEGATIVE
pertama kali konsultasi resep obat yang di kasih lagi berjalan beberapa hari pemakean enggak tau ini proses purging jrawat pada mateng mucul lebih banyak semoga cocok dan permbersihan ya dokðÿ,POSITIVE
puas sekali dokter nya detail dan baik,POSITIVE
aplikasinya sangat membantu sekali trimakasih dok saya sangat sangat dan sangat senang sekali dok dokter nya cepat respon ramah ðÿ ðÿ ðÿ ðÿ ï ï ï ï ï ï,POSITIVE
mengira gratis ternyata bayar enggak jadi kalau begitu,NEGATIVE
aplikasi ini benaran membantu banget buat aku jadi bisa konsultasi dimana saja dan kapan saja thanks,POSITIVE
menyenangkan tapi dok lama sih balasnya,POSITIVE
ada baiknya ke dokter klinik atau rumah sakit aplikasi ini cocok nya buat beli vitamin atau batuk pilek,NEGATIVE
aplikasi sampah mau daftar yang keluar malah kode otp gagal terkirim,NEGATIVE
mantap gan lanjutkan,POSITIVE
respon jika ada kendala tim atau apotik terkait sangat lama,NEGATIVE
saya sudah membayar lunas untuk biaya konsultasi namun saat saya mengirim pesan di live chat premium tidak satupun dibalas saya sudah ajukan complain semoga ditindaklanjuti,NEGATIVE
sementara sangat membantu,POSITIVE
sangat membantu dan sangat sangat bermanfaat,POSITIVE
saya mau cek hb1ac ke rs terdekat tapi bingung kemana karena di puskesmas cuma bisa cek gd sewaktu saja jadi saya cek lah di aplikasi ini ternyata ada dan harganya kok beda cuma 165k sedangkan di lab klinik lain sampai 250k jadi saya cari lah di instagram dan ketemu nomor whatsap rs tersebut dan ternyata harga cek hb1ac ke lab dipatok 254rb berarti selisih 89 ribu itu artinya biaya di apk ini cuma perkiraan estimasi saja artinya nanti dikenakan biaya lagi bukan fix price mahal amat dong ya,NEGATIVE
dokternya ramah dan cepat dalm menjawab konsultasi pasien namun utuk pemesanan resep obat via online lambat dan saya merasa kecewa karena mnunggu sangat lama obat yang di pesan enggak sampai saya berharap kejadian seperti ini tidak terulang kembali,POSITIVE
halo dok saya ulya dari bandung saya punya keluhan rahim saya turun dan terlihat menonjol tapi enggak terasa sakit kalo di pakai berhubungan intim baru terasa sakit bagaimana solusinya dok,POSITIVE
penjelasan akurat dan jawabannya lebih mengerti,POSITIVE
sejauh pengalaman gue pakai klikdokter semua dokternya fast respon banget enggak kayak sih dia huhu,POSITIVE
tolong ya perbaiki pelayanannya saya pesan obat sudah dia minggu belum sampai barang dinyatakan rusak tapi masih bertele2 tidak ada jalan keluar pengembalian dana begitu percuma saya pesan obat langsung via aplikasi kalau lemooooooot,NEGATIVE
respon dokternya sangat cepat padahal konsultasi gratis,POSITIVE
pin lokasi pada map error jadi menyulitkan driver,NEGATIVE
apk tipu tipu,NEGATIVE
duh csnya perlu di bekali info dasar tanya system pembayaran saja bingung jawabnya,NEGATIVE
suka artikel2 nya,POSITIVE
dari komuikatif dan cepat respon,POSITIVE
fast respon dokternya ramah,POSITIVE
mengefektifkan konsultasi dengan dokter jadi bisa tertanganidengan cepat,POSITIVE
penjelasan yang detail,POSITIVE
download aplikasi cuma mau bantuin orang orang mengasih bintang satu moga aplikasi ya di diblokir playstore v kasihan yang sudah rugi ayo bantuin repot apkasi ya guys,NEGATIVE
terimakasih pelayananya baik,POSITIVE
sayang sekali kita tidak bisa ketik langsung tidak seperti komunikasi 2 arah,NEGATIVE
brobat di sini obatnya selalu siru bisa sampai 5 sirup terlalu ribet brobat anak di sini kalau di rs lebih enak pakai puyer mimumnya juga enak,NEGATIVE
makin kesini pelayanan makin kurang memuaskan di waktu keterangan dalam 1 menit dokter akan membalas dokter online tapi tidak dbls sampai akhirnya batas waktu chat selesai tolong bagaimana caranya saya mau berhenti ikut alodokter yang premium terpotong terus tapi pelayanan kurang,NEGATIVE
sudah konsultasi dengan psikiater tapi enggak dapat resepnya mengecewakan buang2 duit mau beli obatnya juga enggak tau obat apaan,NEGATIVE
bug terus tiap mau buka aplikasi loading lama!,NEGATIVE
halodoc memang mantap bagus sangat membantu pengobatan yang lebih cepat terima kasih halodoc,POSITIVE
respon cepat dan obat resep cocok,POSITIVE
dokter sangat ramah dan responsif,POSITIVE
tiap kali pasang aplikasi ini selalu bikin hp hang harus restart sangat menganggu,NEGATIVE
good anda harus banget punya aplikasi ini agar masalah anda bisa terselesaikan,POSITIVE
klikdokter dokternya pada ramah,POSITIVE
good bngt suka ap nya dokterny baik mntp,POSITIVE
membantu saat darurat,POSITIVE
gue bayar konsultasi ke dokter bukan ke mesin,NEGATIVE
saya top up sekli saja bisa konsultasi berkali2 the best pokoknya,POSITIVE
akurat,POSITIVE
mengira gratis taunya mintaâ² uang juga,NEGATIVE
enggak rekomendasi kedua kali nya memakai halodoc belum konsultasi sama sekali dana kepotong mana enggak ke refund pula,NEGATIVE
mengira teh gratis kok sekarang mah bayar ya,NEGATIVE
sudah lama terbantu dengan aplikasi ini kalo mendadak tengah malam sakit di jakarta dan lebaran tahun ini sudah support di kota kecil jombang jatim sebelum sebelumnya belum bisa pengiriman instant sekarang sudah bisa terima kasih semoga segera berlanjut ke dusun2 kecil di kabupaten magetan soalnya lebarannya di 2 tempat itu,POSITIVE
sangat efisien dan bagus dokternya cermat dan resepnya juga tidak berlebihan semua sesuai,POSITIVE
aku kira aplikasi ini ketika chattan tanya tanya seputar kesehatan sama dokter gratis ternyata harus bayar jadi aku langsung uninstal saja apalah dayaku orang miskin yang berpenghasilan hanya cukup untuk kebutuhan hidup sehari hari harus bayar seperti ini bagiku susah,NEGATIVE
entah kesalahan teknis atau apa enggak tau kenapa pesan hari 24 dtgl 25 dan tulisan pengiriman gagal malah terkirim tanggal 25 dan pas tanggal 25 pesan lagi malah enggak dapat sumpah sudah langganan dari lama menyesal banget beli lagi sumpah enggak ridho kalo kayak begini bukannya di perbaiki lo,NEGATIVE
aplikasinya bagus enggak menyesal lah kasih bintang 5,POSITIVE
sudah diperbaharui kok tiba tiba enggak bissa chat sama dokternya aneh padahal berguna banget aplikasi ini kalo lagi ada yang aku rasa tapi pas mau tanya dokter enggak bisa2 bagaimana dong,NEGATIVE
sangat memuaskan dan sangat membatu untuk bertanya,POSITIVE
saya kira gratis rupanya berbayar baik langsung ke rs pukesmas atau apotik,NEGATIVE
aplikasi bngsat,NEGATIVE
yang benar saja masa konsultasi cuma sebentar belum sampai 30menit langsung selesai? mana dokternya lama respon terus ke log out jadi waktu nya kebuang percuma mikir lah sudah bayar tapi enggak sempat konsultasi apa apa? kecewa banget gue sumpah,NEGATIVE
dokter nya sangat jelas untuk pemberian informasi,POSITIVE
sudah bayar respon dokternya enggak cepat sudah tulis keluhan akhirnya sesi berakhir begitu saja selamat menikmati uang nya,NEGATIVE
sudah bayat dokternya tapi enggak ada respon sama sekali,NEGATIVE
aplikasi keren,POSITIVE
mau beli obat saja ribet!!!,NEGATIVE
respon dktrny lama,NEGATIVE
sudah bayar chat sama dokter enggak kebuka !,NEGATIVE
dengan klik dokter menambah wawasan info kesehatan yang sangat bermanfaat gbu,POSITIVE
barusan konsultasi dengan dokter umum jawabannya sangat membantu ada penjelasan yang menenangkan hati di saat saya sebagai orang tua merasa sangat panik melihat anak sakit bertepatan hari libur idul fitri seperti ini,POSITIVE
pengalaman pertama kali mencoba layanan alodokter bikin kecewa pas chat pertama kali sama dokternya enggak kunjung ada jawaban aku tunggu 10 menit kemudian chat lagi ke dokternya tetap enggak ada jawaban cuma keluar tulisan dokter sedang memahami masalah anda dan akan segera menjawab aku tunggu terus sampai akhirnya chat ditutup sendiri pas dilihat di riwayat chat ternyata muncul chat dari dokternya enggak lama setelah aku chat pertama kali padahal pas aku lagi aktif di chat tadi enggak ada masuk pesan apa apa,NEGATIVE
susah sekali saya mau livechat kok enggak bisa terus padahal penting banget enggak tahu kenapa?yang lainnya sih oke bisa itu bisa ini cuman enggak bisa live chat,NEGATIVE
aplikasi sampah masak metode pembayaran satu akun cuma bisa pakai satu akun gopay,NEGATIVE
saya puas dengan aplikasi ini,POSITIVE
selalu puas banget jika chat sama dokter umum maupun spesialis,POSITIVE
bagus sekali apknya,POSITIVE
menurut gue sih memang oke banget buat konsultasi online dr2nya responsif dan harganya juga affordable,POSITIVE
aplikasi sangat membantu dokternya baik baik dan bagus,POSITIVE
gercep dokternya dan penjelasannya cukup baik bisa mengurangi ovt,POSITIVE
tlong ya pihak alodokter jangan main potong potong terus autodebit saya saya sama sekali enggak pernah pakai jasa alodokter sudah setahun saya kepotong tolong non aktifkan,NEGATIVE
sangat membantu kebutuhan obat obatan termasuk suplemenâ² yang di perlukan untuk kesehatan tubuh tak perlu susahâ² keluar rumah terima kasih,POSITIVE
sama sya allah dokter yang sangat ramah dan responsif sekali jazaakillah khair dokter sehat sehat selalu,POSITIVE
lupa password untuk login jadi enggak bisa chatting lalu bagaimana ??,NEGATIVE
pelayanannya pendaftaran memuaskan,POSITIVE
setelah di update malah enggak bisa chat sama dokternya bagaimana sih,NEGATIVE
harga obat cenderung lebih mahal 2 kali lipat dari tempat lain aplikasi yang seharusnya membantu pasien mendapatkan pengobatan yang lebih cepat malah bertindak sebaliknya,NEGATIVE
dokter nya ramah dan teliti penjelasannya lengkap,POSITIVE
praktis terpercaya dan sangat membantu,POSITIVE
penjelasan nya jelas dokter nya juga ramah,POSITIVE
mantap dokternya detail informasinya,POSITIVE
sangat membantu dalam keadaan darurat tanpa harus pergi ke klinik rumah sakit,POSITIVE
sebelum menggunakan obat jangka panjang sebaiknya datang langsung konsultasi ke dokter terkait tatap muka,NEGATIVE
keep itu up,POSITIVE
sangat buruk pelayanannya tanpa no kontak tidak bisa komunikasi dan hanya komunikasi lewat jari whatsap hak klaim saya dipersulit dia kerjasama dengan axa mandiri yang mengulur2 waktu dan syaratnya dibikin bikin jadi kaku silakan makan hak saya semoga kalian tidak akan berkah saya menyesal sudah ikutan bertahun2 dengan mendebet rekening saya semoga cepat bangkrut ig ada komen nya ditutup itu menandai bahwa perusahaan tersebut bermasalah dan abal abal alodokter pun seperti nya bangkrut uangku diambil,NEGATIVE
halodoc sangat membantu saya untuk konsultasi dengan dokter sesuai bidangnya dan penanganannya cepat,POSITIVE
saya habis test papsmear hasilnya kesimpulan autrophic smear artinya apa terima kasih,POSITIVE
tks dokter,POSITIVE
kalau enggak ada klikdokter bagaimana nasibku yang merupakan mahasiswa mager dan miskin wkwkkw sangat membantu deh klikdokter ini,POSITIVE
sangat membantu disaat krusial,POSITIVE
enggak recomend buat di instal klaim susah dokument sudah lengkap tapi alasan ini lah itulah terus enggak di setujui mending yang lain saja,NEGATIVE
nagih deh konsultasi disini soalnya respon dokternya ramah banget jadi pasien betah buat bertanya lebih lanjut mereka juga sabar dan detail penjelasannya,POSITIVE
mau konsultasi sudah byar malah di batal kan dan di ganti dengan pocer mana pocer nya susah di gunakan buang duit saja mana lemot lagi alpikasi nya padahal jaringan bagus,NEGATIVE
sangat membantu terima kasih klikdoter,POSITIVE
dokter nya ramah baik apk nya bagus setelah bayar 8500 kita langsung di notif dan langsung di chat sama dokter nya,POSITIVE
bad respon dokter sangat lambat semuanya sampai waktu keburu habis bahkan ada yang tidak merespon sama sakali jawaban dokterpun kebanyakan kurang memuaskan seperti malas mengetik pada singkat,NEGATIVE
sangat membatu banget thnk dok liem,POSITIVE
parah banget dari nya enggak ramah bahkan enggak respon aku sudah bayar padahal benar benar mengecewakan aku sakit hati banget sih,NEGATIVE
kenapa setiap buka kalender menstruasi lama sekali lemot padahal jaringan bagus,NEGATIVE
seperti saya orang susah mau chat enggak ada uang pakai bayar,NEGATIVE
dari yuda pradana sangat tidak rekomen memberi penjelasan pakai bot dan teks cepat dikasih resep tapi disuruh berobat langsung terus apa gunanya alodokter kalo begitu,NEGATIVE
suka banget dengan aplikasi ini apalagi dokternya di tanya langsung di jawab enggak kayak yang di sebelah cueknya meminta ampun,POSITIVE
bisa membantu dengan baik,POSITIVE
pengiriman enggak jelas sebelumnya sudah dalam perjalanan eh sekarang dibuka balik lagi keawal baru terkonfirmasi padahal urgent banget obatnya dibatalin enggak bisa sial banget,NEGATIVE
apk yang sangat membantu,POSITIVE
good application,POSITIVE
aplikasinya enggak kebuka2,NEGATIVE
kenapa invalid mulu ya padahal sudah masuk lwat fb enggak bisabisa pakai google juga enggak bisa bagaimana caranya ?,NEGATIVE
mantap sih,POSITIVE
halodoc memudahkan konsultasi dokter saat kita sakit dan mendapatkan obat dengan mudah tudaj perlu keluar rumah,POSITIVE
dulu masih bisa chat gratis dengan dokter umum sekarang sudah berbayar,NEGATIVE
langsung unistal mau tanya dokter berbayar,NEGATIVE
terimakasih dok jzkmllhikhoiron ktsiron dok,POSITIVE
dokternya mantab2,POSITIVE
chat dengan dokternya tidak ngeload dengan lancar masih ada bug kayanya,NEGATIVE
cara cepat konsultasi dengan dari spesialis tanpa harus mengantri panjang,POSITIVE
balesnya katanya 2 minta tapi lama banget tapi penjelasan dktr bagus,NEGATIVE
terbaik pokoknya semoga cocok dan cepat sembuh juga,POSITIVE
lama kelamaan tidak ada bedanya saya bicara dengan ai karena penulisan yang sudah disusun sebelumnya saya konsultasi dengan berbagai dokter juga template jawabannya pun hampir sama apa karena harganya yang cuma 60 000 sehingga memang seharusnya layanan harus cepat? kalau bisa berilah tanda bahwa konsultasi tersebut dijawab dengan manusia seperti voice note atau semacamnya saya tahu dokter sesibuk itu kalau harus melayani dengan cara seperti ini tapi ini memberikan rasa aman,NEGATIVE
suka sekali konsultasi langsung dengan dokter penjelasan nya clear sekali,POSITIVE
perbaiki mitra pengantaran kalo tidak buat sendiri pengantarnya tidak perlu bermitra dengan pihak ketiga,NEGATIVE
kemarin ada chat gratis sekarang malah bayar,NEGATIVE
memuaskan pelayanan bagus,POSITIVE
dokter belum menjawab dan memberi solusi di muka saya saya sudah bayar dan waktu nya habis dokter terlalu sibuk,NEGATIVE
mantap pelayanannya,POSITIVE
enggak mengerti sumpah kalau di apk sebelah diurutin sesuai dengan dokter spesialis apa dan biasanya gratis satu kali setiap dokter spesialis nah live chat di read pas pertama sama chat kedua kesana nya lama balesnya di apk sebelah gratis pun mereka cepat respon dan bukan dokter umum saja bisa dokter spesialis lain lama respon dokternya padahal sesinya disini lebih sedikit loh cuma 30 menit sedangkan apk sebelah gratis selama 1jam lagi pula kami enggak mungkin sampai konsultasi sejam 10 menit juga beres,NEGATIVE
mudah cepat dan lengkap juga banyak alternatif pembayarannya,POSITIVE
susah ribet apk ini sangat tidak membantu mending langsung ke dokter terdekat saja deh,NEGATIVE
saya barusan di hubungi via telepon sama seseorang yang mengaku dari klik dokter katanya saya asuransi gratis selama sebulan pertama untuk bulan berikut nya dikenakan biaya asuransi 95000 bulan dan bla bla ! kemudian dia meminta data diri saya untuk ttl saya kasih tau tapi saya mulai curiga karena dia meminta nik saya akhirnya tidak saya kasih dan telp saya tutup mohon klarifikasi nya trimakasih,POSITIVE
terima kasih buat dokter2 didlam aplikasih ini panjang umur dan sehat selalu jangn pernh berhenti untuk membantu orang orang susah seperti saya salam hormat dokter2 disini,POSITIVE
sudah bayar tapi tidak bisa tulis chat aplikasi abal abal ya untungnya hanya 9500 waspada ya teman teman,NEGATIVE
enggak bisa login setelah keluar padahal sudah ikut asuransinya yang setiap bulan di debet otomattis contac person email tidak ada yang bisa dihubungi semua parah,NEGATIVE
apakah ber bayar,NEGATIVE
aplikasi ini mengecewakan dan merugikan di pakai tidak di potong 39 ribu perbulan iya awal gabung katanya pertahun pemotongan biyayanya tapi malah perbulan,NEGATIVE
sementara nih jadi penyimak saja dulu sip deh pokoknya,POSITIVE
waktunya sangat singkat belum selesai penjelasan chat sudah berakhir,NEGATIVE
hati hati sama alodokter masa kita sudah pembayaran obat karena obat nya kosong uang kita enggak dikembaliin penipuan dasar,NEGATIVE
awalnya saya buka ap ini ada dokter spesialis paru yang online setelah saya bayar dan akan masuk tahap chat tiba tiba status online berubah offline opsi chat dengan dokter lain saya gunakan ternyata tidak ada dokter yang online saya coba komplain dengan chat ke admin dan meminta refund uang saya ternyata jawabnya saya bisa refund uang yang sudah saya bayar menunggu 14 hari kerja aplikasi yang maunya dapat duit mudah enggak capek kerja,NEGATIVE
biasanya dapat dokter baik pejelasannya enak tadi dapat dokter ortopendi masuk ruang chat hilang 15 minta sekali ada slow respon deh kecewa semoga dokternya di perbaiki pelayanan nya,NEGATIVE
chat dokter jadi berbayar sekarang padahal biasanya jawabannya copy paste text doang,NEGATIVE
dokter nya sangat ramah terimakasih ï semoga telinga saya juga cpat sembuh,POSITIVE
benci banget bias bias saya ingin tau recommend produk untuk hal yang penting banget ah sudahlah saya tidak suka,NEGATIVE
sangat bagus untuk menambah ilmu pengetahuan,POSITIVE
kurang puas sama jawabannya terlalu buru buru dan penjelasannya kurang detail,NEGATIVE
ngbantu banget apk nya bagus sring dapat vocher juga trma kasih halodoc,POSITIVE
sekarang chat sama dokter bayar semua,NEGATIVE
respon dokter cepat dan hemat waktu,POSITIVE
aplikasinya bagus sangat memberikan pengetahuan mengenai hal medis namun sebaiknya setiap deskripsi obat dan penyakit dicantumkan sumber yang valid,POSITIVE
mudah dan cepat untuk konsultasi dengan dokter enggak perlu jauh,POSITIVE
baik bisae membantu yang jauh,POSITIVE
jelek banget aplikasinya masa sudah bayar eh tiba tiba aplikasinya error dan enggak bisa dipakai lagi hangus deh uang saya sia2,NEGATIVE
kecewa sama aplikasi ini aku mau konsuk ke dokter spesialis kulit malah enggak bisa dan di arahkan ke dokter umum padahal sudah bayar dua kali malahan,NEGATIVE
bagus ramah sekali dokternya,POSITIVE
respon cepat sekali terimakasih,POSITIVE
apliaksi yang sangat membantu untuk orang bisa konsultasi di aplikasi ini namun ada beberapa yang di sayangkan untuk saya ketika chat dengan dokter bagi saya 50rb itu lumayan dan yang saya dapat dari konsultasi itu cuma kata siap bukanya konstitusi dapat solusi malah dapat emosi,NEGATIVE
saya kesal sama dokternya saya chat enggak di balas makanya saya mengasih bintang 3 kenapa saya enggak suka klikdokter itu yang mamah gue suka dengan dokter nya tapi saya kesal banget sama dokternya,NEGATIVE
saya sangat tidak suka dengan cara aplikasi ini saya pikir buat kami orang yang tidak punya uang bisa konsultasi lewat aplikasi ini secara gratis namun apa daya tetap saja aplikasi meminta uang saya kira aplikasi ini mau membantu masyarakat yang kurang mampu hadeeeh sudalah,NEGATIVE
gagal melulu uang diganti vocer mumet ini jualan vocer ya,NEGATIVE
cukup membantu pertanyaan yang saya ajukan,POSITIVE
sangat membantu sekali sebagai newmom,POSITIVE
kecewa banget asli konsultasi tapi berasa buang2 uang bukannya membantu malah menyudutkan saya seolah sudah pernah berhubungan seksual padahal saya jelas bilang masih di bawah 18 tahun sikapnya enggak profesional sama sekali malah bilang â œkok bisa kaya begitu ya mbaâ dan â œpenyakitnya enggak lazim loh â bukannya menenangkan malah bikin panik dan merasa disalahkan tolong halodoc kalau mau disebut layanan kesehatan profesional pastikan dokternya tahu cara bersikap dan menghargai pasien,NEGATIVE
uangnya sudah berasil di tf tapi mau chat dokternya enggak bisa2 padahal di suruh tggu 4 menit tapi sudah 2jam menggu indak di blas chatku malah di hapus chatku kecewa dengan aplikasinya,NEGATIVE
apdet mulu kalo enggak diapdet enggak boleh masuk bete,NEGATIVE
kenapa pada saat verifikasi nomor tidak ada tanda untuk mengirim dan juga tidak bisa mengirim? padahal saya sudah mendapatkan dan mengisi kode verifikasi yang diberikan lewat sms karena itu saya jadi tidak bisa login ke aplikasi mohon bantuannya segera,NEGATIVE
respon dokternya cepat,POSITIVE
sangat puas bisa konsultasi dengan dokter nya,POSITIVE
adanya halodoc sangat membantu dalam pengobatan secara cepat dan praktis,POSITIVE
chat dibalas sg cepat,POSITIVE
mau chat nih terus masuk ke pembayaran pembayarannya berhasil tapi enggak bisa chat dokter uangku bagaimana dong,NEGATIVE
bagus untuk curhat dengan psikolog dapat saran2 yang bagus,POSITIVE
mantap sekali konsultasi langsung diberi resep dan sembuh responsif juga dokterny,POSITIVE
saya suka responnya cepat dan jawaban dari dokternya pun tepat,POSITIVE
tf sudah masuk tapi gagal konsultasi kalo dokternya lagi sibuk harusnya ada pemberitahuan di profil nya,NEGATIVE
bagus respon cepat,POSITIVE
baru tau sekarang kalau mau konsultasi bayar padahal dulu fre,NEGATIVE
bagus detail mudah,POSITIVE
pertanyaan saya enggak dibales sama sekali! jadi malas!!,NEGATIVE
lebih mantwb dari halodoc,POSITIVE
sangat memuaskan sangat terbantu dengan adanya halodoc enggak usah datang ke rs tapi sudah bisa konsultasi lebih puas konsultasi lewat ini dibanding datang ke rs cuma kelemahnya untuk obt suka menunggu 3 hari,POSITIVE
sangat bagus pelayanannya,POSITIVE
setelah mendengar penjelasan dokter saya jadi mengerti dan bisa tenang terima kasih dokter nanti kalau belum jelas saya akan konsultasi ulang,POSITIVE
ramah dan sangat teliti trimakasih sangat bermanfaat,POSITIVE
kadang sangat lelet kayak enggak ada respon,NEGATIVE
muantaaap,POSITIVE
pembayaran ribet banget plis enak ap sebelah maaf ya t_t,NEGATIVE
sangat terbantu sekali di saat saya lagi sakit malamâ² kayak begini enggak bisa keluar dan enggak ada yang antar juga dan dokternya baik dan ramah bang terimakasih,POSITIVE
respon dokter nya fast banget,POSITIVE
jadwal cek lab dibatalkan sepihak sama aplikasi dan harus menunggu 7 14 hari untuk refund uangnya padahal ini urgen kalau dibatalkan sepihak harusan uang langsung balik biar pasien bisa daftar di rs yang lain dihari yang sama!,NEGATIVE
cepat tepat tanggap,POSITIVE
luar biasa pelayanan 24 jam,POSITIVE
dulu gratis sekarang berbayar jadi malas,NEGATIVE
memberikan saran yang baik,POSITIVE
sangaaat membantu thanks,POSITIVE
aplikasi tolol mau sambungkan ke asuransi saja ribet banget kayak akun pinjol mesti foto ktp sama muka segala sudah begitu gagal mulu kocak,NEGATIVE
fast,POSITIVE
respon dari dokternya sangat baik,POSITIVE
saya kasih bintang 1 pas sesi percakapan belum ada balasan dari dokter tapi sudah di tutup percakapannya karena sudah 30 menit tidak ada balasan dari dokter otomatis di tutup mohon maaf saya bayar untuk konsultasi tapi kalau tidak ada balasan dari dokter dan dokternya lama respon buat apa saya konsultasi di apk alodokter sangat tidak recomended apk alodokter ini mending kalau mau konsultasi bisa ke dokter terdekat saja daripada online tapi tidak jelas,NEGATIVE
dokternya fast respon sabar menjawab setiap pertanyaan saya semoga resep obatnya cocok,POSITIVE
respon dokternya cepat recomended banget nih ap,POSITIVE
dokter sangat ramah n baik,POSITIVE
sangat membantu konsultasi dengan dokter dari rumah,POSITIVE
enak konsultasi bisa dari rumah dokternya juga cukup teliti dan informatif jadi kalo lagi sakit enggak perlu nunggu2 antrian di rs,POSITIVE
penjelasannya gamblang anjurannya baik kita saja yang harus patuh n bisa mengendalikan diri jika ingin sehat,POSITIVE
bagaimana chatnya sih dklik chat enggak rubah2 belum mengerti!!!2bintang dulu kalau deh bisa chat 5bntang,NEGATIVE
apaan tiap kali mau chat a dokter tiba tiba out sendiri mana deh bayar jadi belum sempat dialog serasa ditipu,NEGATIVE
dokternya ramah jawabnya cepat suka sekali terimakasih dokter,POSITIVE
dokter ramah dan jelas trimaksih,POSITIVE
bagus dan membantu,POSITIVE
aplikasinya sangat berguna dikala sakit,POSITIVE
sumpah enggak bisa daftar sudah berkali kali masukkan nomor kagak ada kode yang dikirim enggak guna,NEGATIVE
sangat amat baik dan membantu untuk kulit sensitif dari corry khathreen sapa di v e terimakasih,POSITIVE
apotek yang kerjasama di tempat saya jauh dan sering obat kosong jadi tetap harus keluar beli obat lagi,NEGATIVE
bayarnya cuma bisa pakai gopay ribet,NEGATIVE
dokter umum beralasan tidak bisa di wawancarai dengan alasan ada kesibukan padahal saya meminta wawancara pada dokter tersebut pada jam 21 18 saya sangat tidak merekomendasikan aplikasi ini,NEGATIVE
overal oke yang saya kurang suka adalah pengiriman dibedakan ada yang instan dan reguler ini kan untuk kesehatan ya kenapa enggak usahakan yang terbaik agar obat bisa diterima oleh pelanggan tapi justru dianggap jadi ladang bisnis dan dibuat kelas edit dari bintang 3 jadi bintang 1 review jujur eh dibalas hubungi cs untuk keluhan,NEGATIVE
tolong ya saya enggak bisa login!!! ketika sudah memasukkan kode otp dan tidak ada tombol ternyata tetap stuck disana,NEGATIVE
easy tapi use tampilan aplikasinya juga menarik,POSITIVE
mengecewakn,NEGATIVE
sekarang sering eror ya?,NEGATIVE
membantu dalam pengambilan keputusan,POSITIVE
halodoc sangat membantu,POSITIVE
ramah dan cepat balas nya,POSITIVE
sudah bayar buat tanya dokter menunggu jawaban 1 jam tapi enggak ada jawaban malah dokter offline,NEGATIVE
pengalaman pertama ketika memakai aplikasi ini pesanan obat untuk ibu saya langsung dibatalkan padahal obat itu sangat diperlukan tanpa ada notifikasi pemberitahuan sampai saya mengecek di aplikasi kalo pesanan obat sayq dibatalkan sangat mengecewakan cukup sekali memakai aplikasi ini terima kasih,NEGATIVE
aplikasinya mudah digunakan dokternya enak diajak konsultasi,POSITIVE
gagal masuk aplikasi sudah masuk kode otp tetap ngulang sampai menunggu sejam terus saja begitu tiap hari,NEGATIVE
respon dokter cepat jelas,POSITIVE
dulu gratis kok sekarang berbayar,NEGATIVE
karena tidak bisa kasih rate per layanan saya rincikan deh ya aplikasi chat dengan dokter sih oke ya bintang 4 lah ya tapi untuk delivery obatnya 0 pesan obat sampai 3 hari belum sampai aloshop 1 lah ya mengingat minimnya apotek rekanan bagaimana cerita domisili depok tapi obat diambilkan dari bandung respon customer service juga 0 karena tidak membantu sama sekali ketika complain masalah pengiriman total 5 bintang untuk 4item penilaian 5 4 1 25 jadi overal bintang 1,NEGATIVE
setiap ingin chat dokter secara regular atau gratis pasti tidak bisa dan langsung menutup sendiri aplikasinya,NEGATIVE
dokter ramah oke sih pengin bertanya lebih keburu sistem putus perpanjang saja kalau pertanyaan belum selesai asal ada saldo gopay nya,POSITIVE
saya kasih bintang 1 gila saja sudah bayar pas deh chat dokter tapi karena enggak di respon otomatis obrolan di tutup uang enggak di kembaliin,NEGATIVE
maaf mencari obat lewat hp saya tapi tertera stok habis ketika teman mencari di hp nya ada kok bisa ya apakah ini ada kaitannya dengan perbedaan domisili atau jenis hp?,NEGATIVE
baik dokternya gercep,POSITIVE
sangat effesion,POSITIVE
agak sesat sih ahli gizinya mentang pasien enggak tau apa asal ngejawab saja pakai ai rasanya masa bmr 1500 disarankan diet hanya 1300 kalori perhari gila gila,NEGATIVE
bagis respon para dokter,POSITIVE
baru di aplikasi ini berobat dikasih obat sampai 2 box obat 10 strip box,NEGATIVE
cara berobat yang simple efektif dan efisien hemat ongkos hemat waktu,POSITIVE
dokternya baikðÿ,POSITIVE
saya tidak berlangganan sama sekali kok saldo atm saya tertarik ya!!! aneh!,NEGATIVE
enggak mengerti,NEGATIVE
sangat membantu ditengah malam kepepet,POSITIVE
obat yang diresepkan tidak ada dikota bandung percuma pakai asuransi kalau resep obatnya tidak bisa digunakan sudah berulangkali aplikasi yang sangat mengecewakan,NEGATIVE
gila pesan obat lewat alodoc menunggu kurir sejam lebih mau diambil sendiri malah di chat kata nya pesanan harus menunggu kurir untung obat label hijau kalau urgen sudah kaya bagaimana sangat tidak memuaskan,NEGATIVE
sangat membantu dan mendapat jawaban serta saran yang sangat akurat,POSITIVE
pls halodoc bisa enggak sih kalo kita ketinggalan sesi itu duitnya di balikin?? masa iya dokternya enggak di respon 2 menit langsung di cansel? sudah 2 kali loh saya kayak begini rugi banget huft setidaknya kalau enggak di balikin duitnya kayak atur lagi saja begitu sesinya,NEGATIVE
rekam medisnya enggak bisa dibuka sama sekali sehabis konsultasi jadinya enggak tau sebenarnya saya ini sakit apaan nama penyakitnya apa sering konsultasi di sini tapi rekam medis enggak bisa dideteksi terus enakan di ap sebelah,NEGATIVE
jaman sekarang bertanya doang harus bayar ya,NEGATIVE
sangat buruk!!!!! saldo saya selalu kepotong dari tahun 2021 padahal saya tidak pernah melakukan transaksi langganan sudah berapa ratus ribu saya rugi?,NEGATIVE
langganan karena pakai asuransi alianz sudah pokoknya top deh,POSITIVE
setelah pembaruan sudah enggak ada menu tanya dokter gratis berbayar semua terima kasih klik dokter tapi maaf karena sudah enggak guna buat saya dan saya harus uninstal apknya,NEGATIVE
tidak ada metode qris dalam metode pembayaran nya,NEGATIVE
tq dok,POSITIVE
saya vhat dengan dokter kecantikan begitu tanya jawab saya dokter umum padahal tertulis dokterkecantikan estetika,NEGATIVE
dokternya fast respon sangat rekomendasi,POSITIVE
pesanan obat yang ingin dibatalkan tidak itu kenapa ya ? seharusnya bisa dong dibatalkan,NEGATIVE
kalo dokter sudah oke banget ramah ramah lagi tapi saya hanya mengingatkan jangan pernah beli obat di apk atau aloshop nya mendingan lihat resep yang sudah dikasih dokter terus beli di apotek terdekat ya jangan sesekali beli obatnya lewat online saya sangat kecewa dari apotek nya bilang 2 4 hari datang eh malah sampai 6 hari enggak datang datang ya keburu sembuh yang ada,NEGATIVE
enak nih buat yang suka malu2 kucing ketemu dokter bisa online saja lewat klikdokter pelayanan dan harganya oke sekali,POSITIVE
dokternya ramas,POSITIVE
sebaiknya para dokter dalam merespon dan kembali bertanya pada para penderita sakit lebih detail contohnya berapa umur bapak ibu sudah berapa lama menderita sakit,POSITIVE
tidak bagus dan tidak membantu mentang2 gratis dikasih waktu 5 mnit dan enggak ada jawaban apapun dari dari cari dokter yang lain malah gagal dibatalkan apa apaan? enggak usah banyak iklan di tv kalo belum membantu,NEGATIVE
enggak jelas sudah bayar dokter sibuk di lempar dokter lain sibuk giliran kita yang lengah dikit percakapan di tutup enggak ada respon katanya enggak lagi lagi deh,NEGATIVE
dokternya baik ramah giliran beli obat di tolak karena stock kosong padahal keterangannya stok tersedia tapi refund dananya nggggaaaak buangetz dari tanggal 28 maret sampai sekarang 4 april belum ditransfer tanya cs katanya sudah di transfer dari tanggal 3 padahal pakai gopay estimasi 3 hari tapi smpek sekarang belum nyampek ini transfer uang pakai apa ya jadul banget perasaan transfer uang itu hitungan detik deh nyampek,NEGATIVE
mantap chat dokternya murah balasnya juga cepat,POSITIVE
kenapa ya alodok sekarang prabayarga seperti dulu lagikesel banget,NEGATIVE
pelayanan nya sangat ramah dan dokter nya pun menjelaskan secara detail sehingga gampang untuk di mengerti,POSITIVE
apiik,POSITIVE
aplikasi tidak bermutu saya masuk ke aplikasi ini malah kembali terus ke menu utama,NEGATIVE
enggak jelas aplikasinya ngebatasin chat ke dokter sudah bayar balesannya sama robotnya doang dari ronal egi ernest enggak rekomendasi,NEGATIVE
tidak bisa muncul,NEGATIVE
aplikasinya lemot muter saja habis pesan obat enggak bisa di lihat hasil pesanan obatnya terus pakai jasa anter saja saya kira namanya obat cepat di krim sama saja lama sampai sekarang saya pesan obat dari kemarin belum di kirmâ² keburu anak saya demam tinggi saya pesan pakai asuransi tapi pelayanan jasa kirimnya begini banget orang sakit emergency bukan pesan paket meminta di batalin enggak bisa aneh banget orang obatnya saja enggak smpeâ² payah banget pelayanan dan aplikasinya yang lemot muter saja,NEGATIVE
sanngat puas,POSITIVE
suka banget tapi waktu nya kurang lama,POSITIVE
saya pesan obat bayar transfer bank malah gagal ajukan refund sudah terus penahanan dana 3 hari kerja belum tanggal libur serta merah enggak dihitung dan belum dikembalikan sampai sekarang tidak jujur tidak bertanggung jawab kecewa banget jadinya kapok,NEGATIVE
bintang 5 mah kurang ini sebenarnya harusnya bintang 100 pelayanan dokternya benar benar bagus responsif diaknosanya mendalam dan informatif bumi dan langit ini mah kalo dibanding sama sih merah,POSITIVE
fitur live chat gratis sangat membantu untuk pengiriman obat juga cepat,POSITIVE
baru kali ini aku sangat kecewa dengan aplikasi ini awal awal saya pakai bagus pengiriman sesuai aplikasi tapi sekarang masalah pengiriman sangant tidak memuaskan pengiriman tidak sesuai jadwal aplikasi padahal sudah ada di kabupaten saya tapi di jawab ada kendala dengan alamat lah padahal kalo di cari di google maps itu sudah tertera jelas alamatnya ini aplikasi saya mau beli obat masa harus di tunda 2 hari lagi karena pengiriman sekarang hari sabtu orang sakit bukanya sembuh malah di suruh tahan sakit,NEGATIVE
terimakasih penjelasan dari jawaban konsultasi dengan dari corry sangat jelas dan ramah sukses selalu untuk halodoc,POSITIVE
respon nya cepat terima kasih,POSITIVE
konsultasi kurang leluasa dalam artian solusi yang diberikan seperti solusi yang orang awam sudah tau,NEGATIVE
sudah 2x kejadian biaya konsultasi beres tapi tiba tiba dokter offline sedangkan uang saya belum di refund disuruh chat dokter lainnya tapi uang saya belum di refund,NEGATIVE
respon nya cepat dan penjelasanya cukup jelas,POSITIVE
fast respon dokternya dan amat sangat membantu,POSITIVE
kurang puas mhn maaf apk nya saya hapus,NEGATIVE
konsultasi aman dan memuaskan terimakasih,POSITIVE
sangat membantu dan lebih praktis,POSITIVE
coba konsultasi ke psikiater ternyata enggak kompeten respon nya juga lambat cuma di jawab sekali saja sampai sesi habis dari cs nya juga kasih solusi masalahnya lama itupun kompensasi nya cuman dapat voucher bukan ful refund dan voucher nya tidak ful seharga sesi konsultasi nya melainkan hanya setengah harga dasar aplikasi scam enggak worth itu,NEGATIVE
sangat membantu kita chat langsung ada jawaban dari dokter nya terima kasih klikdokter sudah membntu,POSITIVE
dokter disini jam berapa juga tetap ada bukan cuma itu tapi fastrespon juga aplikasinya ramah digunakan enggak ribet deh,POSITIVE
cuma meminta kode otp saja enggak bisa kalau enggak segera di perbaiki mungkin akan aku uninstal,NEGATIVE
saya suka sekali sama aplikasi ini apa lagi cara dokter menjelaskany singkat tapi mudah di mengerti dan trimakasih untuk dari sama arief gunawan sangat cepat merespon dan begitu detail menjelaskany,POSITIVE
sangat baik mudan di mengerti penjelasanya the best,POSITIVE
parah banget masa baru bayar belum 1 menit selesai transaksi tiba tiba keterangannya selesai dan dokter sedang sibuk padahal belum konsultasi sama sekali,NEGATIVE
aplikasi ini sangat membantu saat anak sakit mendadak sebagai pertolongan pertama,POSITIVE
pilihan top up cuma shope gopay shope bug juga sudah verified otp shope malah wrong number terus bad request juga astaga pilihan top up nya di membanyaki ya kalo dikit di pastiin jangan bug,NEGATIVE
responnya lama enggak tau karena jaringan atau apa,NEGATIVE
sabar dan menenangkan,POSITIVE
saya dari dulu pakai apk ini aman2 saja kenapa belakangan ini buka aplikasinya saja begitu lama bahkan enggak bisa kebuka padahal lagi urgent,NEGATIVE
setiap transaksi gagal enggak ada metode pakai qris ini aplikasi tutup saja enggak ada guna,NEGATIVE
keren banget respon yang bagus,POSITIVE
hi aku sudah melakukan pembayaran via dana dan aetelah aku tunggu terus aku cek lagi kok dibatalkan ya? tapi saldo dana ku sudah berkurang hei pls,NEGATIVE
jangan di download ini aplikasi penipu lihat saja reviewnya banyak yang kepotong duitnya tiap bulan balikin duit saya tadinya dokternya online pas sudah ditransfer eh sibuk lama ditungguin eh tiba tiba offline,NEGATIVE
cukup membantu untuk yang jaauh ke dokter umum,POSITIVE
saya enggak pernah merasa berlangganan kok tiap bulan uang di atm saya ke tarik ya,NEGATIVE
waduh sekarang konsultasi dokter umum bayar ya enggak kayak dulu,NEGATIVE
katanya aplikasi konsultasi gratis tapi kok di suruh bayar,NEGATIVE
sangat baik dan sangat membantu respon dokternya baik,POSITIVE
kalo mau chat dokter harus bayar biaya konsultasi dulu sudah byr biaya konsultasi malah enggak bisa chat dengan berbagai alasan aplikasi kuota habislah atau apalah sudah beberapa kali saya mencoba tetap sama zonk hasilnya saya jadi merasa kecewa buangâ² uang saja percuma juga download langsung saya uninstal karena kecewa sudah tertipu,NEGATIVE
sangat membantu dikala darurat,POSITIVE
kenapa tidak bisa login ya? kode otp selalu gagal,NEGATIVE
baik membantu,POSITIVE
setelah di update saya enggak bisa menemukan kalender kesuburan,NEGATIVE
disuruh update tapi enggak bisa update di playsote ini bagaimana enggak bisa log ini min solusinya dong,NEGATIVE
buat akun baru enggak ada gratis nya padhal dulu adaâ ï,NEGATIVE
chat saya masih belum di balas oleh dokter tapi sudah di akhir i sia sia bayar nya,NEGATIVE
di klikdokter dokter dokternya quality over quantity yang mana berkualitas jadi senang konsultasi kerasa worth itu nya!,POSITIVE
semoga cocok dengan resep dokter,POSITIVE
senang konsultasi di klik dokter dokternya ramah n baik terimakasih klik dokter,POSITIVE
hati hati sama aplikasi ini agar lebih bijak lagi setelah saya unduh aplikasi ini enggak lama akan ada orang asing yang nelpon terus mengatas namakan tim alodokter modus nya macam macam contoh nya nanti mereka akan memberikan santunan untuk klaim terkena demam berdarah 2jt rupiah tapi harus mengasih nomor rekening dulu entar dari situ mereka bakalan retas saldo rekening kita parah sekali modus zaman sekarang bidang medis pun jadi ladang untuk melakukan penipuan terhadap masyarakat,POSITIVE
lebih baik lagi,POSITIVE
kok di kalender kehamilan enggak ada gambarnya ya ? sudah 2hari ini?,NEGATIVE
aplikasi yang sangat amat membantu dokternya siap menjawab pertanyaan kalian semoga makin berkembang aplikasinya,POSITIVE
halo ini kenapa enggak direspon ya sangat meresahkan banget tiap sebulan dua kali kepotong saldo 39rb,NEGATIVE
untuk obat lengkap tapi dapat keluhan driver apa benar ada ongkir yang 5rb ? padahal kita bayar lumayan ongkir nya,POSITIVE
ini kenapa jadi autodebit sih tiap bulan ada yang bisa jelaskan dan cara mengehentikan auto potongan ini 39 tiap bulan ini lumayan loh,NEGATIVE
sangat puas dengan penjelasan dokter,POSITIVE
terima kasih dokter cepat responnya sangat membantu,POSITIVE
puas baik lagi dokternya,POSITIVE
respon baik mudah di mengerti dan cepat,POSITIVE
lebih praktis dan mantap,POSITIVE
kalo mau sehat harus bayar yagesya,NEGATIVE
jelas banget penjelasannya,POSITIVE
sehat itu indah,POSITIVE
sayang sekali apk alodokter sudah ada biaya chat dengan dokter umum padahal sebelumnya sangat membantu,POSITIVE
ini aplikasi bagaimana sih! mau chat dokter spesialis pilih yang online sudah pilih byr eeh sudah terbayar mau lanjut chat dokter eeh malah offline ! sampai kapan onln nya ganti dokter byr lagi,NEGATIVE
dokter sangat ramah dan memberi edukasi sangat mudah di pahami,POSITIVE
tidak jelas penjelasan juga tidak lengkap tidak ada solusi untuk penyakit yang diderita,NEGATIVE
suka sama halodoc harga chat dokter terjangkau tapi bisa bantu banget disaat urgent,POSITIVE
terima kasih banyak halodoc ï,POSITIVE
saya konsultasi pertama kali di halodoc menggunakan voucher potongan saya sama sekali tidak di meladeni oleh dokter nya mentang mentang saya pakai voucher jadi begini saya di kasih waktu selama 30 menit untuk konsultasi sama dokter kulit dari jam 13 15 sampai jam 13 31 belum di balas chat saya konsultasinya padahal di atas chat saya ada notifikasi bahwa batas waktu saya konsultasinya 13 35 tolong dong di perbaiki,NEGATIVE
alhamdulillah terimakasih banyak apk yang sangat membantu,POSITIVE
simple enggak ribet respon cepat,POSITIVE
terimakasih untuk informasinya sangat membantu dan bermanfaat top deh buat alodokter,POSITIVE
cukup bagus beberapa dokter kurang bagus dan lainnya cukup bahkan sangat bagus,POSITIVE
tolong untuk mapnya disinkronkan dengan google map,POSITIVE
pengiriman obat melalui alodok prosesnya sangat lama untung obat kulit kalau obat penyakit dalam sudah keburu mati padahal toko obat nya dekat hanya hanya sekitar 17 kilo tapi proses nya lama sudah 4 hari belum sampai juga,NEGATIVE
cukup membantu buat yang enggak punya waktu untuk konsultasi ke dokter,POSITIVE
masuk nya saja susah,NEGATIVE
aplikasi penolong yang paling recomended sangat mudah dipakai efisien,POSITIVE
pelayanan nya cepat dokter nya baik juga semoga semakin maju dan sukses untuk halodoc,POSITIVE
obat yang diresepkan semuanya tidak tersedia dan kalaupun tersedia dari apotek meminta tambahan biaya kalau tidak mau bayar tambahan obat tidak dikirim,NEGATIVE
semoga kedepannya dokter2 bisa cepat responnya,POSITIVE
biaya dokter tidak sesuai yang tertera di aplikasi harusnya bilang biaya di aplikasi hanya estimasi coba sistemnya di perbaiki pembayaran bisa lewat aplikasi dan harga tertera itu bukan estimasi sudah biaya dokter mahal dokternya mengasih saran basic banget lihat edukasi di tiktok atau youtube lebih berguna,NEGATIVE
luar biasa aps yang sangat membantu di saat urgent dangke banyak ya,POSITIVE
pelayanannya cepat tanggap dokter nya juga sigap,POSITIVE
dokternya pada malas semua jawabnya enggak guna,NEGATIVE
fast respon dokternya juga ramah,POSITIVE
sejauh ini saya suka pelayanannya dan gratisnya hehe,POSITIVE
pelayanannya memuaskan,POSITIVE
coba gratis saja kakak jangan berbayar,NEGATIVE
ok banget,POSITIVE
dokternya ramah dan cepat respon,POSITIVE
aplikasi nya sih bagus ya membantu namun sangat disyangkan sekali riwayat chat konsultasi kita sama dokter hilang itu sangat disayangkan sekali padahal itu paling penting karena kita butuh riwayat konsultasi chat kita buat melihat resep obat yang sudah dresep kan dokter kemarin tapi enggak ada sama sekali riwayat chat nya tanya cs nya dengan alsan pembahruan tapi daplikasi sbelh sudah beberapa kali itu pembahruan chat saya dulu dari tahun 2020 sampai sekarang masih ada kan lucu,NEGATIVE
maaf ya cukup sekian,NEGATIVE
sangat membantu cuma kalo obatnya beli diapotik meskipun sudah konsultasi disini tetap tidak bisa membeli obatnya,POSITIVE
sangat membantu dan murah tapi agak lama memang balas nya,NEGATIVE
maju terus,POSITIVE
sangat memuaskan jawaban dari dokter jelas dan ramah sekali,POSITIVE
saya sama sekali tidak mengikuti program pembayaran setiap bulan sekali atm saya dipotong setiap bulan saya kecewa dengan aplikasi ini sebenarnya jangan kan bintang 1 tidak ada bintang sama sekali untuk aplikasi ini mohon dikembalikan dana saya setiap bulan karena saya kecewa dan amat sangat dirugikan,NEGATIVE
aplikasinya jelek banget lahi konsultasi belum selesai tiba tiba aplikasi tidak bisa digunakan mau lapor cs juga enggak bisa saya konsultasi bayar loh balikin uang saya enggak!,NEGATIVE
apaan ada dokter saya bertanya malah disuruh periksa ke dokter mengomong begitu mulu terus sudah tau saya cowok manggil mya mbak mungkin cewek semua yang dia obatin,NEGATIVE
kenapa ketika ingin melengkapi data sudah diisi semua dan tap selesai dibilang tidak terhubung ke server halodoc?,NEGATIVE
penjelasannya bagus n ramah,POSITIVE
dokter nya sabar dan ramah,POSITIVE
apaan barusan chat katanya disuruh tunggu 8 menit lah ini lama banget sudah set jam dan enggak dijawab2 padahal sudah bayar juga komplen ke customer service malah enggak ada jawaban jangan download aplikasi ini jelek banget,NEGATIVE
duh sudah bayar ya,NEGATIVE
buruk banget sudah bayar sudah menunggu lama lama sampai sudah gonta ganti dokter akhirnya hangus juga tuh uang diganti voucher tapi cuma berlaku berapa menit doangan ya sama saja menunggu dokternya saja lamanya meminta ampun ya bukannya bagaimana bagaimana ya lagi sakit begini kok ada saja yang mencari kesempatan okelah tergiur sama harganya yang murah tapi murah begini ke 30 orang diperlakukan kayak begini juga dapat banyak uangnya!,NEGATIVE
saya sudah enggak laanggananntapi uang saya krpotongbtrs bagaimana ini,NEGATIVE
cepat dan orisinal,POSITIVE
sangat baik semangat terus untuk para dokternya terimakasih untuk layanannya sangat baik,POSITIVE
aplikasi jelek banget update sudah byar doktertapi malah enggak bisa chat jangan update pokok ya menyesal,NEGATIVE
buruk sekali,NEGATIVE
bintang 3 dulu ya soalnya ini baru pertama kali,NEGATIVE
dokternya ok ok puas banget,POSITIVE
sangat membantu dan dokternya baik dan ramah,POSITIVE
sangat membantu ketika sakit dalam keadaan sendirian,POSITIVE
selamat siang di mau tanya saya kurang darah apakah boleh minum sangobion tapi saya tadi pagi minum multivitamin imboost,NEGATIVE
dokter menanggapi dengan cepat dan baik,POSITIVE
terimakasih dokter nya responsip semua,POSITIVE
sangat berguna waktu sakit dipedalaman yang tidak ada dokter spesialisnya resep obat bisa ditebus di apotik kota terdekat thanks halodoc,POSITIVE
respon terbaik,POSITIVE
komoditas infak pixel,POSITIVE
ini gue sudah bayar woy !!! tengah konsultasi di tinggal sama dokternya padahal jawaban belum puas serius begini amat padahal sudah pilih dokter yang berhijab kayak apa sih di menit terkahir baru nongol dokter nya mengomong itu saja pak masih ada yang belum jelas ? astaghfirullah,NEGATIVE
mahal konsultasi lewat online saja bayar,NEGATIVE
alhamdulillah menolong banget sih disaat malem2 enggak ada dokter buka bisa ke halodoc,POSITIVE
tidak mantap,NEGATIVE
chat dokter rawan terputus oleh aplikasi maka harus bayar ulang dan login ulang ahirnya informasi juga terputus menjadikan terhambat proses resep dokter,NEGATIVE
sumpah kesel banget sama ini aplikasi sudah dokternya blsnya lama banget gue tinggal dulu enggak ada notif enggak ada apa tiba tiba sesi chat slesai tai dapat solusi kagak bayar harus hadeh,NEGATIVE
sangat membantu buat urgensi,POSITIVE
menambah ilmu tentang dunia kesehatan terima kasih,POSITIVE
membantu banget buat aku,POSITIVE
gratis kah ini?,NEGATIVE
booking dokter lewat sini pas ke rs dokter sedang tidak ada praktek kacau,NEGATIVE
sudah bayar kenapa enggak bisa chat dokternya ????? penipu gua sudah bayar tapi enggak bisa konsultasi,NEGATIVE
sangat membantu trimakasih hallodoc,POSITIVE
uang saya belum di kembalikan tolong ini bagaimana caranya ya,NEGATIVE
tadinya mau download eh baca baca ulasan pada aneh aneh semua auto enggak jadi,NEGATIVE
lumayan membantu saya pengguna dari 2019an dan selalu cocok terimakasih halodoc,POSITIVE
lebih enak pesan disini ada konsultasi,POSITIVE
terima kasih beli obat jadi mudah,POSITIVE
sudah bayar tapi dibatalkan saldo go pay enggak balik payah nih aplikasi,NEGATIVE
sangat informatif dan membantu,POSITIVE
sangat membantu saran saya untuk biaya konsultasi lebih di murah kan lagi,POSITIVE
alo dokter sangat membantu saya tidak perlu jauh2 pergi ke rumah sakit dan antri dokter nya baik menjelaskan dengan sangat rinci kebetulan saya konsultasi masalah kulit berjerawat saya alhamdulillah jerawat saya mulai hilang kulit saya mulai halus lagi terima kasih alodokter,POSITIVE
tidak ada apotek kerjasamanya untuk lokasi pekanbaru,NEGATIVE
cepat terjangkau,POSITIVE
kenapa ya susah banget kebuka aplikasi nya,NEGATIVE
aplikasi enggak jelas jangan di download di chat tapi enggak dibales sama adminnya di bagaimana cara konsultasinya bagaimana cara bayarnya enggak di balas,NEGATIVE
saya kok enggak bisa kirim gambar di situ tertulis koneksi internet bermasalah tapi saya kirim pesan bisa kok tolong di bantu,NEGATIVE
banyak bug enggak bisa daftar lewat no hp terus pas mau ganti nama akun malah fc mulu padahal itu penting buat bikin resep obat iya sih sudah disertakan di form nama pasien tapi pas pengiriman masih menggunakan nama akun dan sering kali salah alamat ðÿ ðÿ,NEGATIVE
saya sudah kirim email dan wa untuk membatalkan tapi tidak ada balasan,NEGATIVE
chat balas lama dan tiba tiba sesi di tutup kecewa,NEGATIVE
pelayanannya sebagus itu terpikir kenapa enggak dari dulu ya? kayak mood aku kalo sudah menunggu di rs tuh bete saja begitu lama,POSITIVE
mantap mantap,NEGATIVE
sering enggak bisa kirim gambar padahal sudah di izinkan semua,NEGATIVE
tolong di perbaiki karena saya coba link akun medcare ke halodoc selalu ada notifikasi invalid medcare account daftarkan peserta di aplikasi medcare padahal sudah dilakukan oleh saya sebelumnya,NEGATIVE
maaf mau bertanya ini aplikasi ada kendala apa ya kok mau daftar saja susah banget,NEGATIVE
insya allah prihatin dan sehat,NEGATIVE
responnya cepat tanggap trimakasih banyak dok,POSITIVE
ok dan jelas,POSITIVE
asli gue suka banget aplikasi ini bisa konsultasi gratis berkali kali pkok nya kalian harus pakai aplikasi ini jangan yang lain sumpah real testimoni ini,POSITIVE
sekarang mau chet saja byar mana mhal tibang konsultasi doang mendingan kdokter langsung ktauan diobatin,NEGATIVE
bagus mantap,POSITIVE
bisnis juga ya,NEGATIVE
aplikasi mudah dan terbaik,POSITIVE
bagus banget dokternya gercep cari yang prosentase chat nya paling besar ya,POSITIVE
kenapa chat live nya enggak pernah aktif? meski aktif juga enggak dibales2 sama dokter yang katanya online,NEGATIVE
mau chat bayar pakai ewalet dana tidak tersedia,NEGATIVE
membantu sekaliï,POSITIVE
enggak jelas enggak ada jwbn sama sekali padahal sudah di jawab belum dapat jwbn malah sudah di tutup percakapan nya,NEGATIVE
saya sudah tf ke dokter umum yang bernama dira eh waktu mau tf masih online sudah dikirim uangnya kok jadi ofline kenapa ya alodokter??,NEGATIVE
selalu puas dengan alodokter,POSITIVE
maaf bintang 1 chat dokter baru mulai dokternya offline padahal bayar lo posisinya,NEGATIVE
penipu banget ya benar penipu saya niat bantu sales tapi sampai sekarang saldo saya kepotong automatis padahal waktu awal sales tidak ada bilang potong dari rekening ini aplikasi penipu benar penipu,NEGATIVE
vouchernya enggak bisa di pakai,NEGATIVE
sangat membantu dalam memberikan informasi kepada masyarakat tentang kesehatan dan obat obatan,POSITIVE
sangat mmbantu dokter2nya menjawab dengan jelas,POSITIVE
puluhan kali login enggak ada sms verifikasi dan saya juga enggak perduli unistal saja apk nya lagi pula masih banyak apk yang bisa di instal selain ini,NEGATIVE
gue kasih tau buat kalian saya sudah pernah coba jasa ini 1 diagonisa nya tebakkan dokter splsialis umum sama saja 2 resep nya saling berlawanan tabrakan masa obat auato imut di minum bareng sma vitamin daya tahan tubuh 3 resep sama semua mau dokter mana saja gue kira keriris tnyata sama kayak boot komputer jawaban nya umum enggak spespik 4 r3sep nya sampai 10 piel salap nya sampai 3 salap di pakai minum tiap hari real keejaan dokter jual obata itu nyata mending berobat ke malaysia kalo ada dana,NEGATIVE
dokter ya baik dan penjelasanya bagus dan ramah sekali,POSITIVE
jujur membantu banget respon dari dokternya baik lope deh semoga terus lancar ya halodock,POSITIVE
semoga cepat menanggapi,POSITIVE
halo dok selamat malam saya baru 4 hari melahirkan untuk hari 1 2 hari aman dalam menyusui tapi setelah hari berikutnya sih adek bayi tidak mau menyusui malah muntah berwarna kuning sehingga adek bayi sulit untuk menyusu solusinya seperti apa ya dok,POSITIVE
alhamdulillah saya tidak perlu keluar cari klinik dokter cukup dari rumah saja,POSITIVE
apknya agak ngeleg ngeleg,NEGATIVE
apk serba byar dok nya banyak yang enggak jelas lagi,NEGATIVE
bagus pelayanan nya dan terjangkau ï,POSITIVE
klikdokter selalu juara buat mengasih pelayanan ke semua customernya,POSITIVE
aplikasi tidak bertanggung jawab ribet saya konsultasi tentang gerd ke dokter dan obat yang diberi kepada saya obat keras dan saya sudah menunggu 24 jam tapi belum sampai obatnya dia pikir penyakit saya penyakit biasa nyawa taruhan dajjal,NEGATIVE
respon cepat dan penjelasan detail,POSITIVE
saya pikir konsultasi dengan para dokter di aplikasi ini gratis ternyata berbayar kenapa di aplikasi ini tidak tersedia halaman beranda ?,NEGATIVE
lebih mempersulit orang lain,NEGATIVE
alhamdulillah baru sekali konsultasi tapi penjelasan nya dapat dipahami banget,POSITIVE
aplikasi yang sangat bermanfaat apalagi di tengah pandemi seperti ini hanya perlu chat dan kita sudah bisa berkonsultasi dokternya fast respon dalam menjawab dan banyak artikel kesehatan yang bermanfaat di dalamnya enggak rugi pokoknya download aplikasi ini,POSITIVE
terimakasih helodoc sangat membantu,POSITIVE
keren banget aplikasinya sangat membantu disaat sekarang ini bisa konsultasi dengan dokter via online good,POSITIVE
tidak harus repot untuk membeli obat,POSITIVE
parah banget saldo terpotong pesanan enggak di terima toko tutup enggak niat banget kayanya bikin aplikasi apa pakai anak magang aplikasinya?,NEGATIVE
halodoc selalu memvantu,POSITIVE
terimakasih sebelum telah balas cht nya tapi jawaban nya muter muter terus ujung nya suruh konsultasi ke dokter nya yang jawab pertanyaan dokter bukan ya bertanya ke dokter tapi suruh ke dokter lagi,NEGATIVE
obat tidak lengkap meminta obat a di bilang tidak tersedia di hallodoc padahal itu obat umum tolong perbaiki stock obatnya,NEGATIVE
bermanfaat buat saya,POSITIVE
halodoc sangat membantu untuk membeli obat yang jarang ada diapotik umum pengiriman sangat cepat lgsng diproses dan hrg sangat bersaing terima kasih halodoc,POSITIVE
dengan adanya aplikasi ini sangat membantu di saat darurat dan mls untuk antri ke rumah sakit cukup duduk manis dan menunggu obat datang tks halodoc,POSITIVE
sangat membantu sekali responsif dan ramah thankyou,POSITIVE
enak punya aplikasi ini mudah konsultasi penyakit yang kita alami,POSITIVE
terima kasih halodoc sangat membantu untuk yang cukup strik dengan pembagian waktu konsultasi online bisa jadi solusi,POSITIVE
saya sudah bayar obat yang ada diresep tapi pembayaran dibilang belum masuk customer service yang standby 24 jam enggak jawab sudah mau sejam email juga enggak ada jawaban jangan tanya kenapa pesan halodoc jam sekarang itu tandanya darurat,NEGATIVE
detail dan jelas,POSITIVE
sudah bayar tapi belum dapat jawaban apapun dari sih dokter sampai waktu habis,NEGATIVE
dari tahun 2021 saya sudah berhenti berlangganan tapi kenapa masih auto debit,NEGATIVE
habis konsultasi di klikdokter aku merasa terbantu banget sama jawaban dari dokternya sok happy,POSITIVE
membantu untuk konsultasi bagi orang yang masih awam dokternya juga ramah,POSITIVE
saya konsultasi cuman di lihat doang enggak di balas sama sekali padahal saya bayar gadapet penjelasan apa cuman dapat rugi doang!!!,NEGATIVE
wira susta,NEGATIVE
aplikasinya enggak bisa memilih dokter saat mau konsultasi tbtb sudah terhubung sendiri sama dokternya dan suka keluar sendiri dari aplikasi,NEGATIVE
saya sudah konsultasi dengan dokternya tetapi saat akan tebus obat kenapa selalu terjadi kesalahan alias tidak bisa ini bagaimana ya kak,NEGATIVE
terimakasih cukup membantu ketika sakit,POSITIVE
dokter saraf benaran saraf oline pas di buka begitu sudah di bayar langsung offline kan kurangajar,NEGATIVE
mudah instalasinya dokter dokternya juga kooperatif mantap deh,POSITIVE
saya sudah melakukan pembayaran tapi apa ibu priscilla pritha pratiwindya sama psi psikolog itu enggak merespon chat saya percuma sudah bayar enggak guna,NEGATIVE
sangat puas dan mantap,POSITIVE
ssngat puas,POSITIVE
sangat membantu untuk orang tua muda seperti saya yang belum banyak pengalaman tentang perkembangan anak ï respon cepat sangat ramah,POSITIVE
terima kasih khusus untuk dari bambang hadi prabowo yang selalu cepat tanggap chat saya n sangat membantu sekali terimakasih ya dok salam sukses selalu untuk dokter,POSITIVE
bagus dokter2nya sigap tingkatkan terus pelayanannya,POSITIVE
sangat membantu sekali dengan penanganan dokter yang ramah jadi kita bisa konsultasi terlebih dahulu bisa dimana saja konsultasi nya terima kasih halodoc,POSITIVE
sangat membantu terimahkasih,POSITIVE
terima kasih sudah bekerjasama dengan astra life semoga selalu bekerjasama,POSITIVE
bagaimana cara berhenti autodebit senilai 39rb perbulan saya sudah 2 tahun mau berhenti tapi terlalu berberlit,NEGATIVE
enggak jelas,NEGATIVE
katanya chat dengan dokter gratis saat saya download malah berbayar,NEGATIVE
jawaban ai ðÿ,NEGATIVE
dokter ramah terima kasih ya dok,POSITIVE
saya sangat kecewa dengan dari irma permamasari gani sapa kj beliau tanya keluhan saya saya jawab lalu sangat lama sekali beliau tidak balas tiba tiba waktu sudah selesai saya bayar untuk cari solusi bu bukan untuk tau keluhan saya apa saja,NEGATIVE
mau konsultasi online tapi setiap diklik enggak pernah muncul setelah di update malah membingungkan,NEGATIVE
sudah tidak ada yang fre kayak dulu makin naik harganya jwbannya juga kurang memuaskan,NEGATIVE
sudah 2x menggunakan aplikasi ini dan alhamdulillah sangat memuaskan dokter sangat informatif dan cepat tanggap terimakasih banyak halodoc dan dokter dokter baik,POSITIVE
waktu konsultasi nya perlu di tambah,NEGATIVE
aku lumayan puas dengan pelayanan nya meskipun di akhir sesi sudah enggak ada respon di pertanyaan tapi penjelasan dokter nya mudah untuk di pahami rekomend banget ap ini bagi yang mau instal,POSITIVE
dokternya sempat offline lambat balasnya lain alodok sekarang apa memang dokternya,NEGATIVE
bayar segala padahal cuma mau chat,NEGATIVE
yang berlangganan di aplikasi ini mending enggak usah deh saya yang sudah kena peras selama 5thn ini di aplikasi enggak jelas ini pakai nih aplikasi kagak pernah tiba tiba kok berlangganan dari 2021 sampai sekarang duit diatm saya kena potongan terus 39ribu hati hati deh sama nih aplikasi,NEGATIVE
saya instal apk ini untuk cari tau bagaimana cara nya bunuh diri tapi tanpa rasa sakit,POSITIVE
dokter ya cepat respon tetimah akish dokter sudah kasih resep ya semoga anak saya cepat sembuh,POSITIVE
sudah pakai bertahun2 aplikasi ini tapi sekarang jadi berbayar untuk chat konsultasi uninstal langsung apa apa kok jadi serba berbayar padahal dokter umum juga kadang main asal tutup chat padahal belum jawab pertanyaan menghadeh,NEGATIVE
aplikasinya mudah digunakan namun perlu dipikirkan lagi terkait penggantian profil sebab satu akun ini dapat didaftarkan untuk semua anggota keluarga layanan dan komunikasi dengan dokter juga lancar dan diskusi langsung tapi the point sehingga fokus pada solusi tingkatkan terus dan mungkin juga bisa ditingkatkan dengan layanan video cal dengan dokter sehingga lebih nyaman dan bisa saling melihat dengan dokter sehingga makin yakin untuk sesi konsultasi,POSITIVE
responnya sangat cepat,POSITIVE
sangat bermanfaat di saat terdesak,POSITIVE
sangat membantu langsung dikasih resep,POSITIVE
kok enggak bisa cht sama dokter ya,NEGATIVE
cukup memudahkan masyarakat umum untuk mendapatkan resep dari dokter yang di percaya dan cukup memberi rekomendasi rs terdekat ketika berada diluar kota juga dokter online yang terus ada,POSITIVE
agak lambat,NEGATIVE
kenapa sih kami mau bertanya sajah pun sahur bayar seharus nya yang harus bayar itu yang memiliki janji dengan dokter itu tolong lah kalo hanya bertanya jangan di kenakan tarif,NEGATIVE
bagaimana cara menonaktifkan auto debit untuk tidak berlangganan lagi saya sudah di tipu oleh sales aplikasi ini katanya tidak berbayar dan tidak menjelaskan secara detail bagaimana prosedur nya dan buruknya lagi tidak ada riwayat ketika saldo di auto debit mohon di bantu,NEGATIVE
aplikasi sampah sudah bayar statusnya belum berubah uang baru bisa kembali 5 hari kerja jangan pakai alodok,NEGATIVE
sangat bagus terus perbarui thanks,POSITIVE
tidak ada respon jawaban apapun dari dokter hanya ucapan selamat malam dan tawaran bantuan giliran ditanya tidak ada jawaban apapun,NEGATIVE
baij semakin maju,POSITIVE
cepat tanggap semoga bisa sesuai harapan dan cocok dengan obatnya,POSITIVE
pelayanannya bagus dokter ramah dan penjelasan yang baik mempermudah saya mengerti permasalahan yang saya hadapi terimakasih,POSITIVE
tidak informasi mengecewakan,NEGATIVE
awesome sangat membantu,POSITIVE
ada tulisan rp 25000 katanya gratis,NEGATIVE
aplikasi sampah sudah bayar 45 000 enggak ada dapat jawaban malah status di buat sibuk setelah 30 menit malah malah tutup obrolan tanpa ada jawaban sampah khimak sudah enggak dapat jawaban mau bertanya malah di suruh bayar lagi jangan ada yang mau bayar aplikasi sampah ini mending di hapus saja assu,NEGATIVE
jika sakit pakailah halodoc karena bisa akurat terpercaya dan lebih praktis,POSITIVE
betul sangat mebantu saya,POSITIVE
semoga cocok dengan resepnya,POSITIVE
buruk banget enggak rekomen pesanan tb2 dibatalkan sama dokter nya ðÿ ðÿ ðÿ,NEGATIVE
ok good job,POSITIVE
bad experience dengan system bayar dimuka dan booking terlambat masuk dalam sesi konsultasi layanan sudah diakhiri tidak bisa ada kebijakan dan customer service tidak solutif terus defense dan tidak menampung keluhan,NEGATIVE
sangat baik bisa terjawab keluhan,POSITIVE
bear,NEGATIVE
halo min kenapa sekarang obat nya tidak di kirim langsung ya? kenapa ada estimasi sampai 6 hari? keburu sembuh pas obat sampai rumah saya konsultasi dari hari rabu sampai dengan hari jumat saya belum terima obat nya sudah tidak kerja sama dengan gojek kah? mau lacak pun susah!,NEGATIVE
saat memudahkan saya,POSITIVE
alternatif kalau dari praktek lagi libur,POSITIVE
aplikasi apaan ini kok enggak bisa terpakai sih padahal ku sudah coba klik masuk dan daftar tapi kenapa email tidak di terima ? kalau buat aplikasi itu ombok ya yang bisa di pakai tapi jangan seperti ini enggak bisa di pakai sama sekali percumah ku downloade apllikasi ini sudah banyak iklan yang muncul aplikasi ini tak dapat di guna pula klenger ku menunggu lama masih saja aplikasi nih enggak bisa kebuka ngabis abisin kuota saja hai teman jangan downloade nanti nanti kau menyesal lebih baik aplikasi nih segera ku hapus saja kalau enggak di hapus enggak ada manfaat e,NEGATIVE
sangat memudahkan saya untuk berobat di masa pendemi ini terimakasih,POSITIVE
dokter ramah dan pelayanan bagus,POSITIVE
saya langganan aloproteksi unlimited chat sudah lebih dari 3tahun seingat saya dari 2020an tiba tiba hari ini aloproteksi unlimited chat dibatalkan sepihak karena pemakaian tidak wajar 1 unlimited kok ada fup kayak langganan internet saja 2 tidak ada warning atau himbauan saat ada pemakaian tidak wajar,NEGATIVE
untuk pelayanan nya semua bagus 1 yang enggak bagus jangan mau disuruh beli obat nya di aloshop pengiriman tidak langsung harga 2x lipat mending beli sendiri,NEGATIVE
dokter enggak jelas belum selesai konsultasi sudah main selesai saja padahal masih ada waktu 10 menit tolong ya namanya fandi jangan mau konsultasi sama dia,NEGATIVE
halodoc mudah di akses pelayanan online oke banget memiliki dokter yang kompeten juga review dokter membantu jadi pertimbangan sukses untuk halodoc,POSITIVE
deskripsi gratis pas mau cht suruh bayar jangan mau dibodohi mening ke yang lebih pasti saja kalo berbayar seperti halodoc,NEGATIVE
aplikasinya tolong dibenarkan lah banyak banget bug nya,NEGATIVE
untuk respon nya sangat baik dan dokternya cepat menanggapi pertanyaan terima kasih saya suka aplikasi ini,POSITIVE
cepat memberikan pelayanan pelayanannya baik sekali sangat membantu saat kondisi urgent,POSITIVE
pertanya dari dokter langsung di jawab terima kasih atas solusinya tks,NEGATIVE
layanan kesehatan mudah dan terpercaya serta praktis,POSITIVE
sangat mrespon konsultasi dgan brbagai dokter penyakit semua ada di alodokter dan juga doktenya langsung memberi resep alodokter terbaik,POSITIVE
masukan dear pengelola aplikasi tolong jika obat yang di pesan misalnya enggak ada kasih tanda atau apa begitu agar ketahuan diawal jangn kita sudah bayar ternyata obat enggak ada kelamaan menunggu nya tambahan boleh costumer itu tau asal obat ini misalnya apotek mana begitu jadi kita pembeli bisa mengukur seberapa lama durasi waktu pengiriman thank you,NEGATIVE
bagus buat butuh konsultasi medis cepat dan tepat tanpa antri,POSITIVE
al ini one banget pokoknya aplikasi klikdokter tuh suka banget sama aplikasinya!!,POSITIVE
sangat membantu sekali dengan penjelasan dari dokter,NEGATIVE
sorry ini bagaimana mau dipakai chat enggak bisa,NEGATIVE
pelayanan dari dokternya sangat bagus dan telaten,POSITIVE
penjelasannya detail banget,POSITIVE
cepat reaksinya dan tidak terlalu membebankan pasien satu hal kalau kita telat menjawab maka jawaban kembali juga akan lama jadi harap bersabar,POSITIVE
aplikasinya sangat bagus tapi sistem pembayaranya harus paje dana sedang andaikan via pulsa lebih mudah,NEGATIVE
chat loading nya kok kembali lagi,NEGATIVE
belum juga ngmong sudah habis masa pembayaran nya kelamaan muter2 lain kali beri waktu agak panjang tau enggak dokter saja baru jawab selamat malam transaksi waktu sudah habis ngmong juga belum bagaimana sih ? enggak apa saya beri bintang 5,NEGATIVE
sangat sangat berguna buat kesehatan ada artikel2 tentang kesehatan juga dan aplikasinya sangat mudah digunakn,POSITIVE
sangat bagus penjelasannya puas banget,POSITIVE
dokternya sngat baik fastrespon juga,POSITIVE
pokoknya ini telehealth terlengkap yang pernah aku punya!!!,POSITIVE
selalu cocok dengan resepnya,POSITIVE
aplikasi yang sangat baik dan sangat membantu,POSITIVE
kenapa aplikasinya tidak bisa dibuka sejak semalam? padahal sudah diupdate,POSITIVE
berasa konsultasi langsung ke dokter masyaallah,POSITIVE
jelek sekali sebab masa adik saya pesan obat dari jam 7 lewat tadi pagi sudah masuk ke tanga ojek dengan ongkos pembayaran 40 ribu termasuk uang ojek di tggu sampai jam 12 siang tidak datang alasan sih ojek kami tidak menunggu padahal saya menunggu kalau adik saya kerja jadi saya yang menggu malah ojek nya suruh bayar tambah kalau mau di antar lagi,NEGATIVE
muantep,POSITIVE
suka banget sama aplikasi ini sangat membantu terus tools nya juga mudah dimengerti dan bisa chat juga dengan dokter bagus deh dan sangat bermanfaat terima kasih klikdokter,POSITIVE
aplikasinya gampang dipakai buat pemul karena tampilannya enggak to much,POSITIVE
sangat membantu aplikasi ini respon cepat,POSITIVE
masih sedikit rumah sakit yang bekerja sama rs efarina pangkalan kerinci belum,NEGATIVE
apk yang mudah sekali konsultasi dan langsung dapat obatnya mantap lah,POSITIVE
vcv,POSITIVE
terimakasih halodoc dia sudah tidak mengambek lagi ke saya,POSITIVE
sudah bayar tapi enggak ada respon dari dokter balikib duit saya sudah 2x begini mulu,NEGATIVE
luar biasa aplikasi yang sangat membantu sekali di masa pandemi sekarang ini jadi enggak usah ke rumah sakit kalo sakit tinggal konsultasi di klik dokter dokternya ramah dan informasi yang diberikan detail kebantu bangetlah thanks klik dokter,POSITIVE
sudah keluar duit enggak worth itu chat cuma 1 arah kita cuma bisa jawab ya tidak,NEGATIVE
kata nya kirim kata sandi padahal dari kemarin kata sandi nya enggak ke kirim,NEGATIVE
sangat membanntu bagi saya yang jauh dari pasilitas kesehatan,POSITIVE
ada bug penentuan lokasi yang enggak akurat,NEGATIVE
sangat bagus sangat membantu,POSITIVE
butuh obat urgent pilihan pengiriman 1 jam sampai ketika dibayar malah datang besoknya k24 masih lebih baik,NEGATIVE
sangat membantu terutama di saat emergency,POSITIVE
mesen obat yang kadang susah mencari di apotek kecil bantu banget,POSITIVE
semua apa apa pada bayar sabar rakyat kecil kita senasib bintang satu memang pantas,NEGATIVE
sangat membantu apps ini!,POSITIVE
sangat membantu terimakasih dokter,POSITIVE
payah nih aplikasi orang lagi sakit mau bertanya ke dokter malah bayar mending langsung priksa ke dokternya kalo bayar mah,NEGATIVE
tidak bisa masuk,NEGATIVE
sudah bayar chat dokter tapi enggak dapat pelayanan dan konsultasi nya diselesaikan tanpa dapat konsultasi uninstal alodokter,NEGATIVE
sejauh ini masih bagus dan minim distraksi dari iklan,POSITIVE
mengira gratis,NEGATIVE
di pakai cuman buat cowok obat kalo buat konsultasi mah enggak banget mending ke dokter langsung cuman di kasih jawaban basic yang semua orang tau,NEGATIVE
aqhue suka bangetz aplikasi ini terimakasih atas aplikasinya walaupun malm dokternya bisa melanyani dari pada aplikasi yang lain satu pertanyaan saja suruh bayar,POSITIVE
harusnya dari awal pakai aplikasi alodok biar tidak khawatir sangat membantu menjawab setiap pertanyaan dengan baik terima kasih dok,POSITIVE
maaf banget tapi kurang worth itu 1 dokter menganggapi banyak pasien secara bersamaan jadi kurang maksimal padahal sudah bayar yang berlangganan 390 ribu juga,NEGATIVE
aplikasi mantap sangat membantu sekali dokter fast respon saat kita bertanya,POSITIVE
jawaban dari alodokter menurut saya sangat membantu kami,POSITIVE
sangat membantu ramah dan tanggap,POSITIVE
apotik sudah tutuo tapj masih di arahkan untuk membeli sana dana jyga lama banget baliknya,NEGATIVE
sangat membantu konsultasi pribadi privasi terjaga saran dan resep yang diberikan sangat mudah difahami dan di mengerti,POSITIVE
mantap dokternya responsif masya allah,POSITIVE
uang gua ditilep anying tolol,NEGATIVE
puas konsultasinya,POSITIVE
katanya respon nya cepat pas setelah melakukan pembayaran respon nya lelet sekali dan enggak becus saya kecewa baru pertama kali pakai sudah nemu aplikasi kayak begini,NEGATIVE
pelayanan baik cepat dan ramah,POSITIVE
mending enggak usah download deh duid gue hilang sama dia boro boro di beri kejelasan nya ini kagak sama sekali,NEGATIVE
terima kasih ka2 ibuï,POSITIVE
sudah kasih banyak kesempatan berkali kali mungkin sekitar 7x selama ini kepada alodokter tapi tidak pernah sembuh dan mereka tidak pernah mau kasih obat antibiotik dan obat yang dikasi itu obatnya dari apotik obat komersil yang jarang bikin sembuh seharusnya obat kasih yang label merah terima kasih,NEGATIVE
chat dokter nya keterangan online tunggu 30 menit tidak ada respond chat ulang harus bayar lagi,NEGATIVE
agak kecewa sbnrnya ya untuk di permasalahan pesan obat seharusnya untuk yang ingin pesan obat dari daerah yang ingin pesanny itu apotek nya di apotek terdekat seharusnya ini malah apotekny malah di beda daerah yang lmyan jangkany dan untuk pengirimannya tolong ya harusny sesuai untuk pemgiriman instan kata nya cuma 1 jam ini tapi dia malah lebih dari 1jam enggak sesuai nih!!!,NEGATIVE
kok menyebalkan ya saya sudah bayar terus tiba notifnya dokter sedang sibuk suruh ganti dokter apa enggak gila itu uangnya hangus lagi enggak balik konsultasi saja belum,NEGATIVE
belum jugah bertnya sudah habis waktunya,NEGATIVE
terbantukan sekali ya bagi kita yang riweh atau jauh dari rs langganan bisa langsung konsultasi dari rumah,POSITIVE
alhamdulillah dokter nya fast respon,POSITIVE
aplikasi klikdokter cocok pars buat semua kalangan penggunannya mudah dan dokternya friendly ke semua kalangan umur,POSITIVE
mau cekout obat tidak bisa terus terjadi kesalahan? tolong dong di tingkatkan lagi,NEGATIVE
dokternya sangat jelas menjelaskan semua keluhan pasiennyaï,POSITIVE
kalau dokter tidak menjawab pertanyaan pembayaran tetap terpotong jadi rugi tanya di alodokter,NEGATIVE
pelayanannya lola dan dokternya kurang ramah jelek aplikasi ini,NEGATIVE
oke bagus,POSITIVE
ini bagaimana sih masa saya sudah bayar untuk chat dokter premium dari kulit tiba tiba batal sendiri saldo dana juga enggak balik rugi bagaimana ini klik dokter???,NEGATIVE
kak coba dokternya bisa terhubung ke apotek jadi dokter enggak pesan obat apa di apoteknya ada obat apa,NEGATIVE
apa ini bagus,POSITIVE
layanan buruk,NEGATIVE
di dunia ini memang enggak ada yang gratis rupanya kasihan orang yang kurang mampu,NEGATIVE
terima kasih yang sudah buat apk ini berguna banget apa lagi dokternya ramahâ² itu doang,POSITIVE
enggak jelas dokternya saya sudah bayar tapi tiba tiba muncul notifikasi dokter sibuk terus tiba tiba chatnya berakhir dan uang tidak kembali,NEGATIVE
bintang 2 score 8 dokter dan satgas penanganan covid 19 zerro zerro alias fifty fifty wkwk ck,NEGATIVE
mwsih murah,POSITIVE
2x konsultasi tapi enggak pernah ada respon padahal saya sudah bayar,NEGATIVE
aplikasinya mengaco tiap saya buka pasti responnya terus berhenti padahal baru saya update aplikasinya,NEGATIVE
pelayanan di klikdokter juara kalau dibandingin sama telemedicine lain wkwk semoga nanti pas makin ramai yang pakai tetap semanntep ini,POSITIVE
respon cepat terima kasih halodoc,POSITIVE
sabar,POSITIVE
asli aku mu review karena puas banget sama pelayanannya benar benar recommended dokter ramah baik dan informatif,POSITIVE
terima kasih dokter neny sudah menjawab pertanyaanâ² saya dengan baik tapi sayang sesinya berakhir karena enggak sengaja kepencet padahal belum selesai,POSITIVE
better instal ap tetangga saja sih daripada enggak benar begini masa proses refund hampir 2 minggu padahal yang batalin pihak apotek saran saja ya kalau memang ketersediaan obat di apotek terkait lagi kosong ya jangan di rekomendasikan ke apotek itu ujungnya nanti apoteknya ngebatalin begitu saja padahal uang sudah di transfer giliran meminta refund di ribet kan kasihan yang benar sakit dan segera butuh penanganan obat,NEGATIVE
terima kasih dokter baik,POSITIVE
kenapa aplikasi alodokter saya tidak bisa dibuka,NEGATIVE
pengiriman obat terlalu lama keburu mati saya min,NEGATIVE
sangat membantu saat konsultasi,POSITIVE
baik dokternya dan respon dengan cepat,POSITIVE
enggak rekomendasi menurut saya cs nya terkesan seperti bot susah lah seperti ketersediaan obat juga terbatas di beberapa daerah aplikasi 2x juga bug di pembayaran,NEGATIVE
kecewa dengan dokter dari eileen erica mardiharto sapa a!!!!,NEGATIVE
sangat membantu sekali dalam memberikan saran pengobatan secara mandiri juga sangat membantu untuk mengetahui masalah kesehatan trimakasih dok,POSITIVE
saya sudah bayar kok belum ada jawabannya dan mau chat lagi disuruh bayar lagi ???,NEGATIVE
tebus resep lama konfirmasi skalinya konfirmasi di tolak maaf kalo tidak ada dari awal kasih tau kalau obat urgent bagaimana orang mau dapat tindakan pertama yang ke 3 kurang puas yang ke 4 puas konsultasi,NEGATIVE
dokternya baik dan ramah sangat membantu,POSITIVE
chat dibatalkan uang tidak dikembalikan,NEGATIVE
pelayanan dokternya sangat ramah2 dan memuaskan,POSITIVE
terima kasih telah meringankan kami yang berada di pelosok sangat sangat membantu,POSITIVE
dari benedictus pintar baik saran dan resep obatnya sangat membantu,POSITIVE
cepat kaya kilat,POSITIVE
sangat disayangkan sistem refund nya lama banget katanya cuman 3 hari kerja tapi ini sudah semingguan tidak dikembalikan dan disuruh menunggu terus aplikasi sebesar alodok ini seharusnya punya sistem yang lebih baik mohon proses refundnya dipercepat dan perbaiki sistem kedepannya,NEGATIVE
terima kasih kak novy,POSITIVE
bertanya pun bayar mending jawaban nya sesuai bagus langsung ke rs sambil priksa bayar pun sesuai yang di derita,NEGATIVE
dokternya cepat banget responnya dan informatif sekali,POSITIVE
puas dan semoga berjodoh,POSITIVE
bagus dokternya merespon dengan baik namun kolom chat konsultasi awal sebelum chatâ² selanjutnya hanya terbatas 300 karakter pdh disana mau menjelaskan kondisi kita dengan lengkap terpaksa harus disingkatâ²,POSITIVE
setelah diupdate enggak bisa chat dengan dokter mau memulai chat selalu langsung keluar dari aplikasi,NEGATIVE
dalam bulan ini saya sudah pakai 2 kali dan 2 kali ini aplikasinya macet masa enggak ada pesan muncul dari dokternya padahal dokternya sudah jawab dan pesannya baru muncul setelah sesi diakhiri jadi enggak bisa komunikasi 2 arah jelas membingungkan pasien dan dokter bad sekali,NEGATIVE
baru chat karena dokter belum balas aku keluarkan aplikasinya tapi kenapa enggak ada lanjutanya ketika di klik kembali padahal belum selesai mohon arahan ini fiturnya bagaimana,NEGATIVE
jelek enggak bisa hapus chat dan hapus akun,NEGATIVE
dari daftar sampai selesai berobat proses cepat dan enggak ribet top deh,POSITIVE
kereeennnmn,POSITIVE
penjelasan dokternya bagus jelas menjawab semua pertnyaan saya,POSITIVE
sudah bayar dokter umum memakai ovo status berhasil tapi di aplikasi alodoktet transaksi gagal bagaimana cara mengembalikan dananya ? sudah di wa cs nya tidak di baca,NEGATIVE
lebih membantu,POSITIVE
lumayan cuma di setiap pertanyaan enggak bisa memilih 2 pilihan sekalinya enggak tau pilihannya yang mana jadi susah ngejelasinnya,NEGATIVE
apa sih kejutan seru kejutan seru kok enggak back ke aplikasi nya sih padahal lagi butuh banget sudah memasuki email dapat voucher tapi enggak masuk ke home nya,NEGATIVE
sangat membantu ya allah,POSITIVE
terlalu ribet dan kelihatan banget ini apalagi mencari duit nya untuk mode pengiriman sudah dil yang instan memang jauh lebih mahal ya sudah enggak p tapi kenapa beli obat nya harus menambah biar bisa di proses padahal jumlah obat yang di beli sudah sesuai kebutuhan jika di tambah maka akan mubasir aplikasi nya sangat mengecewakan dan tidak berguna,NEGATIVE
beli obat mahal bayar jasa same day dari siang datengnya next day siang juga mantap kan buru buru di buka karena mau di pakai obatnya jadi enggak sempat bikin video unboxing wajar enggak sih? obat loh ini obat yang sudah ditungguin banget eh obatnya rusak! kecewa! yakali obat gampang pecah di kirimnya pakai plastik saja yang salah siapa? saya? terus enggak menerima komplain pula saya beli 2 jenis obat obat satunya enggak rusak saya terima yang satunya rusak yakali ngerusakin obat sendiri cuy heran,NEGATIVE
pelayanan obatnya lama sekali sudah bayar lunas juga tapi sampai 3 jam belum di proses obatnya sedangkan pasien butuh sekali obatnya sudah komplen lewat wa email ke ig juga enggak ada balesan sama sekali pengalaman pertama berobat via alodokter dokternya ramah enak eh obatnya saja nih lama sekali,NEGATIVE
aplikasi klikdokter ini sangat bagus dokter nya baik dan ramah terima kasik klikdokter,POSITIVE
berkali kali sudah chat dokter berbeda di jawab seadanya tanpa penjelasan yang membuat sia2 respon dokter seperti robot belum sempat di jawab waktu sudah habis berulang kali verivikasi dan membayar menjadi sia sia tanpa jawaban,NEGATIVE
dokter balas chat lama saya menunggu enggak balesâ² giliran saya balas telat chat langsung di tutup otomatis percuma bayar kalo enggak ada solusi nya enggak cuma 1x apa 2x lho kaya begini fix malas pakai alodokter lagi dan fix saya uninstal,NEGATIVE
mau tebus obat di aloshop gagal terus sudah 1 jam saya coba tetap gagal coba mengikuti saran cs nya masih gagal akhirnya diminta buat tebus offline padahal saya lagi butuh banget saat ini juga dan cuman bisa tebus online,NEGATIVE
harus daftar pakai no hp ya enggak bisa pakai email saja saya di luar negeri enggak bisa daftar,NEGATIVE
memudahkan tanpa harus repot repot pergi ke rs,POSITIVE
pelayanan lambat,NEGATIVE
malam dokter apa obat gigi nyeri karena lubang sakitnya sampai dipipi,NEGATIVE
biaya pengiriman mahal padahal jarak dekat,NEGATIVE
sudah bayar tapi chat tiba tiba di tutup belum tanya belum dapat jawab mana bayar rugi jangan cht sama dokter umum miftakhul baiti cuma sama dokter ini cht bayar enggak di jawab chat di tutup kalo dokter lain nya cht di jawab di tutup kalo sudah selesai,NEGATIVE
entah lah enggak bisa di pakai loading mulu,NEGATIVE
sangat merugikan uang saya sudah banyak masuk tanpa keterangan padahal saya sudah pernah mengajukan pemberentian namun sampai saat ini rekening saya masih terus di potong bahkan kemarin yang bikin saya sampai kaget uang saya di potong sebanyak satu juta lebih tolong admin alodok kembalikan uang saya,NEGATIVE
sudah enggak worry lagi travelling sndirian karena kalau kenapa kenapa selalu tinggal konsultasi disini dengan dokter yang siap siaga jam brppun,POSITIVE
puas dan membantu banget aplikasi ini dokternya rama semua pertanyaan di jawab dengan bahasa yang bisa saya mengerti dari nabila viera yovita terimakasih,POSITIVE
aplikasinya enggak benar nih bikin menyesak tau enggak buang buang quota gue saja,NEGATIVE
chat dokter premium kok enggak bisa ya padahal sudah bayar,NEGATIVE
semakim enggak jelas pelayanan buruk chat dianggurin 20menit anjaaay benar benar duit gue terbuang siang2 jawaban semuanya template,NEGATIVE
selain bisa konsultasi sama dokter di aplikasi juga banyak konten edukasi tentang kesehatan semua lengkap di 1 aplikasi ini,POSITIVE
sangat menenangkan dokternya apalagi dokter spesialis anaknya sangat recomended,POSITIVE
enggak bisa tanya banyak tantang apapun katanya dokter umum harusnya bisa dong tanya apapun hadeh,NEGATIVE
sangat membantu dan memudahkan disaat tidak bisa pergi ke klinik,POSITIVE
hari ini saya ada konsultasi dengan halodoc aplikasi pilihin apotiknya jauhnya ampun deh bukannya efisien malah sampah begadang menunggu obat,NEGATIVE
asal apa apa arus update lagi memperbesar ruang penyumpanan saja,NEGATIVE
parah dokter spesialis nya enggak balas chat padahal sudah bayar!,NEGATIVE
dokter nya top the best deh selalu mengerti keadaan orang sangat membantu banget konsultasi sedikit pun tidak membayar cuma membayar admin saja di kasir 65 rebu dia langsung mengarahkan pakai bpjs dan kalau mau tindakan dan beliau kasih resep dokter tebus di apotik pokok nya dokrer nya top the best banget ganteng ramah kasih penjelasan ditaiel menghibur pasian sangat rekomend,POSITIVE
bisa bisanya ngehapus langganan unlimited padahal baru daftar kemarin gila benar aplikasi ini aku sudah langganan 1thn bayar 390k baru daftar dihapus seenaknya orang aku konsultasi baru sekali ditanyain di cs nya kenapa dihapus katanya ada tindakan mencurigakan ditanya lagi apa tindakannya karena katanya sudah melakukan investigasi tapi enggak bisa jawab gila benar aplikasi pemeras uang sama dengan dpr pemeras uang rakyat hahaha,NEGATIVE
chatnya sangat terbatas sekali tapi its oke sih,POSITIVE
coba tolong hapus data saya saya menyesal daftar tiap di potong terus di atm enggak sopan aplikasi parah adahl saya enggak pernah ake aplikasi ini ini saja dulu ada seles ke kantor saya taunya saya di tipu masa tiap buln di potong mulu coba hapus data saya biar tiap bulan enggak ke potong otomatis tolong hapus sayang mau berhenti saya menyesal enggak guna juga tiap bulan di potong mulu padahal saya enggak pernah ikutan aplikasi ini ini juga di tipu sama seles padahal ini enggak guna buat saya,NEGATIVE
dokter yang ada di halodok memberi penjelasan yang detail dan membuat keluarga merasa nyaman,POSITIVE
konsultasi keluhan belum saya sampaikan semua sudah di balas tidak ada padahal saya belum selesai menyampaikan kondisi kesehatan,NEGATIVE
makin mantap,POSITIVE
kecewa beli resep ketika di butuhkan urgent pengiriman di jadwalkan besok padahal pilih kurir instan akhirnya anak harus dirawat di rs karena telat untuk konsultasi ok untuk resep pelayanan mengecwakan!!,NEGATIVE
kenapa enggak bisa dibuka ya padahal sudah pakai kode verifikasi ke no hp tapi enggak ada muncul tombol selanjutnya,NEGATIVE
sangat ramah dan responsif,POSITIVE
pelayanan ramah dan fast respon,POSITIVE
muncul pop up iklan yang tidak bisa di close,NEGATIVE
apaan sih menyebalkan memang sih ada cht reguler gratis 15menit tapi kesel sama dokternya belum selesai konsultasi baru 4 menit di akhiri bagaimana sih tolong dong mengerti ini,NEGATIVE
sering problemnya daripada membantu heidy selalu close chat sepihak kalau lagi complain bubar saja mending atau ganti nama haloblog layanan ngawur parah,NEGATIVE
sudah tf 25 ribu malah enggak bisa konsultasi,NEGATIVE
masak saya sudah bayar tapi di aplikasi tetap menunggu pembayaran chat customer service juga enggak direspon saya rugi sudah bayar enggak bisa konsultasi,NEGATIVE
rizki indrasi indra pratama featuring,NEGATIVE
saya karyawan pt astra daihatsu motor klaim pengobatan saya tanggal 25 maret 2026 di reject oleh halodoc ini sungguh merugikan saya yang sudah berobat sebesar 1645000 aplikasi yang tidak berguna dan merugikan saya,NEGATIVE
cepat tanggap dari baik n sangat membantu semoga obtnya cocok,POSITIVE
mantap lengkap semua di aplikasi ini,POSITIVE
dengan apk ini sangat membantu sekali perihal konsultasi dl,POSITIVE
hems respon dokternya enggak sesuai dan slowresp parah padahal cuma dibatesin 30 mnit mana cuma chatting agak sia sia juga berbayar,NEGATIVE
bukan alo dok ini alo komputer karena kerja dengan sistem komputer,NEGATIVE
dokter di klikdokter jam berapa saja ready terus jir wkwkwk enggak watir lagi aing dh kalau tengah malam kambuh,POSITIVE
pertolongan pertama dan cepat,POSITIVE
dokter nya ramah cepat juga merespon terima kasih dok,POSITIVE
sangat bermanfaat aplikasinya apalagi ditengah pandemi kayak sekarang ini kita tidak perlu repot repot pergi kerumah sakit but ketemu dokter cukup aplikasi klik dokter kita sudah bisa berkonsultasi dengan aman,POSITIVE
aplikasi ini sangat bagus sekali,NEGATIVE
pilihan dokternya sedikit tiap mau konsultasi dokternya sibuk terus uangnya balikin lagi saja jangan pakai kode promo,NEGATIVE
keren cepaat dan affordable,POSITIVE
pertama kalinya saya coba dan saya merasa terbantu,POSITIVE
really helpful,POSITIVE
diluar dari apk nya yang sudah cukup bagus tampilan dan fiturnya saya ingin memberi ulasan pada pelayanan dokter umum untuk waktu respon nya 1 jam kemudian setelah saya bertanya dan ketika saya tahu sudah dijawab setelah 10 menit dijawab jadi pembicaraan sudah ditutup kecewa,NEGATIVE
sudah 1 tahun lebih penarikan di kartu debit saya kan dari awal alodokter tidak pernah bilang kalqu mau ada tarikan dana coba alo dokter perhatikan dan tindak lanjuti,NEGATIVE
sangat membantu sekali dengan halodoc di kala pas kambuh waktu malam dan mager lu konsultasi dokter langsung terima kasih halodoc,POSITIVE
gopay ada isinya bilang nol payah orang lagi sakit sistem nya jelek,NEGATIVE
biasa pakai ini enggak pernah bermasalah ini sudah coba sejam lebih buat pembayaran enggak bisa semuanya mau pakai via apa juga heran sudah bolak balik tetap enggak bisa,NEGATIVE
sangat puas sekali,POSITIVE
ku kira gratis ternyata aplikasi nya doang yang gratis masa tidak ada keringanan untuk pengguna baru ya walaupun cuma sekali chat saja tidak apa apa ini langsung bayar ya walaupun harga nya masih murah tapi kan gue itu mau coba bagaimana hasil yang kita dapat setelah berkonsultasi ke dokter di aplikasi ini apakah respon cepat atau tidak ternyata dokter di realife dan online begini sama saja gerak mengatasi keluhan pasien kalo ada duit ya kalo enggak bodo amat,NEGATIVE
bagus dan sesuai dengan kebutuhan,POSITIVE
memuaskan semoga ada perubahan nanti di wajah,POSITIVE
sangat membantu untuk kondisi darurat seperti ini,POSITIVE
dokternya rese,POSITIVE
aplikasi gaguna enggak ada uang enggak jalan,NEGATIVE
lumayan untuk mengetahui info penting dunia kesehatan,POSITIVE
sangat tidak di rekomendasikan apalagi untuk pesan obat malam hari kalau sudah malam tidak bisa dapat obat harus menunggu mal buka padahal ada apotik 24jam dan tidak dapat cancel order parah,NEGATIVE
sumpaah jangan pernah download aplikasi ini sebelum anda menyesal,NEGATIVE
jangan beli obat di alo dok obat nya mahal harga nya jauh sama di pasaran harusnya kasih harga yang normal apotik yang dipilih juga jauh enggak bisa pilih yang dekat kecewa sih,NEGATIVE
mengapa pengiriman obatnya sangat lama lewat dari jadwal yang di tentukan jadwal paket akan tiba pada tanggal 18 sekarang sudah tanggal 20 tolong segera tanggapi dengan cepat,NEGATIVE
ðÿ temanhidupsehat,POSITIVE
pengirimannya sangat lama pesanan saya tidak datang sudah 2 minggu,NEGATIVE
sangat praktis konsultasi disini dan semua obat yang diberikan manjur,POSITIVE
saya membeli obat di alodok tapi ditolak sedangkan pesanan sudah saya bayar saya mengajukan pengembalian dana kenapa harus menunggu 3 hari dulu baru dikembalikan? kan uangnya mau dipakai buat beli di tempat yang lain,NEGATIVE
mau chat konsultasi sudah bayar pakai shopeepay sudah kepotong juga shopeepay nya eh malah enggak bisa masuk untuk chat konsultasi chat customer service nya katanya nanti dikirimin voucher lewat whatsap sudah di cek berkali kali belum dikirim juga di whatsap,NEGATIVE
enggak cukup waktu buat cerita,NEGATIVE
makin lemmot dikit bermasalah atau error,NEGATIVE
mengira gratis chat sama dokter tapi perbayaran terimakasih,NEGATIVE
baru datang nanti malam langsung gas mudah 2han sesuai espektasi,POSITIVE
bagusssd,POSITIVE
saya kira gratis chat sama dokternya ternyata berbayar juga,NEGATIVE
cukup baik respon dan bisa mengikuti jadwal aktivitas,POSITIVE
menjelaskan secara detail dan mudah dipahami,POSITIVE
dokter nya baik ramah dan nanyak secara detail apa keluhan kita terimakasih dokter cantik,POSITIVE
respon cepat dan penjelasan nyaudah di pahami,POSITIVE
aplikasi bangkai autodebit rek yang tanpa sepengetahuan pemiliknya yang katanya asuransi ini menurut gua termasuk pencurian bos yuk yang merasa rek terdebit kita tuntut aplikasi bangkai ini,NEGATIVE
om orang sakit terpapar covid 19 itu berbahaya apalagi sampai virus corona masuk ke rumah warga bahaya nanti semua warga meninggal dunia akibat pandemi covid 19 pandemi covid 19 belum berkahir hingga tahun 2022 berbahaya bagi kesehatan warga semua cuci tangan dengan sabun jaga jarak dan jaga kesehatan jangan sampai tertular virus corona virus corona belum berkahir hingga tahun 5 juli 2022 om jawab dong mas lasimun terpapar covid 19 di rumah sakit gatot subroto jakarta,NEGATIVE
banyak spam notifikasi promo,NEGATIVE
dokternya baik responsif dan sangat membantu penjelasannya detail dan mudah dipahamiï,POSITIVE
mahal harga nya apalagi ongkir nya maha juga,NEGATIVE
apotek dari alodok kurang baik untuk sebagian masa saya pesan obat 2 merk obat yang datang kerumah cuman 1 merk obat dan 1 merk obat lagi beda apotek apotek pertama tersedia kurir instan apotek kedua tidak support kurir instan hal hasil obat pertama saja yang saya minum obat pertama habis baru datang obat ke2 menyesal rasanya tolong lah orang sakit bukan untuk permainan bisnis kalian seharus nya harus 1 apotek jangan terpisah walau pun beda apotek harus suport kurir instan,NEGATIVE
baik penjelasan dokternya komprehensif,POSITIVE
kenapa alodokter sekarang susah banget di buka loding nya seolah2 wifi ku buruk padahal buka ap sebelah lancar banget,NEGATIVE
bertanya bentar langsung hilang enggak membantu,NEGATIVE
membantu sekali untuk yang susah keluar rumah bisa consul by online,POSITIVE
baru pertama coba dan benarâ² cepat terima kasih,POSITIVE
konsultasi nya dengan pesan otomatis jadi tidak bebas bertanya dan tidak puas dengan jawaban nya,NEGATIVE
praktis dan pastinya terpercaya,POSITIVE
layanan kesehatan yang sangat memudahkan untuk pekerja,POSITIVE
sudah periksa sudah pesan tinggal antar dicancel dengan alasan jasa antar enggak mau ambil giliran meminta refund lama responnya dan sampai sekarang uang belum kembali padahal nominal lumayan,NEGATIVE
hapus saja fitur bidan bayar pakai uang cuma buat curhat begitu? sudah mengasih tau keluhan pengin dapat solusi malah gakbisa mengasih resep alasan ketentuan dari aplikasi mana dapat bidan jutek banget!,NEGATIVE
masya allah good pelayanan dokternya,POSITIVE
sangat membantu mantap banget,POSITIVE
bagus membantu sekali cari info untuk kesehatan,POSITIVE
gue sudah sering rekomin klikdokter ke teman karena memang pengalaman gue disini bagus terus terutama terkait dokterny yang ramah dan gercep balas,POSITIVE
dokter nya ramah dan penjelasannya mudah dipahami,POSITIVE
terima kasih dokter atas saran dan himbauan semoga sukses selalu,POSITIVE
dokter cepat memberikan solusi dan cepat membalas chat konsultasi,POSITIVE
kok sekarang enggak bisa masuk sih,NEGATIVE
dokternya inovatif,POSITIVE
dari baik cepat respon rinci,POSITIVE
aplikasi sangat merugikan sekali enggak di pakai sama sekali tiap bulan autodebet berjalan untuk yang lain jangan pakai aplikasi ini mending di uninstal,NEGATIVE
dokternya ramah dan telaten juga mendengarkan apa yang dikeluhkan,POSITIVE
pesan sapa troches sampai 4 hari tidak dikirim mengecewakan,NEGATIVE
baru mencoba pertama kali apl halodoc semoga cocok dengan resepnya pelayanan dari ramah terimakasih ditunggu resepnya dok,POSITIVE
cuma dari gizi nya yang susah jadwalnya,POSITIVE
halodoc sangat membantu kami yang jauh dari dokter spesialis,POSITIVE
aplikasi sampah,NEGATIVE
sangat membantu dan obat bisa di antarkan tapi sama cuman mau memberikan saran untuk di daerah tuh susah untuk beli obat dan tidak bisa di antarkan,POSITIVE
kenapa tidak bisa masuk nya,NEGATIVE
kenapa kalau mau chat selalu loading terus,NEGATIVE
semakin bagus,POSITIVE
responnya cepat dan penjelasan juga mudah di mengerti,POSITIVE
terima kasih untuk pertama kali chat halodoc khususnya dari thigita pengalaman yang menyenangkan,POSITIVE
butut tukang tolak pesanan,NEGATIVE
bagus banget keluhanku terjawab terima kasih buat pak dokter yang mau menjawab dengan baik gangerti deh dapat untung darimananya dokter2nya tapi saya doakan kalian mendapat rezeki yang berlimpah setiap membantu menjawab keluhan orang lain amin,POSITIVE
ada biaya nya aku kira enggak bayar,NEGATIVE
pikir kami konsultasi nya gratis ternya ada biayayanya ongkisnya,NEGATIVE
konsultasi ? mending ke chet gpt kayanya,NEGATIVE
konsultasi dengan dokter lancar namun tebus obat resep dipilihkan jauh dari kota saya saya di surabaya namun dipilihkan apotek di kota blitar butuh waktu 2 3 hari sampai sudah chat via wa ke cs namun hanya di info otomatis dipilih oleh sistem karena ketersediaan obat maaf alodokter saya lebih baik pakai aplikasi sebelah yang warna merah terima kasih,NEGATIVE
layanan nya memuaskan dan jelas terima kasih para pejuang medis,POSITIVE
ulasan buruk tentang dokternya tidak ditunjukkan jadi pasien enggak bisa lihat sisi negatif dokter cuma ulasan bagus yang diliatin jadinya salah pilih dokter menyesal banget pakai apk ini,NEGATIVE
aplikasi belum dipakai sekalipun,NEGATIVE
sangat membantu dan dokternya ramah2,POSITIVE
pesan obatnya lama banget sudah mau 1minggu tapi statusnya masih menunggu kurir hadeh bagaimana ini cs nya cuman begitu doang lagi bknnya mengasih tau berapa lamanya sudah kirim email juga masih lama penangannanya bagaimana sih ini,NEGATIVE
dokter nya sangat detail menjelaskanï,POSITIVE
malah tidak ada dokter saya cari,NEGATIVE
alamat ditentukan dari map padahal maps nya tidak akurat konsultasi kurang jelas tidak ada penjelasan mengenai penyakit,NEGATIVE
enggak bisa daftar akun disuruh memasuki nomer ponsel aku memasuki nomernya malah user id pasword enggak valid bagaimana sih mengesalkan niat hati mau konsultasi malah dipersulit,NEGATIVE
tidak bisa masuk aplikasi meminta verifikasi tapi begitu diisi ada error,NEGATIVE
pelayanan komplainnya tidak sangat sangat tidak profesional,NEGATIVE
mkasih sudah membantu,POSITIVE
praktis dan sangat memudahkan,POSITIVE
lihat ulasan kok hancur apk ini ya auto enggak jadi download,NEGATIVE
lumayan untuk pengikut baru seperti saya,POSITIVE
sangat membantu saya untuk hidup lebih sehat,POSITIVE
enggak jadi instal karena pakai bayar segala aku kira gratis jadi percuma aku pikir dengan download ini bisa bantu saya karena saya tidak punya uang buat krdoktet jadi saya download ini saja eh bayar segala,NEGATIVE
obat saya tidak pernah dtng kurirnya tidak tau antar kemana,NEGATIVE
sudah bã yar eh dokternya enggak jawabâ² akhirnya sesi berakhir dana enggak refund kalo enggak chat cs itupun harus menunggu maksimal 14hari enak banget dokternya dapat duit cumaâ² jawab konsultasi saja enggak,NEGATIVE
bagus banget!! kalo sudah besar aku juga mau jadi dokter hehehe,POSITIVE
bagus dah cukup,POSITIVE
dulu chat sama dokter geratis kenapa sekarang harus bayar,POSITIVE
update terbarunya tidak bisa diakses,NEGATIVE
bagus terus dikembangkan,POSITIVE
aplikasi yang bermanfaat,POSITIVE
enggak jelas pesan obat katanya sejaman sampai ini sudah sehari enggak nyampek parah,NEGATIVE
hehe,NEGATIVE
sangat bermanfaat dikala darurat,POSITIVE
daftarnya 1 tahun tolong di perbaiki,NEGATIVE
mahal jelek banget baru saja bayar dokter eh sesinya sudah di tutup saja balas laaaaamma bener jelek jangan di download!!,NEGATIVE
halodoc is the best,POSITIVE
terimakasih atas respon nya saran apk nya di perbaharui lagi biar tidak lemot dan lebih muda ketika mau di tebus obat tanpa harus merubah merk obat ketika mau di tebus sesuai resep dokter,NEGATIVE
dapat membantu konsultasi dengan dokter sesuai keinginan kita,POSITIVE
saya booking untuk janji temu dokter di daerah bengkulu di rs gading medika namun pihak rs tidak mendapat info mengenai bookingan tersebut sedangkan status di aplikasi menyatakan sudah berhasil di booking,NEGATIVE
apk ya jelek saya enggak suka sama pelayanan cs ya ! enggak profesional,NEGATIVE
saya tidak pernah daftar alodok kenapa ada potongan 2x di atm auto debet saya sangat menjengkelkan sekali,NEGATIVE
aplikasi nya payah deh dimasukkan kode verifikasi suruh kirim ulang lebih baik uninstal,NEGATIVE
saya sudah masuk di klik dokter ingin konsultasi premium ke dokter waktu yang kemarin kemarin bulan kemarin bisa,NEGATIVE
sangat rekomended karena memberi saya solusi ketika terjadi kondisi darurat kesehatan,POSITIVE
sangat membantu ramah dokternya,POSITIVE
saya suka dengan aplikasi halodoc sangat membantu tapi tidak bisa cod untuk pembelian obat dengan resep maupun ranpa resep untuk ini saya masih mengerti namun sayangnya resep tidak bisa di unduh dan hanya bisa ditebus di aplikasi padahal saya harap bisa di tebus di apotek setempat,POSITIVE
dokter fast respon baik lagi,POSITIVE
dowlod nya lama banget ya,NEGATIVE
kebanyakan dokter ngetiknya tamplate,NEGATIVE
membantu saat tidak bisa keluar ke klinik,POSITIVE
dokter nya bagus banget,POSITIVE
pesan obat lama banget pengiriman yang katanya 1 jam malah jadi 2 jam lebih,NEGATIVE
update versi terbaru malah sering crash dan membuat hp lemooot padahal versi lama lancar2 saja,NEGATIVE
kenapa selalu dapat driver yang kirim obatnya dari jauh banget kirim ke tangerang obatnya dari cilandak mana ongkos cuma 20k ujan pula enggak tega banget sama drivernya kalo memang obatnya jauh mending dibilang enggak ada obatnya,NEGATIVE
sangat puas pakai halodoc dokternya baik dan obat yang dikasih bagus semua,POSITIVE
saran saja untuk orang yang nganter paket nya kalo sudah di lokasi tapi enggak tau orang yang pesan mending tlpon atau wa jangan asal kasih ke orang yang enggak pesan hampir saja saya enggak terima obat yang sudah saya bayar untung yang menerima paket nya saya kenal jadi bisa saya datangin rumah nya ini kalo enggak kenal kan parah,NEGATIVE
otp masuk lambat sekali 5 menit terhitung dari kita meminta otp jadi gagal login,NEGATIVE
sangat baik hanya saja tidak ada layanan gigi,POSITIVE
sangat membantu dikala membutuhkan,POSITIVE
malas jadi berbayar enggak kayak dulu grtis konsultasi,NEGATIVE
untuk proses verifikasi melalui selfie sangat menyusahkan apalagi ketika ingin menyambungkan akun bayi saya ke asuransi harus melalui verifikasi selfi berkali2 dan terus gagal karena system membaca itu bukan selfie bayi umur 3 bulan disuruh selfi yang benar saja dong,NEGATIVE
aplikasi enggak mutu sudah bayar di aplikasi suruh bayar lagi di rs,NEGATIVE
sangat membantu dalam mengontrol kesehatan kita,POSITIVE
kapan indonesia maju kalau chat dengan dokter saja berbayar sedangkan chat di aplikasi biru gratis padahal cuma bertanya masalah seputar penyakit,NEGATIVE
aplikasinya membantu banget kalo butuh konsultasi sama dokter tapi enggak mau keluar rumah,POSITIVE
terimakasih dokter penjelasannya sangat gampang dipahami,POSITIVE
sangat jelas terimakasih sangat membantu,POSITIVE
konsultasi telat 10 menit sudah di cancel sisa 20 menit hilang duit ikut hilang aplikasi penipuan kebijakan merugikan,NEGATIVE
sekarang berbayarnya lumayan,NEGATIVE
sayang harus bayar dulu dan enggak ada bang dana padahal syh bnerâ² ingin tanya setiap malam tulang pinggang sangat sakit telapak kaky terasa panas dan pegal,NEGATIVE
good salam sehat sejahtera,POSITIVE
dokter spesialis apa saja ada enak banget konsulin diri sendiri dan keluarga bahkan sampai anabul pun,POSITIVE
enggak rekomen banget uang dah masuk tapi enggak ada blsn sama sekali padahal waktu sudah kebuang sia sia parah banget sih,NEGATIVE
saya menyarankan jangan download ini aplikasi co enggak ada membatu sama sekali chat saja harus di bayar jika ingin konsultasi mending ke layanan terdekat saja nyesal gue,NEGATIVE
sangat bermanfaat sekali karena kalau konsultasi secara langsung kan harus pakai biaya belum lagi harus berangkat keluar rumah kalo ada aplikasi ini kan jadi bisa konsultasi di rumah enggak harus keluar rumah biaya hehe,POSITIVE
dokternya balesnya lemot,NEGATIVE
parah banget sih niat bantu salesnya malah tabungan gua kepotong tiap bulannya lancang banget daftarin tanpa ijin mengalibi memasuki no rekening tidak akan ada potongan dan lain hal nyatanya sudah terdaftar langganan hati hati ya pembodohan,NEGATIVE
saya sudah update tapi kenapa pas masuk aplikasi di suruh update?,NEGATIVE
sangat bagus pelayanannya cepat,POSITIVE
sangat membantu dokternya pun ramah,POSITIVE
mudah digunakan mudah konsultasi dengan dokter dan mudah mencari dan membeli obat,POSITIVE
ini kenapa ya sudah di update malah enggak misa akses menu utama malah selalu muncul laman kuis kita enggak butuh vocer2 an kita butuh konsultasi kan repot jadi nya aneeeeh,NEGATIVE
its good very help me,POSITIVE
dokternya sangat ramah penjelasan sangat bisa di pahami,POSITIVE
enggak tau lagi deh sama dokternya responnya lambat chat kapan di balas kapan malas ah!,NEGATIVE
beberapa waktu sempat demam teman menyarankan buat konsultasi ke klikdokter ternyata sangat membantu terimakasih klikdokter,POSITIVE
memudahkan kaum mager,POSITIVE
gercep banget terima kasih,POSITIVE
alodokter,POSITIVE
dokter spesialis kurang lengkap,NEGATIVE
tidak bagus aplikasi nya masa di meminta harus bayar dulu baru bisa cht cuma mau tanya tanya saja harus bayar dulu baru bisa,NEGATIVE
memang penting sekali cek kesehatan sebelum mudik karena dã mi keslamatan kita untuk bertemu keluarga,POSITIVE
dok bagaimana cara menyembuhkan luka luar berair menjalar ?,NEGATIVE
sangat membantu untuk yang enggak bisa keluar rumah,POSITIVE
verivikasi otp tidak jls kagak ada kodenya,NEGATIVE
katanya akan saya jelaskan mohon dibaca dengan seksama eh sudah ditungguin sampai lebih dari 10 menit enggak ada tuh penjelasannya sampai habis waktunya yasudahlah uninstal saja enggak guna ternyata,NEGATIVE
sangat membantu ketika dalam keadaan mendesak dan segera memerluka penanganan,POSITIVE
deh lah jelek pokoknya obat nya jauh banget woi yang dekat saja kali biar bisa pakr ojol lah ini buat apa berobat kalau obat nya jauh dikirim nya lama banget pakai same day padahal buruk banget nih aplikasi saran jangan berobat di sini obat nya lama sampai nya obat dikasih dari apotik yang enggak sesuai sama kota kita tinggal,NEGATIVE
saya ingin menyampaikan masukan terkait keterbatasan kolom deskripsi yang hanya 300 karakter saat konsultasi sehingga sulit menjelaskan kondisi dengan jelas seperti saat ingin menanyakan tentang salah satu obat selain itu respons chatbot yang muncul sering kurang relevan mohon agar hal ini dapat ditindaklanjuti demi kenyamanan dan keamanan pengguna terima kasih,NEGATIVE
maaf saya kurangi bintangnya memang saya puas tapi dalam beberapa hal kurang memuaskan waktu terbatas tak jarang kadang sesi sudah habis tapi belum menemukan kejelasan dari pertanyaan,NEGATIVE
jelas dan mudah di mengerti,POSITIVE
kenapa kolom chat nya sekarang enggak berfungsi jadi terkesan chat dengan auto service berbasis robot sih cuma dikasih pilihan jawaban kita suruh memilih parah nih makin kesini,NEGATIVE
respon sangat cepat dokternya ramah banyak diskon mantap,POSITIVE
respon dokternya sangat baik aplikasinya sangat berguna terima kasih halodoc,POSITIVE
tolong kenapa sekarang mau chat saja bayar,NEGATIVE
konsultasi obgyn di dari canggih naluri fitriyasa kandungan dan kebidanan sudah bayar dikasih waktu tapi balesnya lama banget sampai waktu habis dokter apaan itu enggak dapat apa apa sama saja sodaqoh,NEGATIVE
apaan anjir sudah bayar mahal2 dokter nya enggak niat banget balas cht padahal kita sudah jelasin tapi dia balas enggak niat,NEGATIVE
berbayar ribet pkonya mlsin,NEGATIVE
harusnya bga prabayar sih kalo dari kementerian semua disini hanya ingin konsultasi jika saja tidak berbayar betapa bahagianya rakyat biasa yang ingin tau penyakitnya apa dan kenapa karena ada solusi,NEGATIVE
kok saya enggak bisa daftar aplikasi nomor tidak valid mulu padahal benar nomer nya,NEGATIVE
payah dokter enggak jelas masa baru bertanya sudah di akhirin,NEGATIVE
sudah bayar dan belum konsultasi karena enggak sempat tapi diketerangannya dokter segera aktif lagi pada jam 8 ditunggin enggak aktif sampai sekarang hm dikirain sudah bayar bisa buat ganti dokter lain ternyata enggak,NEGATIVE
respon dokter yang baik dan cepat,POSITIVE
ketika ada masalah di suruh menunggu 2ã 24 jam tapi sampai 8ã 24 jam tiap di tanya jawaban nya template doang,NEGATIVE
jangan mau pakai aplikasi ini pengiriman obatnya lelet dan lama mending pakai halodoc saja pelayanan cepat pengiriman obat juga cepat,NEGATIVE
enggak usah instal mending ke dokter yang bersangkutan saja secara langsung konsultasi di sini buang2 uang ujung ujung harus datang ke dokter langsung karena yang di kasih dokter sini cuma teori yang bejibun di google menyesal saya keluar uang untuk konsultasi di dokter sini buang2 uang saja,NEGATIVE
obat saya sampai sekarang belum dikirim sudah buat laporan juga tapi respon nya tidak membantu sama sekali,NEGATIVE
kak kok sekarang sudah enggak bisa chat gratis ya? tulisan nya sedang tidak ada jadwal mulu teman ku juga sudah cek sama saja lihat rating lain nya juga bilang tulisan nya tidak ada jadwal,NEGATIVE
dokter nya cuek dan tapi the point,NEGATIVE
paket obat saya belum di terima sama sekali,NEGATIVE
kerjasama sama vendor pengirimannya dievaluasi lagi jam buka dan tutupnya biar sama enaklah kalau sudah benar nanti retingnya saya ganti bintang 5 lagi masa driver onlinenya marah marah sama pelangganmu padahal kamu nya yang perjanjian oprasionalnya bagaimana?,NEGATIVE
aplikasi yang tidak direkomendasikan mengirim obat enggak jelas yang menerima siapa akhirnya saya enggak jadi minum obat malah beli lagi di apotek k24,NEGATIVE
baru bayar mau konsultasi dokter apl sudah error balikin uang ku plis,NEGATIVE
saya sangat kecewa beberapa hari terakhir saya bertanya kepada dokter yang terkoneksi dengan saya dan komertar balasnya sangat kurang nyaman,NEGATIVE
kacau ini alodokter rumah jakarta timur masa pengiriman obat nya dari bandung reason menyesuaikan ketersediaan obat masa iya sebgtu banyak apotik di jaktim enggak ada obat nya mending enggak usah ada aplikasi ini,NEGATIVE
terbaik dokterku,POSITIVE
cuma tanya via online tapi berbayar 45rb mending konsultasi langsung tatap muka dan priksa ke dokter langsung pakai bpjs,NEGATIVE
proses yang ribet,NEGATIVE
dokter sangat ramah dan memberikan penjelasan dengan jelas,POSITIVE
aplikasi jelek bukannya membantu malah menyulitkan saya buat janji konsultasi dengan dokter karena dokternya cuti akhirnya saya membatalkan janji konsultasi di apk namun sampai sekarang dana saya belum dikembalikan proses refund sangat lama hampir 2 minggu,NEGATIVE
tulisanya konsultasi gratis tapi semuanya bayar kalo yang benar benar enggak punya uang bagaimana ke dokter saja enggak bisa apalagi bayar begini,NEGATIVE
maaf ratenya jelek pas kontrol di dokter umum ok pas di yang haloskin dari nya luama balas padahal limit waktunya dan pas dapat konsultasi gratis enggak bisa2,NEGATIVE
dulu sangat membantu sekarang kita harus bayar apa ieu di degarasendiri apa harus bayar ada kah orang yang tulus membantu orang sakit tanpa mengharap imbalan,NEGATIVE
sangat membantu dan waktunya sangat fleksibel,POSITIVE
sukses selalu,POSITIVE
tidak merespon pertanyaan padahal sudah bayar,NEGATIVE
sangat jelas dan enak sekali,POSITIVE
error terus gagal pembelian,NEGATIVE
ke 4 kalinya pakai aplikasi ini 3x gratis ke4 nya berbayar menurutku malah pelayanannya bagusan yang pas gratis dulu yang bayar baru juga chat sudah disarankan langsung ke dokter untuk pemeriksaan padahal cuma batuk pilek mau minta resep dokter nah kalo disuru ke dokter langsung mengapai ada aplikasi dokter apa gunanya syedih mana buang2 duit,NEGATIVE
kok enggak dapat kode verytifikasi ya?,NEGATIVE
akhirnya gue menemukan aplikasi yang cocok benar benar membantu banget,POSITIVE
pelayanan dari cs nya benar benar jelek banget enggak mengasih solusi sama sekali terkesan bodoamat!,NEGATIVE
cocok tepat waktu terima kasih,POSITIVE
trimakasih,POSITIVE
mantap cepat oke is the best,POSITIVE
proses bayarnya cepat dan mudah respon dokternya juga cepat tapi mudahâ²an bukan karena terburuâ² ya,POSITIVE
kok enggak bisa mengetik pesan ya?,NEGATIVE
pengalaman tidak menyenangkan saat obat sudah dibayar dan kurir lama sekali menjemput dan berujung di cancel kalau mau berobat langsung ke dokter saja jangan disini,NEGATIVE
sangat bermanfaat pilihan dokternya banyak dengan waktu yang berbeda beda metode pembayaran sangat gampang,POSITIVE
pemesanan mudah dokter konsultatif,POSITIVE
dokternya lama banget responnya pdh bintang 100 posisinya enggak sibuk termasuk mahal loh 45 000 sebenarnya murah murah saja harga segitu tapi ini responnya lama muak saya nungguinnya mana di suruh ke dokter lain kembaliin dulu uangnya,NEGATIVE
mengecewakaaaaaaaan,NEGATIVE
tidak bisa mengirim di luar pulau jawa,NEGATIVE
dokter pribadi sering tidak tersedia jika pakai asuransi saat laporan juga cs nya sangat tidak membantu,NEGATIVE
pas masukkan nomornya kode otp nya tidak kunjung dikirimkan kalau begitu bagaimana mau buka aplikasi nya,NEGATIVE
enggak bisa buat chat kecewa,NEGATIVE
tibaâ² banget voucher enggak bisa di gunakan padahal tanggal voucher masih sampai 28 feb,NEGATIVE
ternyata di klinik jsmile perawatan saluran akar bisa selesai dalam 1 kali kunjungan saja saat perawaatan juga tidak ada rasa sakit sama sekali drg christine nya baik dan ramah banget sangat teliti dan sabar dalam menangani pasien top ðÿ,POSITIVE
sangat membantu aplikasinya bagus,POSITIVE
aplikasi elit bayar mahal hanya untuk iya tidak informasiny juga tidak terlalu jelas,NEGATIVE
setelah saya download ternyata konsultasi gratis walaupun ada waktunya tapi gapapa mantap respon dokter juga cepat,POSITIVE
terlalu ribet di pembayaran meminta masukkan ini itu beeh lamaâ² meminta nomor sepatu,NEGATIVE
terimakasih cukup membantu,POSITIVE
admin ini sudah ke 2x saya mau berhenti langganan tapi tidak ada tanggapan harap segera di urus ya,NEGATIVE
jangan download ap ini fake tidak bisa menjawab pertanyaan ini bukan dokter tapi semua jawaban rekaman komputer tidak ada solusi pasti saran nya suruh ke dokter terdekat hello lalu guna nya apalikasi ini apa cuma ngabisin kuota orang tanpa ada keutungan nua,NEGATIVE
jawaban dokter seperti terlalu buru buru dan terlalu cepat meresepkan obat,NEGATIVE
aplikasi nya bermanfaat banget sih bisa konsultasi online bisa tebus resep juga sudah begitu artikel nya sangat membantu thankyou ya,POSITIVE
dokter nya sangat sabar dan detail jlsin nya,POSITIVE
aplikasi ini bagus bisa chat gratis dokternya cepat merespon sangat membantu keluhan kita,POSITIVE
sangat membantu dikala urgent perlu konsultasi dokter,POSITIVE
fast respon dokter menjelaskan detail tidak terburu buru good pertahankan,POSITIVE
aplikasi sampah obat isoman enggak dapat dapat sampai selesai 10 hari isoman,NEGATIVE
sangat bermã mfaat thqnks dokter infonya,POSITIVE
lama banget jawab pesannya sudah dibayar,NEGATIVE
sangat membantu ketika kami berada di tempat liburan membantu kami berkonsultasi secara detail dokternya ramah,POSITIVE
dokter melayani dengan ramah walupun dengan online,POSITIVE
selalu membantu kapan saja,POSITIVE
penjelasan sangat jelas dan padat,POSITIVE
dokternya baik semoga tambah maju terus dan terus di perbaiki ya,POSITIVE
sangan mengecewakan dengan dari anna amaliana sapa kj saya tidak mendapatkan resep obat yang saya butuhkan,NEGATIVE
terimakasih halo dok anak ku sakit bingung harus apa syukur nya ada aplikasi yang benar benar sangaaaaaat membantu terima kasih juga buat para dokternya yang sejauh ini benar benar kasih resep yang manjur dan ber efek baik buat anak ku terimakasih sekali lagi,POSITIVE
awalnya bagus ada chat gratis terus saya coba psikiater 35 000 nah ini malah harga jadi naik 45 000 mahal amat tahun 2022 malah makin mahal,NEGATIVE
bayar gus,NEGATIVE
sangat membantu terutama buat orang tua yang susah dibawa keluar untuk berobat,POSITIVE
saya sangat kecewa dengan info layanan ini saya sudah bayar yang menurut saya lumayan tapi tidak mendapt jawaban sama sekali dari dari nya mengecewakan,NEGATIVE
mudah banget pakai aplikasi ini biayanya juga terjangkau setiap saat juga bisa chat dengan dokter,POSITIVE
mudah dan cepat dokter ramah dan professional,POSITIVE
cepat respon dokternya tinggal tunggu obat di rumah,POSITIVE
kenapa saldo saya di potong ini terus 39 ribu padahal saya sudah enggak memakai aplikasi ini niat mau nolong ini sales nya taunya di potong ini terus perbulan apa aan ini merugikan saya,NEGATIVE
membtu banget cumku baru tau klouchat ituad bts waktualhsil blmsmpt konsultasi yang detaildah hbswktunya,POSITIVE
dokter ramah penjelasannya cukup jelas,POSITIVE
kenapa tidak bisa di update,NEGATIVE
sudah diperbarui mau konsultasi malah gagal respon keluar2 terus,NEGATIVE
aplikasi sangat membantu maju terus klikdokter,POSITIVE
bagus sih cuma baro mencoba,POSITIVE
kuota banyak sinyal bagus jaringan 4g tapi lemot banget di download,NEGATIVE
mau upload resep enggak bisa selalu ada tulisan chat gratis terbatas enggak tau maksudnya apa chat dokternya juga percuma walaupun bayar karena selalu nyuruh check fisik langsung lah terus kenapa saya harus bayar aplikasi ini ?,NEGATIVE
terima kasih sudah membantu para dokter untuk mendapatkan skp gratis sukses terus,POSITIVE
pesan lactobe saat anak muntah muntah diantarnya 3 hari setelahnya kapok saya,NEGATIVE
membantu untuk yang sibuk,POSITIVE
paket lama banget dtng nya sudah 2 minggu lebih itu paket enggak tau kemna di perjalanan mulu di gundul kuyang kali ya wkwk maaf ya sebelumnya saya juga enggak bermaksud kasih bintang tapi ini bagaimana deh pelayanan pengiriman mana enggak bisa di return lagi astagfirullah 33ã sudah hubungin cs juga responnya begitu mulu alah mohon ya! pakai banget sih ini bagian pengiriman nya tolong di perbaiki kasihan orang saya yang butuh banget obatnya segera tapi malah disuruh menunggu saya juga sudah bayar ongkir tapi malah begini aduh,NEGATIVE
canggih sekali bisa berkonsultasi langsung dengan dokternya dan kebetulan malam ini pukul 00 22 pelayanan respon sungguh sangat cepat benar saya sarankan jika ingin fastrespon lebih baik anda komunikasi pada waktu luang tidak pada waktu jamâ² kerja terima kasih klik dokter ap,POSITIVE
anjay,POSITIVE
pengantaran via kurir borzo ongkos nya jauh dekat 8 rebu,NEGATIVE
responsif ramah,POSITIVE
cepat tepat akurat,POSITIVE
dokter sangat ramah dengan penjelasan bermanfaat terima kasih atas bantuannya dokter,POSITIVE
aplikasi dokter pembohong!! sudah transfer tidak bisa konsultasi,NEGATIVE
berobat lebih mudah,POSITIVE
sangat ramah dan imformatif,POSITIVE
terima kasih sangat membantu dok,POSITIVE
sangat membantu saya dan keluarga,POSITIVE
alhamdulillah bisa konsultasi dengan dokter dan membantu mengatasi masalah kesehatan mental dan yang lainnya terimakasih halodoc,POSITIVE
cepat dan tidak ada kendala,POSITIVE
respon cepat terimakasih,POSITIVE
sama sya allah manfaat banyak,POSITIVE
penyelamat ketika malas ke klinik,POSITIVE
sangat membantu informasi nya,POSITIVE
puas sama penjelasan dokter,POSITIVE
tolong dong perbaiki aplikasi klik dokter saya mau chat dokter enggak bisa karena keyboardnya enggak mau muncul padahal dokternya sudah sapa aku,NEGATIVE
dokternya menjelaskan satsetsatset jadi paham,POSITIVE
jempol dua,POSITIVE
baru kali ini kecewa pakai halodoc respon dari lama sekali belum konsultasi apa apa sesi sudah keburu habis sama waktu sangat merugi,NEGATIVE
perdananya konsultasi dengan halodoc konfirmasi dannrespon dari para dokter2nya sangat cepat dan teliti,POSITIVE
bagus pelayanan dokter nya,POSITIVE
tidak ada respon sama sekali dari dokter padahal sudah bayar,NEGATIVE
terima kasih sangat memudahkan apabila kita tidak menemukan obat,POSITIVE
dokter baru baru ini perut saya itu sering mulas dan terasa perih campur mual kira kira perut saya sakit apa ya? dan harus makan obat apa!!,NEGATIVE
biaya konsultasi awal ke dokter umum lebih murah dibanding apk sebelah banyak opsi pembayaran tapi setelah bayar gue sempat bingung dimana carinya buat klik chat dokter setelah berhasil dikasih dokter random yang sangat lama sekali balas chat harus menunggu lebih dari setengah jam hanya untuk balasan singkat akhirnya dapat resep tapi tololnya dikirim dari apotek k24 yang sangat jauh lokasinya dan pengiriman reguler harus cari sendiri dan enggak ada dijual apotek lain adek gue muter2 sampai jengkel,NEGATIVE
wow baru ini saya pakai ap ini dan sgt2 membantu terutama mghemat waktu uang dan tenaga terima kasih ya sukses slu buat ap alodokter,POSITIVE
kenapa sih katanya login sama no telfon saat ku kasih no telfon yang benar malah salah terus kenapa enggak kayak dulu dulu gratis enak sekarang enggak wort itu banget deh di balas lama banget,NEGATIVE
suka sih but berbayar hahaha tapi oke,NEGATIVE
baru coba kasih bintang 4 dulu ya,POSITIVE
ap yang cukup membantu dan mempermudah,POSITIVE
live streaming,POSITIVE
sangat membantu saat perlu obat dl dalam kondisi segera,POSITIVE
tampilan aplikasinya gampang dimengerti dan simpel banget cocok buat aku yang malas pergi pergi ke rs,POSITIVE
bagus semoga ibu saya sembuh,POSITIVE
saya bingung dengan kalian yang komen aplikasi ini sangat membantu membantu darimana nya? pesan obat obatnya enggak sampai di saya dan uang saya tidak dikembalikan sampai sekarang wa nya malah centang 1 aplikasi penipu,NEGATIVE
bayar konsultasi psikolog ternyata dokternya sibuk mau ganti dokter tiba tiba tidak bisa lalu keluar dari laman dan status tertunda kalau memang dokternya enggak bisa kenapa status chatnya aktif? mau pengembalian dana juga enggak bisa karena opsi chatnya enggak bisa ditekan lagi sama sekali tidak rekomen,NEGATIVE
pesenya dokter apa masuk sesi chat dokter apa eror,NEGATIVE
kenapa kok saya sudah byar tapi tidak bisa memulai chat dengan dokter?,NEGATIVE
awalnya konsultasi dicover asuransi tiba tiba malah bayar sendiri berhenti pakai halo dokter langsung ke rumah sakit saja,NEGATIVE
baik banget tadibm kepencet tidak puas padahal puas banget,POSITIVE
selama pandemi ini klikdokter jadi penyelamat buat aku yang parnoan pergi keluar rumah karena takut terpapar dokternya fast respon dan selalu ada,POSITIVE
mantap cepat ditanggapi puas konsultasi diklik dokter semoga sukses selalu,POSITIVE
sudah beberapa kali konsultasi di halodoc dan responnya sangat memuaskan trimakasih banyak,POSITIVE
alternatif ke dokter tanpa antri ribet,POSITIVE
sangat cepat respon nyaðÿ,POSITIVE
bagaimana sih chat enggak dibalas saya sudah bayar bagaimana tanggapannya,NEGATIVE
ah bagaimana sih mau pese obat ribet banget harus chat ulang lagi sama doktenrya! rempomg mana lama lagi dokterrya,NEGATIVE
ala docter muyasir blang birah langganan cv syahrul ramadhana azusanagasawa 2025 ultra yes keren keren mantap2 2025 ultra semoga cv syahrul r yun 5955r 2025 ultra panjang umur bahagia selalu di bulan puasa ramadhan 2025 ultra,POSITIVE
bagus mudah digunakan informasi bermanfaat,POSITIVE
mantap dan cepat prosesnya,POSITIVE
bad sudah beli salep harusnya dapat konsultasi gratis selama 14 hari malah enggak bisa terus server sibuk tolonglah yang jelas masa mau konsultasi perkembangan saja enggak bisa cih,NEGATIVE
bagus lanyananya,POSITIVE
berbayar tapi dokter enggak komunikatif malah dokternya mengomong panjang tanpa lihat dulu foto keadaannya buang buang uang,NEGATIVE
aplikasinya bagus dokter fast respon tapi saran saya waktu untuk reguler mohon ditambah dok karena sangat singkat konsultasinya kalau 15menit,POSITIVE
enggak ada yang gratis prabayar semua ternyata,NEGATIVE
aplikasi ini selalu mengganggu aktifitas saya selalu muncul di iklan,NEGATIVE
customer services kurang membantu lama prosesnya cuman via wa tidak bisa protes kalau barang yang dikirim salah harga dan kuantitas yang tercantum di aplikasi tidak sesuai dengan jumlah barang yang di dapat saat sampai di rumah harusnya 24 ribu dapat 2 pcs malah cuman satu yang dikirim kalau mengajukan pembatalan terkait janji cek kesehatan susah prosesnya lama tidak bisa kasih catatan juga buat apotek kalau mau kasih notes saat beli barang,NEGATIVE
saya pengguna baru semoga seluruh pelayanan aplikasi maupun dokter halo doc ramah dan baik semua tanpa terkecuali,POSITIVE
saya meminta no whatsap yang bisa di hubungi untuk tidak lanjuti ke kantor polisi !!!,NEGATIVE
tolong diubah input alamat pengiriman bisa manual masukkan melalui peta sudah dipaskan sesuai titik detil alamat berubah kurir jadi bingung,NEGATIVE
dokternya ramah penjelasan mudah dimengerti,POSITIVE
dulu aplikasinya enak banget di pakai sekarang perbayar jadi mls,NEGATIVE
dokternya baik jelas terperinci,POSITIVE
respon tunggu sangat mengecewakan 3 kali enggak ada yang jawab,NEGATIVE
sekali pakai aplikasi ini aman aman saja terus kedua kali malah lemot banget balasannya tapi dijam balesan selang 1 2 menit baru kekirimnya pas obrolan berakhir â ï sudah transfer lagi malah ngulang hal yang sama disuruh kirim foto yang lagi sakit tapi tombol yang buat share mana? ditulisan dokter masih mengetik disuruh tunggu hadeh keburu obrolan berakhir lagi,NEGATIVE
penanganan cepat respon baik obatnya juga manjur,POSITIVE
sangat jelas informasi dan jawaban yang diberikan bermanfaat sekali,POSITIVE
mohon bantuannya saya pesan obat di alodokter shop di tolak saya meminta dilakukan pemesanan ulang tapi belum ada tindak lanjut padahal sangat urgent tolong bantuannya,NEGATIVE
unfaedah,NEGATIVE
sangat buruk saya sudah konsultasi online tidak dapat resep online harus mengajukan lagi pas obat sudah saya bayar keterangan barang diantar besok padahal keterangan barang bisa diantar 1 jam dari pemesanan,NEGATIVE
enggak bisa login,NEGATIVE
bantu banget apalagi kalau kena penyakit yang langganan kayak batuk pilek amandel dl enggak usah mengantri dan bisa kapan saja,POSITIVE
sangat membantu jika tidak kuat jalan ke klinik,POSITIVE
bagaimana sih ini aplikasi pengin masuk susah amat gagal melulu enggak jelas banget aplikasi ini aplikasi penipu sampah,NEGATIVE
dulu suka banget pakai aplikasi ini bisa tanya dokter ini sudah saya instal terus uninstal tetap enggak ada fitur tanya dokter konsultasi dokter,NEGATIVE
mau menambahkan metode pembayaran susah sekali,NEGATIVE
bagus dan sangat membantu apalagi untuk di daerah pedalaman kayak saya,POSITIVE
semoga terus tambah baik deh dan bisa dipertahankan keramahan dan kesigapan dokternya,POSITIVE
obat tersedia dialoshop sudah dikasih resep juga tapi klik beli obat kok malah ke obat yang lain aneh padahal obat ada tersedia dan sangat membutuhkan obat itu,NEGATIVE
sudah lama diuninstal tapi masih suka bocor data sering ditelpon memang enggak pakai embel dari alodokter cuma dia pakai username saya di alodokter segitu gampangnya ya jual data orang sepayah itu indonesia sampai di lingkup kesehatan juga jual data pasien,NEGATIVE
sayangnya kurang dilengkapi pengiriman foto untuk memperjelas penyakit yang dikirim ke dokter,POSITIVE
fast respon cukup membantu meski dini hari saya chat beliau trimakasih dok,POSITIVE
beli obat terpercaya bisa konsultasi dokter dulu,POSITIVE
dokternya ramah fast respon,POSITIVE
hanya 3 bintang saja kalau pelayananya konfirmasinya bagus,NEGATIVE
tiap mau konsultasi pasti kembali sendiri jelek,NEGATIVE
seharusnya ada 1 atau 2 orang dokter di dokter umum yang menyediakan layanan gratis di rumah sakit klinik kita bayar masa di aplikasi harus bayar juga enggak semua harus bercerita tentang uang ada kalanya kita harus ikhlas berbagi tanpa adanya imbalan toh tidak ada ruginya berbagi ilmu,POSITIVE
aku sudah share ke teman tmnku untuk pakai klikdokter karena memang ini berguna banget dan bisa buat konsultasi jarak jauh gt pakai telehealth! 3,POSITIVE
gampang banget pakai aplikasinya bisa bikin jadwal temu loh mau langsung ketemu juga bisa karena dokternya available 24 jam keren!,POSITIVE
puas banget sama halodoc dokternya ramah2 responnya cepat sejauh ini sih baguus bangat pelayanannya halodoc tetap yang terbaik dan sangat membantu sekali,POSITIVE
enggak usah pakai ap ini sudah bayar untuk konsultasi dokter nya tidak menjawab dibalikin dalam bentuk vocer tapi dokterny sapa kali nya enggak pernah ada bagaimana mau konsultasi ya unfae,NEGATIVE
penjelasan dari mudah di pahami respon cepat dan selalu menjawab semua pertanyaan yang ingin di tanyakan recomend sekali,POSITIVE
kenapa baru instal apk nya selalu nge bug dan tidak bisa dibuka,NEGATIVE
baik dokter dokternya sampai csnya pelayanannya oke banget,POSITIVE
bertanya 7x enggak tau dijawab,NEGATIVE
sangat membantu disaat kondisi mendesak suka sekali pakai aplikasi ini!,POSITIVE
belum ada pengelaman,NEGATIVE
sangat membantu saya konsultasi sambil rebahan dan ada solusi untuk sesi konsultasi dengan psikolog mungkin saat injury time bisa pre clossing supaya endingnya sudah ada conclusion,POSITIVE
top gercep,POSITIVE
dokternya telaten sekali betul di diagnosis chat lama pun tetap di respon,POSITIVE
obat saya pesan tidak datang uang tidak dikembalikan tidak memberikan solusi hanya disuru menunggu menunggu terus orang sakit disuru menunggu obat 1 bulan enggak ada kepastian,NEGATIVE
sesi konsultasi ternyata cuma 30 menit dokternya slow respon pula belum sampai dapat resep tapi sesi konsultasi sudah berakhir kapok sih karena buang uang siaâ² enggak dapat resep kecewa pakai banget,NEGATIVE
ah pas di update malah kgk bisa di buka untuk chat dokter nya keluar langsung aplikasi nya ini bagaimana kgk bisa konsultasi,NEGATIVE
konsultasi cuma nuduhin dokter terdekat saja bayar 45000 dan tidak di tangani dengan dokter yang kita chat kurang kalau menurut saya,NEGATIVE
order konsultasi jam 12 malam dibalas hampir jam 5 pagi alasan admin traffic tinggi lah gaperduli mau traffic tinggi atau bagaimana ya itu urusan sistem lu pada yang harus diperbaiki kalo memang 1 dokter keteteran ya bagi ke dari lain sistem harus tegas harus ada batas maksimal waktu menunggu! ya masa menunggu konsultasi sampai hampir 5 jam???? enggak ada kepastian durasi menunggu dan berujung tidak ada sesi konsultasi dan mau enggak mau refund dan masih ribet lagi ngisi data,NEGATIVE
kapok berobat di alo dokter obat sudah di beli enggak di kirim obat buat kesembuhan mengirim nya sembrono,NEGATIVE
solusi terbaik ketika dibutuhkan mendadak,POSITIVE
pertama mencoba telemedicine langsung klikdokter sih jadi enggak tau ap lain bagaimana tapi konsultasi disini enggak pernah gangerti apalagi kecewa dokternya mantap semua,POSITIVE
untuk komunikasi atau chat online slow respon dan waktunya terus berjalan tidak mendapatkan apapa kecuali saya rugi bayar untuk konsultasi online,NEGATIVE
pengiriman obat 24 jam dan super cepat terimakasih,POSITIVE
enggak worth itu guys menyesal gua bayar kmprt,NEGATIVE
aneh ya sudah bayar cuma tidak tersambung dengan dokter transaksi langsung selesai saja begitu mengira bisa di ulang sampai tersambung taunya cuma menunggu 2 menit doang enggak nyambung2 sama dokternya sayang2 bayaar,NEGATIVE
terdapat bug saat registrasi di proses verifikasi nomor telepon enggak bisa lanjut walau kodenya sudah dapat,NEGATIVE
ok terimakasih semoga sukses selalu,POSITIVE
suka dengan pelayanan halodoc proses cepat tidak ribet,POSITIVE
ini mah diresponnya sama bot bukan manusia mana sudah menunggu lama dokternya kaya enggak serius,NEGATIVE
maaf sebelumnya untuk obat misal depresi gangguan pikiran ada ya dokter,NEGATIVE
tdinya saya pengguna lama apl ini tapi semenjak di update terus jadi bayar sudah begitu dkter sbuk jadi sudah enggak resep saya,NEGATIVE
konsultasi di lakukan dengan jelas dan tidak rumit,POSITIVE
mantap bagus jadi tidak perlu ke repot repot ke rumah sakit langsung chat dokter dan langsung di kasih resep dokter obatnya,POSITIVE
sangan membantu dan reapon cepat sekali,POSITIVE
sangat membantu ke overthinkingan saya hiks,POSITIVE
dulu saat pandemi sangat membantu dalam kondisi enggak bisa kemana2 saat ini ketika kita kurang sehat dan enggak bisa kemana2 saja bisa langsung konsultasi dokter atau beli obatnya aplikasinya juga lebih berkembang terima kasih ya,POSITIVE
enggak lengkap fiturnya,NEGATIVE
menurutku pribadi dari segi pelayanan ap klik dokter ini itu telehealth yang paling ok banget dibanding yang lain,POSITIVE
aplikasi yang bagus dengan kemudahan m3milih dokter sesuai kebutuhan dan di dukung dicover oleh asuransi perusahaan yang bekerja sama tanpa perlu membayar cash,POSITIVE
coba tolong di perbaiki ap nya keyboard nya kadang tidak muncul mau mengetik nya bagaimana?,NEGATIVE
pelayanan pengiriman sangat cepat tks,POSITIVE
sangat membantu dan ramah sayang halodoc banyak banyak,POSITIVE
dulu ada chat dokter tanpa bayar sekarang semua harus bayar ya,NEGATIVE
senang halodoc bisa membantu konsultasi ringan secara online sebelum konsultasi ke dokter di rs,POSITIVE
hallodoc sangat bagus,POSITIVE
saran saya jika anda pengguna baru yang sering mngalami susah masuk verifikasi nmer hp matikan wifi anda gunakan data paketan anda pasti bisa,POSITIVE
sistemnya mbulet dokter sibuk padahal sudah bayar,NEGATIVE
semua milik indonesi,POSITIVE
sht pias dengan penjelasna dokter,POSITIVE
saya sudah bayar tapi kenapa dokter sibuk terus kalo kayak begini kapan saya bisa konsultasi,NEGATIVE
manayap,POSITIVE
kenapa pas masuk apk tidak bisa dipencetâ² digeserâ² padahal masuk apk lain bisa dicobaâ² hapus pasang tetap saja begitu ini tolong bagaimana ngatasinnya,NEGATIVE
kenapa setiap mau melakukan pembayaran ketika berkonsultasi selalu error? hal ini selalu terjadi setiap bulan hingga mempersulit pengguna saat jadwal konsultasi tolong untuk segera diperbaiki,NEGATIVE
fast respon dan informatif,POSITIVE
pengalaman yang kurang mengenakkan mitra drivernya yang berganti2 ternyata tutup apotek nya pas di check order sudah terkonfirmasi jadi tidak bisa di batalkan suruh hubungi cs nya malah di puter2 prosedur agak ribet namun setelah di konfirmasi by phone langsung cepat tanggap saran masukan kalo bisa diperbaharui lagi sistem aplikasi nya agar terus update utamanya seputar pengiriman produk obat nya apabila terjadi kendala pilihan cancel mdh agar tidak berdampak ke customer terimakasih,NEGATIVE
dokternya ramah dan penjelasannya dapat dipahami,POSITIVE
habis bayar terus ap error jadi uang hilang hati hati,NEGATIVE
meminta resep gratis dan pengiriman obat cepat,POSITIVE
pelayanan konsultasi cepat,POSITIVE
murah sih tapi masa dokternya mengasih penjelasan singkat banget,NEGATIVE
dengan adanya halodoc sangat membantu sekali dalam keadaan yang memerlukan penanganan segera terimakasih halodoc,POSITIVE
cerita doang dikasih resep kagak,NEGATIVE
saya chat dokter spesialis dan tidak di balas tiba tiba notif chat di tutup otomatis uang hilang sia2 padahal sedang urgent,NEGATIVE
apk apa ini hadeh mengecewakan baru pertama memakai sudah di buat kecewa saja,NEGATIVE
sangat membantu ketika bingung harus konsultasi ke mana bisa online,POSITIVE
dengan aplikasi ini blon ada pengalaman semoga berguna,POSITIVE
tidak semua obat bisa di resepkan,NEGATIVE
sempat khawatir kemarin kena covid karena ada kontak erat tapi belum bergejala terus kemarin pesan paket isoman di ap klikdokter dan alhamdulillah sampai di rumah dengan keadaan aman tanpa harus pergi keluar dan membahayakan orang lain mantap,POSITIVE
susah banget buat log ini nya padahal sudah memasuki kode otp yang di kirim,NEGATIVE
sangat membntu aplagi maslh mens saya tidak teratur bisa konsultasi dengan dokternya via cht sangat membntu saya,POSITIVE
saya kecewa sih sama aplikasi alodokter yang sekarang dulu waktu saya awal download chat dengan dokter gratis sekarang berbayar padahal aplikasi ini sangat membantu bagi pelajar atau keluarga yang kurang mampu untuk mengetahui kondisinya atau bisa melakukan pertolongan pertama pada pasien tersebut,NEGATIVE
aneh tiba tiba enggak ada metode pengiriman instan harus reguler kelamaan menunggu obat 3 hari,NEGATIVE
ok cepat redpinnya,POSITIVE
diperangkat saya poco f4 versi android 13 malah ngeframe parah selalu begitu setelah instal aplikasi ini selalu ngfarme seperti error hp saya tolong diperbaiki lagi software nya,NEGATIVE
aplikasinya enggak kayak dulu ya dulu kalau chat dokter umum gratis sekarang berbayar jadi auto uninstal deh bye bye alodokter,NEGATIVE
dokter yang fast respon sangat ramah dan baik terimakasih,POSITIVE
biaya refund buat janji lama di proses nya sudah chat admin alodokter tetap tidak ada respon,NEGATIVE
enggak takut lagi sekarang kalau anak tbtb demam tengah malam atau ada apapun soalnya dokter disini siap jam berapa saja sudah pernah konsultasi malemmalem pun masih cepat balesnya alhamdulillah,POSITIVE
hari ini cari dokter telinga sudah banget,POSITIVE
saya pengguna baru mohon maaf saya kecewa sama pelayanan dokternya seperti yang asal menjawab karena jawabannya singkat singkat dan akhirnya pertanyaan saya enggak ada jawaban plus belum selesai sesi tanya jawabnya tbtb chatnya ketutup mungkin untuk kedepannya diperbaiki lagi terima kasih,NEGATIVE
sangat mudah dipahami dan sangat ramah,POSITIVE
sangat membantu saat membutuhkan bantuan konsultasi online,POSITIVE
sehat dambaan semus orang,POSITIVE
terima kasih atas quick responnya,POSITIVE
tidak bagusg,NEGATIVE
dokter slow respon waktu keburu habis,NEGATIVE
informasinya sangat membantu,POSITIVE
yang balas kayak bot menunggu dibales saja 1 jam padahal status dokternya online hasil akhirnya enggak dikasih resep obat atau apa kayak padahal ya sudah bayar aplikasi layanan kesehatan paling buruk,NEGATIVE
sangat ramah dan mudah dipahami penjelasan nya terima kasih banyak dokter,POSITIVE
terima kasih banyak halodoc disaat butuh tepat waktu,POSITIVE
apk enggak jelas sudah dibayar pembayaran berhasil keterangan dokter sibuk ganti dokter bayar lagi sinting nih apk menyesal download,NEGATIVE
belum selesai konsultasi sudah di akhiri malas deh,NEGATIVE
saya mau tebus obat tapi saya keluar aplikasi buat isi saldo ovo saya kembali tebus obat enggak bisa dibuka,POSITIVE
saya sudah bayar mau konsultasi eeh malah disuruh bayar lagi pas awal mau konsultasi malah dokternya sibuk bagaimana sih halodoc buang buang uang saya saja ganti rugi dong,NEGATIVE
aplikasi buruk sudah dibayar pas dichat katanya mengantri 1 menit dari jam 2 subuh sampai jam segini belum dibalas balikin uangnya enggak guna kalau enggak ada dokter yang aktif harusnya offline kenapa bisa bisa nya ditulis online aplikasi buruk mana keadaan mendesak lagi,NEGATIVE
pengalaman saya sudah terbantu ketika membaca semua keluhan yang sesuai dengan apa yang saya alami dan mengikuti penjelasan alodokter sakit yang saya alami berkurang oleh karena itu saya sangat berterima kasih kepada alodokter dan cocok diberi rating tinggi,POSITIVE
dokter sangat sangat membantu dan buat tenang cuma pengiriman obat tidak bisa urgent pesan sekarang dikirim bisa besok malam saya sudah 2 kali begitu jadi malah keluar dobel uang karena di alodokter lama akhirnya nebus sendiri diapotik lain uang yang sudah masuk tidak bisa dikembalikan sangat sangat buat kesal semoga bisa diperbaiki dalam hal pengiriman obat,NEGATIVE
amat bagus,POSITIVE
saya kecewa tidak bisa konsultasi harus bayar baru di layani,NEGATIVE
sangat bermanfaat karena banyak dokter pilihan untuk konsultasi dan meskipun berbayar tidak sebanding dengan kita konsultasi langsung ke dokter yang ada karena selain biayanya mahal kalo spesialis kita harus langsung ke tempat praktek thanks alodokter tha best,POSITIVE
selalu puas sama pelayanannya dokternya juga ramah,POSITIVE
sangat memudahkan konsumen cepat dan praktis,POSITIVE
kenapa makin ke sini makin jelek ya aplikasi ini sudah berbayar dan lebih parahnya waktu itu saya sudah bayar tapi dokternya tidak ada sama sekali responnya saya di anggurin selama 30 menit sampai habis waktunya,NEGATIVE
alur pembatalannya ribet dan lama banget responsenya,NEGATIVE
saya bingung bagaimana memulai chatingan dengan dokter yang tak sengaja saya akhiri plis bantu saya,NEGATIVE
saldo saya terpotong konsultasi terpotong secara sepihak dan bahkan baru mulai komunitas semua riwayat menghilang dl kembalikan uang saya,NEGATIVE
aplikasi enggak jelas mengajukan refund suruh menunggu 3hr padahal aplikasi lain kalo refund langsung di tf ini harus menunggu 3hr buat apa coba?,NEGATIVE
respon cepat konsultasi dokter,POSITIVE
aplikasi yang sangat membantu saya bisa chat langsung dengan dokter asli tanpa ke rumah sakit harapan saya kedepannya aplikasi ini lebih bagus lagi dalam membantu manusia yang sedang mengalami persoalan amin,POSITIVE
perfec,POSITIVE
aplikasinya cukup baik tapi waktu jam online dokternya masih terbatas,NEGATIVE
aplikasi ribet mau konsultasi berbayar saja ribet bagaimana yang gratis,NEGATIVE
sangat jelas dalam menjelaskan,POSITIVE
kurang cepat respon mungkin lagi banyak pasien,NEGATIVE
aplikasinya sangat membantu dokter dokternya juga berpengalaman bisa berbelanja nutrisi kesehatan dan artikelnya sangat update sukses selalu klik dokter,POSITIVE
dokternya fast respon trm kasih dari rommi rusfiandhi,POSITIVE
sangat membantu untuk berobat tanpa harus keluar rumah,POSITIVE
sebaiknya langsung tembak ke dokter spesialis jika ingin mendapat solusi lebih cepat,POSITIVE
mantap penjelasanya,POSITIVE
pengalaman sangat buruk dengan dokter yang tidak kompeten,NEGATIVE
memudahkan pasien untuk berobat,POSITIVE
e up up ini ton ini yang paling i yang b be saja o indriani yang baik h,NEGATIVE
lawak dulunya gratis sekarang enggak lagi wkwkwk lawaaaak!!!!!!,NEGATIVE
tolol tolol baru download mau chat suruh bayar sudah bayar terkontaminasi bukti bayar ada masih enggak bisa chat juga malah disuruh bayar lagi kalau mau chat ðÿ â ï,NEGATIVE
sangat kecewa sama aplikasi ini pada hari ini padahal masih dalam chat berbayar tapi ditungguin balasan demi balasan sampai 30 menit enggak ada juga akhirnya ke tutup sendiri chat itu yang benar saja! rugi dong!!,NEGATIVE
artis lak,NEGATIVE
semoga setelah konsultasi ini dapat merubah segalanya dan kondisi muka aku jadi lebih baik,POSITIVE
bolak balik gagal terhubung dengan dokter,NEGATIVE
bagus sih buat konsultasi tapi pengiriman obatnya lama katanya di keterangan waktu awal order sampai tanggal 7 sekarang tanggal 7 belum sampai di chat cs nya malah enggak jelas jawabanya padahal aku order tanggal 6,NEGATIVE
sangat praktis dan banyak membantu khususnya ubtuk telemedicine,POSITIVE
konsultasi kesehatan,POSITIVE
setelah meminta di up date aplikasinya error tidak bisa dipakai chating?,NEGATIVE
bagus dan membantu saya,POSITIVE
respon cepat dan penjelasan yang detail,POSITIVE
kelihatannya dokternya profesional tapi kok waktunya 30 menit dan responnya lama,NEGATIVE
dokter nya ada yang cepat balas ada yang lama ada yang jawab nya bikin puas ada yang jawab nya biasa saja kayak enggak mengasih solusi,POSITIVE
dokternya kayak ngantuk maaf ya,NEGATIVE
sangat puas dengan aplikasi halodoc,POSITIVE
aplikasi sangat bermanfaat,POSITIVE
wah banget dengan adanya apk ini kami bisa konsultan gratis maksi sudah hadirin apk ini pokoknya sukses jempooooooooooooooool banget,POSITIVE
estimasi paket saya sampainya tanggal 11 juli 2025 tapi ini sudah tanggal 12 juli belum juga sampai paket obat saya ketika saya email belum direspon sama sekali,NEGATIVE
cacat beli antibiotiknya harus pakai resep dokter ribet tembus untuk resep pengambilan obatnya malah dapat lokasinya yang jauh dari jangkauan alamat pelanggan!!!!!,NEGATIVE
parah sih sudah gua transfer malah di bilang gagal transaksi ganti pakai voucher saran bagi pemula mending didownload aplikasi ini aplgi transfer buat konsultasi,NEGATIVE
sekarang fitur diskusi nya yang gratis sudah enggak bisa ya? dulu kan boleh bertanya saja kalo mau konsultasi dengan spesialis baru bayar,NEGATIVE
mau chat ke dokter gagal terus uangnya sudah kesedot berubah jadi voucher tapi vouchernya enggak bisa dipakai buat apa apa diuangin balik enggak bisa dipakai chat dokter pun enggak bisa aneh banget,NEGATIVE
aplikasi tidak dapat dibuka,NEGATIVE
dokter baik sangat cepat respon nya terima kasih,POSITIVE
pada saat nebus obat ternyata apotik membatalkan transaksi karena katanya stok habis refund uang nebus obat sebesar 400 an ribu dalam 3 hari kerja padahal obatnya butuh saat itu juga dan tanggal tua,NEGATIVE
pelayanan 10 10 semua fitur kepake dan aplikasi enggak berat buat hp,POSITIVE
sangat membantu pelayanan cepat dan dokternya ramah,POSITIVE
sedikit kecewa karena psikolog saya yang salah pilih tidak merespon malah digantik sama psikolog lain padahal saya lagi cari psikolog yang nonis terima kasih,NEGATIVE
mantap tngkat terus aplikasi nya dan lebih di permudah dalam pengguanaan,POSITIVE
dikira grtis tapi ternyata berbyr,NEGATIVE
penjelasab mudah di mengerti dokter ramah,POSITIVE
penjelasan dari alodok ini sangat baik dan memuaskan hati,POSITIVE
sangat bermanfaat saat waktuâ² terdesak,POSITIVE
bagus dalam semua hal terutama dokternya ramah dan baik,POSITIVE
membantu sekali selain hemat dan enggak repot repot antri untuk ke klinik,POSITIVE
berbayar saya tidak sanggup,NEGATIVE
sangat bagus apabila ada pertanyaan atau keluhan pasti di layani dengan baik terimakasih ya alodokter,POSITIVE
pembelian obat di halodoc sangat merugikan apotek harga yang dikasih untuk ke apotek sangat minim 5 namun ketika dijual ke cutomer halodoc ambil untung 25 gila banget,NEGATIVE
sangat profesional dan baik terima kasih,POSITIVE
sangat membantu dalan kondisi mendesak,POSITIVE
main autodebet saja nih padahal enggak kepake akunnya tolong dong hapus data saya di kalian punya aps terima kasih,NEGATIVE
aplikasi sudah bagus tapi saran saja buat pengguna kalo pesan obat jangan pakai kurir gojek sangat lelet dari pihak apotik sudah siapkan obat dari jam 10 pagi tapi sampai jam 5 belum mendapatkan kurir bisa pasien mati obat nya belum sampai,NEGATIVE
apasi gue verifikasi gagal mulu aneh lu halo dok,NEGATIVE
jelek,NEGATIVE
aplikasi jelek woi balikin duit gua lo enak enakan debit otamatis dari rekening orang makan uang haram ya?kata salesnya kalo buka aplikasinya doang bayar lah ini gua gprnh buka didebit otomatis tiap bulannya ini saya laporin polisi saja ya biar kalian semua ditangkap,NEGATIVE
sudah lama enggak pakai ini tapi nguras rekening tiap bulan nya aneh,NEGATIVE
untuk daerah jabodetabek aplikasi sudah beroperasi dengan baik,POSITIVE
bgst anjing,NEGATIVE
sangat membantu terima kasih ya dan tengah malam konsultasi dokter direspon cepat,POSITIVE
niat konsultasi supaya dapat resep atau rujukan pengobatan malah disuruh datang ke rs terdekat saja dokter yang melayani tidak mau bertemu untuk konsultasi offline slow respon informasinya pun basic dan template saya kasih bintang 2 tidak solutif,NEGATIVE
keren nih,POSITIVE
sudah bayar mahal buat konsultasi dan beli obat tapi obat yang di pesan tidak kunjung datang,NEGATIVE
aku selalu pesan obat di halodoc meski harganya lebih mahal dibandingkan ditoko offline waktu pembayaran cuma 10menit tapi transaksi terakhir saya sudah terbayarkan tapi enggak masuk di pesanan saya saya komplain lewat telepon padahal jaringan bagus malah dijawab cuma haloâ² saja dibilang enggak ada respon sorry tapi sayang halodoc uninstal bintang 1 enggak worth itu,NEGATIVE
dokter nya okeâ² obatan manjur enggak abalâ² mantap,POSITIVE
aplikasi enggak jelas sudah masuk enggak bisa nomer tlpn enggak bisa gmnail enggak bisa ngabisin paket orang saja,NEGATIVE
sangat helpful!!! terima kasih ya sangat menghemat waktu dan respon dokternya juga baik resep obatnya juga manjur sekali thank lu ya semoga kedepannya tambah keren lagi,POSITIVE
good way tapi keep our health,POSITIVE
aplikasi ini sangat membantu ketika kita sakit terimakasih halodoc,POSITIVE
aplikasi macam apa ini sudah bayar enggak berfungsi sama sekali saya sangat menyesal mendownload aplikasi ini bisa dibilang aplikasi tidak berguna,NEGATIVE
paket tidak sampai setelah dua hari sudah tau obat itu urgent harap dari pihak halodoc memilih ekspedisi yang tepat bukan ekspedisi yang bermasalah,NEGATIVE
dokter tidak ramah,NEGATIVE
saya tidak bisa memilih pembayaran melalui transfer bank bri bagaimana ini aplikasi nya membingungkan ada pilihan byr transfer bank bri tapi setelah di buka pilihan malah enggak bisa,NEGATIVE
dokter nya susah diajak komunikasi dan jawabannya tidak seseuai pertanyaan,NEGATIVE
sekarang aplikasi halodoc kenapa tidak bisa dipercaya saya sudah bayar tapi tidak bisa konsultasi kedokter,NEGATIVE
aplikasi ini sangat membantu dalam hal kesehatan dokter yang menangani pun memberikan pelayanan yang sangat baik terimakasih klik dokter,POSITIVE
pelayanan cepat obat cepat sampai,POSITIVE
cs nya cuma di jawab dengan sistem mau bertanya pertanyaan lain tidak bisa kemudian tidak ada hard copy nya sebagai bukti telah melakukan pembayaran biaya dokter dan hard copy resep obat wa hanya bisa home care saja tidak bisa bertanya ke lain padahal jaman sekarang knykan orang jarang lagi telp mengunakan telp biasa yang ada telp biasa mungkin perlu di perbaiki kembali agar masyarakat juga lebih enak mengunakan aplikasi halodoc trimah kasih,NEGATIVE
sangat membantu dan sangat cepat untuk mengatasi segala keluhan pasiennya,POSITIVE
sungguh sangat menyenangkan bisa berkonsultasi langsung dengan orang ahlinya,POSITIVE
keseluruhan oke belum bisa memberikan pengantar labotatorium secara online,POSITIVE
tidak sambungkan gopay ke halodoc,NEGATIVE
ramah dan menyenangkan,POSITIVE
tibatiba potong biaya enggak jelas dari rekening tanpa ada persetujuan apk kocak,NEGATIVE
bagus untuk orang yang ingin konsultasi kesehatan,POSITIVE
kacau kacau kerasa banget istri habis operasi sesar jaitan nya sakit mau konsultasi ke dokter eh sudah bayar dan diterima tapi sih dokter nya chat slow respone banget sampai masa chat 30menit berakhir berasa sia sia banget uang buat makan dipakai alodok begini shit,NEGATIVE
terlalu ribut tambahan mau pesan obat biasa saja harus ada resep doktor terus untuk dapat resep dokter harus chat cet dulu bayar cuma chat saja lebih simple itu ke 24 dari pada ini ke 24 pilih obat meminta resep dari dokter tunggu 3 menit resep kalau diijinkan langsung bayar semua tagihan plus dengan resep tadi kalau ini enggak ek chat dulu bayar dulu setelah itu bayar lagi obat 2 kali ribet kayaknya yang punya ini orangnya mbulet njelimet enggak karu karuan orang juga beli obt itu kebanyakan deh mengerti obatnya,NEGATIVE
banyak promo menarik yang mudah didapatkan,POSITIVE
terima kasih dok atas bantuannya,POSITIVE
chat dokter balas nya lama banget,NEGATIVE
respon dan membantu sukses dokter indonesia,POSITIVE
pilih dokter yang kompeten jangan yang malas malesan jawab pertanyaan pasien yang tbtb menghilang kalau situasinya urgent bagaimana? jangan mentang mentang saya pakai asuransi ya asuransi saya swasta saja di beginiin apalagi bpjs,NEGATIVE
sangat membantu respon cepat dokter nya baik terimakasih kasih dok,POSITIVE
tadinya kasih bintang 5 tapi saya kasih bintang 1 mengira bisa membantu obat enggak dikirim sesuai estimasi malah suruh konfirmasi email dl saya lagi sakit suruh ini itu ribet banget pelayanan enggak satu pintu,NEGATIVE
baik sekali pelayanan konsultasinya,POSITIVE
sangat cepat jawaban dari dokternya,POSITIVE
memudahkan dalam berobat dan praktis,POSITIVE
sangat sangat membantu terimakasih alodokter,POSITIVE
sangat membantu sekali bisa berkonsultasi dengan dokter dan mendapat resep obatnya,POSITIVE
saya belum selesai konsultasi tapi sudah habis saja waktunya jadi dokternya sedikit kesulitan untuk mendiagnosis sakit yang saya derita apa? saran tolong untuk timer waktunya agak di perpanjang lebih dari 30 menit menurut saya untuk konsultasi tentang kejiwaan itu terlalu cepatðÿ apalagi ini konsultasinya via online bukan langsung karena problem dan kejadian yang di derita setiap pasien itu berbeda beda kadang ada pasien yang ketika di timer itu jadi tidak fokus menjelaskan seperti tergupuh,NEGATIVE
medex kurir lelet kayak jamet!!! ini kenapa halodok lelet banget ya kurir obat nya sudah tau lagi buru buru butuh obat enggak bisa berkata kata lagi deh,NEGATIVE
dokternya ramah mudah mudahan selwsai konsultasi jerawatku sudah mendingan,POSITIVE
klikdokter recommended buat yang muda ataupun tua akses appnya enak dokter spesialisnya pun lengkap,POSITIVE
hilda bikin risih,NEGATIVE
dokternya baik menjelaskan dengan ramah,POSITIVE
membantu sekali trimakasihðÿ,POSITIVE
dokternya pada baik,POSITIVE
saat sesi konsultasi malah server eror percuma bayar 25ribu konsultasi belum selesai malah server eror terus,NEGATIVE
aplikasi sangat membantu saya,POSITIVE
dokter menjawab dengan sigap tetapi sesi nya terlalu singkat,POSITIVE
enggak bisa daftar akun tapi kode verifikasi enggak muncul2 lewat sms wa sudah ditautkan pakai fb juga tetap pakai no hp enggak bisa verifikasi karena enggak ada notif kode verifikasi masuk,NEGATIVE
saya bertanya mengenai kecocokan obat herbal vco matcha jika diminum selang lebih dari 2 jam namun tidak bisa menjawab karena tidak punya literaturnya saya agak kecewa terima kasih sudah berusaha membantu,NEGATIVE
kebanyakan bot ampas nih aplikasi chat dokter saja lama jawaban sudah disediakan templet tolol,NEGATIVE
meminta resep obat jerawat dikasi resep enggak ampuh malah nambah2in doang,NEGATIVE
konsultasi sangat menyenangkan membantu memberikan solusi,POSITIVE
kok saya konsultasi enggak ada jawabanya ya?,NEGATIVE
tolong di berhentikan autodebitnya ya saya sudah pernah mintak salesnya untuk di berhentikan tapi kenapa tiap bulan masih saja kepotong,NEGATIVE
semuanya oke,POSITIVE
enggak bisa menambah alamat aneh anjir bagaimana mau mesen obatnya,NEGATIVE
sudah bayar mahal2 sudah menyampaikan keluhan suruh menunggu 3 menit sudah 2 jam menunggu jawaban kagak ada ada,NEGATIVE
min tolong saya jangan di persulit dong di meminta memasuki nomor telfon gantian deh saya memasuki malah kode nya eror padahal nomor yang saya masukkan benar ini saya harus bagaimana? soalnya saya benar benar butuh buat mencari obat buat adek saya yang sakit balas min balas plis,NEGATIVE
baik tapi masih sedikit bingung cara tebus resp,POSITIVE
barusan saya menggunakan setelah pembayaran tapi kenapa malah dokter umumnya enggak balas,NEGATIVE
ap yang sangat membantu dan mudah menggunakannya,POSITIVE
dokternya fast respon menggunakan bahasa yang santun dan mudah dimengerti,POSITIVE
dokter informatif penjelasan detail,POSITIVE
aplikasi bagus sangat membantu untuk bisa konsultasi dengan dokter tapi setiap kali chat tanya dokter yang menjawab bukan dokternya malah health analys jawaban juga tidak relevan dengan pertanyaan,POSITIVE
aplikasi ini sangat buruk chat loading terus tidak bisa balas chat menunggu lama loading tiba tiba sesi chat sudah berakhir,NEGATIVE
saya atas nama fathi moh habibullah tolong di nonaktifkan akun saya tiba tiba saldo di atm saya terpotong oleh aplikasi ini terimakasih,NEGATIVE
semoga mendapat jawaban yang muaskan,POSITIVE
top banget sekarang kalau sakit sudah enggak ragu dan khawatir soalnya tinggal konsultasi dari rumah dokter disini juga sudah beberapa kali selalu terpercaya sangat helpful,POSITIVE
ganti ulasan bintang 1!! sudah bayar 45 000 buat konsultasi dokter spesialis tapi dokter tidak respon hampir 2jam padahal statusnya online hubungi cs alodokter juga percuma tidak ada hasil!! jadi aplikasi penipuan sekarang,NEGATIVE
dokter fast respon dalam melakukan konsultasi,POSITIVE
berobat jadi lebih mudah,POSITIVE
baru saja saya mau chat dokter di alodokter sudah byar 8 500 tapi belum di respon sampai sekarang saya tngui jwbanya,NEGATIVE
tanggal lahir desember kok cuma sampai tanggal 30 tanggal 31 desember tidak ada tidak bisa bikin akun valid,NEGATIVE
ini kenapa saya enggak bisa masuk ke menu ya,NEGATIVE
aplikasi ini tidak lebih baik dibanding h lodoc tidak bisa memilih dokter spesialis dan ketika memesan obat seringkali obatnya dikirim dari 2 apotik berbeda sehingga berdampak pada fre ongkir,NEGATIVE
apa nikmat nya,NEGATIVE
dokter slowrespon di tunggu katanya buatkan resep malah enggak nongolini sakit butuh obat segera dok,NEGATIVE
jujur saya baru pertama kali mnggunkn apk ini tapi sangat kecewa aplgi saya di luar kota masa paket 4 hari trhambat di pngiriman di jakarta dan sampai di timur kota tempat saya pketny tidak ada sama sekali di kantor ekspedisi dan saya sudah coba hubungi cs halodoc tidak ada respon sama sekali sangat sayang sekali padahal teman saya yang rekomend apk ini untuk saya tapi pnglaman prtma yang buruk llo bisa di rating minus saya rating minus,NEGATIVE
baru dapat resep terus payment masih banyak yang ingin ditanyakan tapi percakapan telah ditutup kaget kan saya bayar wajar kalau sudah clear chatnya stop lah saya masih ada banyak pertanyaan mengenai keluhan dan obat obat yang saya beli dari aplikasinya malah sudah stop pertama kali pakai alodoc memang dibatesi waktunya untuk bertanya enggak sampai 30 menit kah? dokternya enggak inisiatif memberi tahu saya harus tanya satu satu buang waktu minim edukasi tentang obat yang diberi dan tidak komunikatif,NEGATIVE
respon cepat dan detail,POSITIVE
gampang banget makenya cocok buat anak yang mageran tinggal pakai ini buat konsultasi sama dokter kalian juga bisa memilih mau cari dokter apa bisa janji temu juga selain itu ada artikel artikel yang membantu jika ada beberapa gejala sebelum periksa yang mungkin visa cocok dan sembuh berkat artikel itu,POSITIVE
saya baru pngguna baru,POSITIVE
enggak usah di downld aplikasi nguras dompet dari nya mengomong juga kagak forum di tutup apes,NEGATIVE
sangat detail dan sangat membantu,POSITIVE
kok ini saya enggak bisa masuk terus ya,NEGATIVE
gue kira konsultasi nya gratis pas di cek ternyata bayar menyesal gue download alodokter,NEGATIVE
sudah bayar tapi enggak ada sesi chat yang berhasil tolong dong saya sudah bayar tapi kenapa enggak bisa digunakan aplikasi nya? sudah komplain tapi enggak ada upaya refund dana payah,NEGATIVE
bagggus,POSITIVE
bagus ulasan sangat membantu,POSITIVE
tengah malam kucingku muntah cacing biasanya suka beli obat cacing buat anabul alhamdulillah ada aplikasi ini satset begitu pesan enggak lama langsung sampai enggak perlu keliling apotek tengah malam berbagi redzki juga buat mamang ojol terimakasih alodokter,POSITIVE
dokternya tanggap,POSITIVE
lumayan lah,POSITIVE
sekarang enggak ada fitur bertanya yang geratis ya semuanya bayar,NEGATIVE
meminta tolong ya kak waktu konsultasi ditambah jangan 30m saya belum banyak bertanya sudah selesai tapi semoga membawa hasil ya terima kasih dokter shinta,POSITIVE
habis instal aplikasi ini tiap hari dapat spam cal dari nomor2 enggak jelas,NEGATIVE
asik koe,NEGATIVE
aku kira kita bisa chat langsung atau balas balas an ternyata kita disuru pertanyaan habistu memilih iya tidak doang,NEGATIVE
penjelasan dokter lengkap dan cepat terimakasih,POSITIVE
suka membanyaki promo ya halodocðÿ ðÿ ðÿ,POSITIVE
sangat membantuï,POSITIVE
dari tania maulani sapa sama lama sekali dia respon bagian mata saya kan member uang di potong perbulan dari alodokter tapi dikecewakan begini,NEGATIVE
aplikasi sangat membantu hanya apotek yang menyediakan obat masih sering kosong,POSITIVE
saya menyesal pakai apk ini tidak bisa kirim foto ke dokter klik tanda untuk kirim gambar selalu ada tulisan koneksi inet terputus padahal inet lancar sudah bayar tapi tidak bisa konsultasi pakai apk yang lain saja dokter disini juga low respon semua sudah laporkan masalah 2x tidak ada respon dari pihak apk ini,NEGATIVE
penipuan mau chat dengan dokter pun harus bayar sudah di bayar pun tapi tetapi enggak bisa chat dengan dokternya juga,NEGATIVE
jangan instal aplikasi ini menyesal nantinya sudah transfer dokternya enggak kasih penjelasan apa apa langsung tutup percakapan saja hubungan wa center malah di oper sana sini kalo ada bintang minus gue kasih deh,NEGATIVE
dulu gratis sekarang bayar,NEGATIVE
saya sangat kecewa saya sudah byr 45rb tapi belum ada jawaban apa apa setelah setengah jam diblng percakapan ditutup jadi apa maksudnya sudah byr tapi ndax ada jawaban konsultasi macam apa cuma menipu saja kembalikan uang saya,NEGATIVE
jangan sekali pencet menggunakan proteksi alodok _ sesat banget mau diberentiin juga ribet banget gue deh hampir 3 tahun mau di berhentiin mala pihak alodokny banyak alesan banget sangat menguras keuangan,NEGATIVE
oke fast respon dokternya,POSITIVE
praktis efektif cepat diterima obat dan resepnya,POSITIVE
terimakasih founder klikdokter hidup aing jadi jauh lebih mudah sejak nemu klikdokter,POSITIVE
sangat mengecewakan dari novi dari obgyn sangat bad service masa sudah konsultasi cuma bilang sore bu sudah habis itu saya konsultasi enggak dijawab sama sekali sampai sesi habis dikiranya saya sedekah begitu ke dia?? bad service banget!!,NEGATIVE
enggak kaya dulu yang gratis sekarang berbayar semua mending ke dokter nya langsung saja biar pasti,NEGATIVE
aplikasinya sering error tampilan aplikasinya layar hitam berkedip kedip,NEGATIVE
aplikasi yang sangat membantu dan memudahkan bagi masyarakat yang mau berobat,POSITIVE
jangan download aplikasi ini masak di suruh bayar,NEGATIVE
mau chat konsultasi mencoba pakai yang bayar sudah bayar lewat shopeepay sudah kepotong pula shopeepay nya eh malah enggak bisa masuk untuk chat konsultasi bagaimana nih saldo shopeepay gue ???,NEGATIVE
bisa nandain dokter favorit jadi kalau sudah nyaman sama satu dokter enggak perlu susah mencari mencari lagi,POSITIVE
mantap pokoknya sangat membantu,POSITIVE
dokter nya sangat menyarankan dan memudahkan,POSITIVE
teruntuk dokter yang reguler tolong dong kalo jawab konsultasi pasien yang sopan seenggaknya kalo enggak mau jawab enggak usah di layani deh chat nya ! baru kali ini mencoba chat dokter yang reguler ! dan teryata memang beda banget sama yang prabayar tapi ya mbok kalo enggak niat untuk ngelayanin pasien please jangan seenak nya jawab ! toh sudah janji kan melayani pasien sepenuh hati !! kecewa banget sama dokter yang tadi pagi ditanya baik konsultasi biar dapat penjelasan malah jadi nya zonk !,NEGATIVE
sangat membantu masyarakat luas semoga tetap eksis selalu,POSITIVE
lebih bisa memahami apa yang saya rasakan semoga ini bisa menjadikan satu satu nya jalan kesembuhan bagi diri saya,POSITIVE
memudahkan semua,POSITIVE
chat sudah bayar konsultasi enggak ada respon hati hati ya yang mau konsultasi berbayar,NEGATIVE
pelayanan prmbrliam obat dangat cepat dan sigap,POSITIVE
di klikdokter tuh ya konsulnya selain via chat bisa juga videocal banyak opsi sesuai kenyamanan kita,POSITIVE
sangat membantu sekali baru coba 1x konsultasi dengan dari specialist kulit dan responnya pun sangat cepat dan cukup jelas,POSITIVE
sudah byar sudah menunggu jawaban enggak diksh solusinya dichat enggak dijawab jawab sampai ngantuk mata menunggu jawaban doang padahal orgnya online astaga uninstal langsung lah kita chat panjang lebar juga percuma kecewa mengira benaran dapat solusinya aatau apa ke begitu,NEGATIVE
membantu mendapatkan informasi kesehatan,POSITIVE
kak apa benar aplikasi ini bayar perbulan 29rb dan tabungan direkening kita akan dipotong secara otomatis disini?,NEGATIVE
pesan pemeriksaan screening homecare sudah bayar sudah terjadwal sudah meluangkan waktu biar tetap di rumah pas jadwal pemeriksaan hari h tiba tiba dibatalkan dengan alasan other,NEGATIVE
setiap chat dokter selalu je scrol otomatis kebawah jadi antara pasien dengan dokter kesulitan baca chat keluhannya yang panjang bagaimana nih? masa chat pendek pendek untuk mengasih tau keluhannya segera perbaiki ya,NEGATIVE
good tahun 2016 not good tahun 2022,NEGATIVE
data tidak aman masa habis daftar alodokter pakai nomer asli langsung di chat sama orang promosi sih di wa mana tau nama aslinya lagi hadeh skip,NEGATIVE
dokternya baik ramah terima kasih,POSITIVE
mau bertanya saja pakai biaya bukan nya membantu malah menyusahkan konsultasi butuh biaya kalau aplikasih enggak berbayar kan memudahkan masyarakat yang kurang mampu tidak semua orang mempunyai uang banyak setidak nya ada jawaban yang bisa membantu buat kesembuhan seperti obat2an alami kecil yang bisa di cari dan di manfaatkan kalau ujung ujung nya sudah bertanya berbayar operasi pula enggak ada pula biayanya buatlah aplikasi online gratis yang membantu masyarakat lemah,NEGATIVE
kami di merauke kalau beli obat antibiotik pakai resep digital tidak dikasi obat mohon solusinya,NEGATIVE
jelek sejelek jelek apapa dijawab pakai bot pesan obat lama prosesnya enggak rekomendasi banget pakai halodoc ini kalo buat yang urgent fun pact nya saya menulis begini pasti dijawab pakai bot juga,NEGATIVE
dokter yang handal penjelasannya sangat jelas halodoc ok mantap,POSITIVE
di coba dulu membatu atau enggak,NEGATIVE
kurang puas,NEGATIVE
dasar aplikasi enggak berguna sangat sangat mengecewakan enggak usah di download aplikasi sangat mengecewakan,NEGATIVE
ati games jangan pernah berlangganan apapun disini uang saya di sedot terus dan tidak di kembalikan yang saya tidak suka pendebitan tidak ada konfirmasi terlebih dahulu kalo kita ngambil duit orang apa namanya???,NEGATIVE
terima kasih telah membantu,POSITIVE
terbaik dalam pelayanan dan sangat membantu dengan pre analisa yang akurat terima kasih alodokter sukses terus dalam pelayanannya,POSITIVE
konsultasi lewat alodok berharap dapat jawaban malah ujung nya disuruh konsultasi ke dokterðÿ ½,NEGATIVE
ketika tambah data anggota keluarga anak waktu di pedulilindungi sudah vaksin kenapa di sini enggak bisa dimasukkan nik invalid buat lihat serifikat vaksinnya? padahal sudah saya masukkan sesuai sertifikat vaksin anak dulu?,NEGATIVE
sarang dari psikolog nya hanya ituâ² saja enggak guna percuma bayar internet juga bisa,NEGATIVE
dokter nya kooperatif sekali,POSITIVE
jelek apk nya baru juga chat dokter nya sudah bayar dokter nya enggak respon sama sekali malah percakapan ditutup jdinya duit hangus enggak dapat hasil apaâ² niatnya konsultasi malah ditipu kayak begini,NEGATIVE
makin mahal ya tarif buat ke psikiaternya tolong dong balikin ke 50k saja kayak biasa,NEGATIVE
semoga bisa bermanfaat untuk semua orang kalo bisa saat chat dengan dokter yang online bisa lebih lama lagi durasi nya karena saat menunggu jawaban sering belum djawab durasi nya sudah habis,POSITIVE
dokter merespon cepat jelas dan ramah,POSITIVE
knapa harus bayar,NEGATIVE
update lah stok milik dokternya di shop pembeli ada kok di dokternya enggak ada,NEGATIVE
mungkin bisa lebih murah lagi,POSITIVE
trimakasih dokter baik,POSITIVE
masa iya mau chat dokter harus bayar saya baru download pas mau chat dokter kuota chat nya habis ini mah cari untung banget chat dokter saja harus bayar mending enggak usah di download ini aplikasi semua serba bayar!!!,NEGATIVE
baru bergabung tapi sudah mencoba berkonsultasi dan alhamdulillah dokternya ramah sepertinya aplikasi ini bermanfaat bwat saya,POSITIVE
sangat membantu program kesehatan,POSITIVE
bagus langsung di balas sama dokternya,POSITIVE
sekarang dokternya kayak bot semua cuma copas copas dari chatgpt dan google apa yang saya baca dari chat dokternya sudah saya baca duluan dari chatgpt enak banget ya makan gaji buta tuh copas2 doang,NEGATIVE
alhamdulillah lega rasanya bisa konsultasi dengan dokter spesialis kapan pun,POSITIVE
lumayan sangat membantu,POSITIVE
dokternya cantik cantik lain waktu lebih responstif lagi ya menunggu balesan chatnya lama tapi aku tetap kasih bintang 5 kok aku kan baik hati,POSITIVE
murah oke juga,POSITIVE
sangat jelas sekali terima kasih dokter,POSITIVE
bagaimana sih saya beli obat mau langsung diminum malah di kirim dari luar provinsi aneh banget yakali beli obat flu di jawa tengah pengiriman dari jawa barat aneh !!,NEGATIVE
baru downlod,POSITIVE
mana sih kode otpnya enggak masuk2 daftarnya susah benar,NEGATIVE
sangat membantu sekali aplikasi ini,NEGATIVE
kirim kode verifikasi pendaftaran lama,NEGATIVE
konsultasi malah dblg nya anak padahal buat gue dan enggak bisa chat cuma yang pas bagian terima kasih baru bisa chat bagusan apps sebelah merah,NEGATIVE
pas selesai pembayaran menunggu dokter soalnya sibuk pas sudah di chat balas chatnya lama,NEGATIVE
respon dokter sangat lama padahal sudah dibayar disuruh menunggu 1 menit tapi malah beberapa menit kemudian enggak ada respon,NEGATIVE
tidak bisa mengirim foto,NEGATIVE
awal awal pakai aplikasi ini tidak ada masalah pas saya mau beli obat resep dari luar saya memilih pengiriman yang paling mahal sameday biar di kirim hari ini tau tau malah di kirim besok saya komplain enggak di gubris kalau tau besok di kirim mending saya beli di apotik terdekat bukan masalah harga nya kalau orang butuh obat nya cepat yang benar benar butuh hari itu juga bagaimana ? kan kasihan orang yang lagi butuh banget obat nya di batalin enggak bisa kecewa banget saya,NEGATIVE
masa mau kirim foto saja harus bayar,NEGATIVE
saya pengguna baru saya kira aplikasi dapat memudahlan saya berkonsultasi dengan dokter spesialis ternyata kecewa banget saya saya konsultasi baru dibalas selamat malam dan ada saran klik ï tau tau chat saya ketutup dimana2 penilaian konsultasi itu disarankan diakhir bukan diawal sesi chat! rating dokternya banyak tapi kenapa edukasi pembukanya membuat kekecewaan? respon pengembalian dana estimasi 14 hari hahahaha ampun bisa2nya dikira ptarform memudahkan malah menyulitkan sangat menyulitkan,NEGATIVE
ini harus bayar dulu apa kak?,NEGATIVE
terimakasih dok sudah merespon dengan baikï,POSITIVE
mengira layanan gratis,NEGATIVE
dokternya baik dan detil senang bisa konsultasi,POSITIVE
chat kayak template dijelasin gimanya keadaan dibaca tok notifnya dokter sedang menganalisis masalahmu tapu luama setengah jam lebih tiba tiba endchat percuma bayar enggak ada hasil apa apa!,NEGATIVE
luar biasa mantap,POSITIVE
dokternya komunikatif dan mau melayani pertanyaan dengan baik,POSITIVE
enggak jelas dokter sibuk semua padahal indikatornya online pertama kali pakai karena aplikasi rekomendasi dari kemenkes untuk yang covid enggak jadi pakai,NEGATIVE
ok banget langsung on dokterny kbtulan saya butuh dokter kulit dan yang masih on dan jelas ada beberapa mksi alodokter,POSITIVE
respon baik dan cepat semoga ibu dokter ya sehat sehat disana,POSITIVE
cukup membantu apalagi bisa connect terhubung dengan asuransiku berobat jadi lebih mudah cuma kita hanya bisa bercerita melalui chat saja tidak diperiksa secara langsung,POSITIVE
pelayanannya baik ramah,POSITIVE
pelayanan cs sangat buruk !,NEGATIVE
selalu puas dengan pelayanannya,POSITIVE
dokter nya ramah2 pada baik pnjlasan nya juga sangat memuaskan,POSITIVE
sangat berguna dan mempermudah untuk konsultasi,POSITIVE
jangan percaya sama apk ini karena tidak bisa di buka,NEGATIVE
responnya sangat baik,POSITIVE
great tapi improve health knowledge,POSITIVE
tanya tanya dulu sama dokter spesialis kulit wajah garis garis wajah garis wajah halus bah kan wajah kok kandur,NEGATIVE
aplikasi aneh sudah di instal 2kali tetap saja enggak ada fitur tanya dokter,NEGATIVE
dokter yang baik dan saran yang baik,POSITIVE
sudah bayar 45 rbu dokter tidak ada respon sama sekali dan uang hangus saran yang punya akun kalo dokter begini mdnding hapus ajlah dokterny kasihan yang kena,NEGATIVE
amat sangat membantu,POSITIVE
rekomen walupun baru prtama kali,POSITIVE
untuk penebusan obat loading terus,POSITIVE
puasq,POSITIVE
sangat baik dan membantu,POSITIVE
perasaan aku enggak pernah berlangganan ini ap tapi deh beberapa tahun ya lupa sekitar 3th ini baru sadar saldoku kepotong otomatis itu gara gara ini ap kok bisa dataku ada disini berlangganan ini ap aku saja baru tau ini ap yang kutahu halodok yang pink itu dan itupun enggak pernah berlangganan cuman download 2hari gangerti caranya kesel rugi banyak tapi enggak tau harus bagaimana selain ikhlas pihak alodokter gaakan ganti rugi juga kesel banget uangku hilang 40rb perbulan selama beberapa tahun,NEGATIVE
mau tanya apakah rontgen gigi bisa di tanggung dengan bpjs? jika bisa bagaimana cara?,POSITIVE
dah bayar ujung ujung nya disuru cek ke dokter sama saja enggak,NEGATIVE
mahal waktu konsultasi sebentar dan belum sembuh,NEGATIVE
membantu sekali disaat lebaran anak sakit dan dokter banyak yang cuti,POSITIVE
saya dapat hasil kista ginjal apa bisa sembuh hanya minum obat atau di operasi terima kasih,POSITIVE
benar benar memudahkan,POSITIVE
terespon dengan cepat,POSITIVE
enggak pernah kecewa sama aplikasi klikdokter ini dari dulu selalu memuaskan apalagi pelayanan dari dokternya itu sendiri,POSITIVE
2 hari ini kok tidak bisa login ? kenapa aplikasinya,NEGATIVE
dokter nya ribet dan sudah banyak foto foto sesulit sulit nya bpjs ini yang paling sulit,NEGATIVE
keren sih cepat banget respon nya jadi enggak parno lagi kalau ada penyakit bisa langsung bertanya,POSITIVE
tidak dapat chat gratis lagi seperti dulu,NEGATIVE
is very good,POSITIVE
enggak bisa di download,NEGATIVE
cepat sampai nya,POSITIVE
sangat puas dengan jawaban para dokter,POSITIVE
kok sekarang jadi jelek ya respon lmbat dan berbyr lagi,NEGATIVE
pas dipakai chat ngelag ma sudah bayar,NEGATIVE
gercep banget memudahkan konsultasi,POSITIVE
dokter nya baik praktis jelas,POSITIVE
sangat membantu respon ceapt,POSITIVE
bagus sangat sangat membantu,POSITIVE
bagus dan sangat berguna untuk berobat,POSITIVE
halodoc nya error enggak bisa masuk atau daftar,NEGATIVE
apa kita harus bayar konsultasi nya,NEGATIVE
sangat efektif dan efisien,POSITIVE
asuransi corporate yang ngeribetin anak sakit mesti penangan kulit mesti chat dulu enggak bisa langsung ke rs terdekat jangan sekali kali pakai asuransi ini payah,NEGATIVE
sangat cepat kalo bisa perbanyak merchandise toko nya agar dekat dengan lokasi,POSITIVE
balas dong chat saya masa enggak balas balas bagaimana ini aplikasi sangat meresahkan,NEGATIVE
pakai klikdokter karena direkomendasiin teman enggak menyesal karena harganya worth itu banget sama pelayanan yang aku mendapatkan,POSITIVE
kecewa banget sama alodokter sekarang mau chat ke dokter umum harus bayar,NEGATIVE
enggak bisa masuk ke daftar tes rapid,NEGATIVE
payah enggak bisa buat resep digital karena enggak ada stock obat dihalodoc,NEGATIVE
semoga dengan adanya alo dokter ini bisa membantu kita untuk menyembuh kan penyakit,POSITIVE
semoga selalu gratis konsultasi dengan dokter,POSITIVE
5 5 untuk telehealth ini fastresp and nice ap,POSITIVE
respon cepat dapat di fahami,POSITIVE
dokternya cepat sekali merespon baik detail sekali trimakasih dok,NEGATIVE
belum bisa menyelesaikan masalah saya,NEGATIVE
terbaik sangat membantu,POSITIVE
payah harus bayar,NEGATIVE
jelek respon lama tidak bisa chat langsung dengan dokternya chat dokter terasa bahasa ai resep tidak diberikan alur konsultasi terlalu lama tidak memberikan surat sakit riwayat data diri ada di bio tapi masih ditanyakan jelek,NEGATIVE
tidak mendapatkan otp,NEGATIVE
memudahkan pasien,POSITIVE
kenapa harus bayar kan kalau orang ngedownload yang banyak aplikasi ini dan lama membuka aplikasi kan developer dapat uang juga kenapa konsultasi harus bayar juga,NEGATIVE
konsultasi lumayan lah obat saja yang lama nya meminta ampun keburu mati pasien nya njiir,NEGATIVE
dokter nya baik baik,POSITIVE
aplikasinya bagus respon cepat tapi bagi sikaya bagi sih miskin sangat keberatan karena harus membayar dulu mau konsultasi jadi intinya sangat membantu bagi yang ber uang tapi bagi orang pedesaan yang jauh dari mesin atm sangat tidak membantu terimah kasih,NEGATIVE
nih bagaimana sih suruh update setelah update malah enggak bisa chat padahal dokternya sudah chat sayang helo sampai buka berkali semua dokter yang online otomatis sapa halo ke saya tapi enggak ada satupun yang bisa tapi giliran mau di chat nya enggak bisa dan selalu keluar dari aplikasi aku harus bagaimana min? uninstal saja apa bagaimana ya tolong lah kalo mau di update mbok ya yang benar apk nya enggak crash begini terus aku kudu piye min?,NEGATIVE
tambahkan isi saldo lewat tf bank,NEGATIVE
sudah bayar pas mau konsultasi dokternya sibuk pas sudah enggak sibuk masuk lagi malah di suruh bayar lagi sangat tidak membantu sekali,NEGATIVE
aplikasinya bagus respon dari dokternyapun sangat cepat dan jawabannya pun sangan memuaskan saya bisa konsultan tentng keluhan apapun dengan respon sangat cepat terima kasih,POSITIVE
cepat tanggap sangat membantu,POSITIVE
bukannya mempermudah malah mempersulit,NEGATIVE
susah download nya,NEGATIVE
saya sangat kecewa sama alodokter saya tidak dapat kouta promo chat lagi,NEGATIVE
dokternya cuma fokus di duit doang enggak benar benar ngelayanin pasien jawab seadanya dan pengin cepat cepat selesai,NEGATIVE
tolong bagaimana sih cara berhenti berlangganan saya sudah email tapi saldo saya tiap bulan di potong padahal saya tidak pernah gunakan lagi tolong di bantu dong bagaimana sih,NEGATIVE
aplikasi kedokteran terpelit dan pelayanan nya enggak sesuai expestasi yang ada di konten medsos,NEGATIVE
sebagai dokter pribadi terima kasih,POSITIVE
tidak bisa dimintaan resep harus beli lewat aplikasi alodok,NEGATIVE
untuk mendownload lama banget jadi aku kasih bintang 2 saja,NEGATIVE
dokternya gercep dan ramah,POSITIVE
bagaimana deh nih aplikasi login lewat crome bisa tapi pas download aplikasi enggak bisa login,NEGATIVE
terimakasih sudah menciptakan aplikasi halo dok,POSITIVE
saya pernah ditelvon bahwasanya mendapat asuransi kesehatan dari layanan apk alodokter apakah itu benar atau orang tipuâ²?,POSITIVE
baik banget dari nya cepat responnya,POSITIVE
sangat membantu dalam masalah kesehatan,POSITIVE
aplikasi tidak jelas tidak real time buang buang saldo gopay saja,NEGATIVE
pernah di suruh daftar akun dan di masukan semua data termasuk nomor rekening sama spg yang menawarkan apl alodok dan ternyata tiap bulan duit di atm terpotong otomatis oleh alodok padahal tidak pernah menggunakan aplikasi ini parah parah,NEGATIVE
dokter ya baik penjelasan rinci dan sabar untuk balas chat pertnyaan dijawab dengan seksama dan maksimal trmksh dokter sehat selalu,POSITIVE
helpful!,POSITIVE
ribet ruwet,NEGATIVE
konsultasi dokter cepat direspon,POSITIVE
sangat membantu di saat mencari di apotik area sekitar tidak menemukan obat nya,POSITIVE
trimksih dok sangat membntu sekali cepat dan dokter nya ramah ï,POSITIVE
dokternya ramah penjelasannya sangat jelas singkat dan mudah dipahami respon cepat walaupun chat di jam jam sibuk bahkan di waktu istirahat best banget,POSITIVE
enggak membantu lempar saja kesana kesini,NEGATIVE
sangat membantu ketika anggota keluarga sakit dan malas keluar rumah cepat sekali datangnya terimakasih,POSITIVE
tidak apa berbayar yang penting kita tau informasi yang kita inginkan,POSITIVE
assalamualikum kenapa saya sudah donlod aplikasi alodokter katanya tidak menerima akses saya,NEGATIVE
dokternya ramah penjelasannya juga puas,POSITIVE
sangat membantu khususnya bagi kami yang jauh dari rumah sakit atau jauh dari para pelayan medis,POSITIVE
bagus sekali pokoknya,POSITIVE
gercep sangat istimewa,POSITIVE
jelas detail ramah dan membantu terimakasih dok,POSITIVE
gua sudah bayar tapi dokterny malah offline pas dokternya online enggak di respon gua nya duit gua melayang begitu saja anjir,NEGATIVE
aplikasi ini enggak amanah saya order yang instan tapi di kirim esok hari aneh seharusnya kalau enggak bisa kirim hari ini enggak usah ada pengiriman instan,NEGATIVE
oke mantap memudahkan,POSITIVE
kenapa saya mau mulai chat masuk lewat fb enggak mau masuk lewat akun google enggak mau juga cerewet baget sih sudah begitu mau daptar juga enggak bisa apk apaan nih saya lagi serius apk nih yang main main sama saya bangke,NEGATIVE
very nice,POSITIVE
enak tanya nya maksaih,POSITIVE
jos dokternya respon banget,POSITIVE
lucu sekelas halodoc apotik principal batalin orderan padahal driver sudah menuju lokasi parah halodoc,NEGATIVE
saya kecewa dengan halo doc mulai seterusnya saya tidak akan mau pakai halo doc,NEGATIVE
kecewa sih pas konsultasi sama dokternya bukannya di kasih penjelasan dari pertanyaan saya tapi malah ujung ujungnya enggak di jawab di mentahin begitu saja,NEGATIVE
konsultasi ke psikiater dengan biaya 72rb durasi 30 menit tapi jawaban yang diberikan template oh begitu oh begitu apakah wajar seorang psikiater kayak begitu? enggak ada kejelasan saya harus mengapai membalas lama boro boro plong malah emosi,NEGATIVE
kami baru tapi kami yakin ini membantu,POSITIVE
enggak pernah berlangganan setiap bulan dipotong sama ini aplikasi,NEGATIVE
sangat bermanfaat dan mempermudah dalam konsultasi,POSITIVE
uang sudah di trsfr tapi tidak ada jawaban dari dokter percakapan chat langsung di tutup begitu saja dan sampai sekarang dana belum di balikin alasan proses kerja sudah dari tanggal 9 okt sampai sekarang belum dikirim balik dana symengecewakan,NEGATIVE
respony lama,NEGATIVE
halo doktersaya ingin menanyakan kepada dokter tentang penyakit kaki saya pads bagian telapak kaaki dan bagian tulang punggu punggung apabila hendak berdiri sangat terasa sakit sehingga harus dibungkukan dahulu bsru bisa tegak daya mohon bsntuan dokter,NEGATIVE
mengapa jadi tidak ada gratisan lagi ya untuk konsultasinya,NEGATIVE
disc nya jarang banget juga kadang respon dokternya agak lama ya buang buang waktu juga harganya lumayan mahal juga,NEGATIVE
eror melulu,NEGATIVE
saya ucapkan terimakasih atas dokter yang sudah meluangkan waktunya untuk saya berkonsultasi walaupun singkat walaupun saya belum puas konsultasi setidaknya itu sudah sangat membantu,POSITIVE
sudah dilakukan pembayaran namun saat ingin konsultasi tiba dokter terkait tidak bisa dihubungi,NEGATIVE
untuk pengiriman obat bagaimana sih min di apk perkiraan jam 04 35 giliran bertanya yang driver nya bilang nya enggak diambil bagaimana sih,NEGATIVE
sangat membantu buat konsultasi apalagi di pandemi seperti ini meminimalisir datang ke rs,POSITIVE
hanya saja yang dok umum enggak bisa karena cuma 8 500 kirang dari limite,POSITIVE
sekarang alodok banyak iklannya bahkan di saat sesi konseling yang berbayarpun iklan muncul berkali kali hampir 15x dalam 1 konseling dan itu memakan banyak waktu saya dan terbuang sia sia padahal itu sesi konseling berbayat maaf saya kasih bintang sesuai fakta,NEGATIVE
wah sekarang sudah tidak ada yang gratis di dokter umum,NEGATIVE
sangat cepat pelayanannya,POSITIVE
untuk sekarang lumayan bagus,POSITIVE
sedih banget setiap konsultasi bareng dokter di halodoc selalu dapat dokter yang cuek aku kira cuman beberapa oknum ternyata hampir menyeluruh spesialisnya ayo dong halodoc briefing lagi dokterâ²nya agar tetap ramah sama pasien walau cuman online kan kita bayar ya untuk konsultasi,NEGATIVE
dokter baik penjelasan baik,POSITIVE
sangat singkat sekali percakapannya setelah dijawab masih belum puas sudah diminta tekan terima kasih saja jadi masih ada pertanyaan yang mengganjal,NEGATIVE
aku sudah langganan halodoc dari dulu tapi enggak pernah ada masalah tapi sekarang mau konsultasi sudah menghubungkan akun bank pun suruh menghubungan terus bolakbalik enggak jadi jadi orang sakit dibikin emosi mau priksa doang pante aku sudah kecewa banget mau uninstal aplikasi enggak guna,NEGATIVE
layanan halodoc sgt2 membantu disaat saya dalam keadaan sakit atau kurang enak badan jadi enggak usah repot kalo mau beli obat di apotek2 terdekat,POSITIVE
sangat keren,POSITIVE
suka banget aplikasi ini sangat membantu dan bisa chat dokter secara gratis terus lengkap juga penjelasn dan cepat responnya,POSITIVE
meminta info dokter,NEGATIVE
best banget di apk dan dari yang fast respon,POSITIVE
sekarang ini sudah semudah itu loh darling buat konsultasi online sama dokter cukup instal klikdokter saja,POSITIVE
responnya sangat cepat dan akurat,POSITIVE
sangat membantu tapi pengiriman obat belum tercover ke semua wilayah,POSITIVE
respon dokterx cepat penjelasan cepat di mengerti,POSITIVE
aplikasi yang merugikan customer telat terlewat konsultasi uang hangus enggak bisa konsultasi ulang atau reschedule kalo mau konsultasi lagi harus bayar lagi rugi pakai halodoc,NEGATIVE
aplikasi ini sangat bagus,POSITIVE
saya sudah bayar untuk konsultasi via mbanking tapi tulisannya menunggu pembayaran tidak ada respon dari cs bolak balik saya refresh aplikasi tetap sama kecewa padahal butuh buat segera konsultasi di jam kerja yang padat,NEGATIVE
enggak jelas dokter nya lama lama kali balas nya,NEGATIVE
mmng konsultasi itu dimana mana berbayar tidak ada geratis tapi apa daya bagi kami yang punya uang ber kecukupan indonesia tidak membantu jikalau orang masuk rumah sakit mendadak pas lagi gawat darurat pasien tidak ada uang akhir_nya terlantar di depan rs bantulah kami warga miskin solusi konsultasi online yang fre dengan geratis via apk dokter indonesia,NEGATIVE
terima kasih banyak,POSITIVE
aplikasi sudah tidak saya pakai dan saya sudah telfon cs nya untuk berhenti kenapa uang saya masih di sedot terus tolong hentikan penarikan dana autodebit di atm saya,NEGATIVE
dokter tidak merespon,NEGATIVE
aplikasinya lemot setiap beli obat tertentu harus pakai resep dokter dimana dokternya lama merespon status obat dikatakan terkirim tetapi nyatanya ditunggu2 malah status berubah cancel,NEGATIVE
dokter sangat responsif,POSITIVE
lambat respon,NEGATIVE
respon chat dari nya cepat sekali,POSITIVE
bagus buat konsultasi sebelum kedokter nya langsung buat berobat,POSITIVE
bagus sangat membantu,POSITIVE
kayak chat gpt mengira bisa lebih,NEGATIVE
layanan yang tidak bisa di bantu pengiriman obat dan vitamin dari pelanggan,NEGATIVE
cepat dan bisa merekomendasikan,POSITIVE
waktu hp penuh penyimpanan saya unistal apk nya tapi ini saya download lagi dan mau log ini kok enggak bisa ya,NEGATIVE
aplikasi asu gue lagi di ln mau daftar pakai nomer jepang enggak bisa tolol,NEGATIVE
jadi mudah kalo mau tanya tanya,POSITIVE
sudah berhenti tapi masih saja di auto debet,NEGATIVE
konsultasi aman dan nyaman,POSITIVE
kenapa sekarang tidak bisa bertanya gratisan lagi ya enggak kayak dulu,NEGATIVE
lemot,NEGATIVE
berniat konsultasi sebelum ke dokter langsung tapi selalu dijawab langsung periksakan saja ke dokter spesialisnya hffft padahal cuma ingin tau apakah ada informasi mengenai penyakit yang saya alami,NEGATIVE
saya mau konsultasi dan sudah melakukan pembayaran tapi aplikasinya nutup sendiri sudah coba di uninstal tapi masih sama saja buang buang uang jadinya,NEGATIVE
chat dokter cepat dan bisa menggunakan asuransi kantor berikut resep obat dan biaya kirim gratis,POSITIVE
tolong ap diperbaiki kenapa harus bolak balik untuk pesan obat saja? ini makan waktu banget jelek sekali ux nya,NEGATIVE
kurang membantu saat konsultasi dengan dari spesialisnya,NEGATIVE
dokter nya baik sabar dan ramah walaupun di chat mlm2 masih menyambung sehat selalu untuk semua,POSITIVE
pengiriman lama sudah 3 minggu belum sampai bagaimana kalau pasien sangat butuh obat nya tunggu 3 minggu masih belum datang obat nya jangan download apk ini mending ke halodoc saja,NEGATIVE
sangat membantu dan menginspirasi untuk saya terima kasih klikdokter,POSITIVE
tampilannya simple dan harganya juga ramah dikantong semua lapisan masyarakat bisa sih menikmati fasilitas ini karena harganya yang ramah dikantong,POSITIVE
baru mencoba dan semoga membantu dan bermanfaat,POSITIVE
dokter kompeten,POSITIVE
sering kali enggak bisa di buka pas saya buka terus muncul menu depan enggak bisa muncul langsung berhenti,NEGATIVE
sangat sulit buka aplikasinya mohon coba kembali beberapa saat lagi padahal internet stabil,NEGATIVE
buruk masa tanya saja harus bayar,NEGATIVE
sangat puas dengan jawaban dokter,POSITIVE
gara gara 1 dokter pelayanan nya enggak bagus belum beres diagnosa dan belum dapat resep obat tapi chat sudah di akhir secara sebelah pihak mau di refund proses nya 14 hari kerja kelamaan,NEGATIVE
bertanya harus bayar 50 lagi,NEGATIVE
sudah bayar dokternya malah enggak bisa dihubungi katanya bagaimana siih kalo uang saya kembali atau itu dokter nongol baru saya ganti ratingnya,NEGATIVE
dokter ini sangat penting untuk ku karena docter ini adalah solusi sehat ku,POSITIVE
dokter nya tidak menjawab sesuai kebutuhan pasien,NEGATIVE
aneh banget enggak bisa buka keranjang aplikasi payah!,NEGATIVE
good ide,POSITIVE
saya ramah dan jelas,POSITIVE
menunggu balesan lama banget,NEGATIVE
respon cepat jelas,POSITIVE
bagus tingkatkan chat bisa kirim video dan komen kayak wa,POSITIVE
membantu untuk kondisi saat ini,POSITIVE
perlu di tambah dengan dokter dokter spesialis urologi dan spesialis lainnya yang bisa online 24 jam secara bergantian,POSITIVE
dokterx ramah,POSITIVE
semoga sukses,POSITIVE
bagaimana sih pengiriman obat 1 jam tapi belum di kirimâ² juga mana yang kata nya 1 jam sampai kalau enggak niat krja jaga apotik ya sudah enggak usah krja kan kasihan orang yang sakit butuh obatnya jadi menunggu lama sudah 2x begini ternyata tidk ada perubahan tolong dong take down saja nih aplikasi alodokter nya percuma ada kalau tidk sesuai yang tertulis kata nya pengiriman obat 1 jam sampai mana enggak ada lama banget,NEGATIVE
solusi cepat untuk yang sedang sakit dan tidak bisa kedokter,POSITIVE
dengan ada nya aodokter sangat menbantu terima kasih sudah membatu pembelian obat nya,POSITIVE
tiba tiba ada bacaan pasien konsultasi berbeda dengan profil yang di pilih jadi berbayar semua chat ke admin slowrespon banget payah,NEGATIVE
ini apk bangkai enggak pernah gue pakai auto debit brengsek benar sales nya waktu itu,NEGATIVE
alo dokter enggak jelas masak binik ku enggak di belah malah membela awak kan binik ku yang benar aku enggak terimah,NEGATIVE
untung masih baca ulasananya jadi langsung unistal awalnya mau daftar tapi logat ulasannya ngeri ngeri,NEGATIVE
konsultasi yang sia sia sulit membedakan dokter online dengan frontliner apotik hanya meresepkan obat tanpa mengerti kecocokan untuk pemyakit jika saya jadi dokter online seperti ini saya akan resepkan paracetamol untuk semua pemyakit pasien bedanya 100mg 200 500 saja,NEGATIVE
aslinya aplikasi ini bagus sayang di hpku tidak mendukung,POSITIVE
sangat membantu dan praktis,POSITIVE
respon dokter agak lama,NEGATIVE
kenapa tiba tiba sesi chat selesai padahal konsultasi pun belum selesai konsultasi aku pun enggak terjawab sama sekali aneh,NEGATIVE
benerin bugs lokasi pengiriman nya jadi bikin ribut antara pemesan dan kurir ojol karena lokasi pengiriman yang ada di driver berbeda dengan alamat pengiriman,NEGATIVE
admin bagaimana ini saya sudah bayar 50rbu buat live chat tapi enggak ada respon malah waktunya habis! saya merasa di rugiin tau begitu saya mending ke dokternya langsung dari pada pakai aplikasi ini!!!! tolong dong katanya 24jam kalo memang dokternya enggak bisa jawab karena lagi sibuk ya jangan di tulis ket tersedia saya meminta niat baiknya kayak bagaimana karena 50rbu buat saya enggak sedikit! saya tunggu bagaimana kelanjutannya!!!jujur sayang kecewa,NEGATIVE
hemat seperti pengobatan alternatip,POSITIVE
dari malam sampai pagi dokternya belum siap mengetik juga sangat mengecewakan dari sama imanyudi sapa pada penyakit dalam,NEGATIVE
aplikasi ini apa ada unsur penerasannya saya sudah berhenti berlangganan sekitar 1 tahun kenapa beberapa bulan belakangan saldo rekening saya terpotong lagi tolong penjelasannya,NEGATIVE
sudah pembayaran untuk konsultasi dengan dokter mata masih menunggu tiba tiba tertutup kemudian masu masuk lagi untuk chat ke dari yang sama harus bayar ulang sedihnya halodoc,NEGATIVE
aplikasi yang paling bermanfaat,POSITIVE
apk yang luar biasa,POSITIVE
aplikasi nya sekarang sudah jadi berbayar semua jadi malas pakai padahal lebih bagus yang dulu ada yang gratis dokter umum nya tapi sekarang malah berbayar semua,NEGATIVE
mau pembelian obat pakai shope tidak bisa,NEGATIVE
login lambat sangat,NEGATIVE
sangat puas karena keluhan yang kita alami dapat cepat ditanggapi,POSITIVE
terima kasih untuk info info mengenai kesehatan yang ada di aplikasi sangat bermanfaat bagi saya,POSITIVE
awalnya bagus pas pesan obat sekarang malah tidak ada apotek terdekat tidak tersedia tapi di aplikasi halodoc tidak menyediakan chat untuk menanyakan apakah tersedia obatnya atau tidak di apotek terdekat yang bekerjasama dengan halodoc kalo sudah dibatalkan tapi uang tidak dikembalikan dan tidak ada pemberitahuan dari halodoc,NEGATIVE
dengan adanya aplikasi ini sangat membantu respon cepat,POSITIVE
ap ini sangat membantu artikel2 yang bermanfaat seputar kesehatan,POSITIVE
untuk konsultasi melalui chat agak kurang memuaskan karena enggak bisa membalas chat yang sudah dikirim sebelumnya mohon tambahkan fitur yang bisa membalas chat sebelumnya agar konsultasinya bisa menjadi lebih baik terimakasih,POSITIVE
jangan mau berlangganan pembohong katanya unlimited tapi tetap di batasi maunya aplikasi ini kita itu konsultasi seadanya jadi jangan mau berlangganan masih banyak yang nafsu daripada aplikasi ini aku kena padal tahun tahun seblmnya tetap berlangganan karena jrgan di pakai pas srngvdj pakai di putuskan sendiri langaganannya,NEGATIVE
aplikasi holodoc ada apotek jual obat korupsi tidak sesuai jumlah yang di beli tapi untuk complain di persulit tidak bisa complain melalui aplikasi,NEGATIVE
hanya karena telat masuk jam konsultasi ruang chat langsung di tutup sepihak dengan dokter nya aplikasi apa ini tolong dong di benahi lagi sistem nya harus nya ada alarm dari aplikasinya sudah buang duit bikin emosi saja,NEGATIVE
bayar duluan resiko gagal bertemu 99 proses refund melebihi batas yang diinformasikan,NEGATIVE
sangat membantu dijaman now,POSITIVE
terima kasih sudah sedikit membantu,POSITIVE
respon cepat aplikasi juga mudah digunakan,POSITIVE
suka takut kalo konsultasi online wkwk tapi semenjak konsultasi diklikdokter semua ketakutan itu hilang begitu saja malahan jadi nyaman saking bisa diandelin itu dokter,POSITIVE
apaan ini live cat musti bnyar astagfirullah hal azim,NEGATIVE
tidak ramah,NEGATIVE
sudah bayar dokter enggak merespons mulu terus sesi nya berakhir tanpa pernah konsultasi apapun uang hangus konsultasi kagak wkwk,NEGATIVE
mengatasi kecemasan ku berapa hari ini,POSITIVE
bagaimana caranya saya bekerja menjadi dokter spesialis di klikdokter ?,POSITIVE
pesan obat pakai halodoc cepat sampainya,POSITIVE
responnya lama banget chat 45 menit tidak beres menunggu balas dari dokternya 15 menit belum lagi sekali chat balasnya lama pol dulu alodokter tidak seperti ini tolong di perbaiki sistemnya,NEGATIVE
tolng ini saya kenapa sudah instal aplikasi namun tidak bisa dibuka ya tulisannya memuat ulang terus edit sudah bisa dipakai lagi namun ternyata sekarang berbayarkukira masih gratis,NEGATIVE
apakah cuma nanya2 harus bayar mahal? gamasuk akal banget,NEGATIVE
dokter nya baik cepat tanggap dan tidak lama dalam merespon,POSITIVE
setiap memasukkan email selalu muncul tulisan telah terjadi kesalahan silakan coba beberapa saat lagi mohon solusinya terima kasih,NEGATIVE
sangat membantu saat ada keluhan dan dapat di konsultasikan segera dengan dokter dokternya bisa dipilih mau yang spesialis atau umum untuk harganya tidak terlalu mahal untuk dokter umum basicly ap ini sangat berguna tysm,POSITIVE
dokter ya baik,POSITIVE
chat saya tidak dibalas dokter padahal saya sudah bayar biaya konsultasi,NEGATIVE
mohon maaf ini dokternya slow respon banget di tingkatkan lagi ya,NEGATIVE
maksi banget yang sudah nyiapin halodoc jadi membantu apa lagi saya introvert,POSITIVE
lah dtungguin chat dari dokter nya enggak muncul2 tau tau dibatalkan bagaimana min?? saldo juga enggak balik sudah sakit dtmbh bikin sakit sabar sabar sabar,NEGATIVE
jawabnya lama keburu habis waktu dong mending langsung ke dokter saja,NEGATIVE
saya kok tidak bisa login ya?,NEGATIVE
sangat puas dalam konsultasi sama dokter spesialis langsung dan berikan solusi terbaik,POSITIVE
enggak beres pemerasan dana melalui data hatihati aplikasi miskin yang cuma bisa nyedot saldo diatm kalian tanpa konfirmasi sebelumnya karena permainan telemarketing lapangan yang sistem kerjanya buruk,NEGATIVE
sangat membantu menemukan konsultasi dengan dokter dokter yang berpengalaman,POSITIVE
aplikasi ya bagus bisa membantu dari pada jauh2 bertanya langsung ke dokter kentingan lewat aplikasi ini,POSITIVE
kenapa lemot banget sih sudah begitu tebus resep di alodokter harusnya sehari sampai malah hampir dua hari enggak terkirim juga,NEGATIVE
sangat baik sekali jawaban dan informasi yang diberikan dokter dan sangat membantu sekali,POSITIVE
tidak bisa tebus resep error pada saat ingin input alamat gps sudah on alamat sudah input tentukan titik tetap tidak bisa mohon perbaiki ðÿ terimakasih,NEGATIVE
semenjak gue kenal nih aplikasi jadi enggak pernah ribet harus konsultasi ke dokter dan keluar rumah,POSITIVE
sangat bagus respon nya,POSITIVE
katanya kerahasian chat di lindungi akhir ungkap semua rahasia setalah konsuktasi mau hapus chat rahasia tidak bisa parah deh,NEGATIVE
aplikasi ini tidak akurat saya pilih dokter a justru yang muncul terakhir dokter saja yang ratingnya rendah tolong diperbaiki harusnya benar benar bisa menanggulangi kesalahan ini,NEGATIVE
pesanan dikirim enggak sesuai waktu ! pengiriman 3 jam tapi dari siang sampai malam enggak sampai sampai anak butuh obat tguin obatnya sampai malam berujung enggak ada obat enggak mnum obat ! mau chat driver juga gbsa ! apliksi jelek! pelayanan jelek!,NEGATIVE
kenapa baru tau sekarang ya??,POSITIVE
busyed deh nih aplikasi benar benar bikin masalah kesehatan tuntas terima kasih telah buat aplikasi ini,POSITIVE
padahal bayar untuk bisa chat dengan dokter nya 30menit belum ada 15 menit dokter nya sudah offline tidak online lagi sampai sesi chat berakhir jadi buat apa dong bayar mahal kalo dokter nya sudah tidak mau menjawab sebelum sesi selesai ini buka yang pertama ya sudah ada beberapa kali dokter dokter nya seperti ini jelek,NEGATIVE
jelas sekali,POSITIVE
keren sih ini bisa konsulï ï,POSITIVE
sangat ramah dan baik,POSITIVE
cukup membantu buat ada keluhan kesehatan tapi mager ke rs,POSITIVE
ya istri saya sakit panas dan pulang sudah seminggu dan sudah minum obat tetapi belum ada perubahan bagei mana selusinya tks,POSITIVE
langganan dipakai untuk konsulin anak bulu di rumah yang suka rewel dokternya pun fastrep dan bantu nenangin kalau kitanya panik mantap banget,POSITIVE
sanagt membantu di saat di butuh kan,NEGATIVE
memasuki akun saja lama astaga,NEGATIVE
aplikasi ini bayar enggak ya ?,NEGATIVE
aplikasi nya sangat membantu terimakasih,POSITIVE
respon cepat sekali,POSITIVE
benar benar ini aplikasi sangat enggak jelas enggak tau ya duit gue larinya kemana? sudah email enggak balik balik sudah 3x kalo dokter sibuk langsung saja balik ini dana ini musti bikin laporan dulu ribet njing!!!! mengerti enggak,NEGATIVE
memudahkan namun bisa di perpanjang sesi konsulnya karena dari tidak langsung membalas perlu pengecekan obat dl dl,POSITIVE
jangan beli obat pakai rara delivery karena lama pengiriman nya,NEGATIVE
saya suka sama aplikasi ini dapat ditemukan dengan cara cepat trimakasih,POSITIVE
respon dokter sangat cepat menjawab dengan ramah dan baik semoga saya segera sembuh dan obatnya cocok terima kasih dokter di halodoc aplikasi ini sangat sangat membantu alhamdulillah,POSITIVE
aku pernah alergi jam 11 malam susah cari dokter dan akhirnya pakai klikdokter saja makasihï,POSITIVE
metode pembayaran sangat kurang,NEGATIVE
baik dan responnya lumayan cepat,POSITIVE
kok perjanjian di tolak kalau di tolak dari pihak doktenya apa aplikasi,NEGATIVE
tidak dapat meresepkan padahal saya sudah konsultasi di dokter spkj,NEGATIVE
bagus untuk solusi singkat,POSITIVE
oke bagus banget,POSITIVE
respon cepat dan sangat jelas membuat lebih tenang terimakasih bu dokter elien,POSITIVE
terima kasih penjelasannya bisa membuat tenang dan harapan,POSITIVE
saya sangat senang konsultasi dengan dokter2 di aplikasi ini sangat ramah dan memberikan solusi yang sangat bagus,POSITIVE
apk enggak jelas sudah bayar dokternya enggak balas,NEGATIVE
kemarin masih bagus pas sudah di upgrade malah enggak bisa login,POSITIVE
pesan obat lama banget sampainya 3 hari baru sampai melebihi estimasi enggak lagi2 pakai aplikasi ini,NEGATIVE
selalu dapat diandalkan,POSITIVE
aplikasi ini sangat sangat jelek uang saya hilang disini konsultasi dibatalkan uang yang sudah terlanjur masuk sebesar 50 000 diganti dengan voucher 50 000 tapi ternyata voucher tidak bisa digunakan baru saya gunakan 10 000 yang lainnya hangus padahal tertulis kode voucher bisa digunakan sampai bulan selanjutnya percuma aplikasi seperti ini penipuan berkedok kesehatan,NEGATIVE
dokternya sangat sangat membantu,POSITIVE
sudah bayar obat terus di cancel apotik tapi uang tidak kembali cukup saja onlen onlen mending datang langsung ke klinik,NEGATIVE
terlalu banyak pembaruan,NEGATIVE
trimakasi telah menjadi pencerah saat panik masalah kesehatan menyerang,POSITIVE
kalender kesuburannya enggak akurat setiap bulan sudah mengikuti tapi salah ternyata â ï,NEGATIVE
kalau dokter enggak balas lama enggak ada kompensasi tapi cust cuma dikasih 10 menit enggak balas langsung hangus sistem tidak ramah customerðÿ,NEGATIVE
sangat sangat membantu sekali aplikasi ini buat yang berkeluarga saya sarankan harus instal aplikasi ini biar mengurangi panik saat keluarga apalagi sikecil sakit,POSITIVE
parah sudah bayar malah yang balas chat robot begitu kita kularkan malah dokter nya yang balas terus begitu di balas lagi malah enggak respon,NEGATIVE
aplikasi yang banyak membantu dengan ulasan ulasan detail bermanfaat,POSITIVE
simple,POSITIVE
menyenangkan sekali kita enggak harus antri ke poly rs atau ke tempat praktek dokter terima kasih ya halodoc ini sangat membantu sedikit masukkan ya akan lebih baik seandainya ditambahkan fitur voice notenya,POSITIVE
mantap jiwa terpercaya,POSITIVE
cuma sekali mencoba disini dan itu memang benaran dokternya helpful dan friendly banget jadi enak bertanya nanyanya,POSITIVE
reaksi cepat dan dokternya ramah,POSITIVE
saya pengguna baru kalau hanya bertanya tanpa di beri resep di suruh bayar 50 000 mending saya bertanya google saja belum selesai konsultasi chat dokter sudah tertutup melayang sudah uang sayamending ketemu dokter yang berwujud saja deh sudah berharap di kasih resep malah di ghosting bukannya sembuh malah menambah sakit hati saya,NEGATIVE
aplikasinya enggak bisa login,NEGATIVE
sudah bayar dan mau konsultasi katanya respon cepat di tunggu tunggu tidak di balas! habis waktunya dan uang bayaran hangus begitu saja tanpa mendapatkan apa apa gila!!,NEGATIVE
penjelasan rinci dan informatif,POSITIVE
bagus deh,POSITIVE
sussh daftarnya jadi saya hapus lagi,NEGATIVE
jangan ada yang pakai aplikasi korup ini harga jual obat nya jauh banget harga nya 10ã lipat lebih mahal di komplain bukannya di apai jawaban cs nya macam mnyt najis enggak akan lagi pakai nih aplikasi anggap saja gua sedekah deh tuh ke orang miskin alodok miskin korup makan tuh uang korup mnyt better berobat langsung deh,NEGATIVE
oke mudah dan cepat,POSITIVE
yang di posting jangan cuma komentar komentar yang bagus bagus saja dong ini bagaimana cara hapus riwayat chat heh,NEGATIVE
puas banget penjelasan detail,POSITIVE
kalau tanya dilempar ke dokter lain jadinya harus bayar berkali,NEGATIVE
saya booking pemeriksaan di rs ternyata polinya tidak ada,NEGATIVE
aplikasi enggak jelas konsultasi baru mulai dan belum selesai tiba tiba waktu transaksi sudah habis,NEGATIVE
aplikasi oke,POSITIVE
dokter nya cepat dalam merespon dan memberikan solusi serta resep sesuai dengan keluhan,POSITIVE
aplikasinya sangat buruk saya pesan obat di aplikasi ini lewat estimasi tapi obat saya belum sampai tidak ada nama toko tidak ada kontak kurir saya tidak tau harus menghubungi siapa tolong kembalikan uang saya aplikasinya sangat mengecewakan penipu,NEGATIVE
dokternya tidak responsif waktunyapuj sedikit,NEGATIVE
sangat membantu,POSITIVE
meminta kode verivikasi kode nya tidak dikirim2 hadeh sistem nya jelek,POSITIVE
enggak ada apk ini di hape ku,NEGATIVE
obat tidak dikirim alasannya titik salah padahal titik sudah benar,NEGATIVE
bagus sangat memudahkan saya yang berobat jauh dari rumah sakit dan puskesmas,POSITIVE
lemot padahal kuota ful dan hp enggak penuh aplikasi harus menunggu lama banget,NEGATIVE
responnya baik dan cepat,POSITIVE
saya sudah pakai aplikasi klik dokter sejak beberapa bulan yang lalu sudah lama enggak pernah tak buka tapi barusan saya mau konsultasi kakak keluar terus aplikasi nya enggak bisa di guna ini enggak bisa kebuka kenapa ya??? salah sistem nya atau bagaimana??? terimakasih,NEGATIVE
pas sudah di upgrade nalah enggak bisa terus,NEGATIVE
dokter kebanyakan sebagai marketing obat obatan,NEGATIVE
mendapatkan solusi yang cepat,POSITIVE
enggak membantu semua bayar,NEGATIVE
tolong untuk pihak alodokter lebih tegas lagi kepada pihak jasa kurir anteraja saya membeli obat sudah 3 hari obatnya belum di pickup juga padahal saya sangat membutuhkan obatnya segera jangan membuat konsumen kecewa jika jasa kurirnya seperti itu tolong putuskan saja kerjasamanya dengan anteraja cari jasa kurir yang lebih bagus selain anteraja,NEGATIVE
dokternya lemot membalas keluhan keluhan sampai waktu habis enggak ada jawaban yang menjawab keluhan namanya dari made martina kecewa banget!!!,NEGATIVE
saya ingin keluar dari aplikasi ini agar berhenti pula tagihan bulanan saya bagaimana caranya?,POSITIVE
daftar doang susah isi tanggal lahir dan kota loading bolak balik,NEGATIVE
memang aplikasinya paling murah tapi saran saya jangan pakai karena enggak bertnggung jawab pengmbaliam dana ggal konstlltasi saya karena dokter tidak terhbng sampai dtik ini tidak ada pengembaliannya juga saat chat dngn dokter hanya centang1 padahal sudah bayar dari specialis sampai sesi berakhir konsultasi tidak terselesaikan karena chat hanya cntang 1 mending pakai aplikasi lainnya saja,NEGATIVE
sangat recommended!,POSITIVE
ini bagaimana saya sudah daftar sesi chat premium dengan dokter spesialis sudah bayar juga tapi tiba tiba dibatalkan tidak bisa sesi dengan alasan penuh tapi dana tidak dikembalikan tolong dong amanah ini kita mau chat dengan dokter berarti kita memang lagi enggak sehat lagi butuh batuan dokter kok malah jadi begini,NEGATIVE
bintang 1 terlalu mahal,NEGATIVE
happy banget pakai klikdokter fitur di aplikasinya lengkap jadi enggak perlu keluar keluar rumah,POSITIVE
lagi bth obat tyt enggak dikirim pengembalian uang lama,NEGATIVE
waktu itu ketemu sales nya saya di tawarin lah ini itu tapi saya menolak terus saya cuma di suruh daftar saja buat aplikasi nya dan saya sempat nolak berkali kali akhirnya saya kena juga dan cuma daftar menggunakan email dan nomer ktp tapi kenapa setiap bulan di rekening saya terpotong autodebet sebesar 39 000 ribu untuk asuransi berarti ada yang tidak beres tanpa persetujuan pemilik rekening langsung di daftarin ke pihak asuransi saya merasa di rugikan,NEGATIVE
keren obat tetap dikirim hari ini walau pengantaran dari kabupaten semarang ke kota semarang alhamdulillah sampai pukul 23 40 service excellent,POSITIVE
kukira gratis,NEGATIVE
aplikasi yang sangat membantu konsultasi gratis enggak pakai antri sudah begitu respon dokter nya cepat semua keluhan terjawab menyesal baru download sekarang kenapa enggak dari dulu saja sukses terus pokok nya untuk klik dokter,POSITIVE
jos pol,POSITIVE
kenapa sekarang kalo mau konsultasi gratis enggak bisa dengan mudah kayak dulu lagi ya setelah diperbarui ap nya? tolong dong perbaiki dengan konsultasi gratis bisa membantu yang tidak mampu,NEGATIVE
enggak suka alodokter yang sekarang sudah tidak bisa diskusi lagi seperti sebelumnya padahal itu yang membuat alodokter berbeda dari aplikasi kesehatan yang lain mohon selanjutnya forum diskusi diadakan lagi karena itu juga bisa membantu pasien yang tidak memiliki tempat untuk curhat bercerita tentang keluhannya terima kasih,NEGATIVE
kenapa bertanya bayar kalo lasung datang ke tempet enggak bayar padahal cuman bertanya enggak dpet obat mengapai ada aplikasi ini kalo bertanya harus bayar mending ke rs lasung,NEGATIVE
aplikasi tidak mau terbuka freeze di layar biru,NEGATIVE
tingkatkan lagi pelayanannya wajib !!!,POSITIVE
sekarang serba berbayar,NEGATIVE
saya dapat mengetahui macam penyakit dan obat obatan,POSITIVE
konsultasi on line,POSITIVE
bagus tapi enggak kayak dulu sekarang chat sama dokter umum nya bayar duluugratis,NEGATIVE
paling bete kalo sudah sakit apalagi kalo pakai harus mengantri ditambah ketemu dokter yang cuek huft tapi untungnya dikenalin teman aplikasi klikdokter smuanya serba mudah auto bikin nyamanï,POSITIVE
aplikasi dapat digunakan dengan baik hanya untuk download pdfnya agak lama mungkin karena banyak pengguna aplikasinya,POSITIVE
aplikasi ini sangat membantu ! terima kasih ini sangat membantu dalam masalah masalah yang saya hadapi semoga klik dokter selalu sukses,POSITIVE
saya suka aplikasinya bagus tapi saya kasih bintang dua karena alodokter mengirim obat menggunakan ekspedisi anteraja yang kelewat lambat mohon jangan gunakan lagi ekspedisi anterja,NEGATIVE
niat mau konsultasi obat datang seminggu deh keburu sembuh,NEGATIVE
baik sekali dokternya dan aplikasi ini sangat membantu untuk konsultasi dan membeli obat,POSITIVE
kenapa sekarang berbayar sih kalo spesialis okelah kalo umum janganlah berbayar kan orang jadi memilih kedokter langsung jadinya,NEGATIVE
lega,POSITIVE
dkit2 bayar mahal pula lagi dulu ada yang gratis,NEGATIVE
chat regular waktunya sangat singkat hanya 15 minta sehingga chat nya belum sampai selesai terjawab waktunya sudah habis respon nya juga lama jadi buang waktu saja klikdokter yang saat ini mengecewakan,NEGATIVE
sering kali yang saya tanyakan belum dijawab dokternya eh tahu tahu sudah putus saja,NEGATIVE
semoga semua yang diberikan bisa membantu menambah pengalaman,POSITIVE
kok enggak gratis lagi alodoknya,POSITIVE
kocak banget gue mau chat dokter sudah bayar yang 8500 kok enggak bisa chat padahal sudah gue bayar mau chat kok disuruh bayar lagi wah penipuan kalau begini jatuhnya,NEGATIVE
aplikasi apasih sudah bayar menunggu lama mana mahal lagi menyesal instal mending kesebelah saja,NEGATIVE
ternyata tanya dokter harus bayar dulu,NEGATIVE
sangat membantu kami yang jauh dari pukesmas atau rumah sakit,POSITIVE
sangat membantu penjelasanya,POSITIVE
dokter ramah terimakasih,POSITIVE
alhamdulillah setelah ada ini bisa langsung konsultasi ke ahlinya terimakasih,POSITIVE
dok saya gatal merintis kecil di punggung belakang kenapa ya dok?,POSITIVE
aplikasi enggak jelas banget baru buka saja loading nya lama mau bertanya suruh bayar buat kalian yang mau download mending kagak usah,NEGATIVE
dulu bertanya di apk ini gratis sekarang harus bayar enggak ada yang gratis,NEGATIVE
aplikasi klikdokter sangat membantu dimasa pandemi ini buat yang sibuk wfh badan enggak enak tanpa harus ke dokter bisa chatonline dokter di sini respon dokterpun cepat dan mudah dipahami jawabanâ² dari dokternya walaupun sekedar chat terima kasih klikdokter semoga makin berinovasi kedepannya ya,POSITIVE
pelayanan benar benar tidak memuaskan belum selesai konsultasi tetapi chat dengan dokter sudah berakhir meminta bantuan juga tidak membantuðÿ,NEGATIVE
setelah melakukan pembayaran dan konsultasi tbtb lag dan tau tau pas buka konsultasi malah tidak ada dokter ol dan tidak ada pesan mulu padahal dinotif nya ada pesan! padahal sebelum melakukan pembayaran lancarâ² saja! !,NEGATIVE
lagi buru mau pembayaran va lewat bank mandiri enggak di temukan mau lihat ulang no va nya enggak ada terus mau buat yang baru tapi enggak bisa di klik,NEGATIVE
sangat bermanfaat dokternya ramah setiap pertanyaan selalu dijawab sukses selalu buat tim klik dokter,POSITIVE
registrasi 2 kali ke dokter hewan tapi menyambung ke dokter umum terus padahal kan di keterangan aplikasi dokternya online tapi gagal uang juga enggak bisa di refund cuma di kasih voucher lah kalo kayak begini urgent mau tanya kalo dapat dokternya enggak sesuai juga sama saja enggak bisa kan jadinya cuma buang waktu doang tapi enggak ada solusi,NEGATIVE
saya sudah bayar dan chat dari ayunita mayasari sapa di v e dibalas 2 bubble terus sisanya menghilang dan tidak ada balas chat saya saya tunggu 30 menit dan tetap saja tidak ada balasan tolong ini bagaimana? sia sia uang saya bad service,NEGATIVE
mau konsultasi saja gagal mulu sudah bayar tapi susah banget mau konsultasi sebenarnya gapapa menunggu tapi kalo dikit2 suruh ganti dokter yang sudah tau enggak bisa mending enggak usah sudah login diklikdokter juga sama perkara nomer saja enggak bisa padahal enggak pernah login diklikdokter sebelumnya payah lah,NEGATIVE
puas dengan pelayanan nya,POSITIVE
sebaiknya tanya jawab sampai tuntas enggak dibatasi,NEGATIVE
sekarang kalo cuman nanyaâ² saja bayar ya dan penjelasan dari dokter nya pun singkat dan kurang jelas,NEGATIVE
solusi yang tepat,POSITIVE
dokternya saangat baik,NEGATIVE
kenapa uang saya sudah jalan 5 hari 40ribu belum masuk tolong di percepat jangan mempersulit orang saya sudah laporan berkali tapi kenapa kagak di proses cepat,NEGATIVE
tolong bayarkan hak allowance saya tidak sesuai dengan kontrak kerja,NEGATIVE
alo dokter enggak kayak dulu sekarang berbayar,NEGATIVE
sudah bayar kok enggak bisa n enggak ada kode vocer masuk,NEGATIVE
masalah enggak terselesaikan,NEGATIVE
cepat respond semoga obat yang di berikan manjur tks dokter,POSITIVE
tolong kalau nutup kotak chat jangan terlalu cepat,NEGATIVE
awal pertama pesan obat memang oke tapi pembelian ke 2 pesanan saya dibatalkan tetapi sudah 1 bulan sejak pesanan dibatalkan tidak ada pengembalian dana masuk di mbanking saya padahal distatus pengembalian dana selesai tetapi saya tidak menerima,NEGATIVE
pelayanan cukup bagus dan puas,POSITIVE
sudah seminggu lebih paket enggak datang datang giliran ajuin pengembalian dana enggak disetujui disuruh menunggu paket mulu balikin uang saya saja min tolong saya bisa pakai beli skincare lain ditempat lain aplikasi sakit!,NEGATIVE
dokter frida sih baik banget sudah 3x konsultasi,POSITIVE
respon cepat dari dokter pada saat chat resep obat yang diberikan sesuai dengan kadar penyakit yang diderita,POSITIVE
respon cepat tapi tergantung dokter nya,POSITIVE
sangat membantu sekali bagi yang tidak bisa ada yang nganter ke faskes terima kasih dokter dan halodoc,POSITIVE
sangat membantu meski terkadang lemot jaringannya,POSITIVE
pelayanan nya sangat baik dan cepat,POSITIVE
penjelasan dokter sangat bagus,POSITIVE
amanah,POSITIVE
sangat payah mau pesan ibat diarahkan chat dokter setelah di room chat dari sampai waktu habis belum ada respon dari alhasil tidak bisa beli obatnya merepotkan dan menyusahkan konsumen,NEGATIVE
respon cepat dan akurat sesuai judul,POSITIVE
dokternya bagus banget penjelasanya jelas super ramah juga,POSITIVE
di hubungan lewat wa dulu baru trrhubung ya guys,NEGATIVE
para dokter nya sangat sangat ahli,POSITIVE
bak,POSITIVE
dokter cepat merespon komunikatif dan sangat jelas memberikan solusi good job,POSITIVE
kereen,POSITIVE
baru bayar dokternya offline dan sistem hanya berputar2 saja,NEGATIVE
tidak terlalu aman kalau paket kita tidak sampai proses refund sulit bisa hilang uang nanti tidak ada opsi untuk memilih jasa pengiriman tertentu jangan download sebaiknya kalau mau beli obat langsung ke apotik terdekat saja,NEGATIVE
respon sangat puas dan dokter nya baik,POSITIVE
sudah baik semoga semakin baik pelayanannya kedepannya,POSITIVE
baguus,POSITIVE
lebih suka aplikasi sebelah,NEGATIVE
beberapa kali sudah bayar tapi tidak ada dokter yang merespon sudah nyantol dokterpun pernah tidak ditanggapi sama sekali,NEGATIVE
awalnya pakai klikdokter karena promoan saja tapi pas merasai konsultasi dengan dokter dokter super fastrep malah jadi keterusan pakai wkwkwk,POSITIVE
sangat membantu menghitung minggu2 kehamilan yang akurat,POSITIVE
aplikasi yang bagus banyak tips dan informasi yang bermanfaat seputar kesehatan,POSITIVE
sangat membantu jika ada rasa kegelisahan dalam mengetahui penyakit dan obatnya,POSITIVE
baru juga chat dokternya eh malah offline tolong lah balik saja duit saya kesel banget saya jadinya,NEGATIVE
forum tanya jawab yang sangat bagus responya juga cepat sangat membantu dalam hal kesehatan,POSITIVE
maaf kenapa harus tertera biaya konsultasi,NEGATIVE
aplikasi susah!! enggak ada respon padahal tulisan online mana saldo sudah kptg 45rb karena enggak ada respon slma 46menit jadi saldo hilang sesi prckapan ketutup otomatis!!! pengembalian dana ribet!! harusnya prckpan ketutup otomts dan enggak ada respon ya duit harus balik otomatis juga dong!!! apk macam apa makan duit orang yang lagi urgent ada respon nyesel saya instal mending halodok!,NEGATIVE
membantu,POSITIVE
enak dalam memberikan penjelasannya,POSITIVE
enggak bisa login mentok sampai memasuki email,NEGATIVE
tlong lah kita order obt maunya cepat kasih pilihan driver yang cepat bukan yang lama masa hampir 2jam sama sama mahal kok ngsih waktu pengiramn instant lama,NEGATIVE
dokternya jawabnyan lama banget kurang bagus unisntal sorry,NEGATIVE
pelayanan yang cukup mengecewakan sudah vaksin sampai dosis 3 bareng keluarga terus vaksin di desa tapi cuma saya yang hasil dari vaksin dosis 2 3 yang enggak keluar banya dosis 1 terus saat diperiksa,NEGATIVE
bagus ini memudahkan semua urusan kesehatan,POSITIVE
enggak jelas banget ini aplikasi beli obat sudah 5 hari enggak datang padahal ini toko cuma 1 5km,NEGATIVE
dokter ramah penjelasan jelas mudah di mengerti,POSITIVE
membantu sekali untuk saya yang susah oergi2 semoga cocok dengan resep obatnya,POSITIVE
sudah sampai posting id card dari beberapa sumber tetap saja enggak bisa pemesanan jasa jadi instal aplikasi yang lain saja,NEGATIVE
apa gratis ya pemberian obat,NEGATIVE
admin konfirmasi tidak ramah,NEGATIVE
pesan obat di apk alodokter pengirimannya sangat lambat dan tidak sesuai dengan estimasi yang dijanjikan bahkan dokternya mengatakan maksimal 1 jam obat dikirim tapi kenyataannya pesan tanggal 6 sampai sekarang tanggal 14 belum sampai juga!!!!,NEGATIVE
masa iya cuman bisa memasuki keranjang enggak bisa dibayar,NEGATIVE
terimakasih bu dokter,POSITIVE
dokternya tidak sigap memberi resep tidak melihat waktu habis,NEGATIVE
saya pesan obat di hampir jam 8 pagi dan keterangan di aplikasi akan sampai pukul 8 53 ternyata sekarang jam 9 02 obat belum saja diterima dan keterangan di aplikasi 18 menit lagi sampai kecewa,NEGATIVE
belum ada sesi tanya jawab chat sudah diakhiri padahal saya sudah bayar biayanya waktu dicomplain katanya ada pengembalian tapi akhirnya dikirim bahwa saya sudah melakukan tanya jawab saya sudah kirim bukti pesan tidak ada sama sekali pesan tanya jawab tapi tidak ditanggapi kecewa banget dengan aplikasinya,NEGATIVE
kurang interaktif seharusnya kalau dokter belum siap jangan transaksi dulu,NEGATIVE
saking lengkapnya konsultasi masalah skincare saja bisa loh guys,POSITIVE
sangat membantu konsultasi tanpa ribetï terimakasih halodoc,POSITIVE
tidak muncul keterangan penjelasan obat dari resep dokter yang diberikan langsung diarahkan untuk check out,NEGATIVE
sangat baik dan ramah dari nya,POSITIVE
dokter nya kasih tanggapan nya lama,NEGATIVE
fitur live chat 24 jam nya sangat membantu sekali saya konsultasi dengan dokter jam 4subuh dan dapat respon yang cukup baik banyak artikel kesehatannya juga,POSITIVE
apk pembodohan ini apk mafia sudah bayar habis 200 malah di cuekin,NEGATIVE
aplikasi enggak guna sudah bayar mlhan enggak ada balesan tiba transaksi habis! sangat kecewa!!!,NEGATIVE
cepat balesnya,POSITIVE
saya uninstal live chat nya sangat lama dibalas oleh dokter padahal waktu yang di berikan hanya 30 menit dan setelah hampir habis waktunya pesan saya hanya di baca,NEGATIVE
enggak jls banget ini saya sudah teransfer buat konsultasi malah enggak di respos harua nya di respon pasien nya kan bayar,NEGATIVE
sangat membatu cepat responsnya dokternya,POSITIVE
log out sendiri terus meminta update,NEGATIVE
kenapa di timor leste tidak bisa didaftar tolong perbaiki cara daftarnya,NEGATIVE
dokter apa saja ye di klikdokter ini kapan kapan mau coba psikolognya juga deh kalau butuh,POSITIVE
sudah bayar dokter tidak bisa di hubungi namun respon baik dana kembali dan kembali memilih dokter lain,NEGATIVE
enggak bisa di buka tutup ulang terus,NEGATIVE
sesi chat nya cuma 30 menit belum juga dijawab waktu nya sudah habis sebel,NEGATIVE
jelek berarti cuma hoax,NEGATIVE
aplikasi yang sangat bagus sangat berguna terimakasih halodoc sudah memfasilitasi pasien dengan dokter spesialis terbaik yang selalu responsif dan ramah serta memberikan solusi terbaik dan bisa meresepkan obat secara online sangat membantu saya yang jauh dari fasilitas kesehatan sukses terus halodoc,POSITIVE
cepat lugas,POSITIVE
apk enggak jelas tiba tiba pengiriman gagal terus diajukan refund lama banget duh balikin duit saya,NEGATIVE
yampuun parah gc pernah konsultasi cuman bantu sales nya katanya di target yauda aku downlod eh malah saldoku debit sendiri aneh tak lihat ulasannya ternyata tidak aku saja yampun seharusnya tidak boleh debit sendiri hak diri sendiri kaget tiba saldo berkurang jadi trauma naro uang takut debitnya delebih banyak lagi pokoknya aplikasi ini tidak baik lah,NEGATIVE
sangat mengecewakan responnya lama,NEGATIVE
tidak ada fitur kirim video padahal penting untuk diagnosis yang tidak bisa digambarkan dengan mudah lewat kalimat respon untuk dapat dokter lama saat lagi urgen,NEGATIVE
aplikasi babi ujung ujungnya duit dulu bisa pesan gratis sekarang harus bayar bikin susah orang mau konsultasi mau sehat saja ribet,NEGATIVE
mungkin bukan salah aplikasi ini cuman saya kecewa dengan toko obat yang mengirimkan obatnya tanggal kadaluarsa tidak tertera pada kemasan sedangkan itu sangat penting harusnya kalo memang tanggal kadaluarsa nya sudah lewat jangan di kirim saja masukan buat halodoc lebih perketat lagi pengawasan dan lainya untuk toko yang tidak amanah,NEGATIVE
sudah berapa kali konsultasi disini jawaban nya lama sesi hanya sebentar padahal bayar tapi slow respon jawaban nya tidak memuaskan rata rata dokter nya hanya kasih resep kelar padahal bukan itu yang saya maksud saya butuh jawaban makanya saya konsultasi,NEGATIVE
sangat membantu aplikasinya rekomend deh,POSITIVE
cepat banget respon nya,POSITIVE
heran sama aplikasi alodoker sudah di bayar melalui chat tapi enggak di respon data diri sudah di lengkapi katanya di tunggu 4 menit belum juga di balas balas tau gua mengapai bayar mahal kayak begini,NEGATIVE
hai maaf sebelumnya tolong tambahkan kalo bisa jadwal dokter dokter tertentu live hari apa di cantumin soalnya gataukan hari apa saja saya mau chat dokter kulit di cari iya ada tapi enggak tau kapan live nya yang benar benar sudah di jadwal begitu? apa memang fre bagaimana dokternya mau on kapan saja begitu? apa aku yang belum terlalu mengerti cara cari nya,NEGATIVE
saya sangat terbantu,POSITIVE
lom ada jawaban sudah hilang,NEGATIVE
sangat membantu yang terpntg akurat amanah dan iklas dalam informasi demi kelangsungan ksehatan publik untuk keberkahan ilmu amin salam,POSITIVE
saya sudah pesan dokter umum dan sudah bayar juga tapi dokter nya sedang sibuk terus uang nya hangus begitu saja parah sih ini,NEGATIVE
ini bagaimana sih sudah dibayar tapi belum konsultasi eh tiba tiba indak bisa masuk lagi di alodokter tolong admin direspon dong merugikan ini namanya,NEGATIVE
ramah penjelasan nya baik,POSITIVE
dokter nya ramah dan open,POSITIVE
saya kecewa sekali dengan halodoc saya melakukan checkout untuk pengiriman obat tidak bisa pengiriman obat instan alasan jarak lebih dari 20 kamu obat tidak tersedia dikota begini enggak mungkin tidak ada apotik yang tersedia saya pakai halodoc karena mau segera dapat penanganan urgent langsung dan obat kalau obat dikirim sd 3 4 hari buat apa disini lebih baik ke rumah sakit langsung chat ke pengaduan jawaban selalu sama tidak ada solusi sama sekali jawaban robot semua kecewa sih mungkin terakhir pakai jasa ini,NEGATIVE
response dokter sangat cepat dan dokrer sangat ramah terima kasih,POSITIVE
puas banget dokternya ramah dan gercep balas chat nya mksi dokter sehat slu ya dok,POSITIVE
sangat membantu apk my doktrs saya kasih,POSITIVE
slow respon dan artikelnya enggak lengkap kalo bisa saya enggak akan kasih bintang sih,NEGATIVE
komunikasi ke dokter ok aplikasi enggak biat mengasih gratis ongkir buat input alamat stuk terus,NEGATIVE
katanya respon cepat tapi apa setiap chat enggak pernah di bles abisin duit saja apk enggak guna dari tanggal 19 maret 2019 smpek sekarang belum bels pas ini sengaja bayar sudah chat apaan enggak bles apk enggak jelas sumpah menyesal saya download nya,NEGATIVE
kenapa lama yang balas nya,NEGATIVE
tidak bisa memberikan solusi,NEGATIVE
pengiriman obat enggak jelas masak hampir 24 jam harus menahan sakit karena obat belum datang padahal dikota sini banyak apotik besar kenapa dikirim dari luar kota,NEGATIVE
ada promo 8k an untuk chat dokter tapi dari pada chat lebih ke broadcast dokter kita isi keluhan dl lalu dokternya info diagnosa komunikasinya enggak 2 arah kayak klik bait menurut saya harusny jangan dijual seakan2 chat yang mana komunikasi 2 arah bukan masalah harga tapi seperti apa ya,NEGATIVE
menyenangkan sekali jadi enggak harus antre ke klinik nanti tinggal lihat hasilnya,POSITIVE
aku puas mas,POSITIVE
sangat membantu bagi kami yang memang selama ini butuh informasi seputar kesehatan,POSITIVE
terimakasih sangat membantu untuk yang punya waktu nya sedikit seperti saya,POSITIVE
mudah dan cepat,POSITIVE
setelah di update kok aplikasinya enggak bisa dibuka malah suruh memasuki email buat daftar mendapatkan vocer terus enggak bisa diapa apai karena memang enggak ada menunya,NEGATIVE
sangat membantu hidup orang yang tinggalnya jauh dari kota dan dokter,POSITIVE
aplikasi yang sangat membantu tentang kesehatan,POSITIVE
suka banget dengan aplikasi ini sangat membantu sekali terimakasih klikdokter,POSITIVE
awalnya saya senang dengan alodokter karena telah menyediakan layanan yang sangat membantu saya tapi sekarang saya sangat kecewa karena kalau dokter telah memecat dokter yang telah membantu saya pulih dari depresi saya sebenarnya alodokter ini aplikasi untuk membantu penggunanya atau hanya layanan yang ingin meraup keuntungan saja??? terima kasih,NEGATIVE
cepat dan tidak ribet,POSITIVE
apaan banget deh? pesanan cream yang di resepin dokter belum di antar dari tanggal 30 oktober sampai sekarang belum di antar aneh!! mau meminta pengembalian dana enggak bisa aplikasi aneh baru kali ini di kecewain,NEGATIVE
alodokter sangat membantu saya untuk konsultasi tentang kesehatan dokterâ²nya ramah dan baik trmaksih alodokter,POSITIVE
pelayanan cukup memuaskan,POSITIVE
enggak bisa kirim otp,NEGATIVE
sangat membantu konsultasi dengan dokter spesialis tanpa harus membayar mahal,POSITIVE
aplikasinya tutup saja saya sudah kekurin dana buat chat sama dokter tapi enggak dibles awas ke tipu teman5,NEGATIVE
kenapa ya tidak bisa login padahal saya sudah memasukan e mail dan juga no telepon yang saya gunakan tapi katanya terjadi kesalahan mohon di koreksi,NEGATIVE
mau masuk enggak bisa lagi verivikasi no hp memasuki no hp jawab nya sudah di gunakan sama yang lain jadi enggak bisa di gunakan lagi aplikasinya coba diperbaiki lagi,NEGATIVE
era baru telah datang,POSITIVE
alhamdulillah cukup membantu semoga makin baik terus kedepannya,POSITIVE
respon dokter nya cepat walaupun pasif harus ditanya tanya dulu tapi okelah membantu semoga resep obatnya ampuh,POSITIVE
mantap membantu sekali,POSITIVE
sangat tidak bermanfaat kecewa dowload buang buang kuota doang ah padahal pengin banget konsultasi,NEGATIVE
sistemnya buruk sudah bayar untuk konsultasi menunggu 30 menit tiba tiba sesi berakhir sebelum konsum sama dokter ybs kejelasannya bagaimana? harusnya ada refund ini sudah bayar tapi enggak bisa menikmati fasilitasnya bagaimana coba? dokternya juga tolong diingatkan jangan seenaknya on dan of begitu menyepelekan sekali,NEGATIVE
ap terbaik terus pertahankan performa ap nya,POSITIVE
awalnya mau downlod lihat komennya hancur semua enggak jadi deh! terimakaaih info nya kawan!,NEGATIVE
memudahkan konsultasi tapi waktunya terlalu cepat cuma 30 menit,POSITIVE
berbayar konsultasi sama dokter nya itupun mahal sekali enggak jadi pakai aplikasi nya uninstal lagi lah,NEGATIVE
aku sangat suka aplikasi ini karena membantu aku dan keluargaku dalam menjalani kehidupan yang sehat,POSITIVE
berkat aplikasi dan dokternya jerawat saya hampir 6 tahun sudah sembuh akhirnya semua ya ikut berkontribusi atas aplikasi ini semoga masuk surga karena telah merubah saya menjadi sangat baik,POSITIVE
saya kasih 1 bintang saja masa chat saja harus ada bayarannya kan enggak mungkin dasar aplikasi enggak berguna,NEGATIVE
saya kasih empat bintang,POSITIVE
pembatalan sepihak mana hari deh malam dan butuh obatnya sangat mengecewakan,NEGATIVE
sekarang kalo konsultasi dokter kulit enggak kayak dlu vocher enggak ada setiap bulan nya dan memasuki vocher cuma 1 doang biasanya sampai 3 harga juga naik drastis padahal awalnya suka banget,NEGATIVE
sangat membantu bagi pasien strok agar bisa mencoba terapi bek sama,POSITIVE
membantu untuk konsultasi masalah kulit,POSITIVE
apknya lemot perbaiki,NEGATIVE
ini nih recomended !!!! dari pada aplikasi sebelah,POSITIVE
aplikasi buruk,NEGATIVE
alhamdulillah setelah konsultasi di halo dok membantu saya dalam kesehatan mental saya,POSITIVE
kok sekarang aplikasi nya enggak ada konsultasi begitu ya? kok jadi artikel2 begitu sih,NEGATIVE
payaaaaah sudah di bayar lewat trf 45 000 chat saya enggak di balas sama dokternya lewat waktu pembayaran saya hangus,NEGATIVE
dokternya cepat merespon dan ok,POSITIVE
mulai curiga indikasi penipuan uang sudah masuk tapi gagal chat dikasih no voucher tapi malah suruh bayar lagi benar benar kecewa,NEGATIVE
sumpah dokternya ramah2 dan fast respon apalagi kalo konsultasi sama dokter anaknya dari hans nathanael benar benar informatif dan jls banget bikin ibu ibu muda kayak aku begini enggak khawatir lagi soal anak jadi ngurangin panik dan belajar lebih dalam lagi soal kesehatan anak terimakasih banyak alodokter,POSITIVE
durasi konsultasi dengan dokter singkat dengan biaya yang lumayan menguras kantong,NEGATIVE
kenapa sih enggak bisa chat sama dokter nya padahal sudah di hapus cache tapi tetap saja keluar sendiri sekali nya bisa waktu nya sebentar banget sudah begitu respon nya lama,NEGATIVE
aplikasinya bagus,POSITIVE
parah banget sih transaksi obat enggak di kirim kirim komplain bilang nya diluar jam oprasional toko padahal itu toko tutup saja jam 22 00 sedangkan di invoice pesanan saya 20 52 kalau pun iya kenapa enggak ada konfirmasi dulu jam oprasional toko tutup jadi ada opsi toko lain beli obat buat langsung di minum bukan buat menunggu perbaiki tuh sistem nya biar customer punya opsi pilihan pembatalan transaksi,NEGATIVE
sangat membantu di kala sedang dakit tapi malas ke klinik,POSITIVE
waktu konsultasi dengan dokter hewannya terlalu sebentar hanya 30 menit untuk foto ini itu butuh waktu belum selesai eh sudah berakhir otomatis,NEGATIVE
sangat membantu dikala dokter sedang cuti,POSITIVE
saya kira tanya doang gratis ternyata ada biaya nya hm maaf gue hapus lagi apk ini cuma tanya penyakit doang bayar 45 000 priksa ke dokter langusng sudah bisa hm maaf saya orang tidak mampu jadi maaf kalau saya komen nya begini ternyat banyak yang tertipu hm,NEGATIVE
ini pesan obat lewat apotek halodoc terkonfirmasi terus enggak di kirim kirim mohon kembalikan uang saya!!!!!,NEGATIVE
jawaban tidak memuaskan balasanya lama,NEGATIVE
enggak asik ribet enggak memudahkan sama sekali ada ya aplikasi asuransi kesehatan macam begini,NEGATIVE
kenapa saya belum selesai waktu konsultasi tapi konsulnya sudah di end saya terlambat balas karena lagi di jalan dan waktu konsultasi masih sisa 20 menit tapi sudah tidak bisa karena sudah di end dokternya harusnya menunggu waktu habis,NEGATIVE
payah baru setengah chating sudah enggak bisa dilanjut bagaimana mau ketemu penyakitnya kalau begini,NEGATIVE
bagus sekali penjelasannya,POSITIVE
untuk chat dokter gampang dan jelas tapi untuk pembelian obatnya lebih dari 1 jam dan juga enggak bisa lihat detail pemesanan untuk itu bisa diperbaiki?,NEGATIVE
bagaimana sih sudah byar tapi enggak bisa di klik,NEGATIVE
nama saya john mella saya mau konsultasi sudal hampir seminggu punggung telapak kaki saya bengkak tapi tidak sakit,POSITIVE
good aplðÿ,POSITIVE
sangat menolong jika tidak memungkinkan keluar rumah dan tidak perlu antri,POSITIVE
respon lambat sudah saya jelaskan diawal secara detail tetap saja ditanya terus sampai sampai waktu konsultasi habis sia2,NEGATIVE
saya pesan obat jam 3 sampai malan pesanan tak kunjung sampai harusnya ketika leboh dari estimasi ganti tenpat atau driver atau bisa batalkan pesanab,NEGATIVE
makacih,POSITIVE
ok punya mantap,POSITIVE
apaan ada vitur live chat tapi saya chat beberapa kali enggak pernah dibalas ! kalo enggak mau balas enggak usah dikasih fitur live chat,NEGATIVE
sangat membantu dokternya sangat ramah,POSITIVE
saya tidak suka dengan aplikasi ini aku kira gratis masak cuma konsultasi saja harus pakai bayar segala,NEGATIVE
mudah dan dokternya sat set,POSITIVE
sangat sangat membantu sekali terimakasih banyak,POSITIVE
konsultasi chat belum tuntas karena doktet sampai 30 menit tidak menjawab langsung di tutup oleh aplikasi mestinya ada opsi untuk lanjut atau pindah ke dokter lain karena sudah bayar kecuali jika pasien yang tidak merespon maka itu kesalahan pasiennya,NEGATIVE
tidak dapat berdiskusi terbuka dengan dokter dan di wajibkan harus ngechat pribadi dokter tolong di ubah,NEGATIVE
apa yang kurang? tidak bisa autologin menggunakan gmail,NEGATIVE
kenapa kita harus membayar untuk chat ataupun sharing?,NEGATIVE
obat yang terjual di aloshop tidak lengkap,NEGATIVE
sngat mmbantu,POSITIVE
dari responsif hipotesa ok,POSITIVE
enggak paham bhs2 kedokteran,POSITIVE
deh bayar enggak bisa chat bagaimana sih,NEGATIVE
terima kasih dok responsif atas pertanyaan kami,POSITIVE
meskipun dokter spesialis enggak juga respon tapi dokter yang lainnya sigap banget dengan penjelasannya yang ramah dan mudah dimengerti,POSITIVE
kenapa verifikasi nya susah?,NEGATIVE
mungkin bisa ditingkatkan untuk pembayaran biar lebih gampang digunakan appnya seperti contoh bisa transfer bank,NEGATIVE
sangat membantu sekali aplikasi halodoc,POSITIVE
konsultasi dokter sudah chat ditunggu 8 menit setelah 3jam baru dijawab sama dokter yang lain itupun sambil mengajukan pertanyaan lain otomatis enggak terjawab karena saya sangat lelah dan ketiduran dan chat ditutup sistem sekiranya tidak bisa jawab jangan berikan notifikasi online ke pasien buang buang waktu saja,NEGATIVE
mau tanya saja harus bayar,NEGATIVE
amazing,POSITIVE
mantap banget ðÿ,POSITIVE
pertama dibales lama kelamaan enggak dibales,NEGATIVE
sekarang enggak usah repotâ² antri ke dokter,POSITIVE
susah banget mau buat akun buat daftar,NEGATIVE
saya sangat kecewa dengan pengalaman konsultasi di halodoc saya konsultasi dengan dari silvia dwi mustika tim haloskin tapi dokter sama sekali tidak merespons pesan saya dari awal sampai sesi berakhir padahal statusnya terlihat online sudah masuk ke room chat saya sudah menunggu lama bhkan sampai hari berikutny tapi tidak ada satu pun blasan akhirny sesi konsultasi berakhir saja tanpa tanggapan dokterny tidak profesional uang saya jadi terbuang percuma mohon halodoc bisa menindaklanjuti kembalikan uang saya,NEGATIVE
kenapa aplikasi alodokter tidak gratis chat? apa ada di jmâ² trtentu mendapatkan chat gratis untuk chat dokter umum?,NEGATIVE
aplikasinya sangat membantu sekali sangat meudahkan untuk konsultasi dokter secara online dan mendapatkan obaat secepat mungkin sangat efisien sekali,POSITIVE
konsultasi tidak direspon padahal berbayar kacau,NEGATIVE
apli kasih egk jelas sudah masuk sudah di isi datanya keluar sendiri cuman gabisan data saja,NEGATIVE
baik dan responsive,POSITIVE
baru konsultasi sudah bayar apalagi sudah masuk ruangan terbuka bagi orang mampu doang aplikasi nya,NEGATIVE
bagus keren,POSITIVE
komunikatif dan menenangkan,POSITIVE
sudah 1 jam dokter nya enggak juga balas chat orang sakit lagi butuh konsultasi malah di buat menunggu,NEGATIVE
respon dokter sangat cepat dan membantu mengatasi masalah sayam terimakasih alodokter,POSITIVE
membantu sekali hanya saja pembayarannya tidak bisa pakai kartu,POSITIVE
untuk menambah pengetahuan dan pencegahan dini,POSITIVE
agak bingung mau cek obat yang sudah diresepkan pas pembayaran ada kendala malah hilang,NEGATIVE
cukup baik,POSITIVE
tidak bisa dibuka saat login timbul verifikasi no hp tapi tidak ada sms verifikasi ataupun edit2 no telp atau ketik2 apapun seperti heng begitu aplikasinya,NEGATIVE
makin mudah dengan aplikasi ini,POSITIVE
baik untuk info kesehatan,POSITIVE
respon dokrrnya cepat dan bagus bahsanya juga tidak menakutkan jadi merasa konsultasi dengan aman,POSITIVE
makin cacat saja nih aplikasi gagal transaksi terus baik ap apa web,NEGATIVE
sudah bayar tapi enggak bisa chat huh payah,NEGATIVE
jos gandos,POSITIVE
cukup membantu dan memberikan info yang jelas,POSITIVE
sementara download kalau responnya cepat saya beri 5,POSITIVE
sangat bermanfaat tingkatkan terus,POSITIVE
bagus banget dokter nya juga bisa merespon dengan baik,POSITIVE
mntp bosku,POSITIVE
terima kasih sangat membantu sekali untuk konsultasi ini,POSITIVE
dokternya pintar ramah dan sangat cepat merespon,POSITIVE
konsultasi ke dokter jadi lebih mudah enggak perlu lagi capek capek ke rumah sakit dan tinggal menunggu obat nya datang ke rumah,POSITIVE
aplikasi penipu dokter fatimatus tsania rachman status online dalam roomchat tapi tidak membalas samasekali sangat mengecewakan pasien !!,NEGATIVE
dokternya lupa mengasih dosis obat mana dosis obat nya penting antibiotik chat ke cs tapi di suruh chat lagi ke sapa a saya juga salah nya tidak mengecek kembali seharus nya kan cs itu memberikan solusi nya kami akan tanya kan sapa a yang bekerja sama dengan alodok bukan di suruh chat lagi dengan bayar lagi kalo chat gratis enggak apa apa,NEGATIVE
sangat membantu dokternya juga ramah sukses terus alodokter,POSITIVE
kok aku enggak ada fitur tarik saldo sih!! padahal sudah di perbaharui,NEGATIVE
semoga terus lebih baik membanyaki promonya dong,POSITIVE
aplikasi nya kok makin lemot ya susah dibuka,NEGATIVE
jangan pakai yang gratisan lama diresponnya,NEGATIVE
bagusan versi yang lawas untuk yang versi baru respon lama kadang blzan enggak bisa trkirim,POSITIVE
ðÿ ¼ðÿ ¼ðÿ ¼ðÿ ¼,POSITIVE
sangat membantu sekali disaat kondisi darurat butuh konsultasi namun sudah dini hari dan masih bisa dipantau dari rumah terimakasih halodoc,POSITIVE
baru pertama kali coba konsultasi semoga jerawat cepat hilanh,POSITIVE
kecawa sudah bayar tapi pas mau di chat dokter nya sedang sibuk cari dokter yang lain,NEGATIVE
sangat bagus dokter ramah,POSITIVE
konsultasi yang komunikatif sangat membantu terimakasih,POSITIVE
sangat cepat prosesnya terimakasih,POSITIVE
konsultasi nya baik sekali,POSITIVE
good very professional,POSITIVE
sudah enggak ragu untuk kasih bintang tinggi karena ini yang terbaik dibanding ap ap sejenis lainnya,POSITIVE
konsultasi dengan dokter gracia thx halodoc,POSITIVE
doktery ramah pnjelasany detail mudah di pahami serta respony cepat,POSITIVE
konsultasi terasa mudah dan profesional berdasarkan diagnosa,POSITIVE
trimakasi ya,POSITIVE
lebih nyaman dengan yang warna merah konsultasinya lebih profesional,POSITIVE
untuk jadwal konsultasi ya lama menunggu dan ketika sudah dalam konsultasi menunggu jawaban dokter sampai 15 20 menit dan hanya jawab singkat saja untuk biyaya segitu dikeluarkan hanya untuk konsultasi tidak jelas dan lama sekali respon ya tidak worth itu ya mohon diperbaiki terimakasih,NEGATIVE
dulu sangat membantu sekarang berbayar terus jawaban dari pertanyaan saya malah nglantur jauh kayak yang nakut2 ini harus langsung igd lah harus di infus lah dl padahal tanya cuma tentang hal sepele,NEGATIVE
aplikasinya di perbaiki lagi jangan menyediakan aplikasi kalau tidak bisa di gunakan enggak bisa login live chat sudah pakai akun fb daftar juga tidak bisa payah,NEGATIVE
yang gratis cuman tanya security rumah sakit,NEGATIVE
jangan coba2 pakai asuransi dari alodok kalo tidak mau tersiksa enggak bisa rujuk dadakan orang sakit sekarang dikasih jadwal besok ada kartu nya juga percuma enggak bisa dipakai buat langsung cashles harus chat2 dokter tapi enggak berguna karena enggak bisa kasih2 rujukan keadaan mendadak pakai asuransi supaya nyaman tapi kalo pakai asuransi dari alodok dijamin kesiksa mati duluan juga bisa terutama perusahaan2 jangan lihat murah penawaran nya tapi lihat mudah atau tidak dipakai nya,NEGATIVE
terimakasih infonya sangat membantu kami,POSITIVE
pengalaman pertama langsung malas chat dengan dari di aplikasi ini saya dapat dari bobby rojas sppd saat konsultasi tidak menjelaskan dengan semestinya seperti malas2an,NEGATIVE
uangku kepotong tapi enggak chat sama dokter astaga,NEGATIVE
maaf gue kasih segini dulu karena enggak bisa login muter terus dari kota sampai tggl lahir,NEGATIVE
dokternya ramah direspon dengan baik sehingga pasien nyaman dalam berkonsultasi dengan dokter yang bersangkutan,POSITIVE
apk yang dikit2 update,NEGATIVE
coba dulu baru komen,POSITIVE
balesnya sat set penjelasannya juga jelas dan mudah dipahami,POSITIVE
saya coba dulu,POSITIVE
dokter nya menjelaskan dengan detail,POSITIVE
sangat membantu mantap,POSITIVE
dokternya ramah tamah kita harus aktif tanya dan dokternya mnjelaskan dengan baik,POSITIVE
astaga habis konsultasi ambil obat nya di luar daerah malah ke daerah jawa ampun2 enggak rekomendasi banget mending kalian langsung ke dokter nya langsung ke rumah sakit terdekat kalau harap dari sini ambil obatnya duluan mati,NEGATIVE
dulu ada fitur chat gratis setelah sudah di perbaharui hilang jadi unistal saja apknya,NEGATIVE
kenapa saya setiap mau daftar rapid tes enggak bisa mohon jelaskan,NEGATIVE
bagaimana cara nya berhenti langganan soal nya tiap bulan otomatis ke ambil saldo ??? saya sudah tidak memakai aplikasi nya lagi,NEGATIVE
dokternya malah nyuruh konsultasi ke dokter di dunia nyata,NEGATIVE
sangat membantu dan sangat ramah terimakasih,POSITIVE
di sini dokter nya kebanyakan makan jengkol maka nya dungu semua,NEGATIVE
bulan desember 2024 ini penipu sekali sudah di transfer biaya chat dokter malah enggak diapa apai aplokasi ini cuma meminta duit saja dari pasien pelayanan tidak ada saya jujut,NEGATIVE
mudah dan praktis,POSITIVE
saya berharap layanan aplikasi ini dapat membantu tki yang di malaysia juga sebab dalam pendaftaran akun baru tiada pilihan untuk nomor malaysia 60 jadi saya juga kesulitan untuk itu sebagai tki tentu menggunakan produk dalam negeri di manapun dan kapanpun akan sangat membantu kami terlebih yang bisa dijamin keamanannya oleh negara,NEGATIVE
enggak fast respon,NEGATIVE
masa sudah bayar keterangannya transaksi dibatalkan?!,NEGATIVE
jual obat sampai berhari hari bagaimana pasien bisa sembuh kalau masih menunggu berhari2,NEGATIVE
fiturnya lengkap banget bro buat janji medis juga ada tebus obat pakai resep sendiri pun ada terima kasih banyak ya,POSITIVE
